Variogram for Cu & Cu: Direction n°1 (azm = 0; dip = 0; nlag = 22; tail = 1; head = 1)
    1        0.000         0.00000        24057
    2        6.144         0.23846          214
    3       16.946         0.32603         4909
    4       31.247         0.35715        16897
    5       45.916         0.39115        43096
    6       60.566         0.41027        81802
    7       75.549         0.48612       142204
    8       90.618         0.53813       232739
    9      105.307         0.56765       350586
   10      120.147         0.63879       465067
   11      135.073         0.70395       509342
   12      150.074         0.67685       545801
   13      165.142         0.72910       608541
   14      180.230         0.72372       704013
   15      195.183         0.74056       825835
   16      210.170         0.73233       977847
   17      224.980         0.74378       997957
   18      240.035         0.78122       987762
   19      255.001         0.77225       958422
   20      270.026         0.74691       990673
   21      285.253         0.77702      1117850
   22      300.124         0.79531      1288835
Variogram for Cu & Cu: Direction n°2 (azm = 0; dip = 90; nlag = 22; tail = 1; head = 1)
    1        0.000         0.00000        24057
    2        2.953         0.11843         5913
    3        9.892         0.18650        12607
    4       19.990         0.22759        11898
    5       30.025         0.25604        11909
    6       40.017         0.27543        12171
    7       50.078         0.32172        12906
    8       60.040         0.36939        13980
    9       70.036         0.39667        14929
   10       80.056         0.42233        16032
   11       90.149         0.45015        17954
   12      100.106         0.49584        21185
   13      110.093         0.51879        23956
   14      120.054         0.58085        25875
   15      130.142         0.60708        28690
   16      140.116         0.66457        33725
   17      150.063         0.70387        36217
   18      160.036         0.72865        38652
   19      170.050         0.78569        41006
   20      180.019         0.82491        43097
   21      190.026         0.83149        43881
   22      200.008         0.81152        44938
Variogram for Cu & Au: Direction n°1 (azm = 0; dip = 0; nlag = 22; tail = 1; head = 2)
    1        0.000         0.00000        24056
    2        6.144         0.03455          214
    3       16.946         0.18637         4909
    4       31.244         0.22261        16886
    5       45.917         0.27062        43086
    6       60.566         0.23081        81783
    7       75.549         0.25155       142184
    8       90.619         0.30002       232696
    9      105.308         0.30179       350437
   10      120.147         0.32241       465016
   11      135.073         0.36460       509316
   12      150.074         0.34814       545761
   13      165.142         0.36165       608507
   14      180.230         0.35252       703977
   15      195.183         0.35715       825733
   16      210.170         0.36776       977759
   17      224.980         0.38044       997835
   18      240.035         0.37213       987584
   19      255.001         0.36509       958191
   20      270.026         0.36172       990562
   21      285.253         0.36497      1117770
   22      300.124         0.35585      1288711
Variogram for Cu & Au: Direction n°2 (azm = 0; dip = 90; nlag = 22; tail = 1; head = 2)
    1        0.000         0.00000        24056
    2        2.953         0.08711         5913
    3        9.892         0.13690        12607
    4       19.990         0.17279        11898
    5       30.025         0.19614        11909
    6       40.017         0.20239        12171
    7       50.078         0.23176        12906
    8       60.040         0.25219        13980
    9       70.036         0.24085        14929
   10       80.056         0.25465        16032
   11       90.149         0.27061        17954
   12      100.106         0.29640        21185
   13      110.093         0.30616        23956
   14      120.054         0.30981        25875
   15      130.142         0.31529        28690
   16      140.116         0.30699        33725
   17      150.063         0.32923        36217
   18      160.036         0.32877        38652
   19      170.050         0.35092        41006
   20      180.019         0.37109        43097
   21      190.026         0.36915        43881
   22      200.008         0.38656        44938
Variogram for Cu & Mo: Direction n°1 (azm = 0; dip = 0; nlag = 22; tail = 1; head = 3)
    1        0.000         0.00000        23969
    2        6.144         0.01473          214
    3       16.946         0.09495         4909
    4       31.210         0.09091        16769
    5       45.868         0.13538        42530
    6       60.594         0.09019        80947
    7       75.549         0.07470       141878
    8       90.608         0.07843       230728
    9      105.329         0.06281       344015
   10      120.145         0.08931       461344
   11      135.075         0.06051       505871
   12      150.074         0.05596       541237
   13      165.137         0.05960       604495
   14      180.237         0.07877       700556
   15      195.178         0.05589       820717
   16      210.172         0.05197       973311
   17      224.979         0.04314       993452
   18      240.032         0.05811       979644
   19      255.005         0.07972       951086
   20      270.027         0.07433       985971
   21      285.250         0.06219      1113265
   22      300.119         0.05820      1282497
Variogram for Cu & Mo: Direction n°2 (azm = 0; dip = 90; nlag = 22; tail = 1; head = 3)
    1        0.000         0.00000        23969
    2        2.955         0.05854         5873
    3        9.896         0.10210        12588
    4       19.991         0.13422        11895
    5       30.025         0.14799        11909
    6       40.017         0.15113        12171
    7       50.078         0.16502        12906
    8       60.040         0.18796        13980
    9       70.036         0.20468        14929
   10       80.056         0.20849        16032
   11       90.147         0.18519        17938
   12      100.105         0.12085        21158
   13      110.094         0.10350        23923
   14      120.054         0.13050        25822
   15      130.142         0.15173        28649
   16      140.117         0.16449        33690
   17      150.060         0.14031        36132
   18      160.035         0.12281        38507
   19      170.052         0.11516        40842
   20      180.019         0.08803        42930
   21      190.025         0.08705        43751
   22      200.008         0.06910        44870
Variogram for Cu & As: Direction n°1 (azm = 0; dip = 0; nlag = 22; tail = 1; head = 4)
    1        0.000         0.00000        23516
    2        6.157         0.02934          196
    3       16.967         0.09992         4799
    4       31.250         0.06452        16171
    5       45.862         0.08760        41567
    6       60.618         0.06140        78221
    7       75.545         0.05085       139657
    8       90.585         0.06617       224754
    9      105.331         0.06671       333894
   10      120.144         0.09430       447968
   11      135.073         0.06878       489394
   12      150.081         0.07126       523256
   13      165.147         0.08224       587483
   14      180.241         0.09735       681938
   15      195.178         0.09489       801209
   16      210.157         0.09871       936521
   17      224.981         0.07044       958391
   18      240.030         0.06260       939934
   19      255.017         0.08667       915098
   20      270.028         0.07740       955867
   21      285.251         0.07431      1083109
   22      300.100         0.08712      1238189
Variogram for Cu & As: Direction n°2 (azm = 0; dip = 90; nlag = 22; tail = 1; head = 4)
    1        0.000         0.00000        23516
    2        2.955         0.03633         5841
    3        9.894         0.06969        12501
    4       19.991         0.08238        11799
    5       30.026         0.10133        11818
    6       40.009         0.08954        12046
    7       50.080         0.09706        12715
    8       60.041         0.09720        13796
    9       70.038         0.08465        14767
   10       80.056         0.09342        15883
   11       90.139         0.08363        17727
   12      100.109         0.05116        20875
   13      110.093         0.05562        23637
   14      120.057         0.09936        25582
   15      130.124         0.10959        28165
   16      140.097         0.11349        32332
   17      150.060         0.07510        34489
   18      160.032         0.05483        36648
   19      170.058         0.04392        39000
   20      180.018         0.02206        41154
   21      190.027         0.01247        41902
   22      200.004         0.02124        43061
Variogram for Cu & Cp: Direction n°1 (azm = 0; dip = 0; nlag = 22; tail = 1; head = 5)
    1        0.000         0.00000        24057
    2        6.144         0.08483          214
    3       16.946         0.09948         4909
    4       31.247         0.08721        16897
    5       45.916         0.14934        43096
    6       60.566         0.13335        81802
    7       75.549         0.15811       142204
    8       90.618         0.17153       232739
    9      105.307         0.23491       350586
   10      120.147         0.26178       465067
   11      135.073         0.25852       509342
   12      150.074         0.24073       545801
   13      165.142         0.29980       608541
   14      180.230         0.27437       704013
   15      195.183         0.27397       825835
   16      210.170         0.25971       977847
   17      224.980         0.28961       997957
   18      240.035         0.26905       987762
   19      255.001         0.28076       958422
   20      270.026         0.29102       990673
   21      285.253         0.33406      1117850
   22      300.124         0.31793      1288835
Variogram for Cu & Cp: Direction n°2 (azm = 0; dip = 90; nlag = 22; tail = 1; head = 5)
    1        0.000         0.00000        24057
    2        2.953         0.03859         5913
    3        9.892         0.07282        12607
    4       19.990         0.10129        11898
    5       30.025         0.12232        11909
    6       40.017         0.12245        12171
    7       50.078         0.12354        12906
    8       60.040         0.15054        13980
    9       70.036         0.19079        14929
   10       80.056         0.20944        16032
   11       90.149         0.24954        17954
   12      100.106         0.32492        21185
   13      110.093         0.32347        23956
   14      120.054         0.29720        25875
   15      130.142         0.27294        28690
   16      140.116         0.29107        33725
   17      150.063         0.32762        36217
   18      160.036         0.33440        38652
   19      170.050         0.35182        41006
   20      180.019         0.37643        43097
   21      190.026         0.36328        43881
   22      200.008         0.32568        44938
Variogram for Cu & Py: Direction n°1 (azm = 0; dip = 0; nlag = 22; tail = 1; head = 6)
    1        0.000         0.00000        24057
    2        6.144         0.12262          214
    3       16.946         0.06147         4909
    4       31.247         0.02523        16897
    5       45.916         0.02200        43096
    6       60.566         0.02869        81802
    7       75.549        -0.03528       142204
    8       90.618        -0.03465       232739
    9      105.307        -0.03091       350586
   10      120.147        -0.00869       465067
   11      135.073        -0.05248       509342
   12      150.074        -0.06040       545801
   13      165.142        -0.07291       608541
   14      180.230        -0.07988       704013
   15      195.183        -0.08393       825835
   16      210.170        -0.04870       977847
   17      224.980        -0.10437       997957
   18      240.035        -0.15293       987762
   19      255.001        -0.12394       958422
   20      270.026        -0.11358       990673
   21      285.253        -0.12107      1117850
   22      300.124        -0.12232      1288835
Variogram for Cu & Py: Direction n°2 (azm = 0; dip = 90; nlag = 22; tail = 1; head = 6)
    1        0.000         0.00000        24057
    2        2.953         0.00778         5913
    3        9.892         0.01545        12607
    4       19.990         0.01313        11898
    5       30.025         0.01202        11909
    6       40.017         0.01655        12171
    7       50.078         0.02438        12906
    8       60.040         0.03016        13980
    9       70.036         0.03348        14929
   10       80.056         0.02740        16032
   11       90.149         0.02863        17954
   12      100.106         0.01929        21185
   13      110.093         0.01805        23956
   14      120.054         0.03634        25875
   15      130.142         0.02301        28690
   16      140.116         0.02961        33725
   17      150.063         0.00156        36217
   18      160.036         0.00152        38652
   19      170.050        -0.02251        41006
   20      180.019        -0.05555        43097
   21      190.026        -0.06573        43881
   22      200.008        -0.06643        44938
Variogram for Cu & TS: Direction n°1 (azm = 0; dip = 0; nlag = 22; tail = 1; head = 7)
    1        0.000         0.00000        24057
    2        6.144         0.20130          214
    3       16.946         0.22696         4909
    4       31.247         0.17600        16897
    5       45.916         0.22991        43096
    6       60.566         0.20215        81802
    7       75.549         0.20541       142204
    8       90.618         0.23797       232739
    9      105.307         0.25405       350586
   10      120.147         0.30477       465067
   11      135.073         0.31690       509342
   12      150.074         0.28921       545801
   13      165.142         0.30710       608541
   14      180.230         0.28501       704013
   15      195.183         0.29887       825835
   16      210.170         0.31977       977847
   17      224.980         0.28953       997957
   18      240.035         0.27290       987762
   19      255.001         0.28234       958422
   20      270.026         0.28954       990673
   21      285.253         0.31079      1117850
   22      300.124         0.31898      1288835
Variogram for Cu & TS: Direction n°2 (azm = 0; dip = 90; nlag = 22; tail = 1; head = 7)
    1        0.000         0.00000        24057
    2        2.953         0.03812         5913
    3        9.892         0.07400        12607
    4       19.990         0.09558        11898
    5       30.025         0.12118        11909
    6       40.017         0.13315        12171
    7       50.078         0.16538        12906
    8       60.040         0.20903        13980
    9       70.036         0.23559        14929
   10       80.056         0.25435        16032
   11       90.149         0.27018        17954
   12      100.106         0.30648        21185
   13      110.093         0.31487        23956
   14      120.054         0.34308        25875
   15      130.142         0.34895        28690
   16      140.116         0.37003        33725
   17      150.063         0.37124        36217
   18      160.036         0.38603        38652
   19      170.050         0.40253        41006
   20      180.019         0.40263        43097
   21      190.026         0.40197        43881
   22      200.008         0.38812        44938
Variogram for Au & Cu: Direction n°1 (azm = 0; dip = 0; nlag = 22; tail = 2; head = 1)
    1        0.000         0.00000        24056
    2        6.144         0.03455          214
    3       16.946         0.18637         4909
    4       31.244         0.22261        16886
    5       45.917         0.27062        43086
    6       60.566         0.23081        81783
    7       75.549         0.25155       142184
    8       90.619         0.30002       232696
    9      105.308         0.30179       350437
   10      120.147         0.32241       465016
   11      135.073         0.36460       509316
   12      150.074         0.34814       545761
   13      165.142         0.36165       608507
   14      180.230         0.35252       703977
   15      195.183         0.35715       825733
   16      210.170         0.36776       977759
   17      224.980         0.38044       997835
   18      240.035         0.37213       987584
   19      255.001         0.36509       958191
   20      270.026         0.36172       990562
   21      285.253         0.36497      1117770
   22      300.124         0.35585      1288711
Variogram for Au & Cu: Direction n°2 (azm = 0; dip = 90; nlag = 22; tail = 2; head = 1)
    1        0.000         0.00000        24056
    2        2.953         0.08711         5913
    3        9.892         0.13690        12607
    4       19.990         0.17279        11898
    5       30.025         0.19614        11909
    6       40.017         0.20239        12171
    7       50.078         0.23176        12906
    8       60.040         0.25219        13980
    9       70.036         0.24085        14929
   10       80.056         0.25465        16032
   11       90.149         0.27061        17954
   12      100.106         0.29640        21185
   13      110.093         0.30616        23956
   14      120.054         0.30981        25875
   15      130.142         0.31529        28690
   16      140.116         0.30699        33725
   17      150.063         0.32923        36217
   18      160.036         0.32877        38652
   19      170.050         0.35092        41006
   20      180.019         0.37109        43097
   21      190.026         0.36915        43881
   22      200.008         0.38656        44938
Variogram for Au & Au: Direction n°1 (azm = 0; dip = 0; nlag = 22; tail = 2; head = 2)
    1        0.000         0.00000        24056
    2        6.144         0.44394          214
    3       16.946         0.48150         4909
    4       31.244         0.54153        16886
    5       45.917         0.65187        43086
    6       60.566         0.66219        81783
    7       75.549         0.63796       142184
    8       90.619         0.71372       232696
    9      105.308         0.73203       350437
   10      120.147         0.73617       465016
   11      135.073         0.76031       509316
   12      150.074         0.77947       545761
   13      165.142         0.76476       608507
   14      180.230         0.76210       703977
   15      195.183         0.76742       825733
   16      210.170         0.75164       977759
   17      224.980         0.77014       997835
   18      240.035         0.74453       987584
   19      255.001         0.75882       958191
   20      270.026         0.78363       990562
   21      285.253         0.78532      1117770
   22      300.124         0.78385      1288711
Variogram for Au & Au: Direction n°2 (azm = 0; dip = 90; nlag = 22; tail = 2; head = 2)
    1        0.000         0.00000        24056
    2        2.953         0.29880         5913
    3        9.892         0.41428        12607
    4       19.990         0.50289        11898
    5       30.025         0.55613        11909
    6       40.017         0.56169        12171
    7       50.078         0.60305        12906
    8       60.040         0.63563        13980
    9       70.036         0.62229        14929
   10       80.056         0.66044        16032
   11       90.149         0.69186        17954
   12      100.106         0.71389        21185
   13      110.093         0.74162        23956
   14      120.054         0.76295        25875
   15      130.142         0.78317        28690
   16      140.116         0.76514        33725
   17      150.063         0.79973        36217
   18      160.036         0.78697        38652
   19      170.050         0.79110        41006
   20      180.019         0.81030        43097
   21      190.026         0.80583        43881
   22      200.008         0.82631        44938
Variogram for Au & Mo: Direction n°1 (azm = 0; dip = 0; nlag = 22; tail = 2; head = 3)
    1        0.000         0.00000        23968
    2        6.144         0.04652          214
    3       16.946         0.04589         4909
    4       31.206         0.07657        16758
    5       45.869         0.14323        42520
    6       60.593         0.09209        80928
    7       75.549         0.06598       141858
    8       90.609         0.08837       230685
    9      105.330         0.05157       343867
   10      120.145         0.08215       461293
   11      135.075         0.06783       505845
   12      150.073         0.07152       541197
   13      165.137         0.07900       604461
   14      180.237         0.08913       700520
   15      195.178         0.07825       820615
   16      210.172         0.10704       973223
   17      224.979         0.09376       993330
   18      240.032         0.08678       979466
   19      255.005         0.09508       950856
   20      270.027         0.11057       985860
   21      285.250         0.11486      1113185
   22      300.120         0.09958      1282373
Variogram for Au & Mo: Direction n°2 (azm = 0; dip = 90; nlag = 22; tail = 2; head = 3)
    1        0.000         0.00000        23968
    2        2.955         0.07619         5873
    3        9.896         0.11229        12588
    4       19.991         0.13439        11895
    5       30.025         0.14870        11909
    6       40.017         0.14820        12171
    7       50.078         0.14997        12906
    8       60.040         0.15132        13980
    9       70.036         0.17186        14929
   10       80.056         0.17326        16032
   11       90.147         0.15335        17938
   12      100.105         0.11351        21158
   13      110.094         0.10130        23923
   14      120.054         0.10407        25822
   15      130.142         0.11319        28649
   16      140.117         0.10501        33690
   17      150.060         0.11514        36132
   18      160.035         0.11030        38507
   19      170.052         0.11788        40842
   20      180.019         0.11114        42930
   21      190.025         0.12284        43751
   22      200.008         0.13280        44870
Variogram for Au & As: Direction n°1 (azm = 0; dip = 0; nlag = 22; tail = 2; head = 4)
    1        0.000         0.00000        23515
    2        6.157         0.06007          196
    3       16.967         0.10403         4799
    4       31.247         0.11264        16160
    5       45.863         0.18155        41557
    6       60.617         0.18012        78202
    7       75.545         0.14520       139637
    8       90.585         0.15796       224711
    9      105.332         0.15310       333746
   10      120.144         0.14935       447917
   11      135.073         0.12626       489368
   12      150.080         0.15439       523216
   13      165.147         0.14303       587449
   14      180.241         0.14244       681902
   15      195.178         0.14961       801107
   16      210.157         0.15897       936433
   17      224.981         0.11604       958269
   18      240.030         0.10673       939756
   19      255.017         0.12406       914868
   20      270.028         0.12303       955756
   21      285.251         0.10332      1083029
   22      300.100         0.09510      1238065
Variogram for Au & As: Direction n°2 (azm = 0; dip = 90; nlag = 22; tail = 2; head = 4)
    1        0.000         0.00000        23515
    2        2.955         0.07348         5841
    3        9.894         0.10155        12501
    4       19.991         0.10350        11799
    5       30.026         0.13224        11818
    6       40.009         0.12631        12046
    7       50.080         0.13706        12715
    8       60.041         0.13726        13796
    9       70.038         0.13142        14767
   10       80.056         0.13382        15883
   11       90.139         0.11666        17727
   12      100.109         0.10982        20875
   13      110.093         0.11614        23637
   14      120.057         0.13064        25582
   15      130.124         0.14307        28165
   16      140.097         0.12178        32332
   17      150.060         0.11567        34489
   18      160.032         0.10547        36648
   19      170.058         0.10492        39000
   20      180.018         0.09182        41154
   21      190.027         0.08150        41902
   22      200.004         0.08454        43061
Variogram for Au & Cp: Direction n°1 (azm = 0; dip = 0; nlag = 22; tail = 2; head = 5)
    1        0.000         0.00000        24056
    2        6.144         0.08022          214
    3       16.946         0.09810         4909
    4       31.244         0.06333        16886
    5       45.917         0.09639        43086
    6       60.566         0.10680        81783
    7       75.549         0.11889       142184
    8       90.619         0.10851       232696
    9      105.308         0.11359       350437
   10      120.147         0.14813       465016
   11      135.073         0.16436       509316
   12      150.074         0.16867       545761
   13      165.142         0.21900       608507
   14      180.230         0.19812       703977
   15      195.183         0.17079       825733
   16      210.170         0.15959       977759
   17      224.980         0.20128       997835
   18      240.035         0.16979       987584
   19      255.001         0.18345       958191
   20      270.026         0.20210       990562
   21      285.253         0.23840      1117770
   22      300.124         0.22999      1288711
Variogram for Au & Cp: Direction n°2 (azm = 0; dip = 90; nlag = 22; tail = 2; head = 5)
    1        0.000         0.00000        24056
    2        2.953         0.04182         5913
    3        9.892         0.07608        12607
    4       19.990         0.10649        11898
    5       30.025         0.12806        11909
    6       40.017         0.12502        12171
    7       50.078         0.11277        12906
    8       60.040         0.11956        13980
    9       70.036         0.12543        14929
   10       80.056         0.12903        16032
   11       90.149         0.17510        17954
   12      100.106         0.23551        21185
   13      110.093         0.23353        23956
   14      120.054         0.21249        25875
   15      130.142         0.20002        28690
   16      140.116         0.19449        33725
   17      150.063         0.21505        36217
   18      160.036         0.20296        38652
   19      170.050         0.20284        41006
   20      180.019         0.20891        43097
   21      190.026         0.20201        43881
   22      200.008         0.22474        44938
Variogram for Au & Py: Direction n°1 (azm = 0; dip = 0; nlag = 22; tail = 2; head = 6)
    1        0.000         0.00000        24056
    2        6.144         0.03795          214
    3       16.946         0.08308         4909
    4       31.244         0.05758        16886
    5       45.917         0.06113        43086
    6       60.566         0.10655        81783
    7       75.549         0.04138       142184
    8       90.619         0.02226       232696
    9      105.308         0.01174       350437
   10      120.147         0.02843       465016
   11      135.073         0.03627       509316
   12      150.074         0.04787       545761
   13      165.142         0.04115       608507
   14      180.230         0.04269       703977
   15      195.183         0.04242       825733
   16      210.170         0.03079       977759
   17      224.980        -0.01019       997835
   18      240.035        -0.02495       987584
   19      255.001        -0.00683       958191
   20      270.026         0.00517       990562
   21      285.253         0.00884      1117770
   22      300.124         0.00120      1288711
Variogram for Au & Py: Direction n°2 (azm = 0; dip = 90; nlag = 22; tail = 2; head = 6)
    1        0.000         0.00000        24056
    2        2.953         0.02700         5913
    3        9.892         0.05111        12607
    4       19.990         0.05565        11898
    5       30.025         0.05083        11909
    6       40.017         0.05677        12171
    7       50.078         0.05687        12906
    8       60.040         0.05272        13980
    9       70.036         0.04431        14929
   10       80.056         0.04905        16032
   11       90.149         0.04435        17954
   12      100.106         0.04263        21185
   13      110.093         0.05754        23956
   14      120.054         0.07677        25875
   15      130.142         0.07027        28690
   16      140.116         0.06021        33725
   17      150.063         0.05470        36217
   18      160.036         0.03477        38652
   19      170.050         0.01612        41006
   20      180.019        -0.00516        43097
   21      190.026        -0.01500        43881
   22      200.008        -0.02084        44938
Variogram for Au & TS: Direction n°1 (azm = 0; dip = 0; nlag = 22; tail = 2; head = 7)
    1        0.000         0.00000        24056
    2        6.144         0.09614          214
    3       16.946         0.18129         4909
    4       31.244         0.17318        16886
    5       45.917         0.23810        43086
    6       60.566         0.22214        81783
    7       75.549         0.18127       142184
    8       90.619         0.19123       232696
    9      105.308         0.18246       350437
   10      120.147         0.22070       465016
   11      135.073         0.25389       509316
   12      150.074         0.24887       545761
   13      165.142         0.25571       608507
   14      180.230         0.23823       703977
   15      195.183         0.24453       825733
   16      210.170         0.23339       977759
   17      224.980         0.21541       997835
   18      240.035         0.19943       987584
   19      255.001         0.20158       958191
   20      270.026         0.21107       990562
   21      285.253         0.22867      1117770
   22      300.124         0.21745      1288711
Variogram for Au & TS: Direction n°2 (azm = 0; dip = 90; nlag = 22; tail = 2; head = 7)
    1        0.000         0.00000        24056
    2        2.953         0.05280         5913
    3        9.892         0.09779        12607
    4       19.990         0.12106        11898
    5       30.025         0.13801        11909
    6       40.017         0.14875        12171
    7       50.078         0.16156        12906
    8       60.040         0.18835        13980
    9       70.036         0.17490        14929
   10       80.056         0.19077        16032
   11       90.149         0.19728        17954
   12      100.106         0.23089        21185
   13      110.093         0.25145        23956
   14      120.054         0.26943        25875
   15      130.142         0.27491        28690
   16      140.116         0.26709        33725
   17      150.063         0.27561        36217
   18      160.036         0.25805        38652
   19      170.050         0.26464        41006
   20      180.019         0.25615        43097
   21      190.026         0.24807        43881
   22      200.008         0.24928        44938
Variogram for Mo & Cu: Direction n°1 (azm = 0; dip = 0; nlag = 22; tail = 3; head = 1)
    1        0.000         0.00000        23969
    2        6.144         0.01473          214
    3       16.946         0.09495         4909
    4       31.210         0.09091        16769
    5       45.868         0.13538        42530
    6       60.594         0.09019        80947
    7       75.549         0.07470       141878
    8       90.608         0.07843       230728
    9      105.329         0.06281       344015
   10      120.145         0.08931       461344
   11      135.075         0.06051       505871
   12      150.074         0.05596       541237
   13      165.137         0.05960       604495
   14      180.237         0.07877       700556
   15      195.178         0.05589       820717
   16      210.172         0.05197       973311
   17      224.979         0.04314       993452
   18      240.032         0.05811       979644
   19      255.005         0.07972       951086
   20      270.027         0.07433       985971
   21      285.250         0.06219      1113265
   22      300.119         0.05820      1282497
Variogram for Mo & Cu: Direction n°2 (azm = 0; dip = 90; nlag = 22; tail = 3; head = 1)
    1        0.000         0.00000        23969
    2        2.955         0.05854         5873
    3        9.896         0.10210        12588
    4       19.991         0.13422        11895
    5       30.025         0.14799        11909
    6       40.017         0.15113        12171
    7       50.078         0.16502        12906
    8       60.040         0.18796        13980
    9       70.036         0.20468        14929
   10       80.056         0.20849        16032
   11       90.147         0.18519        17938
   12      100.105         0.12085        21158
   13      110.094         0.10350        23923
   14      120.054         0.13050        25822
   15      130.142         0.15173        28649
   16      140.117         0.16449        33690
   17      150.060         0.14031        36132
   18      160.035         0.12281        38507
   19      170.052         0.11516        40842
   20      180.019         0.08803        42930
   21      190.025         0.08705        43751
   22      200.008         0.06910        44870
Variogram for Mo & Au: Direction n°1 (azm = 0; dip = 0; nlag = 22; tail = 3; head = 2)
    1        0.000         0.00000        23968
    2        6.144         0.04652          214
    3       16.946         0.04589         4909
    4       31.206         0.07657        16758
    5       45.869         0.14323        42520
    6       60.593         0.09209        80928
    7       75.549         0.06598       141858
    8       90.609         0.08837       230685
    9      105.330         0.05157       343867
   10      120.145         0.08215       461293
   11      135.075         0.06783       505845
   12      150.073         0.07152       541197
   13      165.137         0.07900       604461
   14      180.237         0.08913       700520
   15      195.178         0.07825       820615
   16      210.172         0.10704       973223
   17      224.979         0.09376       993330
   18      240.032         0.08678       979466
   19      255.005         0.09508       950856
   20      270.027         0.11057       985860
   21      285.250         0.11486      1113185
   22      300.120         0.09958      1282373
Variogram for Mo & Au: Direction n°2 (azm = 0; dip = 90; nlag = 22; tail = 3; head = 2)
    1        0.000         0.00000        23968
    2        2.955         0.07619         5873
    3        9.896         0.11229        12588
    4       19.991         0.13439        11895
    5       30.025         0.14870        11909
    6       40.017         0.14820        12171
    7       50.078         0.14997        12906
    8       60.040         0.15132        13980
    9       70.036         0.17186        14929
   10       80.056         0.17326        16032
   11       90.147         0.15335        17938
   12      100.105         0.11351        21158
   13      110.094         0.10130        23923
   14      120.054         0.10407        25822
   15      130.142         0.11319        28649
   16      140.117         0.10501        33690
   17      150.060         0.11514        36132
   18      160.035         0.11030        38507
   19      170.052         0.11788        40842
   20      180.019         0.11114        42930
   21      190.025         0.12284        43751
   22      200.008         0.13280        44870
Variogram for Mo & Mo: Direction n°1 (azm = 0; dip = 0; nlag = 22; tail = 3; head = 3)
    1        0.000         0.00000        23969
    2        6.144         0.32694          214
    3       16.946         0.48173         4909
    4       31.210         0.47077        16769
    5       45.868         0.59259        42530
    6       60.594         0.58849        80947
    7       75.549         0.57185       141878
    8       90.608         0.62243       230728
    9      105.329         0.63180       344015
   10      120.145         0.65084       461344
   11      135.075         0.68376       505871
   12      150.074         0.72058       541237
   13      165.137         0.73295       604495
   14      180.237         0.74774       700556
   15      195.178         0.74989       820717
   16      210.172         0.78154       973311
   17      224.979         0.74512       993452
   18      240.032         0.76845       979644
   19      255.005         0.79031       951086
   20      270.027         0.78903       985971
   21      285.250         0.81271      1113265
   22      300.119         0.82640      1282497
Variogram for Mo & Mo: Direction n°2 (azm = 0; dip = 90; nlag = 22; tail = 3; head = 3)
    1        0.000         0.00000        23969
    2        2.955         0.25770         5873
    3        9.896         0.39112        12588
    4       19.991         0.48826        11895
    5       30.025         0.53872        11909
    6       40.017         0.55815        12171
    7       50.078         0.58288        12906
    8       60.040         0.64561        13980
    9       70.036         0.67504        14929
   10       80.056         0.72230        16032
   11       90.147         0.74899        17938
   12      100.105         0.70243        21158
   13      110.094         0.65975        23923
   14      120.054         0.66764        25822
   15      130.142         0.70717        28649
   16      140.117         0.68666        33690
   17      150.060         0.67575        36132
   18      160.035         0.69781        38507
   19      170.052         0.72733        40842
   20      180.019         0.75175        42930
   21      190.025         0.77967        43751
   22      200.008         0.82417        44870
Variogram for Mo & As: Direction n°1 (azm = 0; dip = 0; nlag = 22; tail = 3; head = 4)
    1        0.000         0.00000        23516
    2        6.157         0.06496          196
    3       16.967         0.07760         4799
    4       31.250         0.08976        16171
    5       45.862         0.12601        41567
    6       60.618         0.09547        78221
    7       75.545         0.09588       139657
    8       90.585         0.11916       224754
    9      105.331         0.11382       333894
   10      120.144         0.12661       447968
   11      135.073         0.13245       489394
   12      150.081         0.12275       523256
   13      165.147         0.13525       587483
   14      180.241         0.14791       681938
   15      195.178         0.14924       801209
   16      210.157         0.15344       936521
   17      224.981         0.13863       958391
   18      240.030         0.12325       939934
   19      255.017         0.13089       915098
   20      270.028         0.12291       955867
   21      285.251         0.12044      1083109
   22      300.100         0.09350      1238189
Variogram for Mo & As: Direction n°2 (azm = 0; dip = 90; nlag = 22; tail = 3; head = 4)
    1        0.000         0.00000        23516
    2        2.955         0.03371         5841
    3        9.894         0.05927        12501
    4       19.991         0.07953        11799
    5       30.026         0.10220        11818
    6       40.009         0.10035        12046
    7       50.080         0.11577        12715
    8       60.041         0.13575        13796
    9       70.038         0.14076        14767
   10       80.056         0.15830        15883
   11       90.139         0.18771        17727
   12      100.109         0.17010        20875
   13      110.093         0.14605        23637
   14      120.057         0.14798        25582
   15      130.124         0.14217        28165
   16      140.097         0.11279        32332
   17      150.060         0.09736        34489
   18      160.032         0.09885        36648
   19      170.058         0.10126        39000
   20      180.018         0.10440        41154
   21      190.027         0.09788        41902
   22      200.004         0.10110        43061
Variogram for Mo & Cp: Direction n°1 (azm = 0; dip = 0; nlag = 22; tail = 3; head = 5)
    1        0.000         0.00000        23969
    2        6.144        -0.03647          214
    3       16.946        -0.05468         4909
    4       31.210         0.00417        16769
    5       45.868         0.02116        42530
    6       60.594         0.02669        80947
    7       75.549         0.00478       141878
    8       90.608        -0.03298       230728
    9      105.329        -0.03407       344015
   10      120.145        -0.01285       461344
   11      135.075        -0.02302       505871
   12      150.074        -0.01238       541237
   13      165.137         0.00161       604495
   14      180.237        -0.00125       700556
   15      195.178        -0.02556       820717
   16      210.172        -0.02016       973311
   17      224.979        -0.02153       993452
   18      240.032         0.00953       979644
   19      255.005         0.02377       951086
   20      270.027         0.03024       985971
   21      285.250         0.02748      1113265
   22      300.119         0.04526      1282497
Variogram for Mo & Cp: Direction n°2 (azm = 0; dip = 90; nlag = 22; tail = 3; head = 5)
    1        0.000         0.00000        23969
    2        2.955         0.03461         5873
    3        9.896         0.06262        12588
    4       19.991         0.07936        11895
    5       30.025         0.08253        11909
    6       40.017         0.07520        12171
    7       50.078         0.06908        12906
    8       60.040         0.07347        13980
    9       70.036         0.08006        14929
   10       80.056         0.08696        16032
   11       90.147         0.04673        17938
   12      100.105        -0.02963        21158
   13      110.094        -0.02851        23923
   14      120.054         0.00013        25822
   15      130.142         0.01417        28649
   16      140.117         0.02675        33690
   17      150.060         0.02220        36132
   18      160.035         0.01083        38507
   19      170.052         0.00104        40842
   20      180.019        -0.03546        42930
   21      190.025        -0.06842        43751
   22      200.008        -0.08977        44870
Variogram for Mo & Py: Direction n°1 (azm = 0; dip = 0; nlag = 22; tail = 3; head = 6)
    1        0.000         0.00000        23969
    2        6.144        -0.09976          214
    3       16.946        -0.00398         4909
    4       31.210         0.02684        16769
    5       45.868         0.05611        42530
    6       60.594         0.02689        80947
    7       75.549         0.07358       141878
    8       90.608         0.04387       230728
    9      105.329         0.04317       344015
   10      120.145         0.05814       461344
   11      135.075         0.08307       505871
   12      150.074         0.09731       541237
   13      165.137         0.11253       604495
   14      180.237         0.07775       700556
   15      195.178         0.10822       820717
   16      210.172         0.11336       973311
   17      224.979         0.08836       993452
   18      240.032         0.08112       979644
   19      255.005         0.09499       951086
   20      270.027         0.10587       985971
   21      285.250         0.10792      1113265
   22      300.119         0.09637      1282497
Variogram for Mo & Py: Direction n°2 (azm = 0; dip = 90; nlag = 22; tail = 3; head = 6)
    1        0.000         0.00000        23969
    2        2.955         0.01070         5873
    3        9.896         0.02013        12588
    4       19.991         0.01701        11895
    5       30.025         0.02262        11909
    6       40.017         0.02767        12171
    7       50.078         0.04576        12906
    8       60.040         0.04812        13980
    9       70.036         0.04283        14929
   10       80.056         0.06041        16032
   11       90.147         0.06699        17938
   12      100.105         0.03388        21158
   13      110.094         0.01837        23923
   14      120.054         0.02440        25822
   15      130.142         0.03672        28649
   16      140.117         0.02786        33690
   17      150.060         0.01540        36132
   18      160.035         0.00866        38507
   19      170.052         0.00419        40842
   20      180.019         0.01083        42930
   21      190.025         0.00570        43751
   22      200.008        -0.01439        44870
Variogram for Mo & TS: Direction n°1 (azm = 0; dip = 0; nlag = 22; tail = 3; head = 7)
    1        0.000         0.00000        23969
    2        6.144        -0.04253          214
    3       16.946         0.02712         4909
    4       31.210         0.06528        16769
    5       45.868         0.10142        42530
    6       60.594         0.04083        80947
    7       75.549         0.06290       141878
    8       90.608         0.03456       230728
    9      105.329         0.01913       344015
   10      120.145         0.05513       461344
   11      135.075         0.05630       505871
   12      150.074         0.06255       541237
   13      165.137         0.07946       604495
   14      180.237         0.05177       700556
   15      195.178         0.06212       820717
   16      210.172         0.07815       973311
   17      224.979         0.05144       993452
   18      240.032         0.05014       979644
   19      255.005         0.07951       951086
   20      270.027         0.08778       985971
   21      285.250         0.07425      1113265
   22      300.119         0.06495      1282497
Variogram for Mo & TS: Direction n°2 (azm = 0; dip = 90; nlag = 22; tail = 3; head = 7)
    1        0.000         0.00000        23969
    2        2.955         0.03084         5873
    3        9.896         0.05819        12588
    4       19.991         0.06736        11895
    5       30.025         0.07747        11909
    6       40.017         0.08684        12171
    7       50.078         0.10760        12906
    8       60.040         0.12063        13980
    9       70.036         0.13006        14929
   10       80.056         0.14855        16032
   11       90.147         0.13148        17938
   12      100.105         0.05690        21158
   13      110.094         0.04123        23923
   14      120.054         0.07135        25822
   15      130.142         0.09140        28649
   16      140.117         0.08281        33690
   17      150.060         0.05960        36132
   18      160.035         0.04451        38507
   19      170.052         0.02833        40842
   20      180.019         0.00746        42930
   21      190.025        -0.01010        43751
   22      200.008        -0.04284        44870
Variogram for As & Cu: Direction n°1 (azm = 0; dip = 0; nlag = 22; tail = 4; head = 1)
    1        0.000         0.00000        23516
    2        6.157         0.02934          196
    3       16.967         0.09992         4799
    4       31.250         0.06452        16171
    5       45.862         0.08760        41567
    6       60.618         0.06140        78221
    7       75.545         0.05085       139657
    8       90.585         0.06617       224754
    9      105.331         0.06671       333894
   10      120.144         0.09430       447968
   11      135.073         0.06878       489394
   12      150.081         0.07126       523256
   13      165.147         0.08224       587483
   14      180.241         0.09735       681938
   15      195.178         0.09489       801209
   16      210.157         0.09871       936521
   17      224.981         0.07044       958391
   18      240.030         0.06260       939934
   19      255.017         0.08667       915098
   20      270.028         0.07740       955867
   21      285.251         0.07431      1083109
   22      300.100         0.08712      1238189
Variogram for As & Cu: Direction n°2 (azm = 0; dip = 90; nlag = 22; tail = 4; head = 1)
    1        0.000         0.00000        23516
    2        2.955         0.03633         5841
    3        9.894         0.06969        12501
    4       19.991         0.08238        11799
    5       30.026         0.10133        11818
    6       40.009         0.08954        12046
    7       50.080         0.09706        12715
    8       60.041         0.09720        13796
    9       70.038         0.08465        14767
   10       80.056         0.09342        15883
   11       90.139         0.08363        17727
   12      100.109         0.05116        20875
   13      110.093         0.05562        23637
   14      120.057         0.09936        25582
   15      130.124         0.10959        28165
   16      140.097         0.11349        32332
   17      150.060         0.07510        34489
   18      160.032         0.05483        36648
   19      170.058         0.04392        39000
   20      180.018         0.02206        41154
   21      190.027         0.01247        41902
   22      200.004         0.02124        43061
Variogram for As & Au: Direction n°1 (azm = 0; dip = 0; nlag = 22; tail = 4; head = 2)
    1        0.000         0.00000        23515
    2        6.157         0.06007          196
    3       16.967         0.10403         4799
    4       31.247         0.11264        16160
    5       45.863         0.18155        41557
    6       60.617         0.18012        78202
    7       75.545         0.14520       139637
    8       90.585         0.15796       224711
    9      105.332         0.15310       333746
   10      120.144         0.14935       447917
   11      135.073         0.12626       489368
   12      150.080         0.15439       523216
   13      165.147         0.14303       587449
   14      180.241         0.14244       681902
   15      195.178         0.14961       801107
   16      210.157         0.15897       936433
   17      224.981         0.11604       958269
   18      240.030         0.10673       939756
   19      255.017         0.12406       914868
   20      270.028         0.12303       955756
   21      285.251         0.10332      1083029
   22      300.100         0.09510      1238065
Variogram for As & Au: Direction n°2 (azm = 0; dip = 90; nlag = 22; tail = 4; head = 2)
    1        0.000         0.00000        23515
    2        2.955         0.07348         5841
    3        9.894         0.10155        12501
    4       19.991         0.10350        11799
    5       30.026         0.13224        11818
    6       40.009         0.12631        12046
    7       50.080         0.13706        12715
    8       60.041         0.13726        13796
    9       70.038         0.13142        14767
   10       80.056         0.13382        15883
   11       90.139         0.11666        17727
   12      100.109         0.10982        20875
   13      110.093         0.11614        23637
   14      120.057         0.13064        25582
   15      130.124         0.14307        28165
   16      140.097         0.12178        32332
   17      150.060         0.11567        34489
   18      160.032         0.10547        36648
   19      170.058         0.10492        39000
   20      180.018         0.09182        41154
   21      190.027         0.08150        41902
   22      200.004         0.08454        43061
Variogram for As & Mo: Direction n°1 (azm = 0; dip = 0; nlag = 22; tail = 4; head = 3)
    1        0.000         0.00000        23516
    2        6.157         0.06496          196
    3       16.967         0.07760         4799
    4       31.250         0.08976        16171
    5       45.862         0.12601        41567
    6       60.618         0.09547        78221
    7       75.545         0.09588       139657
    8       90.585         0.11916       224754
    9      105.331         0.11382       333894
   10      120.144         0.12661       447968
   11      135.073         0.13245       489394
   12      150.081         0.12275       523256
   13      165.147         0.13525       587483
   14      180.241         0.14791       681938
   15      195.178         0.14924       801209
   16      210.157         0.15344       936521
   17      224.981         0.13863       958391
   18      240.030         0.12325       939934
   19      255.017         0.13089       915098
   20      270.028         0.12291       955867
   21      285.251         0.12044      1083109
   22      300.100         0.09350      1238189
Variogram for As & Mo: Direction n°2 (azm = 0; dip = 90; nlag = 22; tail = 4; head = 3)
    1        0.000         0.00000        23516
    2        2.955         0.03371         5841
    3        9.894         0.05927        12501
    4       19.991         0.07953        11799
    5       30.026         0.10220        11818
    6       40.009         0.10035        12046
    7       50.080         0.11577        12715
    8       60.041         0.13575        13796
    9       70.038         0.14076        14767
   10       80.056         0.15830        15883
   11       90.139         0.18771        17727
   12      100.109         0.17010        20875
   13      110.093         0.14605        23637
   14      120.057         0.14798        25582
   15      130.124         0.14217        28165
   16      140.097         0.11279        32332
   17      150.060         0.09736        34489
   18      160.032         0.09885        36648
   19      170.058         0.10126        39000
   20      180.018         0.10440        41154
   21      190.027         0.09788        41902
   22      200.004         0.10110        43061
Variogram for As & As: Direction n°1 (azm = 0; dip = 0; nlag = 22; tail = 4; head = 4)
    1        0.000         0.00000        23516
    2        6.157         0.41180          196
    3       16.967         0.57850         4799
    4       31.250         0.62016        16171
    5       45.862         0.77306        41567
    6       60.618         0.78189        78221
    7       75.545         0.71106       139657
    8       90.585         0.69840       224754
    9      105.331         0.74006       333894
   10      120.144         0.78898       447968
   11      135.073         0.75675       489394
   12      150.081         0.77626       523256
   13      165.147         0.76434       587483
   14      180.241         0.80017       681938
   15      195.178         0.76356       801209
   16      210.157         0.79326       936521
   17      224.981         0.77980       958391
   18      240.030         0.74548       939934
   19      255.017         0.77873       915098
   20      270.028         0.75653       955867
   21      285.251         0.77095      1083109
   22      300.100         0.73868      1238189
Variogram for As & As: Direction n°2 (azm = 0; dip = 90; nlag = 22; tail = 4; head = 4)
    1        0.000         0.00000        23516
    2        2.955         0.27009         5841
    3        9.894         0.42744        12501
    4       19.991         0.49496        11799
    5       30.026         0.54738        11818
    6       40.009         0.57157        12046
    7       50.080         0.62262        12715
    8       60.041         0.61135        13796
    9       70.038         0.62186        14767
   10       80.056         0.64941        15883
   11       90.139         0.69799        17727
   12      100.109         0.69290        20875
   13      110.093         0.69082        23637
   14      120.057         0.72606        25582
   15      130.124         0.70580        28165
   16      140.097         0.69230        32332
   17      150.060         0.70559        34489
   18      160.032         0.72126        36648
   19      170.058         0.70287        39000
   20      180.018         0.68342        41154
   21      190.027         0.66653        41902
   22      200.004         0.65904        43061
Variogram for As & Cp: Direction n°1 (azm = 0; dip = 0; nlag = 22; tail = 4; head = 5)
    1        0.000         0.00000        23516
    2        6.157        -0.03131          196
    3       16.967        -0.08537         4799
    4       31.250        -0.10278        16171
    5       45.862        -0.11422        41567
    6       60.618        -0.13206        78221
    7       75.545        -0.13589       139657
    8       90.585        -0.16123       224754
    9      105.331        -0.16723       333894
   10      120.144        -0.16163       447968
   11      135.073        -0.17101       489394
   12      150.081        -0.12164       523256
   13      165.147        -0.11546       587483
   14      180.241        -0.10604       681938
   15      195.178        -0.16704       801209
   16      210.157        -0.18245       936521
   17      224.981        -0.19444       958391
   18      240.030        -0.16208       939934
   19      255.017        -0.15198       915098
   20      270.028        -0.13771       955867
   21      285.251        -0.14249      1083109
   22      300.100        -0.14581      1238189
Variogram for As & Cp: Direction n°2 (azm = 0; dip = 90; nlag = 22; tail = 4; head = 5)
    1        0.000         0.00000        23516
    2        2.955         0.01307         5841
    3        9.894         0.03464        12501
    4       19.991         0.02716        11799
    5       30.026         0.02671        11818
    6       40.009        -0.00954        12046
    7       50.080        -0.03881        12715
    8       60.041        -0.04469        13796
    9       70.038        -0.06221        14767
   10       80.056        -0.06307        15883
   11       90.139        -0.12036        17727
   12      100.109        -0.16881        20875
   13      110.093        -0.14316        23637
   14      120.057        -0.13926        25582
   15      130.124        -0.13968        28165
   16      140.097        -0.14454        32332
   17      150.060        -0.17827        34489
   18      160.032        -0.20141        36648
   19      170.058        -0.19935        39000
   20      180.018        -0.20330        41154
   21      190.027        -0.21275        41902
   22      200.004        -0.20802        43061
Variogram for As & Py: Direction n°1 (azm = 0; dip = 0; nlag = 22; tail = 4; head = 6)
    1        0.000         0.00000        23516
    2        6.157        -0.03598          196
    3       16.967         0.14723         4799
    4       31.250         0.12653        16171
    5       45.862         0.13988        41567
    6       60.618         0.13407        78221
    7       75.545         0.12818       139657
    8       90.585         0.12203       224754
    9      105.331         0.18034       333894
   10      120.144         0.18781       447968
   11      135.073         0.20485       489394
   12      150.081         0.20814       523256
   13      165.147         0.21656       587483
   14      180.241         0.21477       681938
   15      195.178         0.20109       801209
   16      210.157         0.19439       936521
   17      224.981         0.20017       958391
   18      240.030         0.19077       939934
   19      255.017         0.19487       915098
   20      270.028         0.18301       955867
   21      285.251         0.17930      1083109
   22      300.100         0.16212      1238189
Variogram for As & Py: Direction n°2 (azm = 0; dip = 90; nlag = 22; tail = 4; head = 6)
    1        0.000         0.00000        23516
    2        2.955         0.02247         5841
    3        9.894         0.05089        12501
    4       19.991         0.06412        11799
    5       30.026         0.09555        11818
    6       40.009         0.11797        12046
    7       50.080         0.12965        12715
    8       60.041         0.13661        13796
    9       70.038         0.15825        14767
   10       80.056         0.20797        15883
   11       90.139         0.20822        17727
   12      100.109         0.18605        20875
   13      110.093         0.19961        23637
   14      120.057         0.21773        25582
   15      130.124         0.21655        28165
   16      140.097         0.20536        32332
   17      150.060         0.21778        34489
   18      160.032         0.23161        36648
   19      170.058         0.23529        39000
   20      180.018         0.24703        41154
   21      190.027         0.24403        41902
   22      200.004         0.23888        43061
Variogram for As & TS: Direction n°1 (azm = 0; dip = 0; nlag = 22; tail = 4; head = 7)
    1        0.000         0.00000        23516
    2        6.157        -0.01710          196
    3       16.967         0.13295         4799
    4       31.250         0.10588        16171
    5       45.862         0.13146        41567
    6       60.618         0.10457        78221
    7       75.545         0.09417       139657
    8       90.585         0.09395       224754
    9      105.331         0.13863       333894
   10      120.144         0.16472       447968
   11      135.073         0.15528       489394
   12      150.081         0.18263       523256
   13      165.147         0.19857       587483
   14      180.241         0.20581       681938
   15      195.178         0.16501       801209
   16      210.157         0.16096       936521
   17      224.981         0.15420       958391
   18      240.030         0.15096       939934
   19      255.017         0.17168       915098
   20      270.028         0.16996       955867
   21      285.251         0.16039      1083109
   22      300.100         0.15258      1238189
Variogram for As & TS: Direction n°2 (azm = 0; dip = 90; nlag = 22; tail = 4; head = 7)
    1        0.000         0.00000        23516
    2        2.955         0.03460         5841
    3        9.894         0.06983        12501
    4       19.991         0.08223        11799
    5       30.026         0.11837        11818
    6       40.009         0.13050        12046
    7       50.080         0.13233        12715
    8       60.041         0.14364        13796
    9       70.038         0.16440        14767
   10       80.056         0.20672        15883
   11       90.139         0.19328        17727
   12      100.109         0.16576        20875
   13      110.093         0.17967        23637
   14      120.057         0.21565        25582
   15      130.124         0.21257        28165
   16      140.097         0.18950        32332
   17      150.060         0.17774        34489
   18      160.032         0.17319        36648
   19      170.058         0.16257        39000
   20      180.018         0.15801        41154
   21      190.027         0.15062        41902
   22      200.004         0.15083        43061
Variogram for Cp & Cu: Direction n°1 (azm = 0; dip = 0; nlag = 22; tail = 5; head = 1)
    1        0.000         0.00000        24057
    2        6.144         0.08483          214
    3       16.946         0.09948         4909
    4       31.247         0.08721        16897
    5       45.916         0.14934        43096
    6       60.566         0.13335        81802
    7       75.549         0.15811       142204
    8       90.618         0.17153       232739
    9      105.307         0.23491       350586
   10      120.147         0.26178       465067
   11      135.073         0.25852       509342
   12      150.074         0.24073       545801
   13      165.142         0.29980       608541
   14      180.230         0.27437       704013
   15      195.183         0.27397       825835
   16      210.170         0.25971       977847
   17      224.980         0.28961       997957
   18      240.035         0.26905       987762
   19      255.001         0.28076       958422
   20      270.026         0.29102       990673
   21      285.253         0.33406      1117850
   22      300.124         0.31793      1288835
Variogram for Cp & Cu: Direction n°2 (azm = 0; dip = 90; nlag = 22; tail = 5; head = 1)
    1        0.000         0.00000        24057
    2        2.953         0.03859         5913
    3        9.892         0.07282        12607
    4       19.990         0.10129        11898
    5       30.025         0.12232        11909
    6       40.017         0.12245        12171
    7       50.078         0.12354        12906
    8       60.040         0.15054        13980
    9       70.036         0.19079        14929
   10       80.056         0.20944        16032
   11       90.149         0.24954        17954
   12      100.106         0.32492        21185
   13      110.093         0.32347        23956
   14      120.054         0.29720        25875
   15      130.142         0.27294        28690
   16      140.116         0.29107        33725
   17      150.063         0.32762        36217
   18      160.036         0.33440        38652
   19      170.050         0.35182        41006
   20      180.019         0.37643        43097
   21      190.026         0.36328        43881
   22      200.008         0.32568        44938
Variogram for Cp & Au: Direction n°1 (azm = 0; dip = 0; nlag = 22; tail = 5; head = 2)
    1        0.000         0.00000        24056
    2        6.144         0.08022          214
    3       16.946         0.09810         4909
    4       31.244         0.06333        16886
    5       45.917         0.09639        43086
    6       60.566         0.10680        81783
    7       75.549         0.11889       142184
    8       90.619         0.10851       232696
    9      105.308         0.11359       350437
   10      120.147         0.14813       465016
   11      135.073         0.16436       509316
   12      150.074         0.16867       545761
   13      165.142         0.21900       608507
   14      180.230         0.19812       703977
   15      195.183         0.17079       825733
   16      210.170         0.15959       977759
   17      224.980         0.20128       997835
   18      240.035         0.16979       987584
   19      255.001         0.18345       958191
   20      270.026         0.20210       990562
   21      285.253         0.23840      1117770
   22      300.124         0.22999      1288711
Variogram for Cp & Au: Direction n°2 (azm = 0; dip = 90; nlag = 22; tail = 5; head = 2)
    1        0.000         0.00000        24056
    2        2.953         0.04182         5913
    3        9.892         0.07608        12607
    4       19.990         0.10649        11898
    5       30.025         0.12806        11909
    6       40.017         0.12502        12171
    7       50.078         0.11277        12906
    8       60.040         0.11956        13980
    9       70.036         0.12543        14929
   10       80.056         0.12903        16032
   11       90.149         0.17510        17954
   12      100.106         0.23551        21185
   13      110.093         0.23353        23956
   14      120.054         0.21249        25875
   15      130.142         0.20002        28690
   16      140.116         0.19449        33725
   17      150.063         0.21505        36217
   18      160.036         0.20296        38652
   19      170.050         0.20284        41006
   20      180.019         0.20891        43097
   21      190.026         0.20201        43881
   22      200.008         0.22474        44938
Variogram for Cp & Mo: Direction n°1 (azm = 0; dip = 0; nlag = 22; tail = 5; head = 3)
    1        0.000         0.00000        23969
    2        6.144        -0.03647          214
    3       16.946        -0.05468         4909
    4       31.210         0.00417        16769
    5       45.868         0.02116        42530
    6       60.594         0.02669        80947
    7       75.549         0.00478       141878
    8       90.608        -0.03298       230728
    9      105.329        -0.03407       344015
   10      120.145        -0.01285       461344
   11      135.075        -0.02302       505871
   12      150.074        -0.01238       541237
   13      165.137         0.00161       604495
   14      180.237        -0.00125       700556
   15      195.178        -0.02556       820717
   16      210.172        -0.02016       973311
   17      224.979        -0.02153       993452
   18      240.032         0.00953       979644
   19      255.005         0.02377       951086
   20      270.027         0.03024       985971
   21      285.250         0.02748      1113265
   22      300.119         0.04526      1282497
Variogram for Cp & Mo: Direction n°2 (azm = 0; dip = 90; nlag = 22; tail = 5; head = 3)
    1        0.000         0.00000        23969
    2        2.955         0.03461         5873
    3        9.896         0.06262        12588
    4       19.991         0.07936        11895
    5       30.025         0.08253        11909
    6       40.017         0.07520        12171
    7       50.078         0.06908        12906
    8       60.040         0.07347        13980
    9       70.036         0.08006        14929
   10       80.056         0.08696        16032
   11       90.147         0.04673        17938
   12      100.105        -0.02963        21158
   13      110.094        -0.02851        23923
   14      120.054         0.00013        25822
   15      130.142         0.01417        28649
   16      140.117         0.02675        33690
   17      150.060         0.02220        36132
   18      160.035         0.01083        38507
   19      170.052         0.00104        40842
   20      180.019        -0.03546        42930
   21      190.025        -0.06842        43751
   22      200.008        -0.08977        44870
Variogram for Cp & As: Direction n°1 (azm = 0; dip = 0; nlag = 22; tail = 5; head = 4)
    1        0.000         0.00000        23516
    2        6.157        -0.03131          196
    3       16.967        -0.08537         4799
    4       31.250        -0.10278        16171
    5       45.862        -0.11422        41567
    6       60.618        -0.13206        78221
    7       75.545        -0.13589       139657
    8       90.585        -0.16123       224754
    9      105.331        -0.16723       333894
   10      120.144        -0.16163       447968
   11      135.073        -0.17101       489394
   12      150.081        -0.12164       523256
   13      165.147        -0.11546       587483
   14      180.241        -0.10604       681938
   15      195.178        -0.16704       801209
   16      210.157        -0.18245       936521
   17      224.981        -0.19444       958391
   18      240.030        -0.16208       939934
   19      255.017        -0.15198       915098
   20      270.028        -0.13771       955867
   21      285.251        -0.14249      1083109
   22      300.100        -0.14581      1238189
Variogram for Cp & As: Direction n°2 (azm = 0; dip = 90; nlag = 22; tail = 5; head = 4)
    1        0.000         0.00000        23516
    2        2.955         0.01307         5841
    3        9.894         0.03464        12501
    4       19.991         0.02716        11799
    5       30.026         0.02671        11818
    6       40.009        -0.00954        12046
    7       50.080        -0.03881        12715
    8       60.041        -0.04469        13796
    9       70.038        -0.06221        14767
   10       80.056        -0.06307        15883
   11       90.139        -0.12036        17727
   12      100.109        -0.16881        20875
   13      110.093        -0.14316        23637
   14      120.057        -0.13926        25582
   15      130.124        -0.13968        28165
   16      140.097        -0.14454        32332
   17      150.060        -0.17827        34489
   18      160.032        -0.20141        36648
   19      170.058        -0.19935        39000
   20      180.018        -0.20330        41154
   21      190.027        -0.21275        41902
   22      200.004        -0.20802        43061
Variogram for Cp & Cp: Direction n°1 (azm = 0; dip = 0; nlag = 22; tail = 5; head = 5)
    1        0.000         0.00000        26800
    2        5.464         0.43702          320
    3       16.803         0.85631         5301
    4       31.271         0.76465        18019
    5       45.914         0.74867        44992
    6       60.557         0.73838        85429
    7       75.536         0.80808       147884
    8       90.655         0.96336       244673
    9      105.307         1.02203       366920
   10      120.183         1.03157       490133
   11      135.021         0.99736       543610
   12      150.111         0.96389       582774
   13      165.118         1.04399       650874
   14      180.239         0.97649       749004
   15      195.194         1.01272       879294
   16      210.163         1.04929      1035737
   17      225.019         1.05697      1060482
   18      240.038         1.02907      1057954
   19      255.020         1.01058      1041411
   20      270.050         0.98833      1085909
   21      285.247         1.00858      1243797
   22      300.132         1.03128      1427457
Variogram for Cp & Cp: Direction n°2 (azm = 0; dip = 90; nlag = 22; tail = 5; head = 5)
    1        0.000         0.00000        26800
    2        2.950         0.13003         6614
    3        9.891         0.23866        14033
    4       19.986         0.33338        13161
    5       30.014         0.40142        13060
    6       40.021         0.48136        13287
    7       50.079         0.53953        14089
    8       60.035         0.61267        15257
    9       70.033         0.69217        16219
   10       80.054         0.73191        17308
   11       90.147         0.83116        19303
   12      100.099         0.99299        22710
   13      110.094         0.99336        25566
   14      120.051         0.96364        27521
   15      130.140         0.95957        30423
   16      140.124         0.95239        35863
   17      150.065         0.99488        38618
   18      160.038         1.01305        41250
   19      170.047         1.06685        43617
   20      180.018         1.11229        45813
   21      190.027         1.15482        46689
   22      200.006         1.13265        47819
Variogram for Cp & Py: Direction n°1 (azm = 0; dip = 0; nlag = 22; tail = 5; head = 6)
    1        0.000         0.00000        26800
    2        5.464         0.07071          320
    3       16.803         0.04844         5301
    4       31.271         0.05472        18019
    5       45.914         0.01492        44992
    6       60.557         0.01700        85429
    7       75.536         0.00232       147884
    8       90.655         0.00081       244673
    9      105.307        -0.01230       366920
   10      120.183        -0.00207       490133
   11      135.021         0.00002       543610
   12      150.111         0.03974       582774
   13      165.118         0.02669       650874
   14      180.239         0.03698       749004
   15      195.194         0.01552       879294
   16      210.163         0.02901      1035737
   17      225.019        -0.02779      1060482
   18      240.038        -0.02012      1057954
   19      255.020        -0.02674      1041411
   20      270.050        -0.01035      1085909
   21      285.247        -0.03529      1243797
   22      300.132        -0.02204      1427457
Variogram for Cp & Py: Direction n°2 (azm = 0; dip = 90; nlag = 22; tail = 5; head = 6)
    1        0.000         0.00000        26800
    2        2.950         0.00844         6614
    3        9.891         0.01840        14033
    4       19.986         0.01541        13161
    5       30.014         0.00312        13060
    6       40.021         0.00962        13287
    7       50.079         0.01890        14089
    8       60.035         0.04654        15257
    9       70.033         0.05005        16219
   10       80.054         0.03122        17308
   11       90.147         0.02061        19303
   12      100.099         0.06084        22710
   13      110.094         0.07739        25566
   14      120.051         0.03918        27521
   15      130.140         0.01704        30423
   16      140.124         0.01397        35863
   17      150.065        -0.01105        38618
   18      160.038        -0.01956        41250
   19      170.047        -0.01968        43617
   20      180.018        -0.03457        45813
   21      190.027        -0.03548        46689
   22      200.006        -0.01281        47819
Variogram for Cp & TS: Direction n°1 (azm = 0; dip = 0; nlag = 22; tail = 5; head = 7)
    1        0.000         0.00000        26800
    2        5.464         0.29190          320
    3       16.803         0.29745         5301
    4       31.271         0.28718        18019
    5       45.914         0.30750        44992
    6       60.557         0.35101        85429
    7       75.536         0.35363       147884
    8       90.655         0.39223       244673
    9      105.307         0.38248       366920
   10      120.183         0.39313       490133
   11      135.021         0.39161       543610
   12      150.111         0.41364       582774
   13      165.118         0.46256       650874
   14      180.239         0.44306       749004
   15      195.194         0.42437       879294
   16      210.163         0.43171      1035737
   17      225.019         0.40271      1060482
   18      240.038         0.39153      1057954
   19      255.020         0.40118      1041411
   20      270.050         0.41908      1085909
   21      285.247         0.42928      1243797
   22      300.132         0.42319      1427457
Variogram for Cp & TS: Direction n°2 (azm = 0; dip = 90; nlag = 22; tail = 5; head = 7)
    1        0.000         0.00000        26800
    2        2.950         0.06168         6614
    3        9.891         0.12191        14033
    4       19.986         0.16468        13161
    5       30.014         0.18630        13060
    6       40.021         0.20334        13287
    7       50.079         0.20976        14089
    8       60.035         0.27600        15257
    9       70.033         0.33182        16219
   10       80.054         0.35170        17308
   11       90.147         0.38591        19303
   12      100.099         0.48411        22710
   13      110.094         0.49346        25566
   14      120.051         0.43159        27521
   15      130.140         0.39854        30423
   16      140.124         0.39692        35863
   17      150.065         0.40967        38618
   18      160.038         0.41316        41250
   19      170.047         0.44369        43617
   20      180.018         0.45594        45813
   21      190.027         0.46526        46689
   22      200.006         0.47333        47819
Variogram for Py & Cu: Direction n°1 (azm = 0; dip = 0; nlag = 22; tail = 6; head = 1)
    1        0.000         0.00000        24057
    2        6.144         0.12262          214
    3       16.946         0.06147         4909
    4       31.247         0.02523        16897
    5       45.916         0.02200        43096
    6       60.566         0.02869        81802
    7       75.549        -0.03528       142204
    8       90.618        -0.03465       232739
    9      105.307        -0.03091       350586
   10      120.147        -0.00869       465067
   11      135.073        -0.05248       509342
   12      150.074        -0.06040       545801
   13      165.142        -0.07291       608541
   14      180.230        -0.07988       704013
   15      195.183        -0.08393       825835
   16      210.170        -0.04870       977847
   17      224.980        -0.10437       997957
   18      240.035        -0.15293       987762
   19      255.001        -0.12394       958422
   20      270.026        -0.11358       990673
   21      285.253        -0.12107      1117850
   22      300.124        -0.12232      1288835
Variogram for Py & Cu: Direction n°2 (azm = 0; dip = 90; nlag = 22; tail = 6; head = 1)
    1        0.000         0.00000        24057
    2        2.953         0.00778         5913
    3        9.892         0.01545        12607
    4       19.990         0.01313        11898
    5       30.025         0.01202        11909
    6       40.017         0.01655        12171
    7       50.078         0.02438        12906
    8       60.040         0.03016        13980
    9       70.036         0.03348        14929
   10       80.056         0.02740        16032
   11       90.149         0.02863        17954
   12      100.106         0.01929        21185
   13      110.093         0.01805        23956
   14      120.054         0.03634        25875
   15      130.142         0.02301        28690
   16      140.116         0.02961        33725
   17      150.063         0.00156        36217
   18      160.036         0.00152        38652
   19      170.050        -0.02251        41006
   20      180.019        -0.05555        43097
   21      190.026        -0.06573        43881
   22      200.008        -0.06643        44938
Variogram for Py & Au: Direction n°1 (azm = 0; dip = 0; nlag = 22; tail = 6; head = 2)
    1        0.000         0.00000        24056
    2        6.144         0.03795          214
    3       16.946         0.08308         4909
    4       31.244         0.05758        16886
    5       45.917         0.06113        43086
    6       60.566         0.10655        81783
    7       75.549         0.04138       142184
    8       90.619         0.02226       232696
    9      105.308         0.01174       350437
   10      120.147         0.02843       465016
   11      135.073         0.03627       509316
   12      150.074         0.04787       545761
   13      165.142         0.04115       608507
   14      180.230         0.04269       703977
   15      195.183         0.04242       825733
   16      210.170         0.03079       977759
   17      224.980        -0.01019       997835
   18      240.035        -0.02495       987584
   19      255.001        -0.00683       958191
   20      270.026         0.00517       990562
   21      285.253         0.00884      1117770
   22      300.124         0.00120      1288711
Variogram for Py & Au: Direction n°2 (azm = 0; dip = 90; nlag = 22; tail = 6; head = 2)
    1        0.000         0.00000        24056
    2        2.953         0.02700         5913
    3        9.892         0.05111        12607
    4       19.990         0.05565        11898
    5       30.025         0.05083        11909
    6       40.017         0.05677        12171
    7       50.078         0.05687        12906
    8       60.040         0.05272        13980
    9       70.036         0.04431        14929
   10       80.056         0.04905        16032
   11       90.149         0.04435        17954
   12      100.106         0.04263        21185
   13      110.093         0.05754        23956
   14      120.054         0.07677        25875
   15      130.142         0.07027        28690
   16      140.116         0.06021        33725
   17      150.063         0.05470        36217
   18      160.036         0.03477        38652
   19      170.050         0.01612        41006
   20      180.019        -0.00516        43097
   21      190.026        -0.01500        43881
   22      200.008        -0.02084        44938
Variogram for Py & Mo: Direction n°1 (azm = 0; dip = 0; nlag = 22; tail = 6; head = 3)
    1        0.000         0.00000        23969
    2        6.144        -0.09976          214
    3       16.946        -0.00398         4909
    4       31.210         0.02684        16769
    5       45.868         0.05611        42530
    6       60.594         0.02689        80947
    7       75.549         0.07358       141878
    8       90.608         0.04387       230728
    9      105.329         0.04317       344015
   10      120.145         0.05814       461344
   11      135.075         0.08307       505871
   12      150.074         0.09731       541237
   13      165.137         0.11253       604495
   14      180.237         0.07775       700556
   15      195.178         0.10822       820717
   16      210.172         0.11336       973311
   17      224.979         0.08836       993452
   18      240.032         0.08112       979644
   19      255.005         0.09499       951086
   20      270.027         0.10587       985971
   21      285.250         0.10792      1113265
   22      300.119         0.09637      1282497
Variogram for Py & Mo: Direction n°2 (azm = 0; dip = 90; nlag = 22; tail = 6; head = 3)
    1        0.000         0.00000        23969
    2        2.955         0.01070         5873
    3        9.896         0.02013        12588
    4       19.991         0.01701        11895
    5       30.025         0.02262        11909
    6       40.017         0.02767        12171
    7       50.078         0.04576        12906
    8       60.040         0.04812        13980
    9       70.036         0.04283        14929
   10       80.056         0.06041        16032
   11       90.147         0.06699        17938
   12      100.105         0.03388        21158
   13      110.094         0.01837        23923
   14      120.054         0.02440        25822
   15      130.142         0.03672        28649
   16      140.117         0.02786        33690
   17      150.060         0.01540        36132
   18      160.035         0.00866        38507
   19      170.052         0.00419        40842
   20      180.019         0.01083        42930
   21      190.025         0.00570        43751
   22      200.008        -0.01439        44870
Variogram for Py & As: Direction n°1 (azm = 0; dip = 0; nlag = 22; tail = 6; head = 4)
    1        0.000         0.00000        23516
    2        6.157        -0.03598          196
    3       16.967         0.14723         4799
    4       31.250         0.12653        16171
    5       45.862         0.13988        41567
    6       60.618         0.13407        78221
    7       75.545         0.12818       139657
    8       90.585         0.12203       224754
    9      105.331         0.18034       333894
   10      120.144         0.18781       447968
   11      135.073         0.20485       489394
   12      150.081         0.20814       523256
   13      165.147         0.21656       587483
   14      180.241         0.21477       681938
   15      195.178         0.20109       801209
   16      210.157         0.19439       936521
   17      224.981         0.20017       958391
   18      240.030         0.19077       939934
   19      255.017         0.19487       915098
   20      270.028         0.18301       955867
   21      285.251         0.17930      1083109
   22      300.100         0.16212      1238189
Variogram for Py & As: Direction n°2 (azm = 0; dip = 90; nlag = 22; tail = 6; head = 4)
    1        0.000         0.00000        23516
    2        2.955         0.02247         5841
    3        9.894         0.05089        12501
    4       19.991         0.06412        11799
    5       30.026         0.09555        11818
    6       40.009         0.11797        12046
    7       50.080         0.12965        12715
    8       60.041         0.13661        13796
    9       70.038         0.15825        14767
   10       80.056         0.20797        15883
   11       90.139         0.20822        17727
   12      100.109         0.18605        20875
   13      110.093         0.19961        23637
   14      120.057         0.21773        25582
   15      130.124         0.21655        28165
   16      140.097         0.20536        32332
   17      150.060         0.21778        34489
   18      160.032         0.23161        36648
   19      170.058         0.23529        39000
   20      180.018         0.24703        41154
   21      190.027         0.24403        41902
   22      200.004         0.23888        43061
Variogram for Py & Cp: Direction n°1 (azm = 0; dip = 0; nlag = 22; tail = 6; head = 5)
    1        0.000         0.00000        26800
    2        5.464         0.07071          320
    3       16.803         0.04844         5301
    4       31.271         0.05472        18019
    5       45.914         0.01492        44992
    6       60.557         0.01700        85429
    7       75.536         0.00232       147884
    8       90.655         0.00081       244673
    9      105.307        -0.01230       366920
   10      120.183        -0.00207       490133
   11      135.021         0.00002       543610
   12      150.111         0.03974       582774
   13      165.118         0.02669       650874
   14      180.239         0.03698       749004
   15      195.194         0.01552       879294
   16      210.163         0.02901      1035737
   17      225.019        -0.02779      1060482
   18      240.038        -0.02012      1057954
   19      255.020        -0.02674      1041411
   20      270.050        -0.01035      1085909
   21      285.247        -0.03529      1243797
   22      300.132        -0.02204      1427457
Variogram for Py & Cp: Direction n°2 (azm = 0; dip = 90; nlag = 22; tail = 6; head = 5)
    1        0.000         0.00000        26800
    2        2.950         0.00844         6614
    3        9.891         0.01840        14033
    4       19.986         0.01541        13161
    5       30.014         0.00312        13060
    6       40.021         0.00962        13287
    7       50.079         0.01890        14089
    8       60.035         0.04654        15257
    9       70.033         0.05005        16219
   10       80.054         0.03122        17308
   11       90.147         0.02061        19303
   12      100.099         0.06084        22710
   13      110.094         0.07739        25566
   14      120.051         0.03918        27521
   15      130.140         0.01704        30423
   16      140.124         0.01397        35863
   17      150.065        -0.01105        38618
   18      160.038        -0.01956        41250
   19      170.047        -0.01968        43617
   20      180.018        -0.03457        45813
   21      190.027        -0.03548        46689
   22      200.006        -0.01281        47819
Variogram for Py & Py: Direction n°1 (azm = 0; dip = 0; nlag = 22; tail = 6; head = 6)
    1        0.000         0.00000        26800
    2        5.464         0.64814          320
    3       16.803         0.71158         5301
    4       31.271         0.69181        18019
    5       45.914         0.66058        44992
    6       60.557         0.67244        85429
    7       75.536         0.73621       147884
    8       90.655         0.73193       244673
    9      105.307         0.76755       366920
   10      120.183         0.79854       490133
   11      135.021         0.84362       543610
   12      150.111         0.82502       582774
   13      165.118         0.86091       650874
   14      180.239         0.83247       749004
   15      195.194         0.85363       879294
   16      210.163         0.87237      1035737
   17      225.019         0.88214      1060482
   18      240.038         0.86140      1057954
   19      255.020         0.84522      1041411
   20      270.050         0.84065      1085909
   21      285.247         0.84268      1243797
   22      300.132         0.87575      1427457
Variogram for Py & Py: Direction n°2 (azm = 0; dip = 90; nlag = 22; tail = 6; head = 6)
    1        0.000         0.00000        26800
    2        2.950         0.10587         6614
    3        9.891         0.22734        14033
    4       19.986         0.33345        13161
    5       30.014         0.43288        13060
    6       40.021         0.48837        13287
    7       50.079         0.56320        14089
    8       60.035         0.63168        15257
    9       70.033         0.68044        16219
   10       80.054         0.72255        17308
   11       90.147         0.73247        19303
   12      100.099         0.73154        22710
   13      110.094         0.77006        25566
   14      120.051         0.79070        27521
   15      130.140         0.82854        30423
   16      140.124         0.83313        35863
   17      150.065         0.84491        38618
   18      160.038         0.85702        41250
   19      170.047         0.87301        43617
   20      180.018         0.89338        45813
   21      190.027         0.88006        46689
   22      200.006         0.87853        47819
Variogram for Py & TS: Direction n°1 (azm = 0; dip = 0; nlag = 22; tail = 6; head = 7)
    1        0.000         0.00000        26800
    2        5.464         0.48540          320
    3       16.803         0.49913         5301
    4       31.271         0.51372        18019
    5       45.914         0.47977        44992
    6       60.557         0.52260        85429
    7       75.536         0.53049       147884
    8       90.655         0.52785       244673
    9      105.307         0.54250       366920
   10      120.183         0.56214       490133
   11      135.021         0.55747       543610
   12      150.111         0.58429       582774
   13      165.118         0.60813       650874
   14      180.239         0.60628       749004
   15      195.194         0.58809       879294
   16      210.163         0.63186      1035737
   17      225.019         0.59783      1060482
   18      240.038         0.55275      1057954
   19      255.020         0.56909      1041411
   20      270.050         0.56701      1085909
   21      285.247         0.56170      1243797
   22      300.132         0.59436      1427457
Variogram for Py & TS: Direction n°2 (azm = 0; dip = 90; nlag = 22; tail = 6; head = 7)
    1        0.000         0.00000        26800
    2        2.950         0.08703         6614
    3        9.891         0.19905        14033
    4       19.986         0.28384        13161
    5       30.014         0.35781        13060
    6       40.021         0.39788        13287
    7       50.079         0.45511        14089
    8       60.035         0.50599        15257
    9       70.033         0.54530        16219
   10       80.054         0.55722        17308
   11       90.147         0.55076        19303
   12      100.099         0.54891        22710
   13      110.094         0.58593        25566
   14      120.051         0.60889        27521
   15      130.140         0.62360        30423
   16      140.124         0.62713        35863
   17      150.065         0.61963        38618
   18      160.038         0.60785        41250
   19      170.047         0.58670        43617
   20      180.018         0.56224        45813
   21      190.027         0.54241        46689
   22      200.006         0.55030        47819
Variogram for TS & Cu: Direction n°1 (azm = 0; dip = 0; nlag = 22; tail = 7; head = 1)
    1        0.000         0.00000        24057
    2        6.144         0.20130          214
    3       16.946         0.22696         4909
    4       31.247         0.17600        16897
    5       45.916         0.22991        43096
    6       60.566         0.20215        81802
    7       75.549         0.20541       142204
    8       90.618         0.23797       232739
    9      105.307         0.25405       350586
   10      120.147         0.30477       465067
   11      135.073         0.31690       509342
   12      150.074         0.28921       545801
   13      165.142         0.30710       608541
   14      180.230         0.28501       704013
   15      195.183         0.29887       825835
   16      210.170         0.31977       977847
   17      224.980         0.28953       997957
   18      240.035         0.27290       987762
   19      255.001         0.28234       958422
   20      270.026         0.28954       990673
   21      285.253         0.31079      1117850
   22      300.124         0.31898      1288835
Variogram for TS & Cu: Direction n°2 (azm = 0; dip = 90; nlag = 22; tail = 7; head = 1)
    1        0.000         0.00000        24057
    2        2.953         0.03812         5913
    3        9.892         0.07400        12607
    4       19.990         0.09558        11898
    5       30.025         0.12118        11909
    6       40.017         0.13315        12171
    7       50.078         0.16538        12906
    8       60.040         0.20903        13980
    9       70.036         0.23559        14929
   10       80.056         0.25435        16032
   11       90.149         0.27018        17954
   12      100.106         0.30648        21185
   13      110.093         0.31487        23956
   14      120.054         0.34308        25875
   15      130.142         0.34895        28690
   16      140.116         0.37003        33725
   17      150.063         0.37124        36217
   18      160.036         0.38603        38652
   19      170.050         0.40253        41006
   20      180.019         0.40263        43097
   21      190.026         0.40197        43881
   22      200.008         0.38812        44938
Variogram for TS & Au: Direction n°1 (azm = 0; dip = 0; nlag = 22; tail = 7; head = 2)
    1        0.000         0.00000        24056
    2        6.144         0.09614          214
    3       16.946         0.18129         4909
    4       31.244         0.17318        16886
    5       45.917         0.23810        43086
    6       60.566         0.22214        81783
    7       75.549         0.18127       142184
    8       90.619         0.19123       232696
    9      105.308         0.18246       350437
   10      120.147         0.22070       465016
   11      135.073         0.25389       509316
   12      150.074         0.24887       545761
   13      165.142         0.25571       608507
   14      180.230         0.23823       703977
   15      195.183         0.24453       825733
   16      210.170         0.23339       977759
   17      224.980         0.21541       997835
   18      240.035         0.19943       987584
   19      255.001         0.20158       958191
   20      270.026         0.21107       990562
   21      285.253         0.22867      1117770
   22      300.124         0.21745      1288711
Variogram for TS & Au: Direction n°2 (azm = 0; dip = 90; nlag = 22; tail = 7; head = 2)
    1        0.000         0.00000        24056
    2        2.953         0.05280         5913
    3        9.892         0.09779        12607
    4       19.990         0.12106        11898
    5       30.025         0.13801        11909
    6       40.017         0.14875        12171
    7       50.078         0.16156        12906
    8       60.040         0.18835        13980
    9       70.036         0.17490        14929
   10       80.056         0.19077        16032
   11       90.149         0.19728        17954
   12      100.106         0.23089        21185
   13      110.093         0.25145        23956
   14      120.054         0.26943        25875
   15      130.142         0.27491        28690
   16      140.116         0.26709        33725
   17      150.063         0.27561        36217
   18      160.036         0.25805        38652
   19      170.050         0.26464        41006
   20      180.019         0.25615        43097
   21      190.026         0.24807        43881
   22      200.008         0.24928        44938
Variogram for TS & Mo: Direction n°1 (azm = 0; dip = 0; nlag = 22; tail = 7; head = 3)
    1        0.000         0.00000        23969
    2        6.144        -0.04253          214
    3       16.946         0.02712         4909
    4       31.210         0.06528        16769
    5       45.868         0.10142        42530
    6       60.594         0.04083        80947
    7       75.549         0.06290       141878
    8       90.608         0.03456       230728
    9      105.329         0.01913       344015
   10      120.145         0.05513       461344
   11      135.075         0.05630       505871
   12      150.074         0.06255       541237
   13      165.137         0.07946       604495
   14      180.237         0.05177       700556
   15      195.178         0.06212       820717
   16      210.172         0.07815       973311
   17      224.979         0.05144       993452
   18      240.032         0.05014       979644
   19      255.005         0.07951       951086
   20      270.027         0.08778       985971
   21      285.250         0.07425      1113265
   22      300.119         0.06495      1282497
Variogram for TS & Mo: Direction n°2 (azm = 0; dip = 90; nlag = 22; tail = 7; head = 3)
    1        0.000         0.00000        23969
    2        2.955         0.03084         5873
    3        9.896         0.05819        12588
    4       19.991         0.06736        11895
    5       30.025         0.07747        11909
    6       40.017         0.08684        12171
    7       50.078         0.10760        12906
    8       60.040         0.12063        13980
    9       70.036         0.13006        14929
   10       80.056         0.14855        16032
   11       90.147         0.13148        17938
   12      100.105         0.05690        21158
   13      110.094         0.04123        23923
   14      120.054         0.07135        25822
   15      130.142         0.09140        28649
   16      140.117         0.08281        33690
   17      150.060         0.05960        36132
   18      160.035         0.04451        38507
   19      170.052         0.02833        40842
   20      180.019         0.00746        42930
   21      190.025        -0.01010        43751
   22      200.008        -0.04284        44870
Variogram for TS & As: Direction n°1 (azm = 0; dip = 0; nlag = 22; tail = 7; head = 4)
    1        0.000         0.00000        23516
    2        6.157        -0.01710          196
    3       16.967         0.13295         4799
    4       31.250         0.10588        16171
    5       45.862         0.13146        41567
    6       60.618         0.10457        78221
    7       75.545         0.09417       139657
    8       90.585         0.09395       224754
    9      105.331         0.13863       333894
   10      120.144         0.16472       447968
   11      135.073         0.15528       489394
   12      150.081         0.18263       523256
   13      165.147         0.19857       587483
   14      180.241         0.20581       681938
   15      195.178         0.16501       801209
   16      210.157         0.16096       936521
   17      224.981         0.15420       958391
   18      240.030         0.15096       939934
   19      255.017         0.17168       915098
   20      270.028         0.16996       955867
   21      285.251         0.16039      1083109
   22      300.100         0.15258      1238189
Variogram for TS & As: Direction n°2 (azm = 0; dip = 90; nlag = 22; tail = 7; head = 4)
    1        0.000         0.00000        23516
    2        2.955         0.03460         5841
    3        9.894         0.06983        12501
    4       19.991         0.08223        11799
    5       30.026         0.11837        11818
    6       40.009         0.13050        12046
    7       50.080         0.13233        12715
    8       60.041         0.14364        13796
    9       70.038         0.16440        14767
   10       80.056         0.20672        15883
   11       90.139         0.19328        17727
   12      100.109         0.16576        20875
   13      110.093         0.17967        23637
   14      120.057         0.21565        25582
   15      130.124         0.21257        28165
   16      140.097         0.18950        32332
   17      150.060         0.17774        34489
   18      160.032         0.17319        36648
   19      170.058         0.16257        39000
   20      180.018         0.15801        41154
   21      190.027         0.15062        41902
   22      200.004         0.15083        43061
Variogram for TS & Cp: Direction n°1 (azm = 0; dip = 0; nlag = 22; tail = 7; head = 5)
    1        0.000         0.00000        26800
    2        5.464         0.29190          320
    3       16.803         0.29745         5301
    4       31.271         0.28718        18019
    5       45.914         0.30750        44992
    6       60.557         0.35101        85429
    7       75.536         0.35363       147884
    8       90.655         0.39223       244673
    9      105.307         0.38248       366920
   10      120.183         0.39313       490133
   11      135.021         0.39161       543610
   12      150.111         0.41364       582774
   13      165.118         0.46256       650874
   14      180.239         0.44306       749004
   15      195.194         0.42437       879294
   16      210.163         0.43171      1035737
   17      225.019         0.40271      1060482
   18      240.038         0.39153      1057954
   19      255.020         0.40118      1041411
   20      270.050         0.41908      1085909
   21      285.247         0.42928      1243797
   22      300.132         0.42319      1427457
Variogram for TS & Cp: Direction n°2 (azm = 0; dip = 90; nlag = 22; tail = 7; head = 5)
    1        0.000         0.00000        26800
    2        2.950         0.06168         6614
    3        9.891         0.12191        14033
    4       19.986         0.16468        13161
    5       30.014         0.18630        13060
    6       40.021         0.20334        13287
    7       50.079         0.20976        14089
    8       60.035         0.27600        15257
    9       70.033         0.33182        16219
   10       80.054         0.35170        17308
   11       90.147         0.38591        19303
   12      100.099         0.48411        22710
   13      110.094         0.49346        25566
   14      120.051         0.43159        27521
   15      130.140         0.39854        30423
   16      140.124         0.39692        35863
   17      150.065         0.40967        38618
   18      160.038         0.41316        41250
   19      170.047         0.44369        43617
   20      180.018         0.45594        45813
   21      190.027         0.46526        46689
   22      200.006         0.47333        47819
Variogram for TS & Py: Direction n°1 (azm = 0; dip = 0; nlag = 22; tail = 7; head = 6)
    1        0.000         0.00000        26800
    2        5.464         0.48540          320
    3       16.803         0.49913         5301
    4       31.271         0.51372        18019
    5       45.914         0.47977        44992
    6       60.557         0.52260        85429
    7       75.536         0.53049       147884
    8       90.655         0.52785       244673
    9      105.307         0.54250       366920
   10      120.183         0.56214       490133
   11      135.021         0.55747       543610
   12      150.111         0.58429       582774
   13      165.118         0.60813       650874
   14      180.239         0.60628       749004
   15      195.194         0.58809       879294
   16      210.163         0.63186      1035737
   17      225.019         0.59783      1060482
   18      240.038         0.55275      1057954
   19      255.020         0.56909      1041411
   20      270.050         0.56701      1085909
   21      285.247         0.56170      1243797
   22      300.132         0.59436      1427457
Variogram for TS & Py: Direction n°2 (azm = 0; dip = 90; nlag = 22; tail = 7; head = 6)
    1        0.000         0.00000        26800
    2        2.950         0.08703         6614
    3        9.891         0.19905        14033
    4       19.986         0.28384        13161
    5       30.014         0.35781        13060
    6       40.021         0.39788        13287
    7       50.079         0.45511        14089
    8       60.035         0.50599        15257
    9       70.033         0.54530        16219
   10       80.054         0.55722        17308
   11       90.147         0.55076        19303
   12      100.099         0.54891        22710
   13      110.094         0.58593        25566
   14      120.051         0.60889        27521
   15      130.140         0.62360        30423
   16      140.124         0.62713        35863
   17      150.065         0.61963        38618
   18      160.038         0.60785        41250
   19      170.047         0.58670        43617
   20      180.018         0.56224        45813
   21      190.027         0.54241        46689
   22      200.006         0.55030        47819
Variogram for TS & TS: Direction n°1 (azm = 0; dip = 0; nlag = 22; tail = 7; head = 7)
    1        0.000         0.00000        26800
    2        5.464         0.64720          320
    3       16.803         0.71725         5301
    4       31.271         0.74088        18019
    5       45.914         0.74539        44992
    6       60.557         0.79379        85429
    7       75.536         0.79341       147884
    8       90.655         0.81507       244673
    9      105.307         0.79343       366920
   10      120.183         0.82957       490133
   11      135.021         0.83656       543610
   12      150.111         0.86277       582774
   13      165.118         0.91240       650874
   14      180.239         0.90728       749004
   15      195.194         0.87845       879294
   16      210.163         0.92570      1035737
   17      225.019         0.86776      1060482
   18      240.038         0.83126      1057954
   19      255.020         0.84708      1041411
   20      270.050         0.85745      1085909
   21      285.247         0.86146      1243797
   22      300.132         0.89583      1427457
Variogram for TS & TS: Direction n°2 (azm = 0; dip = 90; nlag = 22; tail = 7; head = 7)
    1        0.000         0.00000        26800
    2        2.950         0.12986         6614
    3        9.891         0.28403        14033
    4       19.986         0.39706        13161
    5       30.014         0.48943        13060
    6       40.021         0.53718        13287
    7       50.079         0.61155        14089
    8       60.035         0.70452        15257
    9       70.033         0.77239        16219
   10       80.054         0.79708        17308
   11       90.147         0.80886        19303
   12      100.099         0.86175        22710
   13      110.094         0.90114        25566
   14      120.051         0.91311        27521
   15      130.140         0.91898        30423
   16      140.124         0.91518        35863
   17      150.065         0.90892        38618
   18      160.038         0.88996        41250
   19      170.047         0.88402        43617
   20      180.018         0.86403        45813
   21      190.027         0.85965        46689
   22      200.006         0.87383        47819
