X,Y,Z,Alteration,Cu,Au,Mo,As,Bn,Cp,Cc,Cv,En,Py,Pyr,Mol,Ga,Sph,TS
651360.73,4765500.71,711.04,1,0.47,0.08,86,810,10,0,0,0,0,90,0,0,0,0,60000
651315.87,4765290.66,904.08,1,0.03,0.04,19,50,0,20,0,0,0,80,0,0,0,0,10000
651401.21,4765848.6,741.73,1,2.68,0.22,21,50,50,50,0,0,0,0,0,0,0,0,30000
651231.12,4766406.41,499,1,0.09,0,9.5,203,0,5,0,0,0,95,0,0,0,0,80000
651322.56,4766503.07,528.25,1,-99,-99,-99,-99,0,20,0,0,0,80,0,0,0,0,20000
650923.79,4765379.22,1083.63,1,0.31,0.02,102,-99,0,20,0,0,0,80,0,0,0,0,70000
651203.65,4765470.34,814.79,1,0.59,0.08,25,310,35,20,0,0,0,45,0,0,0,0,20000
651352.74,4765392.18,589.03,1,1.9,0.04,190,50,0,40,0,0,0,60,0,0,0,0,60000
651560.85,4765620.22,397.01,1,2.42,0.47,800,170,30,50,0,0,0,20,0,0,0,0,50000
651313.83,4766507.25,370.55,1,-99,-99,-99,-99,0,40,0,0,0,60,0,0,0,0,30000
651467.01,4765927.61,663.38,1,3.63,0.52,49,110,100,0,0,0,0,0,0,0,0,0,70000
651013.87,4765382.14,932.33,1,-99,-99,-99,-99,0,6,0,0,1,93,0,0,0,0,35000
651431.24,4765626.38,864.76,1,0.13,0,27,200,0,20,0,0,0,80,0,0,0,0,30000
651483.97,4765628.55,490.55,1,1.31,0.06,21,50,0,100,0,0,0,0,0,0,0,0,35000
651239.86,4765558.78,937.31,1,0.74,0.03,42,380,30,10,0,0,20,40,0,0,0,0,30000
651236.59,4765455.5,939.04,1,0.32,0.02,5,50,10,10,0,0,0,80,0,0,0,0,30000
651254.98,4765435.63,990.14,1,0.54,0.06,29,190,0,0,0,0,50,50,0,0,0,0,20000
651342.32,4765511.11,747.33,1,2.79,0.1,56,220,30,29.5,0.5,0,0,40,0,0,0,0,70000
651230.92,4766406.39,445,1,0.08,0.1,9.08,24.3,0,5,0,0,0,95,0,0,0,0,90000
651168,4764778.44,1076.2,1,0.34,0.04,6.8,89.18,0,30,0,0,0,70,0,0,0,0,60000
651318.56,4765528.33,1016.06,1,0,0.02,26,50,0,0,0,0,0,0,0,0,0,0,0
651486.4,4766715.55,251.48,1,0.67,0.04,59,50,0,50,0,0,0,50,0,0,0,0,20000
651432.32,4765647.93,835.95,1,0.41,0,29,480,20,10,0,10,0,60,0,0,0,0,30000
651314.89,4765297.25,891.76,1,0.01,0.02,12,50,0,30,0,0,0,70,0,0,0,0,10000
650546.4,4765469.74,606.38,1,0.04,0.02,60.1,4.2,0,15,0,0,0,85,0,0,0,0,40000
651341.24,4766635.81,304.56,1,-99,-99,-99,-99,30,50,0,0,0,20,0,0,0,0,40000
650583.25,4765471.36,454.81,1,0.19,0.07,25.2,30.5,0,10,0,0,0,90,0,0,0,0,40000
651399.05,4765470.08,696.66,1,2.16,0.07,97,1670,40,10,0,0,0,50,0,0,0,0,60000
651268.21,4765429.99,834.68,1,0.99,0.02,30,50,0,40,0,0,0,60,0,0,0,0,70000
650406.96,4765098.43,950.63,1,0.05,0.02,5.87,11,0,10,0,0,0,89,0,1,0,0,45000
651532.88,4765847.77,616.64,1,1.6,0.05,37,50,50,50,0,0,0,0,0,0,0,0,50000
650684.11,4765345.76,1063.42,1,-99,-99,-99,-99,0,0,0,0,0,100,0,0,0,0,35000
651126.92,4765383.7,1072.86,1,0.01,0.05,18,25,0,0,0,0,0,0,0,0,0,0,0
650611.07,4765753.47,815.41,1,0.15,0.03,84.6,66.2,0,5,0,0,0,95,0,0,0,0,50000
651495.13,4765892.87,774.74,1,1.66,0.05,36,890,0,0,30,15,0,55,0,0,0,0,40000
651336.69,4766653.87,198.18,1,-99,-99,-99,-99,0,15,0,0,0,85,0,0,0,0,10000
651375.08,4766774.96,159.84,1,1.35,0.09,105,50,0,90,0,0,0,10,0,0,0,0,30000
651281.41,4765419.45,794.05,1,1.43,0.02,22,50,25,0,0,0,0,75,0,0,0,0,60000
651497.9,4765752.58,802.23,1,0.02,0.03,5,50,0,0,5,0,0,95,0,0,0,0,50000
650584.17,4765285.85,1073.98,1,-99,-99,-99,-99,0,2,0,0,0,98,0,0,0,0,25000
651543.91,4765507.34,493.03,1,0.63,0,75,150,0,80,0,0,0,20,0,0,0,0,30000
651067.4,4764681.92,1002.71,1,0.39,0.02,65.2,853,0,15,0,0,0,85,0,0,0,0,60000
651372.11,4766661.6,149.5,1,-99,-99,-99,-99,0,5,0,0,0,95,0,0,0,0,10000
650775.95,4765256.3,1033.79,1,-99,-99,-99,-99,0,5,0,0,0,95,0,0,0,0,35000
650923.66,4765267.81,1071.15,1,-99,-99,-99,-99,0,0,0,0,0,100,0,0,0,0,20000
650758.7,4764945.23,1135.08,1,0.08,0.01,34.72,296.4,0,0,100,0,0,0,0,0,0,0,10000
651532.81,4765977.86,429.39,1,0.54,0.04,230,430,0,30,0,0,0,70,0,0,0,0,20000
651130.94,4765573.17,969.78,1,0.47,0.02,40,50,20,0,10,0,0,70,0,0,0,0,30000
651419.21,4765493.19,863.75,1,0.15,0.01,17,50,0,10,0,0,0,90,0,0,0,0,50000
650572.97,4765757.57,916.38,1,0.67,0,5.7,10,0,90,0,0,0,10,0,0,0,0,20000
651376.08,4765322.14,495.7,1,0.87,0.02,115,50,0,70,0,0,0,30,0,0,0,0,25000
651410.6,4765682.25,936.46,1,0,0,21,50,0,0,0,0,0,0,0,0,0,0,0
651352.59,4765480.98,819.56,1,0.53,0.03,13,210,40,0,0,0,10,50,0,0,0,0,40000
651375.42,4765461.27,383.13,1,0.4,0.03,180,1150,10,10,10,20,0,50,0,0,0,0,40000
651307.1,4765494.06,747.04,1,2.21,0.05,16,50,20,70,0,0,0,10,0,0,0,0,40000
651020.78,4765375.35,956.45,1,-99,-99,-99,-99,0,6,0.5,0,0.5,93,0,0,0,0,30000
650889.55,4765953.59,742.3,1,0.3,0.05,23,50,0,20,0,0,0,80,0,0,0,0,20000
651293.38,4765876.54,576.42,1,0.79,0.08,52,670,30,0,0,0,10,60,0,0,0,0,45000
651416.07,4765933.82,838.98,1,1.19,0.05,115,1050,0,50,0,0,0,50,0,0,0,0,40000
651325.94,4765980.58,555.91,1,0.31,0.07,37,50,0,30,0,0,0,70,0,0,0,0,30000
651220.63,4765573.43,871.62,1,0.6,0.08,120,500,20,0,0,0,0,80,0,0,0,0,100000
651844.18,4766190.68,516.6,1,0.78,0,55,160,10,0,10,0,10,70,0,0,0,0,40000
650494.91,4765466.23,848.94,1,-99,-99,-99,-99,0,5,0,0,0,95,0,0,0,0,30000
651242.59,4765237.44,707.92,1,0.53,0.03,230,400,10,30,0,0,0,60,0,0,0,0,50000
651211.08,4765584.03,1016.2,1,0.22,0.01,100,280,10,0,0,0,40,50,0,0,0,0,30000
650657.23,4765371.84,955.75,1,-99,-99,-99,-99,0,0,0,0,0,100,0,0,0,0,20000
651398.51,4765949.04,779.34,1,1.19,0.03,24,170,30,30,0,0,0,40,0,0,0,0,60000
651475.37,4765530.38,700.26,1,0.96,0.01,50,560,20,20,0,0,0,60,0,0,0,0,40000
651481.84,4765653.33,657.51,1,1.8,0.04,62,280,20,30,0,0,0,50,0,0,0,0,60000
651210.63,4765581.15,837.92,1,0.72,0.03,33,110,0,25,0,0,10,65,0,0,0,0,50000
650755.64,4765273.03,922.9,1,-99,-99,-99,-99,0,5,0,0,0,95,0,0,0,0,35000
651152.21,4765440.67,666.64,1,0.47,0.03,120,210,0,0,0,0,0,100,0,0,0,0,40000
651449.27,4765797.39,613.49,1,3.16,0.13,25,130,0,40,0,0,0,60,0,0,0,0,55000
651330.32,4765478.1,1013.18,1,0.01,0.01,10,-99,0,0,0,0,0,0,0,0,0,0,0
650924.87,4765242.58,1114.3,1,0.01,0,5,50,0,0,0,0,0,100,0,0,0,0,20000
651356.68,4765259.8,676.33,1,0.21,0.01,33,150,0,10,0,0,20,70,0,0,0,0,40000
650920.9,4765551.13,991.38,1,0.22,0.03,46,-99,0,20,0,0,0,80,0,0,0,0,50000
651898.09,4766129.88,458.5,1,0.22,0.02,28,290,0,0,0,0,0,100,0,0,0,0,30000
651404.07,4765944.29,797.96,1,1.14,0.05,36,50,0,60,0,0,0,40,0,0,0,0,50000
651331.08,4765528.82,936.43,1,1.16,0.02,39,540,0,0,0,0,0,100,0,0,0,0,20000
650809.84,4766125.16,792.75,1,0.16,0.04,10,360,0,15,0,0,0,85,0,0,0,0,40000
651310.85,4765458.38,811.76,1,1.09,0.04,59,2290,30,0,10,0,0,60,0,0,0,0,30000
651033.38,4765363,1001.1,1,-99,-99,-99,-99,0,4,1,0,0,95,0,0,0,0,45000
651418.97,4765497.61,857.08,1,0.22,0.02,11,50,0,30,0,0,0,70,0,0,0,0,40000
651289.92,4765435.16,619.81,1,1.88,0.04,74,50,0,60,0,0,0,40,0,0,0,0,40000
651496.94,4765639.35,709.59,1,1.7,0.04,16,270,30,10,0,0,0,60,0,0,0,0,40000
651331.89,4765548.37,908.64,1,0.71,0,5,50,0,10,0,0,0,90,0,0,0,0,10000
651455.18,4766131.14,559.47,1,0.91,0.02,88,220,0,60,0,0,0,40,0,0,0,0,40000
651217.18,4765068.65,641.4,1,0.8,0.08,210,140,0,30,0,0,0,70,0,0,0,0,50000
651433.68,4765430.25,815.46,1,0.53,0.01,250,730,0,30,0,0,0,70,0,0,0,0,30000
650582.75,4765471.35,456.74,1,0.13,0.04,23.6,16.2,0,10,0,0,0,90,0,0,0,0,40000
651243.35,4765561.69,753.53,1,1.97,0.05,165,170,10,70,0,0,0,20,0,0,0,0,30000
651546.27,4765877.45,363.49,1,0.87,0.04,110,170,0,60,0,0,0,40,0,0,0,0,30000
651181.94,4765601.31,913.63,1,0.67,0.03,72,210,30,0,0,0,0,70,0,0,0,0,30000
650236.46,4765247.44,848.41,1,0.32,0.08,67.1,235,0,5,0,0,0,95,0,0,0,0,40000
650485.61,4765096.36,972.7,1,0.04,0.02,30.4,7.58,0,5,0,0,0,95,0,0,0,0,20000
651323.59,4765499.81,977.42,1,0.55,0,16,550,0,20,0,0,0,80,0,0,0,0,50000
651429.63,4765687.34,925.72,1,0,0.01,43,50,0,0,0,0,0,0,0,0,0,0,0
650685.07,4765344.85,1067.2,1,-99,-99,-99,-99,0,0,0,0,0,100,0,0,0,0,35000
650544.2,4765036.91,1081.9,1,0.5,0.2,20.35,32.25,0,10,0,0,0,90,0,0,0,0,30000
651433.58,4765670.88,805.69,1,0.81,0.02,80,390,0,0,0,20,0,80,0,0,0,0,40000
650894.77,4765951.07,721.07,1,0.23,0.04,5,50,0,30,0,0,0,70,0,0,0,0,30000
651171.32,4765612.3,705.07,1,1.08,0.1,355,50,10,20,0,0,0,70,0,0,0,0,40000
651458.96,4765659.13,829.03,1,0.15,0,360,120,0,10,0,0,0,90,0,0,0,0,40000
650226.29,4765246.92,787.25,1,0.11,0.03,10.35,15.1,0,5,0,0,0,95,0,0,0,0,35000
651263.45,4765429.49,1018.26,1,0.01,0,16,50,0,0,0,0,0,0,0,0,0,0,0
651416.96,4765827.78,678.95,1,3.36,0.23,73,510,30,40,0,0,0,30,0,0,0,0,70000
650601.12,4765754.54,841.56,1,0.06,0.03,12.4,209,0,0,0,0,0,100,0,0,0,0,40000
651043.26,4765353.96,1036.66,1,-99,-99,-99,-99,0,4,1,0,0,95,0,0,0,0,45000
651414.81,4766173.79,660.69,1,1.45,0.06,22,380,30,40,0,0,0,30,0,0,0,0,40000
651166.71,4765611.72,951.36,1,1,0.04,26,50,20,0,0,0,20,60,0,0,0,0,30000
651361.91,4765980.02,658.51,1,1.42,0.14,160,50,10,40,10,0,0,40,0,0,0,0,50000
650922.03,4766035.63,901.5,1,0.15,0.03,95,50,0,30,0,0,0,70,0,0,0,0,60000
651370.97,4765972.25,688.2,1,0.96,0.02,18,50,0,70,0,0,0,30,0,0,0,0,60000
650759.31,4764825.44,1083.22,1,0.11,0.02,5.03,317.4,0,0,0,0,0,100,0,0,0,0,40000
650667.84,4765361.08,999.2,1,-99,-99,-99,-99,0,0,0,0,0,100,0,0,0,0,35000
651298.44,4765521.45,885.21,1,1.49,0.03,55,370,30,0,0,0,0,70,0,0,0,0,60000
651314.04,4765866.76,601.59,1,0.56,0.08,150,970,20,0,0,0,10,70,0,0,0,0,40000
650762.75,4765266.86,965.88,1,-99,-99,-99,-99,0,5,0,0,0,95,0,0,0,0,30000
650579.3,4765756.89,899.54,1,0.69,0.02,4,56.7,5,55,0,0,0,40,0,0,0,0,30000
651385.74,4765601.98,736.73,1,3.11,0.23,5,50,10,80,10,0,0,0,0,0,0,0,50000
650491.83,4765466,864.64,1,-99,-99,-99,-99,0,5,0,0,0,95,0,0,0,0,35000
651410.67,4765331.12,754.75,1,0.56,0,27,50,0,30,0,0,20,50,0,0,0,0,30000
651418.87,4765499.82,853.75,1,0.35,0.03,21,50,0,15,0,0,0,85,0,0,0,0,60000
650906.81,4766045.96,947.99,1,0.29,0.03,26,50,0,40,0,0,0,60,0,0,0,0,50000
651389.44,4765482.55,664.29,1,1.44,0.03,33,170,40,0,0,0,0,60,0,0,0,0,70000
650236.13,4765247.42,846.44,1,0.52,0.11,10,888,0,5,0,0,0,95,0,0,0,0,40000
651338.22,4765732.94,743.76,1,3.87,0.16,20,430,60,0,0,0,0,40,0,0,0,0,60000
651788.53,4766178.32,573.89,1,0.83,0,15,130,0,0,0,30,10,60,0,0,0,0,30000
651262.88,4765429.9,1016.38,1,0.03,0.02,56,140,0,0,0,0,0,100,0,0,0,0,10000
651506.18,4765880.22,817.56,1,0.7,0.05,64,110,0,0,30,0,0,70,0,0,0,0,40000
651305.65,4766536.47,413.4,1,-99,-99,-99,-99,0,5,0,0,0,95,0,0,0,0,25000
651324.52,4765875.57,525.02,1,0.8,0.22,125,1798,0,20,0,0,0,80,0,0,0,0,50000
651415.28,4765998.02,439.85,1,0.55,0.06,130,50,0,80,0,0,0,20,0,0,0,0,30000
651325.94,4765977.58,561.1,1,0.36,0.06,63,50,0,30,0,0,0,70,0,0,0,0,30000
651353.78,4766622.56,387.62,1,-99,-99,-99,-99,0,15,0,0,0,85,0,0,0,0,50000
651332.78,4765564.74,885.93,1,0.98,0.03,19,-99,0,20,0,0,0,80,0,0,0,0,30000
651350.25,4766614.91,434.88,1,-99,-99,-99,-99,0,5,0,0,0,95,0,0,0,0,50000
651418.34,4766172.12,612.85,1,1.73,0.09,160,50,0,100,0,0,0,0,0,0,0,0,50000
651209.51,4765582.03,834.18,1,0.84,0.01,30,50,0,60,0,0,0,40,0,0,0,0,40000
651129.04,4765546.32,1009.52,1,0.67,0.03,59,410,0,0,0,0,20,80,0,0,0,0,40000
651417.45,4765448.24,760.57,1,1.18,0.02,38,160,30,0,0,0,0,70,0,0,0,0,50000
651296.6,4765781.45,823.18,1,1.23,0.05,45,50,0,25,0,0,0,75,0,0,0,0,45000
651330.86,4765498.92,757.68,1,2.13,0.05,24,440,40,0,0,0,0,60,0,0,0,0,40000
651257.85,4765558.17,915.51,1,1.63,0.08,53,3040,0,0,0,0,40,60,0,0,0,0,120000
651498,4765889.5,785.89,1,1.47,0,57,180,0,0,15,15,0,70,0,0,0,0,40000
651432.26,4765646.74,837.55,1,0.74,0.01,27,510,10,20,0,10,0,60,0,0,0,0,30000
651273.24,4765435.94,828.44,1,1.26,0,41,50,20,10,0,0,0,70,0,0,0,0,35000
650657.67,4765371.36,957.64,1,-99,-99,-99,-99,0,0,0,0,0,100,0,0,0,0,20000
651781.14,4766184.78,552,1,1.03,0.01,30,50,10,80,0,0,0,10,0,0,0,0,40000
650406.01,4765415.83,839.88,1,-99,-99,-99,-99,0,20,0,0,0,80,0,0,0,0,40000
651791,4766176.17,581.19,1,1.4,0.07,37,1900,10,0,0,0,20,70,0,0,0,0,45000
651366.65,4766650.14,218.34,1,-99,-99,-99,-99,0,5,0,0,0,95,0,0,0,0,20000
651292.05,4765471.86,902.01,1,1.66,0.05,38,390,35,0,0,0,0,65,0,0,0,0,35000
651414.65,4765830.84,688.18,1,6.95,0.62,34,1180,40,40,0,0,0,20,0,0,0,0,120000
651505.75,4766125.47,740.06,1,1.11,0.04,19,50,0,20,0,0,0,80,0,0,0,0,60000
651231.02,4766406.4,471,1,0.12,0.02,24.8,12.9,0,5,0,0,0,95,0,0,0,0,60000
651372.79,4765464.09,880.08,1,0.01,0,28,50,0,0,0,0,0,100,0,0,0,0,10000
651412.59,4765680.89,941.95,1,0,0.01,5,50,0,0,0,0,0,0,0,0,0,0,0
650776.82,4765255.68,1037.65,1,-99,-99,-99,-99,0,5,0,0,0,95,0,0,0,0,35000
651377.43,4765491.01,678.32,1,1.74,0.05,48,450,20,0,0,0,0,80,0,0,0,0,70000
651296.18,4765648.32,948.7,1,1.29,0.02,27,390,0,0,0,0,20,80,0,0,0,0,50000
650485.1,4765096.3,970.76,1,0.04,0.01,34.3,7.3,0,5,0,0,0,95,0,0,0,0,20000
651452.62,4765684.15,556.05,1,2,0.13,25,50,0,90,0,0,0,10,0,0,0,0,40000
651354.01,4765728.81,641.95,1,4.68,0.26,70,230,30,0,70,0,0,0,0,0,0,0,40000
651343.42,4766626.42,361.75,1,-99,-99,-99,-99,0,10,0,0,0,90,0,0,0,0,50000
651344.25,4765401.53,568.63,1,0.67,0.02,73,50,0,30,0,0,0,70,0,0,0,0,60000
651245.44,4765706.04,708.76,1,0.85,0.06,135,50,10,80,0,0,0,10,0,0,0,0,40000
650914.27,4765599.63,897.37,1,0.01,0.01,10,50,0,5,0,0,0,95,0,0,0,0,50000
651129.52,4766094.99,825.35,1,0.27,0.02,50,50,0,30,0,0,0,70,0,0,0,0,60000
651320.78,4766503.96,494.31,1,-99,-99,-99,-99,0,10,0,0,0,90,0,0,0,0,15000
651417.1,4765932.92,842.73,1,0.98,0.05,46,1690,0,70,0,0,0,30,0,0,0,0,30000
651303.09,4765871.92,588.26,1,0.71,0.1,140,2500,10,0,0,0,10,80,0,0,0,0,45000
651159.19,4765622.9,661.98,1,0.43,0.04,47,50,0,20,0,0,0,80,0,0,0,0,40000
651316.35,4766506.09,414.46,1,-99,-99,-99,-99,0,40,0,0,0,60,0,0,0,0,60000
651241.89,4765566.81,948.9,1,0.69,0,140,630,10,0,0,0,30,60,0,0,0,0,30000
651326.49,4765378.7,654.77,1,1.83,0.03,42,1150,30,0,0,0,0,70,0,0,0,0,60000
651344.98,4766619.54,405.18,1,-99,-99,-99,-99,0,40,0,0,0,60,0,0,0,0,20000
651351.72,4766618.1,415.19,1,-99,-99,-99,-99,0,5,0,0,0,95,0,0,0,0,50000
651263.59,4765433.68,849.54,1,0.58,0,77,260,0,0,0,30,0,70,0,0,0,0,70000
651322.2,4765744.59,700.03,1,1.29,0.04,22,50,0,25,0,0,0,75,0,0,0,0,50000
650492.6,4765466.06,860.72,1,-99,-99,-99,-99,0,3,0,0,0,97,0,0,0,0,20000
651419.04,4765992.63,456.61,1,0.43,0.03,95,50,0,81.25,0,0,0,18.75,0,0,0,0,28800
651740.93,4766616.85,407.08,1,3.03,1.16,44,280,20,30,0,0,0,50,0,0,0,0,40000
651167.98,4764778.95,1094.2,1,0.09,0.01,3.51,19.94,0,30,0,0,0,70,0,0,0,0,60000
651021.17,4765268.45,640.35,1,0.22,0.03,58,50,0,20,0,0,0,80,0,0,0,0,60000
650513.08,4765100.26,1079.14,1,0.04,0.01,3.4,17.5,0,5,0,0,0,95,0,0,0,0,40000
650772.85,4764956.51,1063.35,1,0.23,0.03,68.16,151,0,0,1,0,0,99,0,0,0,0,200000
650361.89,4765047.97,973.45,1,2.07,0.83,23.4,12.4,0,55,0,0,0,45,0,0,0,0,40000
651897.39,4766130.53,456.74,1,0.32,0.01,13,390,10,0,0,0,0,90,0,0,0,0,30000
651086.45,4765197.09,842.36,1,0.47,0.04,32,440,0,50,0,0,0,50,0,0,0,0,50000
651128.97,4765545.22,1011.19,1,0.73,0,44,380,10,10,10,0,20,50,0,0,0,0,30000
651458.49,4765843.22,602.25,1,2.02,0.34,35,1080,30,30,0,0,0,40,0,0,0,0,30000
651246.26,4765579.52,530.01,1,0.08,0,49,50,0,10,0,0,0,90,0,0,0,0,20000
651153.5,4765439.42,670.22,1,0.5,0.04,110,50,0,20,0,0,10,70,0,0,0,0,50000
651479.13,4765769.03,730.45,1,0.22,0,14,50,0,0,10,0,0,90,0,0,0,0,40000
651315.17,4765295.37,895.28,1,0.03,0.01,11,50,0,40,0,0,0,60,0,0,0,0,10000
650853.3,4765966.36,869.96,1,0.03,0,5,50,0,0,0,0,0,100,0,0,0,0,30000
651488.4,4765957.02,450.34,1,0.77,0.46,150,100,0,30,0,0,0,70,0,0,0,0,40000
651413.64,4766174.35,676.63,1,0.16,0.08,42,180,0,65,0,0,0,35,0,0,0,0,30000
651584.29,4765930.4,612.39,1,1.22,0.01,56,50,20,10,0,0,0,70,0,0,0,0,30000
651369.72,4766656.62,178.99,1,-99,-99,-99,-99,0,5,0,0,0,95,0,0,0,0,20000
651456.57,4766746.1,253.82,1,-99,-99,-99,-99,0,60,0,0,0,40,0,0,0,0,30000
651310.04,4765466.09,797.77,1,1.7,0.03,130,940,30,0,10,0,0,60,0,0,0,0,30000
651272.55,4765326.35,853.98,1,0.66,0.04,41,260,0,50,0,0,0,50,0,0,0,0,40000
651366.17,4765469.62,859.84,1,0.19,0.02,5,410,0,0,0,0,0,100,0,0,0,0,10000
651304.31,4765871.34,589.75,1,0.77,0.05,105,1090,40,0,0,0,20,40,0,0,0,0,20000
651068.59,4764703.97,1049.78,1,0.58,0.03,13.8,375,10,20,0,0,0,70,0,0,0,0,50000
651389.33,4765598.11,753.94,1,2.86,0.26,43,890,40,30,10,0,0,20,0,0,0,0,50000
651499.44,4765887.81,791.47,1,1.27,0.02,39,520,10,0,20,5,10,55,0,0,0,0,40000
651127.53,4765512.82,856.51,1,0.2,0.02,104,205,0,0,15,0,0,85,0,0,0,0,40000
650550.28,4765317.24,931.29,1,-99,-99,-99,-99,0,3,0,0,0,97,0,0,0,0,25000
651345.41,4766617.66,417.03,1,-99,-99,-99,-99,5,45,0,0,0,50,0,0,0,0,30000
651409.96,4765471.99,614.63,1,2.08,0.02,36,50,0,70,0,0,0,30,0,0,0,0,40000
651311.84,4766528.56,478.63,1,-99,-99,-99,-99,0,5,0,0,0,95,0,0,0,0,15000
651432.25,4766666.52,498.01,1,-99,-99,-99,-99,0,90,0,0,0,10,0,0,0,0,20000
650553.28,4765314.26,944.64,1,-99,-99,-99,-99,0,0,0,0,0,100,0,0,0,0,15000
651363.13,4766642.69,263.59,1,-99,-99,-99,-99,0,30,0,0,0,70,0,0,0,0,20000
651227.18,4765363.38,751.54,1,1.56,0.03,90,50,70,20,0,0,0,10,0,0,0,0,30000
651236.31,4765370.06,691.95,1,1.18,0.02,1370,50,0,0,0,0,0,0,0,0,0,0,0
651332.15,4765497.82,761.3,1,2.76,0.09,130,1540,60,0,0,0,0,40,0,0,0,0,60000
651548.48,4765583.88,704.62,1,0.02,0.02,5,50,0,0,0,0,0,100,0,0,0,0,10000
651037.93,4765249.4,692.5,1,0.17,0.03,25,620,0,10,0,0,10,80,0,0,0,0,60000
650151.11,4764900.24,1146.88,1,0.03,0,5,16.9,0,0,0,0,0,100,0,0,0,0,10000
651736.32,4766618.52,400.76,1,1.55,0.07,19,110,0,80,0,0,0,20,0,0,0,0,30000
650891.12,4766056.18,994.35,1,0.05,0.01,12,50,0,20,0,0,0,80,0,0,0,0,40000
651432.08,4765643.14,842.35,1,0.56,0,29,960,10,10,0,0,0,80,0,0,0,0,30000
651142.92,4765142.14,739.63,1,0.22,0.02,100,300,0,30,0,0,10,60,0,0,0,0,40000
651311.66,4765450.66,825.75,1,1.15,0.03,35,920,30,0,10,0,0,60,0,0,0,0,30000
651337.06,4765514.08,757.7,1,3.07,0,27,740,30,0,20,0,0,50,0,0,0,0,80000
650506.05,4765466.92,794.07,1,0.21,0.07,13.75,512,0,20,0,0,0,80,0,0,0,0,35000
651275.93,4765423.83,810.63,1,1.64,0.01,25,580,50,0,0,0,0,50,0,0,0,0,60000
651420.96,4766170.83,578.97,1,0.85,0.03,64,50,0,70,0,0,0,30,0,0,0,0,40000
650606.81,4765753.93,826.62,1,0.17,0.03,14.55,62,0,5,0,0,0,95,0,0,0,0,50000
651471.17,4765534.88,672.94,1,1.47,0,30,50,40,0,0,0,0,60,0,0,0,0,50000
651229.45,4765566.68,901.64,1,0.96,0.07,45,460,20,10,0,0,0,70,0,0,0,0,30000
651305.37,4765510.45,717.3,1,2.99,0.04,27,50,0,100,0,0,0,0,0,0,0,0,40000
651480.61,4765767.71,736.11,1,0.28,0.03,31,210,10,0,0,0,0,90,0,0,0,0,50000
651418.81,4765500.92,852.08,1,0.26,0.04,5,50,0,50,0,0,0,50,0,0,0,0,30000
651231.04,4766406.4,477,1,0.09,0.02,109,182,0,5,0,0,0,95,0,0,0,0,90000
651423.83,4765441.03,782.55,1,0.53,0,30,300,30,10,0,0,0,60,0,0,0,0,40000
651325.94,4765908.58,680.61,1,0.18,0.04,67,420,0,30,0,0,0,70,0,0,0,0,40000
651459.06,4765803.45,776.66,1,0.71,0.02,61,820,25,0,0,0,20,55,0,0,0,0,50000
651278.96,4765421.4,801.41,1,2.11,0.06,57,2110,30,0,0,0,0,70,0,0,0,0,70000
650809.52,4765966.2,939.29,1,0.3,0.02,5,100,0,10,0,0,0,90,0,0,0,0,40000
651239.24,4765564.31,764.49,1,0.01,0.09,165,1050,30,50,0,0,0,20,0,0,0,0,40000
651257.23,4765438.75,869.98,1,1.54,0.03,44,50,0,80,0,0,0,20,0,0,0,0,60000
651398.37,4765852.36,752.77,1,2.01,0.13,5,50,70,0,0,0,0,30,0,0,0,0,35000
651267.74,4765425.71,807.44,1,1.94,0,105,240,40,0,0,0,0,60,0,0,0,0,40000
651268.8,4765429.52,832.82,1,1.37,0.03,53,140,30,40,0,0,0,30,0,0,0,0,40000
651430.33,4766166.09,461.44,1,2.66,0.24,885,390,80,20,0,0,0,0,0,0,0,0,40000
650433.33,4765386.36,924.85,1,-99,-99,-99,-99,0,5,0,0,0,95,0,0,0,0,20000
651219.62,4765459.9,871.67,1,1.22,0.05,78,1890,0,70,0,0,0,30,0,0,0,0,30000
651332.42,4765558.86,894.02,1,1,0.05,21,200,0,20,0,0,0,80,0,0,0,0,30000
651238.87,4765715.55,674.67,1,0.59,0.06,71,50,10,20,0,0,0,70,0,0,0,0,30000
651175.1,4765609.19,718.19,1,1,0.05,115,1410,0,10,0,0,0,90,0,0,0,0,50000
651376.85,4765612.01,692.73,1,2.42,0.1,48,50,20,80,0,0,0,0,0,0,0,0,60000
651435.95,4765763.23,817.94,1,0.12,0,53,160,0,10,0,0,10,80,0,0,0,0,20000
651868.46,4766160.63,595.67,1,0.24,0.01,5,600,0,0,0,0,15,85,0,0,0,0,50000
650232.52,4765247.24,824.73,1,0.04,0.06,22,11.4,0,5,0,0,0,95,0,0,0,0,40000
650900.87,4765673.29,749.24,1,0.02,0.11,49,56,0,10,0,0,0,90,0,0,0,0,40000
650518.99,4765101.36,1102.37,1,0.02,0.01,3.88,16.4,0,5,0,0,0,95,0,0,0,0,40000
650780.85,4765252.9,1054.97,1,-99,-99,-99,-99,0,5,0,0,0,95,0,0,0,0,30000
651330.41,4765491.01,992.95,1,0.01,0.07,59,-99,0,0,0,0,0,0,0,0,0,0,0
651287.71,4765444.61,600.07,1,1.02,0.01,190,50,0,60,0,0,0,40,0,0,0,0,20000
651291.28,4765644.49,474.16,1,0.93,0.03,350,50,10,10,0,0,0,80,0,0,0,0,30000
650441.43,4765377.86,950.27,1,-99,-99,-99,-99,0,5,0,0,0,95,0,0,0,0,20000
651284.5,4765416.99,784.86,1,1.63,0.04,71,2000,10,30,0,0,20,40,0,0,0,0,40000
651254.35,4765548.18,986.12,1,0.63,0.03,150,600,50,20,0,0,0,30,0,0,0,0,30000
651264.34,4765333.14,834.73,1,1.18,0.04,19,170,0,70,0,0,0,30,0,0,0,0,30000
650543.39,4765036.84,1080.07,1,0.55,0.17,26.75,52.25,0,10,0,0,0,90,0,0,0,0,35000
651435.52,4765758.42,824.31,1,0.28,0,78,250,0,30,0,0,0,70,0,0,0,0,20000
651454.08,4765805.33,770.68,1,0.79,0.01,46,470,0,0,25,0,10,65,0,0,0,0,50000
650921.14,4765041.84,773.61,1,0.35,0.02,255,-99,0,20,0,0,0,80,0,0,0,0,50000
651361.14,4766638.49,289.18,1,-99,-99,-99,-99,0,20,0,0,0,80,0,0,0,0,20000
651476.45,4766116.98,641.59,1,1.58,0.13,13,360,10,40,0,0,0,50,0,0,0,0,50000
651232.03,4765572.26,970.09,1,1.01,0.01,51,1850,10,20,0,0,20,50,0,0,0,0,50000
651313.22,4766507.5,360.57,1,-99,-99,-99,-99,0,40,0,0,0,60,0,0,0,0,30000
651310.95,4765457.41,813.51,1,0.99,0.02,59,790,30,0,10,0,0,60,0,0,0,0,30000
650574.94,4765471.09,487.77,1,0.23,0.05,58.8,51,0,10,0,0,0,90,0,0,0,0,40000
650484.15,4765465.45,903.89,1,-99,-99,-99,-99,0,5,0,0,0,95,0,0,0,0,30000
651591.39,4765924.97,636.81,1,0.79,0.01,48,740,0,0,20,0,0,80,0,0,0,0,40000
650920.81,4765436.93,985.37,1,0.5,0.04,86,100,0,40,0,0,0,60,0,0,0,0,40000
651126.43,4765415.69,1017.43,1,0.14,0.01,92,25,0,30,0,0,0,70,0,0,0,0,30000
651244.69,4765707.08,704.97,1,0.28,0.01,125,50,0,20,0,0,0,80,0,0,0,0,40000
651329.11,4765279.85,752.41,1,0.84,0,27,50,0,50,0,0,0,50,0,0,0,0,30000
651428.83,4765677.63,940.85,1,0,0.04,13,50,0,0,0,0,0,0,0,0,0,0,0
651454.71,4765681.67,563.37,1,2.13,0.14,23,50,0,100,0,0,0,0,0,0,0,0,40000
650661.24,4765367.49,972.75,1,-99,-99,-99,-99,0,0,0,0,0,100,0,0,0,0,35000
651130.86,4765572.05,971.43,1,0.97,0.03,550,130,20,0,10,0,0,70,0,0,0,0,40000
651480.77,4765654.38,653.8,1,1.38,0.04,86,50,0,60,0,0,0,40,0,0,0,0,50000
651475.24,4765797.65,796.16,1,0.21,0.02,125,180,0,0,5,0,30,65,0,0,0,0,30000
651374.78,4765461.82,384.94,1,1.01,0.08,105,2280,0,10,10,10,0,70,0,0,0,0,40000
651434.08,4765678.3,796.27,1,1.22,0.02,43,410,0,0,10,10,0,80,0,0,0,0,30000
651564.57,4765819.69,743.77,1,0.02,0.02,76,180,0,0,0,0,0,100,0,0,0,0,10000
651697.43,4766615.35,433.05,1,1.11,0.04,24,50,0,50,0,0,0,50,0,0,0,0,50000
651489.82,4765515.23,795.99,1,0.54,0,25,210,0,30,0,0,10,60,0,0,0,0,50000
650248.96,4765247.91,923.37,1,0.31,0.04,40.1,310,1,3,1,0,0,95,0,0,0,0,150000
650151.11,4764900.27,1138.88,1,0.01,0,8.69,21.3,0,0,0,0,0,100,0,0,0,0,10000
651126.36,4765420.69,1008.77,1,0.42,0.03,21,25,0,20,0,0,0,80,0,0,0,0,50000
651125.31,4766088.79,815.98,1,0.53,0.06,105,50,0,20,0,0,0,80,0,0,0,0,30000
650559.31,4765470.33,551.89,1,0.04,0,3.73,8,0,5,0,0,0,95,0,0,0,0,30000
651433.94,4765309.68,826.04,1,0.07,0,5,50,0,40,0,0,0,60,0,0,0,0,40000
651130.25,4765564.17,982.99,1,0.62,0.01,54,50,0,0,10,0,10,80,0,0,0,0,40000
650446.05,4765373.11,964.84,1,-99,-99,-99,-99,0,3.5,0,0,0,96.5,0,0,0,0,25000
651480.91,4765905.68,398.15,1,0.53,0.33,655,1750,0,10,0,0,10,80,0,0,0,0,50000
651427.84,4765811.93,632.79,1,1.5,0.1,23,180,20,40,0,0,0,40,0,0,0,0,45000
651321.42,4766503.64,506.29,1,-99,-99,-99,-99,0,10,0,0,0,90,0,0,0,0,15000
650665.45,4765363.34,989.75,1,-99,-99,-99,-99,0,0,0,0,0,100,0,0,0,0,35000
651523.1,4766696.45,282.98,1,0.3,0.1,67,50,0,60,0,0,0,40,0,0,0,0,30000
651070.71,4764899.44,1047.81,1,0.03,0.01,8.31,32.43,0,0,0,0,0,100,0,0,0,0,10000
650486.11,4765096.42,974.63,1,0.01,0.02,24.2,4.93,0,5,0,0,0,95,0,0,0,0,20000
651473.25,4765661.74,627.85,1,1.99,0.07,26,160,50,20,0,0,0,30,0,0,0,0,50000
651320.99,4766503.85,498.3,1,-99,-99,-99,-99,0,10,0,0,0,90,0,0,0,0,15000
651434.34,4765682.01,791.56,1,0.89,0.02,38,1570,0,0,10,10,0,80,0,0,0,0,30000
651133.4,4765442.88,562.03,1,0.25,0.03,18,50,0,20,0,0,0,80,0,0,0,0,50000
651311.09,4766529.53,470.73,1,-99,-99,-99,-99,0,8,0,0,0,92,0,0,0,0,15000
651417.23,4765677.73,954.77,1,0,0.03,5,50,0,0,0,0,0,0,0,0,0,0,0
651436.32,4765766.88,813.19,1,0.55,0.01,16,1460,20,10,0,0,20,50,0,0,0,0,20000
650512.59,4765100.17,1077.2,1,0.03,0.01,11.45,16.95,0,5,0,0,0,95,0,0,0,0,40000
650673.58,4765355.67,1021.86,1,-99,-99,-99,-99,0,0,0,0,0,100,0,0,0,0,35000
650923.69,4765381.22,1080.17,1,0.37,0.02,264,-99,0,20,0,0,0,80,0,0,0,0,60000
651233.26,4765724.23,644.38,1,0.04,0.04,130,50,0,5,0,0,0,95,0,0,0,0,50000
651325.94,4765994.58,531.66,1,0.64,0.11,170,110,0,65,0,0,0,35,0,0,0,0,30000
651314.43,4766507,380.53,1,-99,-99,-99,-99,0,40,0,0,0,60,0,0,0,0,80000
651230.89,4766406.39,439,1,0.41,0.12,29.9,115,0,6.5,0,0,0,93.5,0,0,0,0,84000
651590.88,4766420.95,408.07,1,0.04,0,10,50,0,20,0,0,0,80,0,0,0,0,30000
651331.83,4765547.21,910.26,1,1.29,0.02,23,50,0,30,0,0,0,70,0,0,0,0,30000
650889.07,4765953.82,744.23,1,0.42,0.04,30,50,0,10,0,0,0,90,0,0,0,0,20000
651157.7,4765798.5,688.28,1,0.06,0.03,72,25,0,10,0,0,0,90,0,0,0,0,40000
651231.14,4766406.41,505,1,0.01,0,63.1,24.4,0,5,0,0,0,95,0,0,0,0,80000
651283.46,4765317.27,880.41,1,0.04,0,31,50,0,30,0,0,0,70,0,0,0,0,30000
651415.28,4766752.45,191.65,1,0.71,0.09,67,50,0,70,0,0,0,30,0,0,0,0,30000
651663.11,4766629.91,402.82,1,2.15,0.76,5,50,100,0,0,0,0,0,0,0,0,0,35000
651357.46,4766630.52,338.4,1,-99,-99,-99,-99,0,55,0,0,0,45,0,0,0,0,50000
651364.81,4766646.26,241.95,1,-99,-99,-99,-99,0,5,0,0,0,95,0,0,0,0,20000
651402.48,4765584.33,815.04,1,1.15,0.04,71,50,20,20,0,0,0,60,0,0,0,0,40000
651261.86,4765435.06,855.12,1,0.87,0.01,27,50,0,70,0,0,0,30,0,0,0,0,60000
651418.34,4765515.33,830.44,1,0.32,0.01,80,50,20,10,0,0,0,70,0,0,0,0,30000
651243.75,4765555.92,950.46,1,0.55,0.02,18,300,30,30,0,0,20,20,0,0,0,0,30000
651310.16,4766530.74,460.84,1,-99,-99,-99,-99,0,10,0,0,0,90,0,0,0,0,15000
651240.29,4765713.39,682.24,1,1.42,0.04,180,3550,0,20,0,0,0,70,0,10,0,0,150000
651362.79,4765255.38,697,1,0.06,0,20,50,0,10,0,0,20,70,0,0,0,0,30000
651336.45,4765274.52,770.24,1,0.49,0,150,50,0,20,0,0,10,70,0,0,0,0,30000
650360.38,4765047.94,969.75,1,1.59,0.47,14.35,11.3,0,55,0,0,0,45,0,0,0,0,40000
651344.63,4765268.77,789.84,1,0.21,0,63,200,0,0,0,20,20,60,0,0,0,0,30000
651294.9,4765649.52,942.96,1,1.04,0.01,43,530,10,0,0,0,10,80,0,0,0,0,60000
650830.97,4765966.33,905.53,1,0.39,0.01,5,50,0,10,0,0,0,90,0,0,0,0,40000
650553.7,4765313.83,946.54,1,-99,-99,-99,-99,0,0,0,0,0,100,0,0,0,0,15000
650976.08,4765420.25,800.87,1,-99,-99,-99,-99,0,7,0,0,0,93,0,0,0,0,45000
651315.34,4766506.57,396.5,1,-99,-99,-99,-99,0,40,0,0,0,60,0,0,0,0,80000
651430.49,4766166.01,459.45,1,2.99,0.44,320,50,100,0,0,0,0,0,0,0,0,0,40000
651239.31,4765453.27,929.68,1,0.56,0,5,190,40,10,0,0,0,50,0,0,0,0,20000
651325.94,4765997.58,526.46,1,0.74,0.13,235,50,0,60,0,0,0,40,0,0,0,0,30000
651341.75,4765489.87,788.59,1,2.04,0.05,60,770,50,0,0,0,0,50,0,0,0,0,50000
651358.9,4765258.19,683.85,1,0.36,0.01,46,1040,0,0,10,0,20,70,0,0,0,0,40000
651409.23,4766063.33,699.2,1,1.14,0.08,25,3760,10,0,0,0,20,70,0,0,0,0,45000
650756.99,4764943.77,1142.76,1,0.07,0.02,55.28,214.4,0,0,100,0,0,0,0,0,0,0,10000
651189.85,4765595.95,1064.4,1,0.98,0.06,87,510,30,0,0,10,0,60,0,0,0,0,30000
651611.54,4765572.21,618.25,1,0.08,0.01,125,120,0,20,0,0,0,80,0,0,0,0,30000
651330.52,4765503.05,974.53,1,0.3,0.02,61,-99,0,30,0,0,0,70,0,0,0,0,10000
651441.22,4765805.34,764.82,1,1.17,0,28,590,20,0,40,0,0,40,0,0,0,0,30000
651264.59,4765428.69,1022,1,0.01,0.02,66,50,0,0,0,0,0,0,0,0,0,0,0
651204.46,4765585.96,817.35,1,0.91,0.06,73,790,20,20,0,0,0,60,0,0,0,0,40000
651255.34,4765829.86,678.57,1,0.62,0.14,130,380,0,30,0,0,0,70,0,0,0,0,30000
651423.45,4766169.59,547.09,1,0.36,0,10,50,0,60,0,0,0,40,0,0,0,0,30000
651238.51,4765716.09,672.77,1,0.73,0.13,59,50,0,50,0,0,0,50,0,0,0,0,60000
650941.08,4766022.19,841.9,1,0.08,0.03,5,50,0,20,0,0,0,80,0,0,0,0,60000
651860.7,4766170.09,570.48,1,0.26,0.01,39,810,0,0,0,0,10,90,0,0,0,0,30000
651429.01,4765978.54,501.4,1,0.58,0.11,130,50,0,30,0,0,0,70,0,0,0,0,50000
650759.39,4764827.4,1069.36,1,0.15,0.02,8.65,162.8,0,0,20,0,0,80,0,0,0,0,40000
651215.07,4765581.79,1007.31,1,0.55,0.02,195,1070,30,0,0,0,20,50,0,0,0,0,20000
651469.35,4765536.83,661.24,1,1.12,0,60,50,0,50,0,0,0,50,0,0,0,0,40000
650219.4,4765246.57,745.82,1,0.02,0.01,21,17.5,0,5,0,0,0,95,0,0,0,0,30000
651306.26,4765501.27,961.65,1,1.32,0.01,98,50,20,0,0,0,10,70,0,0,0,0,30000
651831.08,4766613.8,223.04,1,0.01,0.02,5,50,0,0,0,0,0,0,0,0,0,0,0
651832.06,4766612.91,228.89,1,0.01,0.01,5,50,0,0,0,0,0,0,0,0,0,0,0
651399.13,4765587.78,799.78,1,0.94,0.03,38,50,0,30,0,0,0,70,0,0,0,0,50000
651472.92,4765919.96,687.51,1,3.96,0.23,150,310,70,0,10,0,0,20,0,0,0,0,50000
651340.17,4765271.91,779.15,1,1.35,0,185,220,0,0,0,50,0,50,0,0,0,0,30000
651875.77,4766151.95,619.06,1,0.77,0.03,230,1900,0,0,0,0,20,80,0,0,0,0,40000
650505.65,4765466.9,796.03,1,0.12,0.04,7.37,136,0,10,0,0,0,90,0,0,0,0,30000
651021.74,4765267.8,642.15,1,0.25,0.03,74,50,0,15,0,0,0,85,0,0,0,0,60000
650887.57,4765232.99,1027.99,1,-99,-99,-99,-99,0,20,0,0,0,80,0,0,0,0,35000
651291.72,4765427.43,635.97,1,1.29,0.02,165,50,0,50,0,0,0,50,0,0,0,0,10000
651366.84,4765562.83,444.24,1,1.31,0.04,195,50,0,30,0,0,0,70,0,0,0,0,60000
651226.28,4765353.46,656.97,1,0.32,0,305,50,0,40,0,0,0,60,0,0,0,0,30000
651237.31,4765371.72,695.45,1,1.16,0,1280,50,40,20,0,0,0,40,0,0,0,0,15000
650431.59,4765388.21,919.42,1,-99,-99,-99,-99,0,5,0,0,0,95,0,0,0,0,20000
651308.67,4766532.68,445.03,1,-99,-99,-99,-99,0,15,0,0,0,85,0,0,0,0,15000
650251.59,4765247.98,939.15,1,0.03,0.02,98.2,21.6,0,0,0,0,0,100,0,0,0,0,7000
651419.09,4766171.75,602.88,1,0.99,0.05,34,50,0,90,0,0,0,10,0,0,0,0,30000
651408.5,4765578.39,841.73,1,0.24,0.01,110,690,0,60,0,0,0,40,0,0,0,0,30000
651240.39,4765452.38,925.94,1,0.83,0.07,29,990,30,0,0,0,0,70,0,0,0,0,30000
651127.71,4765523.43,1044.71,1,0.59,0.04,66,50,0,30,0,0,0,70,0,0,0,0,30000
651837.02,4766199.65,493.28,1,1.65,0.01,48,110,10,0,10,0,10,70,0,0,0,0,40000
650921.78,4765418.43,1016.23,1,0.85,0.06,37,50,0,40,0,0,0,60,0,0,0,0,60000
651361.71,4765571.2,434.26,1,0.82,0.02,230,50,0,30,0,0,0,70,0,0,0,0,40000
651225.33,4765257.98,661.06,1,1.07,0.04,31,50,0,30,0,0,0,70,0,0,0,0,70000
651528.19,4765989.32,720.14,1,2.42,0.04,30,50,0,70,0,0,0,30,0,0,0,0,50000
651339.83,4765491.44,783.13,1,3.11,0.06,150,510,50,0,10,0,0,40,0,0,0,0,50000
651477.57,4765914.14,706.07,1,3.79,0.63,230,50,10,90,0,0,0,0,0,0,0,0,50000
650914.15,4765600.53,895.58,1,0.04,0.01,5,50,0,5,0,0,0,95,0,0,0,0,60000
651411.72,4765470.96,611.19,1,2.81,0.02,525,50,0,100,0,0,0,0,0,0,0,0,50000
650572.06,4765296.21,1026.59,1,-99,-99,-99,-99,0,2,0,0,0,98,0,0,0,0,25000
651309.63,4765469.95,790.77,1,1.69,0.02,135,2030,30,0,10,0,0,60,0,0,0,0,30000
651227.58,4765713.01,580.79,1,0.21,0.03,19,100,0,40,0,0,0,60,0,0,0,0,40000
651355.58,4765739.77,668.88,1,4.41,0.2,50,50,50,20,0,0,0,30,0,0,0,0,30000
650591.18,4765471.57,423.81,1,0.19,0,110.5,433,0,10,0,0,0,90,0,0,0,0,60000
651434.62,4765685.75,786.88,1,1.6,0.01,40,1470,0,0,0,30,0,70,0,0,0,0,30000
650865.49,4766099.31,951,1,0.01,0.01,28,50,0,10,0,0,0,90,0,0,0,0,10000
650412.42,4765408.82,859.72,1,-99,-99,-99,-99,0,20,0,0,0,80,0,0,0,0,40000
651874.64,4766153.27,615.46,1,0.37,0,15,820,15,0,0,0,15,70,0,0,0,0,40000
651367.01,4765975.62,675.2,1,1.87,0.32,55,2190,0,35,35,0,0,30,0,0,0,0,50000
651174.73,4765606.16,931.64,1,0.99,0.03,85,110,20,0,0,0,0,80,0,0,0,0,30000
651333.2,4765371.66,632.83,1,1.28,0.07,42,50,20,20,0,0,0,60,0,0,0,0,50000
651418.76,4765502.03,850.41,1,0.16,0.04,15,50,0,30,0,0,0,70,0,0,0,0,40000
651325.94,4765961.58,588.82,1,0.33,0.04,24,50,0,30,0,0,0,70,0,0,0,0,30000
650891.75,4766055.77,992.5,1,0.03,0.01,22,50,0,20,0,0,0,80,0,0,0,0,30000
651325.94,4765943.58,619.99,1,0.57,0.03,70,50,0,50,0,0,0,50,0,0,0,0,30000
651363.36,4765499.22,705.86,1,2.31,0.15,105,1100,60,0,0,0,0,40,0,0,0,0,40000
651473.01,4766119.14,628.19,1,1.3,0.03,19,150,10,40,0,0,0,50,0,0,0,0,50000
651358.34,4765258.59,681.97,1,0.38,0.01,43,720,0,0,0,0,30,70,0,0,0,0,40000
651215.88,4765581.34,1005.54,1,0.29,0.01,280,720,20,0,0,0,10,70,0,0,0,0,10000
651355.01,4765261,670.7,1,0.26,0.02,69,50,0,20,0,0,20,60,0,0,0,0,40000
651432.34,4765973.85,516.33,1,0.66,0.06,190,200,0,30,0,0,0,70,0,0,0,0,50000
651389.52,4765956.62,749.58,1,0.93,0.03,10,160,30,15,25,0,0,30,0,0,0,0,50000
651313.18,4765436.2,851.99,1,0.98,0.01,110,700,10,0,20,0,0,70,0,0,0,0,30000
651153.86,4765133.03,770.51,1,0.2,0.01,64,130,0,50,0,0,0,50,0,0,0,0,30000
650437.98,4765381.42,939.35,1,-99,-99,-99,-99,0,5,0,0,0,95,0,0,0,0,20000
651481.86,4765523.58,743.24,1,0.48,0.01,42,50,40,0,10,0,0,50,0,0,0,0,40000
651377.15,4765967.04,708.66,1,1.27,0.1,48,50,0,60,0,0,0,40,0,0,0,0,60000
651449.12,4765807.27,764.72,1,0.76,0.01,32,720,40,0,0,0,0,60,0,0,0,0,50000
651395.32,4765474.83,684.04,1,1.08,0.03,51,280,30,0,0,0,20,50,0,0,0,0,60000
650219.07,4765246.55,743.85,1,0.08,0.03,40.5,23.7,0,5,0,0,0,95,0,0,0,0,30000
651229.58,4765453.28,905.62,1,0.43,0.03,34,400,0,40,0,0,0,60,0,0,0,0,40000
651365.89,4766648.52,228.18,1,-99,-99,-99,-99,0,5,0,0,0,95,0,0,0,0,20000
651271.74,4765887.38,549.77,1,0.55,0.09,110,180,10,10,0,0,0,80,0,0,0,0,40000
651153.06,4765628.72,639.52,1,0.52,0.13,53,50,0,10,0,0,0,90,0,0,0,0,30000
651201.19,4765588.71,864.78,1,1.1,0.06,49,740,0,40,0,0,0,60,0,0,0,0,30000
651381.2,4765456.34,366.81,1,0.27,0.04,200,650,10,20,10,0,0,60,0,0,0,0,40000
650666.89,4765361.99,995.42,1,-99,-99,-99,-99,0,0,0,0,0,100,0,0,0,0,35000
651465.28,4765801.11,784.13,1,0.51,0.02,49,220,20,0,0,0,10,70,0,0,0,0,40000
651365.55,4765470.14,858.01,1,0.26,0.01,14,620,0,10,0,0,0,90,0,0,0,0,20000
651341.44,4765511.6,749.06,1,2.13,0.07,54,980,40,0,10,0,0,50,0,0,0,0,70000
651364.67,4765372.99,443.96,1,0.62,0.02,100,530,0,30,0,0,0,70,0,0,0,0,60000
651340.83,4765652.38,772,1,0.92,0.07,140,1620,50,40,0,0,0,10,0,0,0,0,20000
651357.53,4765476.85,834.21,1,2.6,0.07,100,4990,10,0,0,0,40,50,0,0,0,0,40000
651838.03,4766607.59,263.99,1,0.03,0.03,5,50,0,0,0,0,0,100,0,0,0,0,30000
651423.05,4765818.94,653.08,1,1.78,0.1,42,50,20,30,20,0,0,30,0,0,0,0,30000
650411.84,4765098.56,976.16,1,0.7,0,149.5,1240,0,25,0,0,0,75,0,0,0,0,45000
651117.98,4765456.05,534.75,1,0.18,0.11,28,100,0,20,0,0,0,80,0,0,0,0,40000
651405.2,4765685.93,921.85,1,0.02,0,5,50,0,0,0,0,0,0,0,0,0,0,0
651317.25,4765398.61,920.21,1,0.6,0.02,25,425,0,30,0,0,0,70,0,0,0,0,40000
651592.44,4765698.54,630.26,1,0.05,0,5,230,0,10,0,0,10,80,0,0,0,0,20000
651228.35,4765567.51,897.88,1,0.72,0.02,42,100,30,0,0,0,0,70,0,0,0,0,30000
650997.4,4765398.41,874.81,1,-99,-99,-99,-99,5,55,0,0,0,40,0,0,0,0,30000
651246.56,4765704.49,714.45,1,0.8,0.05,76,50,80,10,0,0,0,10,0,0,0,0,20000
651205.74,4765468.96,822.38,1,0.52,0.02,11,50,30,30,0,0,0,40,0,0,0,0,20000
651287.26,4765462.42,882.72,1,1.22,0.03,52,1010,20,0,0,0,0,80,0,0,0,0,30000
651479.32,4766719.19,245.43,1,0.89,0.13,88,50,0,50,0,0,0,50,0,0,0,0,30000
651273.22,4765549.8,884.05,1,1.09,0.03,33,980,10,20,0,0,0,70,0,0,0,0,50000
651561.67,4765619.36,400.83,1,2.39,0.52,93,50,60,40,0,0,0,0,0,0,0,0,50000
650996.34,4765399.49,871.11,1,-99,-99,-99,-99,5,55,0,0,0,40,0,0,0,0,30000
650547.74,4765319.72,919.83,1,-99,-99,-99,-99,0,3,0,0,0,97,0,0,0,0,25000
650407.17,4765414.53,843.48,1,-99,-99,-99,-99,0,20,0,0,0,80,0,0,0,0,40000
651435.49,4765812.83,748.36,1,1.34,0.04,27,710,20,15,0,0,0,65,0,0,0,0,50000
651636.1,4765931.58,536.83,1,0.17,0.03,40,50,0,20,0,0,0,80,0,0,0,0,30000
650906,4765581.78,739.27,1,0.25,0.02,48,-99,0,30,0,0,0,70,0,0,0,0,30000
651131.97,4765584.5,953.33,1,0.66,0.03,170,50,0,50,0,0,0,50,0,0,0,0,30000
651782.36,4766183.7,555.65,1,0.9,0,5,50,0,40,0,0,0,60,0,0,0,0,60000
651532.29,4765978.45,427.55,1,0.46,0.05,300,390,0,20,0,0,0,80,0,0,0,0,20000
650419.99,4765400.56,883.19,1,-99,-99,-99,-99,0,20,0,0,0,80,0,0,0,0,40000
651593.59,4765923.35,644.33,1,0.46,0,100,1500,0,0,0,0,30,70,0,0,0,0,30000
651400.97,4766760.29,180.09,1,0.52,0.07,105,50,0,70,0,0,0,30,0,0,0,0,30000
651419.56,4766171.52,596.9,1,0.89,0.04,42,50,0,80,0,0,0,20,0,0,0,0,40000
651126.83,4765498.89,878.45,1,0.69,0.03,103,765,0,0,10,0,0,90,0,0,0,0,50000
651408.32,4765742.26,400.39,1,0.33,0,52,50,0,30,0,0,0,70,0,0,0,0,30000
651230.87,4766406.39,433,1,0.48,0.17,21.2,37.3,0,10,0,0,0,90,0,0,0,0,70000
650857.5,4765966.3,863.15,1,0.41,0.05,64,160,0,20,0,0,0,80,0,0,0,0,50000
650402.01,4765098.35,925.1,1,0.18,0.02,62.4,30.7,0,10,0,0,0,90,0,0,0,0,80000
651325.94,4765931.58,640.78,1,0.98,0.14,155,240,0,40,0,0,0,60,0,0,0,0,40000
651417.81,4765548.64,780.54,1,0.64,0.01,13,110,20,10,0,0,0,70,0,0,0,0,30000
650454.11,4765364.85,990.35,1,-99,-99,-99,-99,0,1,0,0,0,99,0,0,0,0,10000
650777.25,4765255.38,1039.58,1,-99,-99,-99,-99,0,5,0,0,0,95,0,0,0,0,35000
650784.46,4765966.02,977.86,1,0.12,0.01,5,50,0,10,0,0,0,90,0,0,0,0,50000
651335.31,4765515.07,761.16,1,1.73,0.02,30,280,50,0,0,0,0,50,0,0,0,0,70000
651355.7,4766626.7,362.03,1,-99,-99,-99,-99,0,55,0,0,0,45,0,0,0,0,50000
651323.07,4765500.23,975.53,1,0.65,0,27,820,0,20,0,0,10,70,0,0,0,0,50000
651054.42,4765344.02,1078.04,1,-99,-99,-99,-99,0,5,0,0,0,95,0,0,0,0,45000
650923.21,4764964.52,924.99,1,0.17,0,2.5,-99,0,0,0,0,0,100,0,0,0,0,40000
651392.12,4765595.1,767.33,1,0.64,0.05,150,1220,30,20,10,0,0,40,0,0,0,0,30000
651195.78,4766294.64,600.89,1,0.31,0.02,15,470,0,0,0,0,0,100,0,0,0,0,45000
651140.98,4765143.79,734.2,1,0.55,0.02,91,980,0,30,0,0,10,60,0,0,0,0,40000
651128.9,4765529.33,831.5,1,0.35,0.02,36,-99,0,0,15,0,0,85,0,0,0,0,40000
650921.12,4765042.77,771.84,1,0.33,0.01,155,-99,0,20,0,0,0,80,0,0,0,0,50000
650611.31,4765471.69,346.38,1,0.06,0,228,35.8,0,10,0,0,0,90,0,0,0,0,40000
651300.48,4765519.6,892.72,1,0.91,0.03,47,260,30,0,0,0,0,70,0,0,0,0,40000
651157.15,4765624.84,654.5,1,0.4,0.02,29,50,0,30,0,0,0,70,0,0,0,0,40000
651358.14,4765476.33,836.04,1,0.41,0.04,185,1290,0,0,0,0,40,60,0,0,0,0,40000
650231.54,4765247.19,818.82,1,0.09,0.07,16.55,9.4,0,5,0,0,0,95,0,0,0,0,40000
650894.28,4766054.14,985.09,1,0.05,0,18,50,0,40,0,0,0,60,0,0,0,0,40000
651230.95,4766406.4,453,1,0.11,0.09,26.7,40.7,0,5,0,0,0,95,0,0,0,0,70000
651486.38,4765793.82,809.77,1,0.03,0.03,5,50,0,0,0,0,0,100,0,0,0,0,20000
651343.2,4765510.61,745.61,1,2.72,0.07,35,50,0,80,0,0,0,20,0,0,0,0,60000
651126.71,4766090.86,819.1,1,0.92,0.19,145,50,0,40,0,0,0,60,0,0,0,0,40000
651238.56,4765564.75,766.32,1,2.96,0.15,240,740,20,50,0,0,0,30,0,0,0,0,50000
651234.93,4765562.52,920.41,1,0.95,0.03,86,530,30,0,0,0,10,60,0,0,0,0,40000
651252.66,4765549.4,980.49,1,0.58,0.03,38,550,50,20,0,0,10,20,0,0,0,0,30000
651409.53,4765939.53,816.6,1,0.65,0.09,24,130,10,40,0,0,0,50,0,0,0,0,40000
651534.16,4766107.91,645.81,1,1.56,0.07,25,50,0,50,0,0,0,50,0,0,0,0,100000
651268.2,4765426.56,809.19,1,1.82,0.01,210,260,50,0,0,0,0,50,0,0,0,0,50000
651325.94,4765906.58,684.08,1,1.21,0.05,64,270,0,35,0,0,0,65,0,0,0,0,40000
651282.38,4765453.01,863.45,1,0.99,0.01,36,730,10,0,10,0,0,80,0,0,0,0,30000
651413.8,4765452.43,747.72,1,1.02,0.02,39,410,20,20,0,0,10,50,0,0,0,0,40000
650886.7,4765954.96,753.87,1,0.39,0.02,31,50,0,30,0,0,0,70,0,0,0,0,20000
651413.86,4766056.96,685.28,1,0.14,0.06,24,50,20,0,0,0,10,70,0,0,0,0,40000
651131.87,4765583.37,954.98,1,0.55,0.02,83,50,0,30,0,0,0,70,0,0,0,0,40000
651365.88,4765976.6,671.49,1,1.33,0.07,31,710,0,40,30,0,0,30,0,0,0,0,50000
651554.89,4765827.93,705.85,1,0.25,0.04,20,50,0,0,0,0,0,100,0,0,0,0,60000
651778.7,4766186.96,544.69,1,1.26,0,17,200,10,0,0,0,0,90,0,0,0,0,65000
651231.14,4766406.41,503,1,0.03,0,24.6,84.2,0,5,0,0,0,95,0,0,0,0,80000
651107.78,4765464.75,517.3,1,0.16,0,5,50,0,10,0,0,0,90,0,0,0,0,40000
651394.94,4765692.89,894.53,1,0.01,0.01,12,50,0,0,0,0,0,0,0,0,0,0,0
651410.99,4766175.61,712.51,1,0.06,0,21,50,0,60,0,0,0,40,0,0,0,0,20000
651161.89,4765431.41,693.49,1,1.04,0.06,160,460,0,0,0,0,30,70,0,0,0,0,40000
651434.52,4765684.5,788.43,1,1.1,0.02,46,840,0,0,0,30,0,70,0,0,0,0,30000
650580.7,4765756.73,895.8,1,0.86,0.04,3.87,248,15,50,0,0,0,35,0,0,0,0,30000
651830.75,4766614.1,221.09,1,0.11,0,26,50,0,10,0,0,0,90,0,0,0,0,20000
650819.54,4764763.6,1045.73,1,0.09,0.01,31.55,335.5,3,17,0,0,0,80,0,0,0,0,40000
651325.94,4766007.58,509.14,1,0.69,0.12,99,50,0,40,0,0,0,60,0,0,0,0,30000
651370.51,4766658.27,169.16,1,-99,-99,-99,-99,0,5,0,0,0,95,0,0,0,0,20000
651784.83,4766181.55,562.95,1,3.77,0.04,145,690,20,0,30,0,0,50,0,0,0,0,65000
650613.91,4765753.17,807.94,1,0.21,0.11,13,65.3,0,10,0,0,0,90,0,0,0,0,50000
651258.05,4765407.83,770.69,1,1.41,0.02,29,130,0,30,0,0,0,70,0,0,0,0,30000
651509.8,4766123.16,726.86,1,1.3,0.04,5,50,0,40,0,0,0,60,0,0,0,0,60000
651362.48,4765499.72,707.59,1,2.04,0.16,215,1050,50,0,0,0,0,50,0,0,0,0,45000
650755.96,4765272.77,924.85,1,-99,-99,-99,-99,0,5,0,0,0,95,0,0,0,0,35000
651244.3,4765555.51,952.34,1,0.54,0.03,17,320,10,30,0,0,10,50,0,0,0,0,40000
651126.38,4765484.12,902.23,1,0.75,0.04,75,955,20,0,10,0,0,70,0,0,0,0,40000
650913.07,4765531.16,827.53,2,0.46,0.03,46,50,0,60,0,0,0,40,0,0,0,0,40000
651317.64,4765821.33,606.35,2,1.41,0.07,96,25,90,10,0,0,0,0,0,0,0,0,15000
651436.14,4765799.39,597.89,2,3.25,0.22,35,50,80,20,0,0,0,0,0,0,0,0,45000
651318.84,4765832.32,589.68,2,0.78,0.05,56,25,20,80,0,0,0,0,0,0,0,0,20000
651822.48,4766217.52,446.66,2,1.7,0.08,5,50,80,20,0,0,0,0,0,0,0,0,30000
650918.51,4765347.7,932.62,2,0.65,0.08,235,50,0,50,0,0,0,50,0,0,0,0,50000
651384.63,4765870.47,806.13,2,1.65,0.03,5,50,0,60,0,0,0,40,0,0,0,0,40000
651731.87,4766628.98,239.78,2,3.43,0.31,5,50,50,50,0,0,0,0,0,0,0,0,45000
650895.57,4765697.57,696.84,2,0.29,0.1,51,120,0,10,0,0,0,90,0,0,0,0,30000
651322.19,4765756.73,908.02,2,1.15,0.01,10,140,0,15,0,0,0,85,0,0,0,0,30000
651720.22,4766624.71,378.71,2,1.05,0.04,5,50,0,60,0,0,0,40,0,0,0,0,20000
651313.03,4765751.32,674.45,2,1.15,0.05,46,50,90,10,0,0,0,0,0,0,0,0,20000
650917.6,4765486.26,903.07,2,0.56,0.09,113,-99,0,80,0,0,0,20,0,0,0,0,30000
651305.5,4765531.9,819.91,2,1.38,0.02,51,50,0,60,0,0,0,40,0,0,0,0,50000
651316.46,4765807.27,628.18,2,0.87,0.01,115,72,0,100,0,0,0,0,0,0,0,0,20000
651245.02,4765575.65,676.67,2,1.29,0.04,68,50,30,30,0,0,0,40,0,0,0,0,30000
651138.48,4765646.51,867.63,2,0.94,0.04,71,25,0,70,0,0,0,30,0,0,0,0,40000
650316.29,4765153.61,895.76,2,0.23,0,25.9,91.2,3,30,0,0,0,65,0,2,0,0,55000
650369.62,4765115.3,1104.29,2,0.01,0.05,116.5,14.35,0,0,0,0,0,100,0,0,0,0,5000
651301.62,4765546.13,652.58,2,5.11,0.25,26,160,20,30,0,0,0,50,0,0,0,0,40000
651268.97,4765550.54,772.58,2,1.41,0.02,31,50,0,90,0,0,0,10,0,0,0,0,40000
651201.22,4765288.23,591.04,2,0.3,0.04,86,50,0,20,0,0,0,80,0,0,0,0,60000
651387,4765867.39,796.91,2,2.98,0.06,5,230,0,80,0,0,0,20,0,0,0,0,50000
650922,4765291.81,1029.61,2,1.01,0.02,400,50,0,40,0,0,0,60,0,0,0,0,60000
651139.75,4765657.43,853.37,2,1.6,0.12,91,116,0,80,0,0,0,20,0,0,0,0,40000
650626.79,4765000.09,972.46,2,0.56,0.08,17.85,368,7,23,0,0,0,70,0,0,0,0,60000
651315.48,4765762.98,885.84,2,1.52,0.02,38,100,0,50,0,0,0,50,0,0,0,0,30000
651470.05,4766121.05,616.72,2,0.82,0.07,16,170,20,30,0,0,0,50,0,0,0,0,20000
651203.75,4765383.22,700,2,0.03,0,44,50,0,70,0,0,0,30,0,0,0,0,10000
651189.87,4765304.6,554.07,2,0.58,0.03,37,50,0,70,0,0,0,30,0,0,0,0,30000
651325.94,4765886.58,718.72,2,0.8,0.02,87,50,0,40,0,0,0,60,0,0,0,0,40000
651346.64,4765734.76,668.3,2,5.57,0.34,19,-99,80,20,0,0,0,0,0,0,0,0,50000
651484.53,4765628.13,492.43,2,1.73,0.29,5,50,40,60,0,0,0,0,0,0,0,0,40000
650914.52,4765429.08,790.29,2,0.33,0.11,21,50,0,20,0,0,0,80,0,0,0,0,40000
651325.94,4765777.58,907.51,2,0.86,0.05,13,50,0,60,0,0,0,40,0,0,0,0,40000
651310.18,4765449.53,480.57,2,0.5,0.02,115,50,0,80,0,0,0,20,0,0,0,0,10000
651309.79,4765753.72,665.3,2,1.05,0.05,42,50,100,0,0,0,0,0,0,0,0,0,15000
651444.59,4765772.35,682.52,2,1.68,0.05,28,50,0,90,0,0,0,10,0,0,0,0,40000
651251.71,4765573.78,543.92,2,0.59,0,50,50,0,20,0,0,0,80,0,0,0,0,30000
651288.8,4765537.37,640.85,2,1.93,0.03,21,50,20,40,0,0,0,40,0,0,0,0,30000
651296.03,4765530.53,660.47,2,2.66,0.13,24,50,90,10,0,0,0,0,0,0,0,0,15000
651566.49,4765731.47,432.66,2,1.44,0.2,46,100,80,10,0,0,0,10,0,0,0,0,30000
651544.36,4765976.68,772.24,2,3.05,0.13,5,50,30,60,0,0,0,10,0,0,0,0,30000
651376.81,4765367.14,385.49,2,0.66,0.04,105,50,0,30,0,0,0,70,0,0,0,0,60000
651340.98,4765656.98,501.19,2,1.07,0.03,170,170,0,70,0,0,0,30,0,0,0,0,30000
651816.76,4766627.45,135.24,2,2.08,0.01,12,50,0,90,0,0,0,10,0,0,0,0,50000
650919.1,4765336.72,951.67,2,0.5,0.01,75,120,0,40,0,0,0,60,0,0,0,0,40000
651491.71,4766107.4,700.91,2,1.2,0.03,43,50,0,80,0,0,0,20,0,0,0,0,50000
650916.39,4765499.59,880.79,2,0.54,0.05,429,-99,0,60,0,0,0,40,0,0,0,0,40000
651318.56,4765652.46,896.54,2,1.17,0,5,50,0,45,0,0,0,55,0,0,0,0,40000
651310.19,4765395.51,707.84,2,0.42,0.02,49,50,90,10,0,0,0,0,0,0,0,0,20000
650912.49,4765509.5,649.68,2,0.87,0.18,21,50,0,75,0,0,0,25,0,0,0,0,30000
650921.85,4765293.81,1026.15,2,0.52,0.03,265,50,0,25,0,0,0,75,0,0,0,0,60000
650429.31,4765004.16,1090.03,2,0.65,0.11,18.1,937,0,0,0,0,0,100,0,0,0,0,20000
651317.7,4765661.91,878.94,2,1.99,0.04,14,170,0,60,0,0,0,40,0,0,0,0,70000
651320.51,4765758.26,902.47,2,1.27,0.02,18,110,0,20,0,0,0,80,0,0,0,0,35000
650548.11,4764821.05,1132.95,2,0.01,0,2.32,6.77,0,0,0,0,0,100,0,0,0,0,30000
651749.65,4766056.74,613.49,2,-99,-99,-99,-99,0,10,0,0,0,90,0,0,0,0,65000
651731.58,4766564.8,241.56,2,3.5,0.08,5,50,0,100,0,0,0,0,0,0,0,0,50000
651295.38,4765531.14,658.68,2,2.18,0.1,47,50,60,40,0,0,0,0,0,0,0,0,30000
651336.86,4765742.38,702.1,2,2.71,0.09,22,50,10,70,0,0,0,20,0,0,0,0,30000
651325.94,4765816.58,839.96,2,1.63,0.05,13,50,10,40,0,0,0,50,0,0,0,0,40000
650431.98,4765004.27,1105.8,2,0.14,0.02,19.8,137.5,0,0,0,0,0,100,0,0,0,0,20000
651314.54,4765712.58,785.89,2,1.34,0.02,22,190,0,40,0,0,0,60,0,0,0,0,60000
650632.62,4764999.96,1062.27,2,0.53,0.02,21.4,107.5,5,25,0,0,0,70,0,0,0,0,60000
651136.36,4765627.37,893.18,2,0.82,0.04,24,50,0,80,0,0,0,20,0,0,0,0,30000
651358.07,4765634.72,595.08,2,1.9,0.05,23,50,0,100,0,0,0,0,0,0,0,0,20000
651616.13,4766057.03,501.24,2,1.06,0.05,75,50,0,80,0,0,0,20,0,0,0,0,10000
651771.37,4766193.48,522.79,2,1.66,0.03,165,50,30,70,0,0,0,0,0,0,0,0,40000
651256.24,4765691.93,761.87,2,1.59,0.05,45,50,100,0,0,0,0,0,0,0,0,0,30000
651335.77,4765743.22,705.85,2,2.27,0.04,22,50,0,90,0,0,0,10,0,0,0,0,30000
651293.21,4765626.17,507.39,2,1.31,0.04,290,50,30,10,0,0,0,60,0,0,0,0,30000
651760.64,4766178.86,267.04,2,-99,-99,-99,-99,0,80,0,0,0,20,0,0,0,0,20000
650921.18,4765302.79,1010.56,2,0.68,0.04,69,50,0,50,0,0,0,50,0,0,0,0,60000
650535.56,4765000.4,1113.17,2,0.01,0,-99,-99,0,10,0,0,0,90,0,0,0,0,25000
651452.39,4765815.31,633.04,2,1.76,0.05,52,50,0,70,0,0,0,30,0,0,0,0,40000
651198.43,4765292.08,582.24,2,0.23,0.02,77,50,0,20,0,0,0,80,0,0,0,0,50000
650916.25,4765388.43,861.49,2,0.68,0.12,145,50,0,50,0,0,0,50,0,0,0,0,40000
651466.08,4766123.72,601.45,2,0.81,0.32,32,50,0,40,0,0,0,60,0,0,0,0,30000
651293.83,4765527.65,616.45,2,1.31,0.02,46,50,20,60,10,0,0,10,0,0,0,0,30000
651906.21,4766234.86,343.13,2,0.47,0.04,28,50,0,20,0,0,0,80,0,0,0,0,10000
650699.81,4764961.7,1131.55,2,0.1,0.01,13.77,21.72,0,0,0,0,0,100,0,0,0,0,30000
651368.11,4765711.54,823.71,2,1.69,0.01,11,50,20,60,0,0,0,20,0,0,0,0,40000
651415.57,4766095.81,742.51,2,0.65,0.02,5,50,0,70,0,0,0,30,0,0,0,0,30000
650912.49,4765513.38,642.69,2,1.06,0.14,20,50,0,80,0,0,0,20,0,0,0,0,30000
650919.52,4765328.73,965.53,2,0.67,0.02,170,50,0,50,0,0,0,50,0,0,0,0,40000
651315.65,4765795.49,646.74,2,2.35,0.05,255,50,20,80,0,0,0,0,0,0,0,0,30000
650916.02,4765503.7,873.93,2,0.71,0.1,113,-99,0,50,0,0,0,50,0,0,0,0,60000
651412.75,4766174.77,688.59,2,0.91,0.06,5,50,0,60,0,0,0,40,0,0,0,0,30000
651310.7,4765643.58,821.54,2,1.3,0.04,5,50,0,70,0,0,0,30,0,0,0,0,40000
651216.76,4765268.57,636.6,2,1.51,0.02,63,290,30,0,0,0,0,70,0,0,0,0,60000
651451.78,4765557.65,544.38,2,5.24,0.18,5,50,50,50,0,0,0,0,0,0,0,0,60000
651451.58,4765864.46,697.79,2,3.37,0.12,19,50,30,50,0,0,0,20,0,0,0,0,50000
651282.09,4765468.66,549.81,2,0.98,0.06,130,50,0,50,0,0,0,50,0,0,0,0,40000
651480.49,4765925.23,517.51,2,1.22,0.04,135,50,0,70,0,0,0,30,0,0,0,0,20000
650428.64,4765004.14,1086.08,2,0.66,0.04,11.95,461,0,2,0,0,0,98,0,0,0,0,20000
651291.16,4765659.41,764.87,2,1.79,0.04,5,50,0,60,0,0,0,40,0,0,0,0,60000
650634.63,4764999.95,1092.21,2,0.03,0,5.21,12.7,0,10,0,0,0,90,0,0,0,0,35000
651301.93,4765543.24,657.83,2,1.56,0.07,105,160,10,30,0,0,0,60,0,0,0,0,40000
651429.33,4765815.45,740.94,2,1.88,0.08,5,50,15,75,0,0,0,10,0,0,0,0,30000
651315.98,4765687.35,831.34,2,1.46,0.08,10,50,20,30,0,0,0,50,0,0,0,0,40000
651621.86,4766051.44,519.57,2,1.34,0.07,89,50,30,70,0,0,0,0,0,0,0,0,20000
651325.94,4765813.58,845.16,2,1.04,0.01,27,50,15,35,0,0,0,50,0,0,0,0,40000
650526,4765000.94,991.55,2,0.64,0.12,5.4,124,5,35,0,0,0,60,0,0,0,0,50000
651180.07,4765403.2,650.97,2,0.44,0.03,41,50,0,30,0,0,0,70,0,0,0,0,20000
651306.88,4765646.61,810.58,2,1.75,0.04,19,50,0,50,0,0,0,50,0,0,0,0,60000
650735.67,4765966.17,1051.1,2,0.07,0,5,110,0,0,0,0,0,0,0,0,0,0,0
651301.71,4765463.63,457.91,2,0.89,0.02,74,50,0,100,0,0,0,0,0,0,0,0,30000
651344.74,4765651.95,522.27,2,0.77,0.03,145,50,20,70,10,0,0,0,0,0,0,0,30000
650516.99,4765467.65,741.19,2,0.15,0.04,24.7,12.2,0,10,0,0,0,90,0,0,0,0,40000
651375.78,4765366.88,650.08,2,1.45,0.01,19,50,10,70,0,0,0,20,0,0,0,0,30000
651399.37,4766076.87,728.79,2,1.05,0.06,5,50,0,50,0,0,0,50,0,0,0,0,40000
651462.12,4765544.67,614.44,2,1.05,0.01,5,50,1.67,60,0,0,0,38.33,0,0,0,0,38300
651133.42,4765599.37,932.05,2,0.81,0.02,68,50,0,50,0,0,0,50,0,0,0,0,20000
651300.7,4765760.43,639.68,2,1.15,0.03,105,110,90,10,0,0,0,0,0,0,0,0,30000
651289.28,4765660.95,759.38,2,1.69,0.04,235,50,0,50,0,0,0,50,0,0,0,0,60000
651316.45,4765389.26,687.69,2,1.14,0.02,58,50,0,40,0,0,0,60,0,0,0,0,60000
650913.85,4765524.05,839.56,2,0.6,0.05,30,-99,0,60,0,0,0,40,0,0,0,0,35000
650918.31,4765478.05,916.79,2,0.49,0.07,213,-99,0,40,0,0,0,60,0,0,0,0,50000
650904.3,4765657.88,781.6,2,0.33,0.08,15,25,0,10,0,0,0,90,0,0,0,0,60000
650627.39,4765000.05,982.44,2,0.99,0.48,93,1060,10,30,0,0,0,60,0,0,0,0,60000
651485.61,4765942.1,501.22,2,0.93,0.05,86,50,25,20,0,0,0,55,0,0,0,0,10000
650568.31,4765470.76,514.98,2,0.23,0.02,186,271,0,10,0,0,0,90,0,0,0,0,60000
651437.31,4765678.37,735.41,2,1.63,0,5,50,0,60,0,0,0,40,0,0,0,0,40000
651309.66,4765517.71,698.07,2,3.95,0.09,93,160,60,40,0,0,0,0,0,0,0,0,50000
650526.62,4765468.39,696.22,2,0.19,0.05,65.8,11,0,10,0,0,0,90,0,0,0,0,30000
650310.89,4765154.93,813.94,2,0.3,0.12,5.97,890,0,15,0,0,0,83,0,2,0,0,45000
651133.78,4765602.83,927.17,2,0.66,0,215,50,0,50,0,0,0,50,0,0,0,0,30000
651559.95,4765964.49,822.49,2,0.71,0.01,25,50,0,60,0,0,0,40,0,0,0,0,40000
650699.72,4764963.8,1123.83,2,0.15,0.01,7.6,73.45,0,0,0,0,0,100,0,0,0,0,30000
651328.05,4765749.1,732.12,2,2.58,0.09,39,50,0,90,0,0,0,10,0,0,0,0,60000
650915.41,4765509.82,863.63,2,0.68,0.05,94,-99,0,50,0,0,0,50,0,0,0,0,40000
651444.3,4765672.11,766,2,0.99,0.01,15,50,0,20,0,0,0,80,0,0,0,0,50000
651349.84,4765353.91,580.19,2,4.33,0.08,38,50,80,20,0,0,0,0,0,0,0,0,60000
651195.86,4766294.94,556.89,2,0.15,0.02,10,50,0,0,0,0,0,100,0,0,0,0,40000
651488.14,4766022.53,590.17,2,0.81,0.05,54,50,0,50,0,0,0,50,0,0,0,0,30000
651314.34,4765723.63,766.87,2,1.61,0.03,15,50,0,40,0,0,0,60,0,0,0,0,70000
650918.56,4765346.7,934.35,2,0.26,0.05,175,50,0,35,0,0,0,65,0,0,0,0,40000
651285.21,4765793.58,784.62,2,1.82,0.06,11,50,0,45,0,0,0,55,0,0,0,0,30000
651388.58,4765353.18,687.66,2,0.58,0.03,11,50,0,30,0,0,0,70,0,0,0,0,30000
651571.4,4765940.82,567.35,2,1.85,0.08,13,50,20,70,0,0,0,10,0,0,0,0,25000
650975.07,4765737.75,820.93,2,-99,-99,-99,-99,0,40,0,0,0,60,0,0,0,0,30000
651251.06,4765569.35,701.16,2,1.19,0.01,36,50,20,80,0,0,0,0,0,0,0,0,30000
650633.56,4764999.96,1076.24,2,0.41,0.04,107,126.5,7,23,0,0,0,70,0,0,0,0,60000
651537.84,4765843.01,637.54,2,1.8,0.02,23,110,10,30,0,0,0,60,0,0,0,0,60000
651205.31,4765282.93,603.34,2,0.35,0.04,155,50,0,40,0,0,0,60,0,0,0,0,30000
651823.6,4766216.15,450.24,2,1.24,0.12,5,50,30,60,0,0,0,10,0,0,0,0,30000
651563.45,4766434.84,428.52,2,2.16,0.02,5,50,0,90,0,0,0,10,0,0,0,0,50000
651314.62,4765758.94,777.14,2,1.54,0.03,21,50,0,60,0,0,0,40,0,0,0,0,30000
651183.31,4765485.82,738.98,2,0.38,0.04,115,50,0,30,0,0,0,70,0,0,0,0,20000
651245.87,4765348.19,793.06,2,1.4,0.03,125,50,0,70,0,0,0,30,0,0,0,0,30000
651261.03,4765684.48,677.24,2,1.16,0.04,77,50,0,50,0,0,0,50,0,0,0,0,60000
651334.59,4765745.48,948.71,2,1.57,0,22,50,30,30,0,0,0,40,0,0,0,0,30000
651609.86,4766063.23,481.08,2,0.7,0.04,70,50,0,80,0,0,0,20,0,0,0,0,30000
651574.05,4765938.61,576.73,2,1.46,0.06,61,50,30,50,0,0,0,20,0,0,0,0,20000
651532.81,4765985.71,735.03,2,2.64,0.12,5,50,0,90,0,0,0,10,0,0,0,0,60000
651453.22,4765819.28,628.62,2,3.05,0.07,34,50,10,50,0,0,0,40,0,0,0,0,40000
651325.43,4765425.51,521.67,2,1.02,0.02,105,50,10,90,0,0,0,0,0,0,0,0,30000
651298.99,4765571.2,607.1,2,1.82,0.03,160,50,20,20,0,0,0,60,0,0,0,0,40000
651320.11,4765635.45,928.23,2,1.45,0.06,20,50,0,80,0,0,0,20,0,0,0,0,40000
651486.79,4766110.49,681.77,2,0.8,0.03,10,170,0,80,0,0,0,20,0,0,0,0,40000
651279.63,4765479.88,526.48,2,0.58,0.06,125,50,0,30,0,0,0,70,0,0,0,0,50000
651434.72,4765680.71,723.93,2,1.35,0,5,50,0,70,0,0,0,30,0,0,0,0,40000
651272.8,4765552.68,598.26,2,0.97,0.01,195,50,0,70,0,0,0,30,0,0,0,0,25000
651263.91,4765548.57,698.71,2,1.48,0.03,32,50,10,80,0,0,0,10,0,0,0,0,30000
651323.7,4765381.64,663.92,2,1.29,0.01,63,50,0,80,0,0,0,20,0,0,0,0,40000
651437.14,4765714.64,751.17,2,1.42,0.03,22,50,0,90,0,0,0,10,0,0,0,0,30000
651314.54,4765759.19,706.58,2,1.17,0.05,90,50,90,0,0,0,0,10,0,0,0,0,15000
651319.25,4765644.9,910.63,2,1.89,0.08,28,270,10,45,0,0,0,45,0,0,0,0,40000
651450.79,4765860.39,702.13,2,3.27,0.13,45,50,20,60,0,0,0,20,0,0,0,0,60000
651310.78,4765448.54,482.19,2,0.46,0.02,53,50,0,80,0,0,0,20,0,0,0,0,10000
651746.07,4766542.68,310.68,2,1.89,0.04,11,50,0,60,0,0,0,40,0,0,0,0,50000
651728.09,4766630.51,232.9,2,4.73,0.11,5,50,50,50,0,0,0,0,0,0,0,0,45000
651297.16,4765588.56,575.61,2,1.37,0.05,185,250,20,20,0,0,0,60,0,0,0,0,40000
651443.46,4766067.29,792.56,2,0.81,0.03,14,50,0,50,0,0,0,50,0,0,0,0,40000
651340.96,4765739.85,969,2,1.28,0.03,17,50,0,40,0,0,0,60,0,0,0,0,45000
650431.64,4765004.25,1103.83,2,0.15,0.03,12.9,121,0,0,0,0,0,100,0,0,0,0,30000
650732.31,4765966.26,1056.07,2,0.02,0,5,50,0,10,0,0,0,90,0,0,0,0,20000
650242.03,4765247.72,881.95,2,0.27,0.14,14.75,31.5,0,0,0,0,0,100,0,0,0,0,150000
651131.01,4765546.37,806.91,2,0.76,0.04,120,50,0,40,0,0,0,60,0,0,0,0,40000
651274.83,4765550.69,603.55,2,1.16,0.03,105,50,10,40,0,0,0,50,0,0,0,0,10000
651270.77,4765554.66,592.98,2,0.89,0.02,140,50,0,70,0,0,0,30,0,0,0,0,10000
651621.28,4766051.99,517.73,2,0.93,0.05,53,50,20,80,0,0,0,0,0,0,0,0,20000
651300.82,4765302.22,681,2,1.32,0.02,68,50,0,60,0,0,0,40,0,0,0,0,40000
651341.66,4765656.07,505.02,2,0.78,0.02,110,110,40,60,0,0,0,0,0,0,0,0,20000
650246.65,4765247.85,909.56,2,0.36,0.04,14.65,797,1,3,1,0,0,95,0,0,0,0,150000
651454.58,4765553.92,563.83,2,4.07,0.03,75,50,30,60,0,0,0,10,0,0,0,0,70000
651299.49,4765566.38,615.85,2,2.23,0.03,38,50,20,20,0,0,0,60,0,0,0,0,40000
651556.49,4765967.2,811.32,2,1.07,0.02,17,50,0,60,0,0,0,40,0,0,0,0,40000
651299.33,4765652.75,788.64,2,1.26,0.06,24,250,30,20,0,0,0,50,0,0,0,0,60000
651314.69,4765768.36,691.09,2,1.33,0.03,25,50,0,35,0,0,0,65,0,0,0,0,60000
651764.26,4766053.33,340.95,2,-99,-99,-99,-99,90,10,0,0,0,0,0,0,0,0,10000
651253.9,4765694.92,750.48,2,1.71,0.08,36,50,0,30,0,0,0,70,0,0,0,0,100000
651727.68,4766570.76,222.88,2,1.47,0.22,60,170,0,83.45,0,0,0,16.55,0,0,0,0,40000
651316.87,4765438.78,498.55,2,0.75,0.02,46,50,40,10,0,0,0,50,0,0,0,0,30000
651312.94,4765760.17,782.77,2,0.75,0.02,19,50,0,20,0,0,0,80,0,0,0,0,40000
651318.12,4765387.5,682.21,2,0.62,0.02,76,50,0,40,0,0,0,60,0,0,0,0,50000
651317.45,4765664.75,873.66,2,1.63,0.03,24,50,0,65,0,0,0,35,0,0,0,0,50000
651229.64,4765570.5,790.06,2,1.41,0.04,160,50,20,60,0,0,0,20,0,0,0,0,40000
651275.73,4765668.84,855.09,2,1.62,0.12,39,50,0,60,0,0,0,40,0,0,0,0,60000
651273.48,4765552.02,600.03,2,0.9,0.02,93,50,0,40,0,0,0,60,0,0,0,0,10000
651366.25,4765515.61,586.11,2,0.74,0.02,33,50,0,50,0,0,0,50,0,0,0,0,50000
651340.7,4765739.42,688.97,2,3.08,0.15,46,50,40,50,0,0,0,10,0,0,0,0,55000
651356.64,4765726.68,632.54,2,0.82,0.11,26,120,20,70,0,0,0,10,0,0,0,0,20000
651451.65,4765795.07,622.92,2,2.33,0.08,21,50,20,50,0,0,0,30,0,0,0,0,40000
651134.37,4765608.63,919.04,2,0.75,0,48,50,0,70,0,0,0,30,0,0,0,0,20000
651318.96,4765833.42,588.01,2,1.25,0.09,110,25,0,75,0,0,0,25,0,0,0,0,30000
651550.14,4765972.16,790.85,2,2.65,0.12,5,50,0,60,0,0,0,40,0,0,0,0,50000
650627.27,4765000.05,980.45,2,0.14,0.04,20.9,195.5,7,23,0,0,0,70,0,0,0,0,55000
650915.3,4765510.84,861.91,2,0.63,0.05,63,-99,0,30,0,0,0,70,0,0,0,0,60000
651278.59,4765669.72,728.32,2,0.89,0.03,29,50,0,70,0,0,0,30,0,0,0,0,40000
651458,4765549.55,587.18,2,2.05,0.08,31,50,0,60,0,0,0,40,0,0,0,0,60000
651345.59,4765735.61,672.06,2,2.99,0.21,10,-99,50,50,0,0,0,0,0,0,0,0,50000
651276.23,4765543.18,800.74,2,1.3,0.05,57,50,0,50,0,0,0,50,0,0,0,0,60000
651255.69,4765553.82,720.64,2,1.38,0.03,47,50,0,70,0,0,0,30,0,0,0,0,40000
651455.93,4765790.88,639.89,2,1.62,0.07,19,50,40,60,0,0,0,0,0,0,0,0,40000
651347.58,4765356.45,587.43,2,2.97,0.13,32,50,60,40,0,0,0,0,0,0,0,0,90000
651266.34,4765815.73,718.76,2,0.8,0.08,65,140,0,70,0,0,0,30,0,0,0,0,25000
651197.51,4765309.13,562.79,2,0.46,0.03,32,50,0,80,0,0,0,20,0,0,0,0,10000
651320.43,4765631.68,935.28,2,1.14,0.01,21,50,0,70,0,0,0,30,0,0,0,0,35000
651270.88,4765548.56,780.1,2,1.11,0.03,24,50,0,60,0,0,0,40,0,0,0,0,40000
651180.92,4765402.49,652.63,2,0.28,0.04,37,50,0,40,0,0,0,60,0,0,0,0,10000
651402.02,4765509.32,515.73,2,0.79,0.06,30,50,33.53,20,0,0,0,46.47,0,0,0,0,35300
650245.66,4765247.82,903.65,2,0.38,0.03,12.7,18.8,0,0,0,0,0,100,0,0,0,0,150000
651355.11,4765377.58,490.77,2,0.65,0.02,110,50,0,60,0,0,0,40,0,0,0,0,30000
650627.87,4765000.01,990.43,2,0.16,0.03,8.07,23.3,5,25,0,0,0,70,0,0,0,0,50000
650921.11,4765303.78,1008.83,2,0.42,0.05,61,50,0,30,0,0,0,70,0,0,0,0,60000
651264.8,4765817.62,713.28,2,0.81,0.09,105,50,0,30,0,0,0,70,0,0,0,0,25000
650311.66,4765154.73,825.92,2,0.09,0.02,5.43,18,0,20,0,0,0,80,0,0,0,0,40000
651273.8,4765545.63,791.36,2,2.07,0.02,52,50,0,20,0,0,0,80,0,0,0,0,80000
651305.11,4765765.91,809.03,2,2.03,0.03,25,50,0,70,0,0,0,30,0,0,0,0,70000
651302.15,4765775.89,841.57,2,2.21,0.06,5,50,0,50,0,0,0,50,0,0,0,0,35000
651586.51,4766425.04,397.67,2,2.81,0.13,11,50,30,50,0,0,0,20,0,0,0,0,50000
651335.17,4765744.97,950.55,2,1.8,0.03,26,110,0,50,0,0,0,50,0,0,0,0,50000
651293.82,4765620.38,517.89,2,0.91,0.03,115,50,15,20,0,0,0,65,0,0,0,0,30000
651816.88,4766224.39,428.73,2,1.23,0.09,51,50,0,100,0,0,0,0,0,0,0,0,40000
651140.18,4765661.09,848.63,2,0.68,0.03,45,25,0,80,0,0,0,20,0,0,0,0,30000
651325.94,4765761.58,935.23,2,0.38,0.02,26,50,0,60,0,0,0,40,0,0,0,0,40000
651250.21,4765557.32,735.25,2,1.05,0.03,58,260,30,50,0,0,10,10,0,0,0,0,20000
650632.08,4764999.96,1054.29,2,0.25,0.04,78.9,182.5,10,25,0,0,0,65,0,0,0,0,55000
651485.09,4765904.89,735.77,2,1.25,0.02,80,280,20,30,0,0,0,50,0,0,0,0,40000
651735.08,4766559.44,258.39,2,1.49,0.03,5,140,50,50,0,0,0,0,0,0,0,0,40000
651276.14,4765668.4,857,2,0.99,0.19,37,50,0,40,0,0,0,60,0,0,0,0,55000
651449.06,4765798.25,652.37,2,2.09,0.05,18,50,0,70,0,0,0,30,0,0,0,0,40000
651351.76,4765723.15,780.1,2,2.32,0.06,32,50,0,80,0,0,0,20,0,0,0,0,40000
651304.56,4765365.77,760.99,2,1.69,0,87,50,40,50,0,0,0,10,0,0,0,0,30000
651314.19,4765391.57,695.01,2,1.06,0.02,190,50,70,20,0,0,0,10,0,0,0,0,30000
651133.2,4765597.08,935.32,2,0.73,0,25,50,0,65,0,0,0,35,0,0,0,0,30000
651300.59,4765651.73,792.29,2,1.52,0.03,5,50,0,50,0,0,0,50,0,0,0,0,60000
651285.21,4765658.88,898.98,2,1.08,0,84,50,0,60,0,0,0,40,0,0,0,0,40000
651551.82,4765492.66,630.02,2,0.68,0.01,34,120,0,20,0,0,0,80,0,0,0,0,50000
651476.32,4766241.94,628.58,2,1.24,0.05,5,50,0,70,0,0,0,30,0,0,0,0,40000
651757.65,4766525.36,364.8,2,1.32,0.03,29,50,0,90,0,0,0,10,0,0,0,0,30000
651463.46,4765932.37,648.52,2,3.74,0.15,28,50,100,0,0,0,0,0,0,0,0,0,25000
651549.95,4765495.75,600.24,2,1.07,0.04,30,50,20,80,0,0,0,0,0,0,0,0,30000
651259.8,4765824.04,695.01,2,0.56,0.04,155,50,0,70,0,0,0,30,0,0,0,0,20000
651550.2,4765495.34,604.21,2,0.61,0.03,115,50,0,60,0,0,0,40,0,0,0,0,40000
651457.87,4765678.15,574.39,2,1.42,0.07,30,50,0,100,0,0,0,0,0,0,0,0,30000
651186.71,4765397.64,664.42,2,0.52,0.05,195,50,0,70,0,0,0,30,0,0,0,0,30000
650315.72,4765153.72,887.78,2,0.36,0.02,19.15,97.1,7,35,0,0,0,55,0,3,0,0,65000
651587.24,4766424.34,399.4,2,2.88,0.11,5,140,10,50,0,0,0,40,0,0,0,0,60000
651316.85,4765673.23,857.79,2,1.13,0.07,15,430,10,30,0,0,0,60,0,0,0,0,30000
651194.58,4765297.5,569.93,2,0.48,0.1,155,50,0,50,0,0,0,50,0,0,0,0,40000
651316.02,4765801.86,636.58,2,1.07,0.02,190,50,10,80,0,0,0,10,0,0,0,0,30000
651314.33,4765724.64,765.15,2,2.21,0.04,13,50,0,60,0,0,0,40,0,0,0,0,70000
650928.58,4766030.99,881.02,2,0.23,0.05,10,130,0,20,0,0,0,80,0,0,0,0,30000
651813.92,4766630.2,117.68,2,3.71,0.05,5,50,10,70,0,0,0,20,0,0,0,0,80000
651355.14,4765720.71,789.19,2,1.85,0.16,29,50,10,70,0,0,0,20,0,0,0,0,40000
651346.15,4765363.23,655.68,2,1.23,0.02,35,50,0,70,0,0,0,30,0,0,0,0,30000
651640.19,4766640.01,382.91,2,2.94,0.34,5,50,0,100,0,0,0,0,0,0,0,0,50000
651325.94,4765844.58,791.47,2,0.75,0.03,27,50,0,35,0,0,0,65,0,0,0,0,40000
651577.78,4766433.48,376.97,2,1.7,0.02,5,50,0,40,0,0,0,60,0,0,0,0,40000
650528.04,4765000.77,1017.47,2,0.44,0.04,23.7,68.4,10,15,0,0,0,75,0,0,0,0,50000
651261.96,4765563.36,570.12,2,1.24,0.04,145,50,0,0,0,0,0,0,0,0,0,0,0
651191.67,4765393.48,674.52,2,0.39,0.08,310,50,0,40,0,0,0,60,0,0,0,0,40000
651325.94,4765809.58,852.09,2,1.14,0.03,25,50,10,40,0,0,0,50,0,0,0,0,40000
651557.72,4765743.08,366.24,2,1.53,0.22,18,50,100,0,0,0,0,0,0,0,0,0,20000
651314.58,4765761.23,703.14,2,1.47,0.05,13,120,90,10,0,0,0,0,0,0,0,0,20000
651444.99,4765801.58,596.51,2,1.67,0.13,21,50,80,20,0,0,0,0,0,0,0,0,30000
651453.46,4765555.41,556.05,2,2.84,0.07,17,50,90,10,0,0,0,0,0,0,0,0,40000
651424.77,4765689.68,679.92,2,1.19,0,27,50,0,70,0,0,0,30,0,0,0,0,40000
651330.98,4765500.51,514.34,2,0.54,0.04,43,1270,0,30,0,0,0,70,0,0,0,0,40000
651490.97,4766020.08,599.44,2,0.67,0.07,41,50,0,100,0,0,0,0,0,0,0,0,25000
651710.85,4766637.45,202.07,2,1.13,0.14,76,50,0,70,0,0,0,30,0,0,0,0,30000
651232.22,4765589.4,623.91,2,1.29,0.02,50,50,30,40,0,0,0,30,0,0,0,0,40000
651296.78,4765404.86,682.54,2,1.25,0.01,46,50,0,50,10,0,0,40,0,0,0,0,30000
651282.74,4765544.56,864.92,2,1.42,0.02,31,50,0,60,0,0,0,40,0,0,0,0,40000
651351.32,4765643.29,558.68,2,0.72,0.04,72,50,0,80,0,0,0,20,0,0,0,0,30000
651473.29,4766038.39,843.85,2,1.03,0.03,29,50,0,40,0,0,0,60,0,0,0,0,50000
651244.32,4765349.46,789.6,2,1.47,0.02,49,50,0,70,0,0,0,30,0,0,0,0,40000
651418.88,4765604.31,695.09,2,1.46,0.03,35,50,0,70,0,0,0,30,0,0,0,0,40000
651260.4,4765685.01,675.41,2,1.23,0.04,81,50,10,40,0,0,0,50,0,0,0,0,50000
651215.54,4765270.08,633.1,2,1.78,0.02,63,350,25,0,0,0,0,75,0,0,0,0,70000
651245.41,4765560.38,748.05,2,0.95,0.03,77,120,20,40,0,0,0,40,0,0,0,0,30000
650313.32,4765154.29,851.86,2,0.05,0.01,13.4,10.3,0,18,0,0,0,80,0,2,0,0,40000
651258.2,4765689.49,771.36,2,1.75,0.08,33,50,10,70,0,0,0,20,0,0,0,0,60000
651762.38,4766616.56,296.97,2,2.33,0.03,10,50,10,80,0,0,0,10,0,0,0,0,40000
651330.28,4765747.45,724.62,2,2.36,0.1,16,50,0,80,0,0,0,20,0,0,0,0,30000
651325.94,4765833.58,810.52,2,1.34,0.07,19,50,0,40,0,0,0,60,0,0,0,0,40000
651179.23,4765403.91,649.3,2,0.81,0.03,64,50,0,40,0,0,0,60,0,0,0,0,20000
651434.39,4765802.03,605.24,2,2.98,0.32,56,50,50,50,0,0,0,0,0,0,0,0,40000
651280,4765478.15,530.07,2,0.77,0.03,185,170,0,60,0,0,0,40,0,0,0,0,40000
651436.45,4765679.15,731.58,2,1.35,0,5,50,0,70,0,0,0,30,0,0,0,0,35000
651293.9,4765525.67,868.31,2,0.46,0.02,18,50,0,30,0,0,0,70,0,0,0,0,70000
651469.86,4765777.55,694.59,2,1.15,0.02,25,120,0,40,0,0,0,60,0,0,0,0,50000
650567.34,4764999.24,980.99,3,0.5,0.06,14.57,278.25,5,5,0,0,0,90,0,0,0,0,70000
651163.03,4766199.13,-609.19,3,0.09,0.09,98.8,20.7,0,30,0,0,0,68,0,2,0,0,30000
650427.18,4764953.77,1108.83,3,0.09,0.4,14.65,8.9,0,18,0,0,0,80,0,2,0,0,20000
651748.68,4765982.75,204.64,3,0.17,0.07,26,50,0,10,0,0,0,90,0,0,0,0,60000
651578.89,4766098.98,375.18,3,0.67,1.04,39,230,0,30,0,0,0,70,0,0,0,0,40000
650395.73,4764801.93,1026.47,3,0.08,0.03,11.23,15.84,0,0,0,0,0,100,0,0,0,0,5000
650624.91,4764948.88,978.62,3,0.25,0.1,16.25,112,0,25,0,0,0,75,0,0,0,0,20000
650254.24,4765049.59,951.63,3,0.2,0.11,29.9,52.3,0,15,0,0,0,85,0,0,0,0,30000
651007.82,4765955.86,615.42,3,0.94,0.35,34,50,20,70,0,0,0,10,0,0,0,0,20000
651553.22,4766132.72,284.62,3,0.46,0.08,21,50,0,70,0,0,0,30,0,0,0,0,20000
650629.83,4765751.4,766.96,3,0.25,0.03,111.5,11.3,0,30,0,0,0,70,0,0,0,0,20000
651492.65,4765951.38,435.99,3,0.59,0.07,215,50,0,50,0,0,0,50,0,0,0,0,30000
651422.76,4765476.84,564.28,3,3.36,0.24,11,50,70,20,0,0,0,10,0,0,0,0,40000
651421.85,4765599.76,336.71,3,0.56,0.04,130,510,0,30,0,0,0,70,0,0,0,0,50000
650745.39,4765132.64,938.33,3,-99,-99,-99,-99,0,10,0,0,0,90,0,0,0,0,25000
651329.03,4765279.98,582.38,3,1.12,0.03,58,50,0,90,0,0,0,10,0,0,0,0,30000
650165.94,4764997.48,1045.13,3,0.2,0.13,56.8,240,0,15,0,0,0,85,0,0,0,0,25000
650548.7,4764835.03,1066.41,3,0.05,0.02,9.19,29.18,0,1,1,0,0,98,0,0,0,0,50000
650084.29,4765048.13,1038.54,3,0.13,0.23,4.09,248,0,18,0,0,0,80,0,2,0,0,30000
651231.26,4766406.38,671,3,-99,-99,-99,-99,0,0,0,0,0,100,0,0,0,0,15000
650735.35,4765099.36,1025.92,3,0.05,0.02,25.81,20.51,0,20,0,0,0,80,0,0,0,0,70000
651857.8,4766471.12,163.56,3,1.47,0.06,18,50,25,45,0,0,0,30,0,0,0,0,25000
651426.7,4766152.1,449,3,1.03,0.05,140,50,0,80,0,0,0,20,0,0,0,0,40000
651491.41,4766495.61,299.23,3,0.1,0.02,55,50,0,40,0,0,0,60,0,0,0,0,10000
650277.99,4764997.97,1000.65,3,0.22,0.08,15,56.4,0,10,0,0,0,90,0,0,0,0,30000
650331.63,4764901.58,954.8,3,0.07,0.02,3.87,8.7,0,45,0,0,0,55,0,0,0,0,10000
650589.56,4764920.16,1111.21,3,0.36,0.04,10.34,246.75,0,0,0,0,0,100,0,0,0,0,20000
651408.4,4765824.51,715.72,3,3.69,0.59,41,120,10,90,0,0,0,0,0,0,0,0,50000
651436.89,4766144.25,488.98,3,0.69,0.02,99,50,0,100,0,0,0,0,0,0,0,0,30000
650268.79,4764997.82,974.21,3,0.16,0.1,16.2,64.7,0,10,0,0,0,88,0,2,0,0,30000
651084.45,4765630.33,299.14,3,0.25,0.1,24,50,0,30,0,0,0,70,0,0,0,0,30000
650905.37,4765724.01,98.28,3,0.29,0.04,59.2,4.9,0,25,0,0,0,75,0,0,0,0,30000
651784.52,4766247.69,193.15,3,0.82,0.33,15,50,20,50,0,0,0,30,0,0,0,0,30000
650956.6,4765919.32,468.47,3,0.35,0.04,20,50,0,70,0,0,0,30,0,0,0,0,30000
650849.05,4766169.72,112.76,3,0.91,0.51,14.7,57.5,0,15,0,0,0,83,0,2,0,0,60000
650387.25,4764950.88,864.09,3,0.05,0.03,2.53,45.6,0,30,0,0,0,70,0,0,0,0,1000
650264.86,4764997.76,962.87,3,0.16,0.21,36.1,82.1,0,15,0,0,0,84,0,1,0,0,20000
650234.22,4765098.65,1127.5,3,0.9,0.15,37.2,37,0,5,10,0,0,85,0,0,0,0,20000
651146.92,4765516.27,607.28,3,0.38,0.07,44,50,0,30,0,0,0,70,0,0,0,0,30000
651163.82,4765771.97,53.25,3,0.22,0.11,16,50,0,20,0,0,0,80,0,0,0,0,10000
651613.77,4766671.93,236.29,3,-99,-99,-99,-99,0,0,0,0,0,100,0,0,0,0,10000
651406.2,4766679.5,145.04,3,1.26,0.16,110,50,0,70,0,0,0,30,0,0,0,0,40000
650059.92,4764884.08,1086.81,3,0.13,0.06,5.8,26.35,0,0,0,0,0,100,0,0,0,0,10000
650816.72,4766120.73,768.07,3,0.08,0.03,5,50,0,10,0,0,0,90,0,0,0,0,40000
650860.06,4765727.17,202.83,3,0.14,0.02,21.8,13.4,0,70,0,0,0,28,0,2,0,0,15000
651330.1,4766007.88,559.14,3,0.94,0.06,140,50,0,40,0,0,0,60,0,0,0,0,40000
651874.26,4766345.8,204.69,3,0.83,0.26,5,50,30,30,0,0,0,40,0,0,0,0,30000
651592.95,4766081.76,424.39,3,0.9,0.21,61,230,0,30,0,0,0,70,0,0,0,0,40000
650132.42,4764996.3,985.97,3,0.11,0.08,2.11,47.8,0,45,0,0,0,55,0,0,0,0,15000
650653.78,4765471.91,190.05,3,0.52,0.42,48.1,90.5,0,15,0,0,0,85,0,0,0,0,80000
651018.15,4765954.55,598.34,3,1.03,0.17,120,50,0,80,0,0,0,20,0,0,0,0,30000
650217.07,4765098.02,1035.08,3,0.43,0.22,65,33.6,0,40,0,0,0,52,0,8,0,0,30000
651588.96,4765592.74,523.02,3,1.02,0.02,39,50,10,80,0,0,0,10,0,0,0,0,30000
650393.85,4764802.19,1112.45,3,0.08,0.06,7.14,31.8,0,0,0,0,0,100,0,0,0,0,5000
651331.9,4766676.31,70.22,3,-99,-99,-99,-99,10,35,0,0,0,50,0,0,5,0,20000
651406.66,4766168.15,369.02,3,0.89,0.08,34,50,0,80,0,0,0,20,0,0,0,0,40000
651413.79,4765699.59,632.16,3,2.04,0.08,13,50,20,50,0,0,0,30,0,0,0,0,30000
650719.7,4765737.94,549.17,3,-99,-99,-99,-99,0,38,0,0,0,60,0,2,0,0,35000
650091.94,4765048.05,1128.22,3,0.26,0.31,45.4,42.9,0,10,0,0,0,90,0,0,0,0,3000
651359.44,4766159.03,636,3,1.06,0.05,88,50,0,70,0,0,0,30,0,0,0,0,30000
651230.96,4766406.13,1085,3,-99,-99,-99,-99,0,0,0,0,0,0,0,0,0,0,0
650933.17,4765932.04,564.85,3,0.58,0.06,52,50,0,40,0,0,0,60,0,0,0,0,40000
651554.01,4766680.08,309.68,3,0.8,0.09,270,50,0,80,0,0,0,20,0,0,0,0,20000
651168.15,4764775.43,1012.28,3,0.63,0.03,56.72,140.32,0,0,0,0,0,100,0,0,0,0,60000
650472.29,4764922.11,1120.42,3,2.24,1.37,12.27,70.8,0,30,40,0,0,30,0,0,0,0,70000
650938.56,4765720.76,23.36,3,0.97,0.4,109,25.5,0,43,0,0,0,55,0,2,0,0,35000
651839.94,4766479.03,138.22,3,0.83,0.26,13,50,80,0,0,0,0,20,0,0,0,0,10000
650928.43,4765934.43,584.13,3,0.99,0.16,130,50,0,70,0,0,0,30,0,0,0,0,40000
650258.57,4765049.54,962.82,3,0.09,0.02,15.8,7.6,0,10,0,0,0,90,0,0,0,0,15000
650994.87,4765981,668.7,3,0.27,0.05,19,50,0,60,0,0,0,40,0,0,0,0,30000
651598.95,4766046.42,393.22,3,0.89,0.06,155,50,0,60,0,0,0,40,0,0,0,0,40000
650151.16,4764996.96,1019.03,3,0.08,0.09,23.5,49.8,0,15,0,0,0,85,0,0,0,0,25000
650644.7,4765471.75,222.81,3,0.05,0.02,17,18.3,0,5.87,0,0,0,94.13,0,0,0,0,30000
651441.34,4766141,506.11,3,0.86,0.02,72,120,0,80,0,0,0,20,0,0,0,0,40000
650960.76,4765916.94,451.12,3,0.03,0,5,50,0,0,0,0,0,100,0,0,0,0,20000
651826.44,4766199.53,289.98,3,1.17,0.34,190,620,0,40,0,0,0,60,0,0,0,0,50000
651224.45,4766252.18,685.94,3,1.33,0.17,63,50,0,40,0,0,0,60,0,0,0,0,40000
651221.78,4765717.95,564.48,3,0.5,0.14,53,140,0,10,0,0,0,90,0,0,0,0,40000
650875.28,4766079.01,547.52,3,0.37,0.13,71,50,0,20,0,0,0,80,0,0,0,0,30000
650924.43,4764928.17,998.48,3,0.05,0.01,11,-99,0,0,0,0,0,100,0,0,0,0,40000
650072.67,4764993.08,1081.84,3,0.07,0.03,2.5,10,0,25,0,0,0,75,0,0,0,0,10000
651548.94,4766708.16,-52.46,3,0.74,0.15,19,50,0,50,0,0,0,50,0,0,0,0,40000
650984.21,4765990.19,704,3,0.33,0.09,23,50,0,25,0,0,0,75,0,0,0,0,50000
650480.33,4764927.67,1092.81,3,1.46,0.41,15.55,803.5,10,30,0,0,0,60,0,0,0,0,70000
651143.39,4766198.13,-558.9,3,0.22,0.06,13.35,4.5,0,35,0,0,0,63,0,2,0,0,30000
651810.72,4766232.03,409.04,3,0.83,0.06,49,50,0,30,0,0,0,70,0,0,0,0,40000
651570.02,4766014.8,326.2,3,0.83,0.17,78,50,0,50,0,0,0,50,0,0,0,0,30000
650676.08,4765138.1,1075.11,3,0.03,0.01,1.69,6.47,0,20,0,0,0,80,0,0,0,0,50000
651370.05,4766146.69,656.27,3,0.94,0.08,68,50,0,50,0,0,0,50,0,0,0,0,30000
651546.75,4766141.96,261.19,3,0.08,0.05,12,50,0,0,0,0,0,100,0,0,0,0,10000
650631.13,4764949.23,1056.37,3,0.02,0,1.76,8,0,10,0,0,0,90,0,0,0,0,30000
650782.1,4766163.95,260.16,3,0.66,0.22,38.2,33.3,0,33,0,0,0,65,0,2,0,0,30000
650400.46,4765003.6,918.44,3,0.2,0.05,29,6.4,0,30,0,0,0,70,0,0,0,0,30000
650759.32,4765731.83,455.38,3,0.72,0.21,54.3,81.4,0,55,0,0,0,45,0,0,0,0,35000
650316.96,4764999,1112.03,3,0.02,0,3.17,19.7,0,0,0,0,0,100,0,0,0,0,5000
651423.08,4766138.56,473.34,3,0.73,0.04,58,50,0,60,0,0,0,40,0,0,0,0,40000
651313.99,4765291.47,529.67,3,2.99,0.23,105,50,40,50,0,0,0,10,0,0,0,0,30000
651531.2,4766603.86,304.09,3,0.54,0.12,215,50,0,50,0,0,0,50,0,0,0,0,30000
650077.1,4764993.04,1107.46,3,1.19,0.42,5.67,12.1,0,40,0,0,0,57,0,3,0,0,60000
650399.78,4765003.61,914.49,3,0.14,0.06,13.8,26.6,0,25,0,0,0,75,0,0,0,0,30000
650739.6,4765103.66,1011.1,3,0.71,0.07,54.72,11.11,0,20,0,0,0,80,0,0,0,0,70000
650472.27,4764921.74,1110.43,3,2.09,0.8,28.45,130.5,10,30,30,0,0,30,0,0,0,0,70000
650687.12,4765150.13,1040.79,3,0.9,0.08,112.25,10.95,0,40,0,0,0,60,0,0,0,0,80000
650867.03,4764838.61,1058.57,3,0.03,0,10.69,108.25,0,0,0,0,0,100,0,0,0,0,25000
650196.15,4764950.57,1059.02,3,0.15,0.05,-99,-99,0,20,0,0,0,80,0,0,0,0,30000
650749.94,4765733.24,477.42,3,-99,-99,-99,-99,0,40,0,0,0,60,0,0,0,0,15000
650675.3,4764899.08,937.19,3,0.06,0.01,6.56,8.03,0,20,0,0,0,80,0,0,0,0,70000
651142.13,4765677.61,-379.25,3,0.38,0.58,90.9,139.5,0,35,0,0,0,63,0,2,0,0,30000
651230.68,4766406.37,377.01,3,0.65,0.09,17.3,16.9,0,55,0,0,0,45,0,0,0,0,35000
650680.74,4765143.29,1060.71,3,0.16,0.02,12.69,6.86,0,20,0,0,0,80,0,0,0,0,70000
651277.39,4766565.11,148.45,3,-99,-99,-99,-99,0,70,0,0,0,30,0,0,0,0,10000
651671.21,4766288.42,209.88,3,0.81,0.06,160,50,0,30,0,0,0,70,0,0,0,0,30000
651415.13,4765698.38,637.88,3,2.05,0.08,20,50,0,70,0,0,0,30,0,0,0,0,40000
650711.22,4765739.29,569.42,3,1.09,0.05,42.8,6.5,3,30,0,0,0,67,0,0,0,0,45000
650753.07,4765732.77,470.07,3,0.56,0.07,70.2,5.6,0,40,0,0,0,60,0,0,0,0,30000
651553.63,4766092.73,576.06,3,1.26,0.1,96,50,0,80,0,0,0,20,0,0,0,0,50000
651480.77,4766028.9,566.06,3,0.84,0.07,96,50,0,80,0,0,0,20,0,0,0,0,30000
651730.89,4766007.92,109.52,3,0.46,0.41,74,140,0,40,0,0,0,60,0,0,0,0,40000
651175.35,4765928.17,636.21,3,0.08,0,150,50,0,40,0,0,0,60,0,0,0,0,10000
651229.03,4766407.16,-4.99,3,-99,-99,-99,-99,27,63,0,0,0,10,0,0,0,0,29000
650621.4,4765000.53,874.61,3,0.35,0.16,48.1,62.4,0,30,0,0,0,67,0,3,0,0,30000
651817.61,4766442.76,234.77,3,0.39,0.3,61,50,0,20,0,0,0,80,0,0,0,0,40000
650534.51,4765000.5,1099.21,3,0.24,0.02,-99,-99,0,8,0,0,0,92,0,0,0,0,40000
650869.93,4764799.76,965.78,3,0.04,0,8.65,68,0,40,0,0,0,60,0,0,0,0,30000
650640.46,4765471.71,238.24,3,0.24,0.03,57.3,4.7,0,17,0,0,0,83,0,0,0,0,30000
650921.19,4765065.28,729.45,3,0.02,0.02,5,-99,0,0,0,0,0,100,0,0,0,0,50000
651219.17,4765720.18,557.25,3,0.2,0.04,180,50,0,20,0,0,0,80,0,0,0,0,30000
650394.36,4765003.72,882.96,3,0.13,0.22,10.05,34.3,0,40,0,0,0,60,0,0,0,0,15000
650687.64,4764885.35,1053.69,3,0.35,0.04,19,7.75,0,22.5,0,0,0,77.5,0,0,0,0,85000
650509.56,4765034.28,1003.23,3,0.22,0.1,12.19,108.5,0,7,0,0,0,93,0,0,0,0,60000
651176.42,4765932.05,631.76,3,0.18,0.03,130,50,0,30,0,0,0,70,0,0,0,0,10000
650685.35,4764924.36,1053.79,3,0.62,0.02,16.95,292,0,28,0,0,0,70,0,2,0,0,50000
651468.92,4766787.73,131.28,3,-99,-99,-99,-99,0,40,0,0,0,60,0,0,0,0,30000
650794.13,4765728.91,368.15,3,0.34,0.06,53.9,3.6,0,30,0,0,0,70,0,0,0,0,15000
650085.65,4765048.12,1054.48,3,0.2,0.67,-99,-99,0,12,0,0,0,85,0,3,0,0,30000
651750,4766186.31,291.85,3,0.39,0.08,18,430,0,10,0,0,0,90,0,0,0,0,50000
650472.85,4764918.61,1008.48,3,0.09,0.35,9.22,80.7,0,10,0,0,0,90,0,0,0,0,40000
651534.55,4766459.09,376.82,3,1.16,0.14,315,50,10,80,0,0,0,10,0,0,0,0,30000
651228.98,4766406.86,-66.99,3,-99,-99,-99,-99,0,60,0,0,0,40,0,0,0,0,5000
650945.82,4765925.17,512.8,3,0.69,0.12,25,50,0,40,0,0,0,60,0,0,0,0,40000
651624.3,4766646.93,369.35,3,2.12,0.2,51,50,0,100,0,0,0,0,0,0,0,0,40000
651810.16,4766232.73,407.25,3,0.86,0.1,52,50,0,30,0,0,0,70,0,0,0,0,40000
651490.27,4766040.68,536.91,3,0.97,0.03,140,50,20,30,0,0,0,50,0,0,0,0,30000
650334.88,4764877.92,1009.85,3,0.13,0.05,4.79,18,0,25,0,0,0,75,0,0,0,0,30000
651042.59,4765676.52,524.66,3,0.74,0.15,70,50,0,30,0,0,0,70,0,0,0,0,40000
650661.2,4765747.21,689.15,3,-99,-99,-99,-99,0,25,0,0,0,75,0,0,0,0,30000
650165.24,4765049.86,976.05,3,0.1,0.12,13.2,30.4,0,30,0,0,0,70,0,0,0,0,35000
651474.76,4766750.9,60.06,3,0.68,0.06,225,50,0,60,0,0,0,40,0,0,0,0,30000
651498.7,4766074.84,510.49,3,0.74,0.04,140,50,0,75,0,0,0,25,0,0,0,0,30000
650761.27,4764888.58,1019.46,3,0.15,0.09,5.86,425,0,20,0,0,0,80,0,0,0,0,60000
651430.07,4766149.44,462.32,3,1.47,0.05,275,50,0,100,0,0,0,0,0,0,0,0,40000
651463.13,4765672.28,592.77,3,2.43,0.08,11,50,0,60,0,0,0,40,0,0,0,0,50000
650921.17,4765064.34,731.21,3,0.02,0.02,5,-99,0,0,0,0,0,100,0,0,0,0,50000
651004.87,4765711.76,697.09,3,0.76,0.17,15,50,0,60,0,0,0,40,0,0,0,0,30000
651163.33,4765882.77,690.77,3,0.84,0.05,195,50,0,70,0,0,0,30,0,0,0,0,20000
650522.66,4764950.54,949.66,3,0.11,0.14,4.75,125,0,17,0,0,0,80,0,3,0,0,30000
651168.14,4764772.78,968.36,3,0.91,0.04,165.5,678.5,0,20,0,0,0,80,0,0,0,0,70000
651238.64,4766862.01,68.51,3,1.12,0.12,83,50,10,50,0,0,0,40,0,0,0,0,30000
650624.42,4765098.75,1113.22,3,0.03,0.01,3.37,23.4,0,0,0,0,0,100,0,0,0,0,50000
651587.91,4766689.9,5.26,3,0.72,0.11,69,50,0,50,0,0,0,50,0,0,0,0,30000
651053.73,4765665.81,470.84,3,0.73,0.13,50,50,0,40,0,0,0,60,0,0,0,0,30000
651325.3,4766199,570.47,3,0.19,0.05,41,50,0,10,0,0,0,90,0,0,0,0,20000
651011.76,4765711.56,-136.41,3,0.13,0.09,45.3,21.8,0,10,0,0,0,90,0,0,0,0,30000
651884.65,4766336.43,252.69,3,0.67,0.12,5,50,0,50,0,0,0,50,0,0,0,0,40000
651533.65,4766459.85,375.21,3,1.49,0.14,130,50,10,80,0,0,0,10,0,0,0,0,20000
651234.55,4766241.73,664.38,3,0.05,0.03,5,50,0,0,0,0,0,0,0,0,0,0,0
651030.06,4765688.62,584.16,3,0.84,0.07,25,140,0,50,0,0,0,50,0,0,0,0,20000
651674.13,4766285.67,219.04,3,1.3,0.05,98,50,0,40,0,0,0,60,0,0,0,0,50000
650207.19,4765097.8,981.99,3,0.24,0.33,94,101,0,35,0,0,0,65,0,0,0,0,25000
650792.81,4766136.34,853.42,3,0.32,0.04,21,50,0,20,0,0,0,80,0,0,0,0,30000
651678.8,4766297.78,389.76,3,1.54,0.22,23,2710,0,70,0,0,0,30,0,0,0,0,40000
651562.84,4765736.27,405.32,3,1.3,0.31,42,150,30,40,0,0,0,30,0,0,0,0,20000
651176.95,4765664.72,-433.81,3,0.45,0.05,22.8,54.8,0,35,0,0,0,65,0,0,0,0,25000
650517.84,4765001.96,885.87,3,0.06,0.02,4.09,30.2,0,5,0,0,0,95,0,0,0,0,20000
651467.73,4766176.73,554.26,3,0.67,0.03,24,50,0,80,0,0,0,20,0,0,0,0,45000
651578.37,4766099.63,373.36,3,0.49,0.56,53,430,0,30,0,0,0,70,0,0,0,0,30000
651334.06,4766665.71,129.24,3,-99,-99,-99,-99,0,35,0,0,0,65,0,0,0,0,20000
650988.18,4765958.18,647.87,3,0.94,0.16,125,50,20,70,0,0,0,10,0,0,0,0,30000
650736.67,4765735.24,508.66,3,0.5,0.08,155,4.1,0,40,0,0,0,57,0,3,0,0,20000
651282.53,4766523.13,-174.32,3,-99,-99,-99,-99,0,80,0,0,0,20,0,0,0,0,15000
651376.71,4766670.82,94.46,3,-99,-99,-99,-99,0,90,0,0,0,10,0,0,0,0,15000
651391.82,4766111.84,416.69,3,0.35,0.12,125,50,0,90,0,0,0,10,0,0,0,0,10000
651818.16,4766441.92,276.76,3,0.69,0.15,39,50,0,30,0,0,0,70,0,0,0,0,30000
651743.97,4766190.58,306.04,3,0.91,0.24,36,200,0,54,0,0,0,46,0,0,0,0,29000
651581.56,4766180.64,636.86,3,1.2,0.05,27,50,0,40,0,0,0,60,0,0,0,0,60000
650683.84,4764925.23,1057.39,3,0.12,0.02,6.3,140,0,20,0,0,0,78,0,2,0,0,45000
651522.32,4766722.21,120.37,3,1.06,0.12,140,50,0,60,0,0,0,40,0,0,0,0,30000
651230.63,4766406.83,163.01,3,0.37,0,25,7,0,30,0,0,0,70,0,0,0,0,30000
651388.6,4765319.84,583.94,3,0.71,0.01,205,50,0,70,0,0,0,30,0,0,0,0,30000
650924.07,4764939.58,975.12,3,0.11,0.01,23,-99,0,0,0,0,0,100,0,0,0,0,50000
650934.11,4765931.54,560.99,3,0.62,0.08,27,50,0,60,0,0,0,40,0,0,0,0,40000
650082.61,4765048.2,1018.61,3,0.14,0.42,5.59,261,0,15,0,0,0,85,0,0,0,0,25000
650921.09,4765059.64,740.04,3,0.01,0.01,5,-99,0,15,0,0,0,85,0,0,0,0,50000
651195.24,4765927.19,455.18,3,0.35,0.15,30,50,0,20,0,0,0,80,0,0,0,0,30000
650522.38,4764950.55,945.67,3,0.21,0.1,31.4,79.9,0,22,0,0,0,75,0,3,0,0,25000
650918.01,4765939.68,626.55,3,0.98,0.43,22,50,0,40,0,0,0,60,0,0,0,0,40000
651494.79,4766059.24,522.37,3,0.84,0.02,78,50,0,90,0,0,0,10,0,0,0,0,30000
650073.01,4764993.07,1083.81,3,0.1,0.05,4.9,18,0,30,0,0,0,70,0,0,0,0,10000
651735.3,4766001.36,134.28,3,0.76,0.53,185,200,0,50,0,0,0,50,0,0,0,0,40000
651002.39,4765713.03,-116.56,3,0.09,0.06,9.07,48.5,0,10,0,0,0,90,0,0,0,0,20000
650832.51,4766110.49,711.1,3,0.06,0.11,5,50,0,10,0,0,0,90,0,0,0,0,30000
651526.89,4766718.71,-84.12,3,0.66,0.23,43,50,20,80,0,0,0,0,0,0,0,0,30000
650260.02,4765049.52,966.55,3,0.28,0.12,30.5,70.7,0,10,0,0,0,90,0,0,0,0,15000
651286.62,4765688.85,393.69,3,0.21,0.03,12,50,0,10,0,0,0,90,0,0,0,0,20000
650725.5,4765089.44,1059.09,3,0.01,0.01,35.8,7.34,0,10,0,0,0,90,0,0,0,0,10000
650173.1,4765101.1,1084.15,3,0.09,0.05,38,14.9,0,40,0,0,0,60,0,0,0,0,5000
650242.97,4765064.01,991.9,3,0.18,0.46,30.4,277.5,0,15,0,0,0,85,0,0,0,0,20000
650536.72,4765469.15,649.3,3,0.24,0.04,55,15.2,0,10,0,0,0,90,0,0,0,0,50000
650084.63,4765048.13,1042.53,3,0.2,0.4,14.4,188.5,0,23,0,0,0,75,0,2,0,0,30000
651202.41,4765923.37,464.01,3,0.9,0.18,125,50,0,40,0,0,0,60,0,0,0,0,40000
651374.95,4766141.03,665.65,3,1.33,0.08,51,50,0,70,0,0,0,30,0,0,0,0,30000
651090.85,4765874.99,327.55,3,0.62,0.21,25,140,0,40,0,0,0,60,0,0,0,0,30000
651506.74,4766106.34,487.19,3,0.96,0.79,180,270,0,70,0,0,0,30,0,0,0,0,30000
651081.54,4765633.98,316.53,3,0.35,0.38,37,120,0,30,0,0,0,70,0,0,0,0,30000
651501.27,4766487.25,317.03,3,0.17,0.04,57,50,0,30,0,0,0,70,0,0,0,0,20000
650481.05,4764959.29,1014.66,3,0.04,0.07,51.8,60.8,0,20,0,0,0,80,0,0,0,0,35000
651135.88,4765814.2,159.83,3,0.36,0.19,43,50,0,50,0,0,0,50,0,0,0,0,20000
651609.73,4765805.99,654.02,3,0.01,0.01,125,50,0,0,0,0,0,0,0,0,0,0,0
651452.2,4766731.82,295.2,3,-99,-99,-99,-99,0,70,0,0,0,30,0,0,0,0,30000
650173.72,4765101.1,1088.11,3,0.14,0.21,47.9,19.7,0,15,0,0,0,85,0,0,0,0,15000
651186.88,4765931.64,444.88,3,0.27,0.05,40,50,0,10,0,0,0,90,0,0,0,0,30000
651467.32,4766516.3,255.56,3,0.05,0.01,92,50,0,60,0,0,0,40,0,0,0,0,30000
651059.7,4765659.54,440.03,3,0.6,0.11,130,50,0,30,0,0,0,70,0,0,0,0,30000
651846.82,4766373.6,66.1,3,1.05,0.32,38,50,0,70,0,0,0,30,0,0,0,0,20000
650586.77,4764914.55,1003.41,3,0.09,0.1,12.64,60.45,0,5,0,0,0,95,0,0,0,0,10000
650329.99,4764912.52,929.08,3,0.08,0.03,5.39,13.1,0,50,0,0,0,50,0,0,0,0,5000
651865.43,4766354.11,162.39,3,1,0.33,5,50,70,20,0,0,0,10,0,0,0,0,10000
651581.41,4766065.01,462.66,3,0.87,0.87,82,400,0,10,0,0,0,90,0,0,0,0,40000
651397.85,4765854.21,394.53,3,0.58,0.06,84,50,0,40,0,0,0,60,0,0,0,0,30000
651230.63,4766406.83,165.01,3,0.55,0.06,25.1,9.2,0,30,0,0,0,70,0,0,0,0,30000
651543.45,4766710.76,-60.41,3,1.27,0.36,36,830,20,65,0,0,0,15,0,0,0,0,40000
650834.89,4765282.22,887.42,3,-99,-99,-99,-99,0,5,0,0,0,95,0,0,0,0,20000
650490.6,4765033.11,959.15,3,0.51,0.12,6.48,9.1,0,25,0,0,0,75,0,0,0,0,70000
650823.29,4765293.61,857.56,3,-99,-99,-99,-99,0,15,0,0,0,85,0,0,0,0,50000
651167.39,4765898.94,670.82,3,0.29,0.05,70,50,0,90,0,0,0,10,0,0,0,0,10000
651231.25,4766406.39,633,3,-99,-99,-99,-99,0,0,0,0,0,100,0,0,0,0,15000
651231.26,4766406.38,679,3,-99,-99,-99,-99,0,0,0,0,0,100,0,0,0,0,5000
650517.7,4765001.98,883.87,3,0.15,0.02,21.6,8.7,0,10,0,0,0,90,0,0,0,0,30000
651443.58,4766770.53,20.58,3,-99,-99,-99,-99,0,0,0,0,0,100,0,0,0,0,30000
651669.04,4766654.45,131.23,3,0.52,0.11,35,50,0,50,0,0,0,50,0,0,0,0,30000
651463.51,4766044.43,508.58,3,0.88,0.07,265,50,0,70,0,0,0,30,0,0,0,0,30000
650550.61,4764861.6,928.66,3,0.04,0.02,6.81,13.16,0,5,0,0,0,95,0,0,0,0,60000
650629.21,4764949.12,1032.45,3,0.04,0.01,3.86,37.6,0,10,0,0,0,90,0,0,0,0,30000
651622.26,4766674.48,57.01,3,-99,-99,-99,-99,0,0,0,0,0,0,0,0,0,0,0
650766.36,4765730.77,438.84,3,0.46,0.11,54.5,10.2,0,40,0,0,0,60,0,0,0,0,30000
651081.22,4765634.38,318.46,3,0.35,0.17,38,50,0,20,0,0,0,80,0,0,0,0,30000
651152.16,4766198.58,-581.23,3,0.2,0.1,19.1,16.8,0,30,0,0,0,68,0,2,0,0,25000
650124.53,4764996.12,972.06,3,0.08,0.07,2.19,68.6,0,30,0,0,0,70,0,0,0,0,15000
650876.12,4764815.56,1004.06,3,0.04,0.01,7.84,69.95,0,0,0,0,0,100,0,0,0,0,20000
651206,4765921.46,468.43,3,0.52,0.11,93,50,0,20,0,0,0,80,0,0,0,0,50000
650059.61,4764892.79,1037.58,3,0.2,0.1,13.35,16.88,0,0,0,0,0,100,0,0,0,0,10000
651229.41,4765597.95,486.7,3,0.03,0.03,60,50,0,30,0,0,0,70,0,0,0,0,40000
651082.86,4765485.91,476.87,3,0.83,0.06,195,50,0,80,0,0,0,20,0,0,0,0,30000
651328.34,4766712.91,-116.18,3,-99,-99,-99,-99,5,65,0,0,0,30,0,0,0,0,20000
651674.71,4765521.08,119.31,3,0.35,0.06,18,50,0,30,0,0,0,70,0,0,0,0,30000
650394.25,4764802.18,1084.45,3,0.09,0.02,10.6,23.5,0,0,0,0,0,100,0,0,0,0,10000
651230.74,4766406.38,397.01,3,0.34,0.11,7.55,19.6,0,46,0,0,0,54,0,0,0,0,13200
650762.26,4764892.4,1028.64,3,0.17,0.06,6.45,237,0,10,0,0,0,90,0,0,0,0,60000
650392.66,4765003.76,873.1,3,0.1,0,4.33,6.7,0,50,0,0,0,50,0,0,0,0,5000
651393.82,4765859.26,375.6,3,0.23,0.08,66,50,0,20,0,0,0,80,0,0,0,0,20000
650550.06,4764855.34,960.35,3,0.14,0.06,16.91,26.72,0,0,0,0,0,100,0,0,0,0,40000
651167.98,4764768.91,908.48,3,0.18,0.01,10.55,223.39,15,15,0,0,0,70,0,0,0,0,60000
650240.21,4765055.66,1020.58,3,0.27,0.07,20.63,49.35,0,20,0,0,0,80,0,0,0,0,30000
651228.97,4766406.87,-62.99,3,-99,-99,-99,-99,0,60,0,0,0,40,0,0,0,0,5000
651521.06,4765859.9,565.37,3,2.26,0.2,24,50,30,70,0,0,0,0,0,0,0,0,50000
651230.65,4766406.61,267.01,3,0.52,0.12,80.8,14.5,0,67.75,0,0,0,32.25,0,0,0,0,31500
651230.94,4766406.11,1091,3,-99,-99,-99,-99,0,0,0,0,0,0,0,0,0,0,0
650901.02,4766175.55,0.33,3,0.49,0.29,10.95,70.2,0,30,0,0,0,68,0,2,0,0,40000
650929.65,4765721.69,43.46,3,0.36,0.17,73.1,23.7,0,35,0,0,0,62,0,3,0,0,40000
651134.63,4765647.12,570.26,3,0.83,0.06,54,50,0,50,0,0,0,50,0,0,0,0,30000
650828.76,4765288.21,871.59,3,-99,-99,-99,-99,0,5,0,0,0,95,0,0,0,0,10000
650721.08,4765085,1073.81,3,0.03,0.01,40.75,4.67,0,10,0,0,0,90,0,0,0,0,10000
650330.58,4765048.21,897.67,3,0.09,0.05,16.85,39.4,0,10,0,0,0,90,0,0,0,0,30000
650924.18,4764936.07,982.31,3,0.8,0.04,290,-99,20,0,0,0,0,80,0,0,0,0,30000
651471.94,4766798.64,99.22,3,-99,-99,-99,-99,55,35,0,0,0,10,0,0,0,0,100000
651226.74,4765600.96,479.78,3,0.22,0.07,52,50,0,0,0,0,0,100,0,0,0,0,30000
650955.19,4765920.08,474.25,3,0.61,0.07,28,50,0,60,0,0,0,40,0,0,0,0,40000
651489.89,4766039.13,538.12,3,0.87,0.04,190,140,20,30,0,0,0,50,0,0,0,0,30000
650321.78,4765034.14,950.95,3,0.2,0.09,11.2,19.35,0,10,0,0,0,90,0,0,0,0,100000
650287.98,4765100.35,896.04,3,0.27,0.45,24.5,224,0,35,0,0,0,65,0,0,0,0,30000
651352.72,4765987.99,628.91,3,0.61,0.05,105,240,0,60,10,0,0,30,0,0,0,0,40000
651230.63,4766406.83,171.01,3,0.76,0.12,32.9,8.4,0,30,0,0,0,70,0,0,0,0,30000
651412.08,4765822.88,720.17,3,3.03,1.13,25,110,0,100,0,0,0,0,0,0,0,0,50000
650629.05,4764949.11,1030.46,3,0.01,0,4.2,18.8,0,10,0,0,0,90,0,0,0,0,20000
651131.86,4766350.89,-164.59,3,-99,-99,-99,-99,0,20,0,0,0,80,0,0,0,0,20000
650242.62,4764997.75,898.61,3,0.1,0,6.72,22.4,0,15,0,0,0,85,0,0,0,0,10000
651458.68,4766761,39.48,3,0.17,0.16,18,50,0,10,0,0,0,90,0,0,0,0,20000
651867.81,4766351.84,173.93,3,0.67,0.25,5,50,70,10,0,0,0,20,0,0,0,0,10000
650532.49,4765468.84,668.84,3,0.29,0.1,82.2,19.1,0,15,0,0,0,85,0,0,0,0,50000
651329.83,4766690.9,-6.37,3,-99,-99,-99,-99,10,35,0,0,0,50,0,5,0,0,20000
651455.94,4766526.53,234.53,3,0.64,0.07,35,50,0,50,0,0,0,50,0,0,0,0,30000
650824.13,4766115.97,741.49,3,0.15,0.16,66,280,0,10,0,0,0,90,0,0,0,0,40000
650253.01,4764899.66,1090.81,3,0.05,0.06,2.34,52.6,0,0.1,0,0,0,99.8,0,0.1,0,0,150000
651609.29,4766063.81,479.25,3,0.75,0.07,110,520,0,60,0,0,0,40,0,0,0,0,40000
650527.24,4765035.46,1043.5,3,0.61,0.24,34.35,22.02,0,5,0,0,0,95,0,0,0,0,70000
651845.11,4766375.64,56.46,3,0.53,0.26,5,50,15,45,0,0,0,40,0,0,0,0,20000
650661.96,4765747.09,687.3,3,-99,-99,-99,-99,1,60,0,0,0,39,0,0,0,0,10000
651364.72,4765743.41,449.72,3,0.43,0.02,20,50,0,20,0,0,0,80,0,0,0,0,20000
650924.54,4764924.66,1005.67,3,0.04,0,2.5,-99,0,0,0,0,0,100,0,0,0,0,40000
650314.04,4765099.42,1037.66,3,0.3,0.27,105.5,51.4,0,30,0,0,0,67,0,3,0,0,30000
651178.46,4765936.14,434.63,3,0.69,0.1,120,50,0,40,0,0,0,60,0,0,0,0,30000
651722.02,4766240.57,369.27,3,0.93,0.39,40,980,0,10,0,0,0,90,0,0,0,0,50000
651143.14,4765677.24,-380.93,3,0.22,0.33,9.63,104,0,30,0,0,0,68,0,2,0,0,25000
650089.73,4765048.07,1102.31,3,0.15,0.03,-99,-99,0,30,0,0,0,70,0,0,0,0,20000
651662.64,4766649.06,300.66,3,1.22,0.13,85,50,0,60,0,0,0,40,0,0,0,0,40000
651230.65,4766406.62,265.01,3,0.54,0.18,44.6,10.6,0,55,0,0,0,45,0,0,0,0,40000
650988.94,4765714.85,-87.58,3,0.25,0.06,22.2,85.1,0,10,0,0,0,90,0,0,0,0,25000
651032.59,4765952.49,574.45,3,1.09,0.18,29,140,50,50,0,0,0,0,0,0,0,0,40000
651130.59,4765821.83,179.78,3,0.29,0.17,14,50,0,70,0,0,0,30,0,0,0,0,30000
651370.34,4765889.29,263.93,3,0.53,0.06,24,50,0,40,0,0,0,60,0,0,0,0,30000
651165.2,4765769.75,47.85,3,0.11,0.05,13,50,0,30,0,0,0,70,0,0,0,0,20000
651831,4766482.99,125.55,3,1.31,0.37,19,130,0,40,0,0,0,60,0,0,0,0,30000
651578.05,4766125.39,508.12,3,1.01,0.13,52,120,0,60,0,0,0,40,0,0,0,0,40000
650178.63,4765101.08,1117.7,3,0.45,0.07,21.1,20.1,0,40,0,0,0,60,0,0,0,0,10000
651060.61,4766002.32,692.64,3,0.69,0.06,5,50,0,60,0,0,0,40,0,0,0,0,40000
651900.34,4766240.58,314.27,3,0.97,0.06,36,50,10,60,0,0,0,30,0,0,0,0,30000
651141.91,4766198.05,-555.18,3,0.08,0.03,27.8,3.7,0,25,0,0,0,75,0,0,0,0,15000
650677.29,4765744.69,650.44,3,0.18,0.03,18.1,27.6,0,10,0,0,0,90,0,0,0,0,35000
651750.84,4766521.43,7.25,3,0.78,0.08,115,50,0,40,0,0,0,60,0,0,0,0,30000
650621.82,4765000.5,882.6,3,0.55,0.16,7.66,31.6,0,28,0,0,0,70,0,2,0,0,50000
651475.6,4766811.98,60.1,3,-99,-99,-99,-99,55,35,0,0,0,10,0,0,0,0,150000
651693.93,4766266.95,281.35,3,0.8,0.1,37,580,0,30,0,0,0,70,0,0,0,0,30000
650061.82,4764993.32,1018.76,3,0.17,0.19,10.05,7.7,0,25,0,0,0,73,0,2,0,0,30000
651166.58,4765767.53,42.45,3,0.28,0.3,24,50,0,35,0,0,0,65,0,0,0,0,30000
650134.06,4765050.34,893.76,3,0.16,0.12,28.5,28.3,0,15,0,0,0,85,0,0,0,0,20000
651489.52,4766037.59,539.33,3,0.97,0.04,105,50,10,40,0,0,0,50,0,0,0,0,40000
651575.02,4766692.08,186.81,3,0.98,0.09,78,50,0,80,0,0,0,20,0,0,0,0,35000
651557.8,4766589.53,336.06,3,0.38,0.1,76,50,0,60,0,0,0,40,0,0,0,0,30000
650893.87,4766064.54,473.16,3,0.57,0.16,33,50,0,30,0,0,0,70,0,0,0,0,40000
651617.19,4766556.75,406.75,3,0.69,0.09,20,50,0,60,0,0,0,40,0,0,0,0,40000
651432.95,4766147.16,473.75,3,1.07,0.08,160,50,0,70,0,0,0,30,0,0,0,0,50000
651474.58,4766034.34,545.67,3,0.86,0.04,62,50,30,60,0,0,0,10,0,0,0,0,30000
651287.03,4765684.99,400.69,3,0.29,0.02,17,50,0,40,0,0,0,60,0,0,0,0,20000
651876.31,4766343.92,214.3,3,1.35,0.25,15,120,0,70,0,0,0,30,0,0,0,0,30000
650935.03,4766178.84,-74.21,3,0.72,0.43,15.55,98.6,0,35,0,0,0,62,0,3,0,0,40000
651501.47,4766085.79,502.23,3,0.91,0.09,110,50,0,70,0,0,0,30,0,0,0,0,30000
651540.77,4766598.49,315.73,3,0.03,0.01,5,50,0,0,0,0,0,0,0,0,0,0,0
651057.54,4765661.92,451.59,3,0.43,0.07,47,50,0,30,0,0,0,70,0,0,0,0,30000
651589.85,4765591.91,526.83,3,0.84,0.01,46,50,0,80,0,0,0,20,0,0,0,0,35000
651548.04,4766707.03,152.69,3,0.97,0.19,130,50,10,60,0,0,0,30,0,0,0,0,35000
651304.32,4766511.3,210.88,3,-99,-99,-99,-99,0,25,0,0,0,70,0,5,0,0,20000
651595.75,4766569.7,380.9,3,0.2,0.05,50,50,0,50,0,0,0,50,0,0,0,0,10000
650877.27,4765726.37,162.34,3,0.29,0.04,54.2,20.7,0,40,0,0,0,60,0,0,0,0,20000
651445.29,4766138.12,521.35,3,0.68,0.1,74,50,0,60,0,0,0,40,0,0,0,0,40000
651499.89,4766079.53,506.94,3,0.69,0.05,91,50,0,75,0,0,0,25,0,0,0,0,30000
650203.54,4765097.72,962.33,3,0.32,0.05,14.8,59.9,0,30,0,0,0,70,0,0,0,0,25000
650893.45,4765707.16,674.94,3,0.5,0.05,72,168,0,10,0,0,0,90,0,0,0,0,30000
651053.34,4765666.19,472.76,3,0.72,0.11,86,50,0,30,0,0,0,70,0,0,0,0,30000
650767.65,4764912.75,1076.19,3,0.06,0.02,5.45,18,0,10,0,0,0,90,0,0,0,0,50000
651476.36,4765911.51,379.56,3,0.66,0.07,130,50,0,20,0,0,0,80,0,0,0,0,30000
651502.48,4766622.49,267.65,3,0.79,0.04,175,50,0,70,0,0,0,30,0,0,0,0,40000
651301.75,4765768.38,820.28,3,1.31,0.02,5,50,0,50,0,0,0,50,0,0,0,0,30000
650473.7,4764917.43,956.5,3,0.11,0.08,10.36,65.6,0,40,10,0,0,50,0,0,0,0,70000
650646.81,4765471.77,215.1,3,0.21,0.04,12.55,446,0,10,0,0,0,90,0,0,0,0,40000
650922.38,4764996.18,862.57,3,0.06,0.02,2.5,-99,0,0,0,0,0,100,0,0,0,0,40000
651653.66,4766660.78,106.26,3,-99,-99,-99,-99,0,0,0,0,0,0,0,0,0,0,0
651221.11,4765746.52,570.64,3,0.51,0.06,45,50,0,10,0,0,0,90,0,0,0,0,40000
651559.39,4766155.85,401.98,3,0.87,0.19,175,50,0,20,0,0,0,80,0,0,0,0,30000
651547.24,4766141.24,262.99,3,0.26,0.05,64,50,0,0,0,0,0,100,0,0,0,0,10000
650764.75,4764901.72,1050.62,3,0.06,0.04,7.02,202,0,10,0,0,0,90,0,0,0,0,50000
651304.88,4766511.04,220.86,3,-99,-99,-99,-99,0,25,0,0,0,70,0,5,0,0,20000
651160.13,4766198.98,-601.73,3,0.05,0.04,14.1,4.2,0,15,0,0,0,85,0,0,0,0,20000
651331.69,4766677.4,64.32,3,-99,-99,-99,-99,0,20,0,0,0,80,0,0,0,0,20000
650274.7,4764997.91,991.21,3,0.4,0.37,11.25,15,0,30,0,0,0,70,0,0,0,0,30000
650564.69,4764991.94,1009.97,3,0.3,0.02,5.92,301.75,0,5,0,0,0,95,0,0,0,0,70000
650767.14,4765730.65,437,3,1.04,0.12,66.1,8.9,0,70,0,0,0,30,0,0,0,0,40000
651161.06,4765776.4,64.06,3,0.26,0.11,14,50,0,20,0,0,0,80,0,0,0,0,10000
650397.07,4765003.67,898.73,3,0.11,0.06,9.78,40.3,0,20,0,0,0,80,0,0,0,0,10000
651136.03,4765679.8,-369.15,3,0.26,0.65,7.4,92.7,0,20,0,0,0,80,0,0,0,0,30000
650753.93,4764880.39,927.84,3,0.16,0.05,8.75,53.06,0,20,0,0,0,80,0,0,0,0,70000
651140.09,4765807.79,143.55,3,0.26,0.15,50,50,0,60,0,0,0,40,0,0,0,0,20000
651534.34,4766690.49,292.69,3,0.05,0.01,5,50,0,0,0,0,0,100,0,0,0,0,20000
651327.21,4765676.39,420.63,3,0.01,0.03,5,100,0,20,0,0,0,80,0,0,0,0,20000
650688.91,4764883.94,1065.53,3,0.29,0.08,35.18,81.25,0,20,0,0,0,80,0,0,0,0,80000
651565.5,4766445.9,347.8,3,1.69,0.1,145,50,30,50,0,0,0,20,0,0,0,0,50000
651317.75,4765691.01,359.04,3,0.25,0.07,5,120,0,20,0,0,0,80,0,0,0,0,30000
651155.06,4766198.73,-588.69,3,0.07,0.05,9.15,8.6,0,25,0,0,0,75,0,0,0,0,20000
650892.41,4765725.24,127.51,3,0.51,0.05,206,7.4,0,35,0,0,0,62,0,3,0,0,50000
651530.04,4766462.9,368.75,3,1.26,0.22,165,50,10,80,0,0,0,10,0,0,0,0,30000
650520.84,4764950.6,923.73,3,0.07,0.06,4.03,41.8,0,15,0,0,0,85,0,0,0,0,30000
651045.43,4765673.86,511.21,3,0.65,0.08,62,160,0,45,0,0,0,55,0,0,0,0,30000
651337.4,4766184.73,593.93,3,1.85,0.15,81,50,0,80,0,0,0,20,0,0,0,0,30000
651213.93,4765724.63,542.81,3,-99,-99,-99,-99,0,0,0,0,0,100,0,0,0,0,20000
650238.53,4765050.59,1037.77,3,0.47,0.2,12.5,23.89,0,35,0,0,0,65,0,0,0,0,60000
650472.26,4764921.3,1098.44,3,1.53,0.42,15.7,33.9,10,30,30,0,0,30,0,0,0,0,70000
650763.67,4766162.71,302.29,3,0.62,0.33,37.6,99.9,5,35,0,0,0,55,0,5,0,0,30000
651152.53,4765673.85,-395.91,3,0.45,0.18,90.2,60.4,0,43,0,0,0,55,0,2,0,0,30000
651571.68,4766697.35,-18.85,3,0.18,0,5,50,0,30,0,0,0,70,0,0,0,0,5000
651590.35,4766084.93,415.27,3,0.56,0.59,61,130,0,40,0,0,0,60,0,0,0,0,30000
651236.09,4765590.42,503.98,3,0.2,0.03,5,50,0,30,0,0,0,70,0,0,0,0,20000
651513.74,4765868.08,533.19,3,1.74,0.17,92,50,30,70,0,0,0,0,0,0,0,0,50000
650871.08,4764831.09,1040.49,3,0.12,0.01,48.8,52.8,0,0,0,0,0,100,0,0,0,0,20000
650290.53,4764998.29,1036.52,3,0.09,0.17,8.3,5.5,0,15,0,0,0,85,0,0,0,0,20000
651187.78,4765971.68,588.17,3,0.64,0.11,105,50,0,50,0,0,0,50,0,0,0,0,20000
651852.22,4766473.59,155.64,3,2.65,0.17,5,140,30,30,0,0,0,40,0,0,0,0,30000
651446.42,4765800.18,602.17,3,3.2,0.18,165,50,60,30,0,0,0,10,0,0,0,0,50000
650288.71,4765100.32,899.98,3,0.26,0.29,32.5,151.5,0,35,0,0,0,65,0,0,0,0,25000
651013.27,4765704.3,660.79,3,0.44,0.06,42,50,0,60,0,0,0,40,0,0,0,0,30000
650241.45,4764788.29,1006.89,3,0.07,0.07,9.49,95.45,0,10,0,0,0,90,0,0,0,0,50000
650077.57,4765048.52,958.83,3,0.04,0.03,2.32,87.7,0,15,0,0,0,85,0,0,0,0,15000
651139.63,4765808.51,145.36,3,0.31,0.12,18,50,0,60,0,0,0,40,0,0,0,0,20000
650241.55,4764788.37,1000.89,3,0.04,0.11,6.09,133.25,0,10,0,0,0,90,0,0,0,0,50000
651228.93,4766406.96,-44.99,3,-99,-99,-99,-99,0,45,0,0,0,55,0,0,0,0,25000
651327.82,4765675.47,424.47,3,0.02,0.01,5,140,0,20,0,0,0,80,0,0,0,0,20000
650282.61,4764998.09,1013.87,3,0.08,0,22.3,17.6,0,10,0,0,0,90,0,0,0,0,30000
650921.58,4765027.1,802.01,3,0.17,0.05,92,-99,0,10,0,0,0,90,0,0,0,0,40000
651264.55,4765891.05,540.89,3,0.32,0.05,120,50,0,70,0,0,0,30,0,0,0,0,20000
651815.76,4766225.76,425.14,3,1.16,0.02,78,50,0,80,0,0,0,20,0,0,0,0,30000
651714.31,4766247.69,345.48,3,0.66,0.08,14,50,0,40,0,0,0,60,0,0,0,0,30000
650728.7,4766160.44,383.01,3,0.22,0.05,25.5,22.4,0,10,0,0,0,90,0,0,0,0,20000
650395.53,4764951.65,915.42,3,0.02,0.12,2.95,37.3,0,40,0,0,0,60,0,0,0,0,1000
651185.51,4765661.13,-446.83,3,0.24,0.04,20.2,47.5,0,15,0,0,0,85,0,0,0,0,20000
651817.71,4766442.6,242.77,3,0.58,0.05,31,50,0,30,0,0,0,70,0,0,0,0,50000
651418.02,4764757.24,919.28,3,0.19,0.02,26.44,63.38,0,20,0,0,0,80,0,0,0,0,30000
651307.98,4766509.65,274.76,3,-99,-99,-99,-99,0,20,0,0,0,80,0,0,0,0,20000
651230.63,4766406.86,137.01,3,0.52,0.05,18.3,3.4,0,45,0,0,0,55,0,0,0,0,30000
651284.18,4764794.42,922.8,3,0.74,0.04,84.92,671.95,10,25,0,0,0,65,0,0,0,0,70000
651689.89,4766283.98,421.11,3,0.91,0.29,66,1170,0,60,0,0,0,40,0,0,0,0,30000
651686.85,4766023.56,329.18,3,0.86,0.18,30,50,0,100,0,0,0,0,0,0,0,0,10000
651174.23,4765754.77,11.88,3,0.22,0.25,5,50,0,20,0,0,0,80,0,0,0,0,30000
651858.92,4766470.63,165.14,3,0.9,0.04,34,180,16.5,46.5,0,0,0,37,0,0,0,0,10000
651454.16,4765944.81,609.5,3,5.02,0.18,55,1240,40,0,60,0,0,0,0,0,0,0,70000
651516.95,4766189.24,148.28,3,0.42,0.06,16,50,0,70,0,0,0,30,0,0,0,0,20000
651332.04,4766675.58,74.15,3,-99,-99,-99,-99,10,35,0,0,0,50,0,0,5,0,20000
651594.59,4766051.04,410.06,3,0.82,1.21,83,200,0,50,0,0,0,50,0,0,0,0,40000
651270.28,4765534.94,413.55,3,0.09,0.53,11,50,0,20,0,0,0,80,0,0,0,0,20000
650618.5,4765097.86,1089.97,3,0.02,0.02,2.6,3.88,0,0.2,0,0,0,99.8,0,0,0,0,200000
651284.18,4764794.42,898.8,3,0.13,0.06,18.07,341.5,10,10,0,0,0,80,0,0,0,0,100000
651452.4,4766732.47,293.32,3,-99,-99,-99,-99,0,70,0,0,0,30,0,0,0,0,30000
651665.99,4766655.7,126.22,3,0.86,0.14,105,50,10,70,0,0,0,20,0,0,0,0,30000
651537.13,4766600.42,311.37,3,1.01,0.17,130,50,0,60,0,0,0,40,0,0,0,0,30000
651558.77,4766125.02,304.46,3,1.03,0.16,57,50,0,80,0,0,0,20,0,0,0,0,30000
650964.36,4765960.57,687.15,3,0.56,0.15,14,50,0,60,0,0,0,40,0,0,0,0,30000
651230.63,4766406.86,135.01,3,0.47,0.07,12.65,4,0,45,0,0,0,55,0,0,0,0,30000
651392.17,4766121.33,698.5,3,1.37,0.09,24,120,0,90,0,0,0,10,0,0,0,0,40000
651799.65,4766586.85,101.23,3,0.64,0.09,66,50,0,60,0,0,0,40,0,0,0,0,40000
651751.78,4765978.79,219.83,3,0.16,0.12,11,130,0,20,0,0,0,80,0,0,0,0,50000
651512.15,4766198.06,128.7,3,0.41,0.05,37,50,0,70,0,0,0,30,0,0,0,0,40000
650749.27,4765129.38,949.21,3,-99,-99,-99,-99,0,0,0,0,0,100,0,0,0,0,5000
651322.56,4765284.9,559.79,3,0.83,0.02,70,50,0,90,0,0,0,10,0,0,0,0,30000
650796.26,4765728.88,362.54,3,0.51,0.05,89.5,4.2,0,45,0,0,0,55,0,0,0,0,25000
651144.31,4765801.39,127.26,3,0.46,0.13,23,50,0,45,0,0,0,55,0,0,0,0,30000
651795.62,4766251.04,360.8,3,0.85,0.16,31,380,0,30,0,0,0,70,0,0,0,0,50000
651406.58,4766177.7,772.31,3,0.38,0.02,29,50,0,20,0,0,0,80,0,0,0,0,60000
651489.77,4766741.75,79.21,3,1.23,0.19,125,50,0,50,0,0,0,50,0,0,0,0,40000
651123.14,4765831.85,207.05,3,0.78,0.26,59,50,0,40,0,0,0,60,0,0,0,0,40000
651590.29,4766683.87,206.19,3,0.22,0.05,11,50,0,60,0,0,0,40,0,0,0,0,20000
650617.56,4764948.59,886.92,3,0.06,0.05,5.56,45.7,0,20,0,0,0,80,0,0,0,0,35000
651202.89,4765630.69,484.87,3,0.33,0.07,160,50,0,10,0,0,0,90,0,0,0,0,60000
651147.27,4765675.76,-387.62,3,0.55,0.11,38.1,51.9,0,37,0,0,0,60,0,3,0,0,25000
651168.16,4764774.85,1002.29,3,0.64,0.02,83.04,305.75,0,0,0,0,0,100,0,0,0,0,60000
650266.17,4764997.78,966.65,3,0.14,0.19,13.3,132,0,15,0,0,0,85,0,0,0,0,25000
651485.13,4766500.93,287.9,3,0.5,0.08,45,50,0,60,0,0,0,40,0,0,0,0,30000
651642.25,4766665.58,88.08,3,-99,-99,-99,-99,0,0,0,0,0,0,0,0,0,0,0
650709.68,4765739.53,573.1,3,-99,-99,-99,-99,0,20,0,0,0,80,0,0,0,0,50000
650391.39,4764951.27,889.75,3,0.19,0.14,5.84,114,0,35,0,0,0,62,0,3,0,0,20000
651804,4766240.4,387.57,3,0.69,0.03,48,120,10,30,0,0,0,60,0,0,0,0,20000
650912.32,4765942.54,649.7,3,0.36,0.05,10,130,10,10,0,0,0,80,0,0,0,0,40000
651065.21,4765907.18,423.06,3,0.8,0.42,91,50,0,30,0,0,0,70,0,0,0,0,40000
650682.26,4764893.66,992.49,3,0.06,0.01,2.32,9.79,0,27.5,0,0,0,72.5,0,0,0,0,72500
651254.35,4766220.36,623.75,3,0.72,0.11,92,50,0,60,0,0,0,40,0,0,0,0,20000
651669.47,4766290.07,204.38,3,0.73,0.06,215,50,0,30,0,0,0,70,0,0,0,0,40000
651062.8,4765701.99,-237.88,3,0.17,0.33,12.7,134,0,5,0,0,0,95,0,0,0,0,30000
651837.29,4766836.43,120.18,3,2.18,0.1,36,2280,20,0,0,0,10,70,0,0,0,0,60000
651386.21,4766691.37,120.22,3,1.01,0.06,110,50,0,50,0,0,0,50,0,0,0,0,40000
651222.82,4765743,581.98,3,0.44,0.06,45,50,0,20,0,0,0,80,0,0,0,0,50000
650722.19,4765086.11,1070.13,3,0.01,0.01,23.8,4.95,0,10,0,0,0,90,0,0,0,0,10000
651417.86,4764757.21,913.29,3,0.1,0.02,149.2,36.42,0,20,0,0,0,80,0,0,0,0,30000
651455.48,4765943.07,615.09,3,3.81,0.25,70,160,90,0,10,0,0,0,0,0,0,0,45000
651202.63,4765734.32,512.23,3,-99,-99,-99,-99,0,0,0,0,0,0,0,0,0,0,0
651376.93,4765880.49,296.11,3,0.47,0.1,110,120,0,50,0,0,0,50,0,0,0,0,30000
650402.56,4764952.26,958.85,3,0.24,0.15,9.33,28.8,0,45,0,0,0,55,0,0,0,0,10000
651886.8,4766458.15,204.73,3,0.63,0.02,11,50,100,0,0,0,0,0,0,0,0,0,10000
651411.54,4765701.62,622.63,3,1.96,0.1,14,50,30,40,0,0,0,30,0,0,0,0,40000
651147.08,4766198.33,-568.19,3,0.08,0.03,8.2,8,0,30,0,0,0,70,0,0,0,0,25000
650365.67,4765048.05,982.71,3,0.36,0.21,24.3,46.7,0,60,0,0,0,40,0,0,0,0,45000
651169.76,4765907.71,660.18,3,0.64,0.12,195,50,0,80,0,0,0,20,0,0,0,0,10000
651043.49,4765706.04,-200.8,3,0.32,0.18,15.3,100.5,0,20,0,0,0,80,0,0,0,0,35000
651478.18,4765909.18,387,3,0.5,0.06,150,50,0,30,0,0,0,70,0,0,0,0,40000
650980.36,4765904.76,368.27,3,0.62,0.1,125,50,0,60,0,0,0,40,0,0,0,0,30000
650287.23,4764998.2,1027.08,3,0.06,0.1,6.25,13.4,0,10,0,0,0,90,0,0,0,0,30000
650924.09,4764938.7,976.92,3,0.03,0.01,38,-99,0,0,0,0,0,100,0,0,0,0,60000
651196.11,4766295.07,508.89,3,0.3,0.02,20,50,0,50,0,0,0,50,0,0,0,0,40000
651133.02,4765818.41,170.7,3,1.38,0.42,195,50,0,60,0,0,0,40,0,0,0,0,50000
651222.34,4766026.94,725.84,3,0.76,0.22,73,50,0,50,0,0,0,50,0,0,0,0,30000
651196.32,4766295.18,468.89,3,0.37,0.04,25,50,0,20,0,0,0,80,0,0,0,0,20000
651154.42,4765786.5,89.31,3,0.16,0.09,11,50,0,10,0,0,0,90,0,0,0,0,10000
651515.32,4766726.4,111.58,3,1.47,0.15,110,50,10,60,0,0,0,30,0,0,0,0,30000
651380.67,4766134.42,676.59,3,1.34,0.11,55,50,0,70,0,0,0,30,0,0,0,0,30000
650985.59,4765715.26,-80.33,3,0.26,0.48,61.8,25.9,0,10,0,0,0,90,0,0,0,0,25000
650980.82,4765904.47,366.35,3,0.46,0.15,59,50,0,40,0,0,0,60,0,0,0,0,30000
650820.95,4766118.01,752.88,3,0.09,0.03,5,50,0,10,0,0,0,90,0,0,0,0,40000
650931.27,4765933,572.56,3,0.79,0.17,51,50,0,40,0,0,0,60,0,0,0,0,50000
651196.01,4766295.03,526.89,3,0.17,0.03,15,50,0,70,0,0,0,30,0,0,0,0,10000
651797.38,4766232.6,223.19,3,0.72,0.16,30,50,0,65,0,0,0,35,0,0,0,0,40000
651853.34,4766473.1,157.22,3,1.94,0.21,13,160,10,60,0,0,0,30,0,0,0,0,20000
651505.1,4766212.09,98.55,3,0.05,0.85,5,50,0,10,0,0,0,90,0,0,0,0,40000
650699.66,4765741.13,597.04,3,-99,-99,-99,-99,0,40,0,0,0,58,0,2,0,0,35000
651888.89,4766332.72,271.88,3,1.27,0.45,22,50,80,20,0,0,0,0,0,0,0,0,50000
651707.33,4766254.29,323.49,3,0.7,0.23,26,1090,0,30,0,0,0,70,0,0,0,0,30000
651857.9,4766361.29,125.85,3,0.88,0.3,5,50,100,0,0,0,0,0,0,0,0,0,10000
650087.01,4765048.1,1070.43,3,0.13,0.21,-99,-99,0,17,0,0,0,80,0,3,0,0,30000
650331.19,4764904.73,947.46,3,0.07,0.02,2.66,5.2,0,50,0,0,0,50,0,0,0,0,5000
651616.32,4766027.67,328.06,3,0.61,0.43,58,130,0,50,0,0,0,50,0,0,0,0,40000
651775.53,4766599.11,-19.78,3,0.68,0.12,38,50,0,70,0,0,0,30,0,0,0,0,30000
651211.96,4765726.31,537.39,3,-99,-99,-99,-99,0,0,0,0,0,0,0,0,0,0,0
651284.18,4764794.42,932.8,3,0.46,0.02,127.35,385.6,10,25,0,0,0,65,0,0,0,0,70000
651516.48,4765920.15,352.8,3,0.57,0.04,82,50,0,60,0,0,0,40,0,0,0,0,30000
651525.79,4766719.26,-85.7,3,0.98,0.33,24,50,30,70,0,0,0,0,0,0,0,0,35000
651168.39,4765668.03,-420.7,3,0.19,0.05,5.59,25,0,30,0,0,0,70,0,0,0,0,25000
651332.67,4766672.33,91.84,3,-99,-99,-99,-99,0,35,0,0,0,65,0,0,0,0,20000
650316.29,4764998.97,1110.14,3,0.03,0,4.27,19.9,0,0,0,0,0,100,0,0,0,0,10000
651475.14,4766033.84,547.52,3,0.01,0,5,50,10,70,0,0,0,20,0,0,0,0,30000
651319.79,4765687.82,372.52,3,0.09,0.06,5,50,0,20,0,0,0,80,0,0,0,0,30000
651452.8,4766733.77,289.56,3,-99,-99,-99,-99,0,70,0,0,0,30,0,0,0,0,30000
651377.32,4765879.98,298,3,0.52,0.11,105,50,0,50,0,0,0,50,0,0,0,0,30000
651337.36,4766001.44,581.09,3,0.49,0.04,120,50,0,70,0,0,0,30,0,0,0,0,30000
650781.6,4766143.83,893.2,3,0.49,0.08,12,50,0,30,0,0,0,70,0,0,0,0,40000
651771.9,4766510.73,39.53,3,0.85,0.11,26,280,0,35,0,0,0,65,0,0,0,0,30000
650748.38,4765733.47,481.1,3,0.57,0.09,76.2,2.9,0,30,0,0,0,68,0,2,0,0,20000
651365.97,4766151.42,648.46,3,1.26,0.09,105,50,0,70,0,0,0,30,0,0,0,0,30000
651019.33,4765698.8,634.02,3,0.2,0.04,11,50,0,60,0,0,0,40,0,0,0,0,20000
651488.61,4766742.45,77.74,3,1.43,0.34,135,50,0,60,0,0,0,40,0,0,0,0,30000
651133.76,4765225.23,388.2,3,0.1,0.02,32,50,0,0,0,0,0,100,0,0,0,0,30000
651731.57,4766006.91,113.33,3,0.41,0.44,29,110,0,35,0,0,0,65,0,0,0,0,40000
650394,4764802.18,1102.45,3,0.05,0.01,8.15,13.95,0,0,0,0,0,100,0,0,0,0,5000
650964.4,4765914.71,435.7,3,0.36,0.04,26,50,0,50,0,0,0,50,0,0,0,0,30000
650900.01,4766059.65,448.37,3,0.61,0.04,60,50,0,60,0,0,0,40,0,0,0,0,20000
651287.53,4765680.17,409.43,3,0.24,0.02,19,50,0,20,0,0,0,80,0,0,0,0,30000
651675.83,4765519.6,125.02,3,0.49,0.13,54,50,0,20,0,0,0,80,0,0,0,0,30000
650407.46,4765003.62,959.85,3,0.27,0.24,21.7,20.1,0,15,0,0,0,85,0,0,0,0,25000
651270.1,4766572.35,79.21,3,-99,-99,-99,-99,10,60,0,0,0,30,0,0,0,0,15000
650787.02,4765729.02,386.84,3,0.35,0.06,59,8.9,0,40,0,0,0,60,0,0,0,0,20000
651324.76,4765680.08,405.25,3,0.1,0.03,5,110,0,20,0,0,0,80,0,0,0,0,20000
651747.14,4765984.74,197.05,3,0.11,0.12,15,50,0,20,0,0,0,80,0,0,0,0,50000
650739.78,4765734.77,501.31,3,-99,-99,-99,-99,5,60,0,0,0,33,0,2,0,0,15000
651167.75,4766334.62,-173.78,3,-99,-99,-99,-99,0,20,0,0,0,80,0,0,0,0,20000
651109.75,4765849.64,256.25,3,0.52,0.16,23,50,0,40,0,0,0,60,0,0,0,0,40000
651115.02,4766196.6,-488.41,3,0.08,0.05,14.75,10.1,0,20,0,0,0,80,0,0,0,0,30000
650386.29,4764950.79,858.16,3,0.04,0,5.41,7.7,0,50,0,0,0,50,0,0,0,0,1000
651454.81,4766052.66,478.9,3,0.57,0.16,44,50,0,60,0,0,0,40,0,0,0,0,20000
650246.85,4765075.85,951.79,3,0.17,0.08,28.7,67.88,0,15,0,0,0,85,0,0,0,0,20000
651497.41,4765945.13,419.79,3,0.79,0.04,255,50,0,70,0,0,0,30,0,0,0,0,30000
650502.44,4765033.84,986.7,3,0.09,0.03,18.88,5.68,0,10,0,0,0,90,0,0,0,0,40000
650398.08,4765003.65,904.64,3,0.17,0.28,29.8,128,0,30,0,0,0,70,0,0,0,0,20000
651396.28,4766115.66,424.78,3,0.08,0.02,110,50,0,90,0,0,0,10,0,0,0,0,10000
651046.03,4765950.51,552.27,3,0.49,0.11,17,50,0,50,0,0,0,50,0,0,0,0,20000
651393.83,4766119.47,701.64,3,1.15,0.11,12,50,0,60,0,0,0,40,0,0,0,0,30000
651881.25,4766339.41,237.34,3,0.62,0.07,5,50,5,35,0,0,0,60,0,0,0,0,30000
650868.72,4764835.63,1051.34,3,0.08,0,17.63,224.5,0,0,0,0,0,100,0,0,0,0,20000
650321.17,4765033.24,949.27,3,0.08,0.06,12.35,10.9,0,10,0,0,0,90,0,0,0,0,100000
651139.97,4765232.77,403.32,3,0.21,0.06,16,50,0,10,0,0,0,90,0,0,0,0,30000
651902.33,4766450.94,226.88,3,0.9,0.23,30,50,0,70,0,0,0,30,0,0,0,0,30000
651350.46,4766169.5,618.86,3,0.78,0.05,33,50,0,50,0,0,0,50,0,0,0,0,30000
651358.51,4765982.96,647.38,3,1.09,0.04,200,210,10,60,0,0,0,30,0,0,0,0,40000
650982.24,4765715.66,-73.08,3,0.3,0.28,42.4,8.8,0,15,0,0,0,85,0,0,0,0,30000
650653.24,4765471.9,191.97,3,0.22,0.32,89.4,49.3,0,15,0,0,0,85,0,0,0,0,60000
650177.76,4764997.85,1066.02,3,0.18,0.12,15,132,0,10,0,0,0,90,0,0,0,0,30000
651647.96,4766338.5,306.14,3,0.01,0.03,5,50,0,0,0,0,0,100,0,0,0,0,20000
651590.93,4766572.45,375.14,3,1.23,0.11,21,50,0,60,0,0,0,40,0,0,0,0,40000
651142.52,4765639.1,600.21,3,0.18,0.02,61,50,0,10,0,0,0,90,0,0,0,0,20000
651128.64,4765824.56,187.04,3,0.55,0.3,34,50,0,50,0,0,0,50,0,0,0,0,30000
650724.95,4765088.88,1060.93,3,0.01,0.01,34.1,5.11,0,10,0,0,0,90,0,0,0,0,10000
650689.63,4765742.72,620.98,3,0.36,0.08,36,144.5,0,10,0,0,0,90,0,0,0,0,60000
651726.54,4766572.56,217.27,3,1.16,0.12,140,50,0,90,0,0,0,10,0,0,0,0,60000
651466.51,4766779.43,155.81,3,-99,-99,-99,-99,0,40,0,0,0,60,0,0,0,0,30000
650692.58,4764881.23,1093.15,3,0.13,0.02,17.16,141.27,10,30,0,0,0,60,0,0,0,0,80000
651381.48,4766133.47,678.15,3,1.14,0.06,84,50,0,70,0,0,0,30,0,0,0,0,30000
651191.67,4765658.49,-456.18,3,0.15,0.02,22.5,13.4,0,10,0,0,0,90,0,0,0,0,10000
650472.27,4764921.67,1108.43,3,0.92,0.38,38.4,41.6,10,30,30,0,0,30,0,0,0,0,70000
651071.23,4765646.44,376.38,3,1.44,0.26,78,50,0,45,0,0,0,55,0,0,0,0,40000
651400.35,4766682.92,137.68,3,0.87,0.21,195,50,0,50,0,0,0,50,0,0,0,0,40000
650684.8,4764890.36,1018.15,3,0.04,0.01,1.43,5.07,0,20,0,0,0,80,0,0,0,0,80000
650712.83,4764909.84,986.64,3,0.05,0.01,5.27,110,0,10,0,0,0,90,0,0,0,0,45000
651031.28,4765687.45,578.41,3,0.45,0.15,30,150,0,40,0,0,0,60,0,0,0,0,30000
650099.74,4764995.82,928.64,3,0.05,0,1.46,6,0,25,0,0,0,75,0,0,0,0,10000
651402.27,4766072.89,720.09,3,1.25,0.02,32,50,0,30,0,0,0,70,0,0,0,0,50000
651425.76,4766140.85,478.19,3,0.67,0.05,41,130,0,70,0,0,0,30,0,0,0,0,35000
651508.36,4765930.8,381.86,3,0.35,0.03,155,50,0,70,0,0,0,30,0,0,0,0,25000
650678.07,4765744.56,648.6,3,0.24,0.03,34.5,47.5,0,15,0,0,0,85,0,0,0,0,30000
651367.32,4766703.21,97.27,3,0.81,0.17,54,50,0,60,0,0,0,40,0,0,0,0,40000
650498.49,4765033.6,977.52,3,0.16,0.04,25.27,4.55,0,10,0,0,0,90,0,0,0,0,50000
650467.42,4765031.64,903.82,3,0.11,0.04,13.09,5.01,0,5,0,0,0,95,0,0,0,0,50000
650333.79,4764885.81,991.5,3,0.08,0,6.27,11.8,0,50,0,0,0,50,0,0,0,0,5000
651318.91,4765689.19,366.75,3,0.15,0.03,5,50,0,20,0,0,0,80,0,0,0,0,30000
650894.84,4765725.01,122.03,3,0.21,0.05,41.9,9.6,0,30,0,0,0,70,0,0,0,0,35000
651802.05,4766496.2,84.42,3,0.95,0.27,18,50,30,20,0,0,0,50,0,0,0,0,20000
650070.63,4764993.12,1070.01,3,0.13,0.06,10.3,18,0,20,0,0,0,80,0,0,0,0,20000
651814.08,4766227.84,419.77,3,1.32,0.04,84,50,0,80,0,0,0,20,0,0,0,0,30000
651569.42,4766015.56,324.45,3,0.49,0.13,125,50,0,50,0,0,0,50,0,0,0,0,30000
651314.54,4765696.01,337.86,3,0.03,0.01,5,50,0,10,0,0,0,90,0,0,0,0,30000
651818.11,4766442,272.76,3,0.42,0.07,17,50,0,30,0,0,0,70,0,0,0,0,30000
650533.49,4764950.6,1093.25,3,0.25,0.06,28.2,93.6,0,20,0,0,0,80,0,0,0,0,35000
650534.16,4765468.97,661.02,3,0.32,0.34,55.4,46.1,0,10,0,0,0,90,0,0,0,0,50000
651141.03,4765806.37,139.93,3,0.29,0.1,10,50,0,40,0,0,0,60,0,0,0,0,20000
650735.9,4765735.36,510.5,3,0.77,0.07,139,4.7,0,45,0,0,0,52,0,3,0,0,20000
650959.85,4765917.5,454.97,3,0.46,0.09,43,50,0,60,0,0,0,40,0,0,0,0,40000
651539.28,4765886.81,333.7,3,0.39,0.02,96,270,0,60,0,0,0,40,0,0,0,0,30000
651545.66,4766709.72,-57.24,3,1.16,0.41,25,260,30,50,0,0,0,20,0,0,0,0,40000
651146.22,4765798.55,120.03,3,0.41,0.1,195,50,0,40,0,0,0,60,0,0,0,0,20000
650472.28,4764922.03,1118.42,3,2.25,0.68,19.58,80.65,0,32.5,37.5,0,0,30,0,0,0,0,75000
651284.18,4764794.42,896.8,3,0.28,0.06,108.76,501.85,10,10,0,0,0,80,0,0,0,0,100000
651571.05,4766135.96,470.19,3,0.71,1.29,105,170,0,20,0,0,0,80,0,0,0,0,50000
650915.08,4765723.08,76.35,3,0.15,0.02,25.2,10.1,0,23,0,0,0,75,0,2,0,0,40000
651632.18,4766461.45,440.35,3,0.02,0,5,50,0,0,0,0,0,100,0,0,0,0,10000
651130.01,4766353.2,-157.16,3,-99,-99,-99,-99,0,20,0,0,0,80,0,0,0,0,10000
651497.77,4766227.32,66.76,3,0.64,0.09,32,50,0,70,0,0,0,30,0,0,0,0,30000
651230.74,4766406.38,399.01,3,0.54,0.07,4.08,11.9,0,43,0,0,0,57,0,0,0,0,19300
650697.05,4765160.79,1007.88,3,0.28,0.03,73.13,9.4,0,20,0,0,0,80,0,0,0,0,50000
651491.4,4766045.32,533.27,3,0.98,0.02,105,50,20,80,0,0,0,0,0,0,0,0,20000
651168.17,4764774.03,988.32,3,0.78,0.03,137.02,367.85,0,20,0,0,0,80,0,0,0,0,60000
650246.66,4765075.28,953.7,3,0.12,0.18,15.3,171.85,0,20,0,0,0,80,0,0,0,0,20000
650924.04,4764940.46,973.32,3,0.18,0.01,40,-99,0,0,0,0,0,100,0,0,0,0,50000
651168.16,4764774.73,1000.3,3,0.78,0.02,90.02,402.3,0,0,0,0,0,100,0,0,0,0,60000
651048.27,4765671.21,497.76,3,1.39,0.11,68,150,0,60,0,0,0,40,0,0,0,0,30000
651069.3,4765700.4,-250.17,3,0.3,0.38,13.55,144.5,0,10,0,0,0,90,0,0,0,0,30000
651208.41,4765621.83,513,3,0.34,0.07,5,50,0,50,0,0,0,50,0,0,0,0,40000
651586.06,4766575.09,369.36,3,1.37,0.17,63,50,0,70,0,0,0,30,0,0,0,0,40000
650107.69,4764995.87,942.52,3,0.08,0.05,1.51,13.3,0,25,0,0,0,75,0,0,0,0,15000
651651.72,4766600.92,260.97,3,0.88,0.22,68,50,0,70,0,0,0,30,0,0,0,0,40000
650586.73,4764914.45,1001.41,3,0.15,0.12,23.75,38.75,0,5,0,0,0,95,0,0,0,0,10000
650810.3,4765306.45,824.24,3,-99,-99,-99,-99,0,30,0,0,0,70,0,0,0,0,100000
651044.89,4765982.76,666.83,3,0.63,0.11,18,50,0,80,0,0,0,20,0,0,0,0,40000
650790.58,4765728.96,377.5,3,0.73,0.13,88.3,10.6,0,50,0,0,0,50,0,0,0,0,25000
651580.66,4765600.63,486.79,3,0.93,0.07,25,50,0,30,0,0,0,70,0,0,0,0,40000
651651.6,4766661.63,102.94,3,-99,-99,-99,-99,0,0,0,0,0,0,0,0,0,0,0
651899.2,4766241.74,308.49,3,0.86,0.03,32,50,30,40,0,0,0,30,0,0,0,0,30000
650621.5,4765000.52,876.61,3,0.2,0.19,-99,-99,0,27,0,0,0,70,0,3,0,0,30000
650793.88,4766135.63,849.63,3,0.39,0.04,22,50,0,20,0,0,0,80,0,0,0,0,30000
651727.55,4766077.46,491.19,3,1.23,0.22,68,50,0,65,0,0,0,35,0,0,0,0,50000
650210.85,4765097.88,1001.66,3,0.17,0.32,23.1,163.5,0,35,0,0,0,65,0,0,0,0,30000
650922.62,4766177.72,-46.92,3,1.04,0.52,18.75,43.2,5,40,0,0,0,50,0,5,0,0,40000
651443.81,4766139.19,515.63,3,0.74,0.13,86,50,0,80,0,0,0,20,0,0,0,0,40000
651586.21,4766114.03,549.84,3,1.44,0.19,89,50,0,100,0,0,0,0,0,0,0,0,40000
651225.22,4766251.39,684.27,3,0.75,0.1,58,50,0,60,0,0,0,40,0,0,0,0,30000
650903.75,4765724.16,101.93,3,0.24,0,27.2,3.6,0,33,0,0,0,65,0,2,0,0,35000
651423.63,4766082.4,371.21,3,0.38,0.03,60,50,0,30,0,0,0,70,0,0,0,0,30000
651518.99,4765916.89,343.69,3,1.08,0.11,79,50,0,60,0,0,0,40,0,0,0,0,35000
650343.34,4765068.42,1015.26,3,0.6,0.27,71.5,19.1,0,20,0,0,0,80,0,0,0,0,60000
651581.68,4766120.19,527.09,3,1.15,0.17,83,130,0,90,0,0,0,10,0,0,0,0,40000
651206.2,4765625.37,501.75,3,0.36,0.14,275,50,0,30,0,0,0,70,0,0,0,0,50000
651541.83,4765512.09,449.34,3,1.28,0.07,80,50,0,90,0,0,0,10,0,0,0,0,30000
651527.68,4766606.01,299.73,3,0.38,0.06,110,50,0,60,0,0,0,40,0,0,0,0,40000
651490.93,4766741.06,80.69,3,0.89,0.11,245,50,0,40,0,0,0,60,0,0,0,0,40000
650751.51,4765733,473.75,3,-99,-99,-99,-99,0,55,0,0,0,45,0,0,0,0,30000
651430.32,4765587.53,394.84,4,0.59,0.01,195,50,50,50,0,0,0,0,0,0,0,0,25000
650059.78,4764889.11,1059.27,4,0.13,0.04,7.66,12.38,0,0,0,0,0,100,0,0,0,0,10000
650398.73,4764801.3,940.53,4,0.11,0.03,4.79,20.3,0,0,0,0,0,100,0,0,0,0,5000
651565.55,4766081.62,528.79,4,0.8,0.05,60,50,0,50,0,0,0,50,0,0,0,0,30000
651446.07,4765444.9,619.59,4,1.17,0.02,24,50,0,100,0,0,0,0,0,0,0,0,30000
650549.89,4764853.4,970.15,4,0.09,0.02,6.91,22.83,0,5,0,0,0,95,0,0,0,0,60000
651465.83,4765754.4,477.41,4,0.51,0.03,22,50,40,0,0,0,0,60,0,0,0,0,15000
650879.58,4765958.39,782.81,4,0.1,0.01,22,50,0,80,0,0,0,20,0,0,0,0,10000
651427.74,4765819.13,526.73,4,0.79,0.02,69,110,80,20,0,0,0,0,0,0,0,0,10000
650871.49,4765962.4,815.59,4,0.06,0.02,37,50,10,90,0,0,0,0,0,0,0,0,10000
651325.49,4765389.41,635.29,4,0.68,0.01,30,50,0,30,0,0,0,70,0,0,0,0,40000
651434.63,4765811.91,555.02,4,1.3,0.03,280,50,90,10,0,0,0,0,0,0,0,0,20000
651427.49,4765591.61,375.47,4,0.05,0.01,5,50,0,10,0,0,0,90,0,0,0,0,10000
651860.57,4766164.65,367.96,4,1.62,0.08,32,50,50,50,0,0,0,0,0,0,0,0,20000
651428.46,4765719.9,524.92,4,0.7,0.04,21,50,80,20,0,0,0,0,0,0,0,0,10000
651253.57,4765341.2,555.12,4,0.62,0.05,95,50,0,25,0,0,0,75,0,0,0,0,20000
651145.27,4765704.71,794.13,4,0.5,0.02,95,118,0,85.48,0,0,0,14.52,0,0,0,0,30000
651540.15,4766254.79,579.44,4,3.3,0.16,200,50,40,50,0,0,0,10,0,0,0,0,70000
651442.59,4765449.4,611.36,4,1.16,0.03,26,50,0,60,0,0,0,40,0,0,0,0,30000
651537.53,4765972.68,445.97,4,0.75,0.05,145,50,0,40,0,0,0,60,0,0,0,0,30000
651154.35,4766099.39,993.95,4,-99,-99,-99,-99,0,0,0,0,0,100,0,0,0,0,10000
651376.51,4765547.82,463.14,4,1.16,0.11,250,50,10,70,0,0,0,20,0,0,0,0,30000
651607.89,4765967.13,441.04,4,0.7,0.08,100,50,0,80,0,0,0,20,0,0,0,0,20000
651220.47,4766029.2,733.28,4,0.27,0.03,14,120,0,50,0,0,0,50,0,0,0,0,30000
651250.39,4765693.51,646.23,4,1.55,0.08,105,50,0,60,0,0,0,40,0,0,0,0,60000
651136.46,4765578.9,761.66,4,1.02,0.02,225,50,0,50,0,0,0,50,0,0,0,0,40000
651394.21,4765521.22,498.96,4,1.07,0.07,63,50,0,60,0,0,0,40,0,0,0,0,30000
651603.77,4765579.1,585.87,4,0.57,0.02,57,50,0,90,0,0,0,10,0,0,0,0,30000
651629.86,4765939.28,514.97,4,0.51,0.03,10,50,10,90,0,0,0,0,0,0,0,0,25000
651202.83,4765387.59,408.44,4,0.2,0.03,58,50,0,20,0,0,0,80,0,0,0,0,20000
651489.55,4765717.83,385.19,4,0.44,0.02,230,50,30,20,0,0,0,50,0,0,0,0,10000
651341.67,4765270.65,625.61,4,0.66,0.02,51,50,0,50,0,0,0,50,0,0,0,0,40000
650924.45,4765366.22,1106.14,4,0.01,0.01,2.5,-99,0,0,0,0,0,100,0,0,0,0,40000
651525.06,4765656.48,232.73,4,0.36,0.02,22,110,10,60,0,0,0,30,0,0,0,0,20000
651521.26,4766280.75,531.14,4,1.32,0.11,42,50,10,90,0,0,0,0,0,0,0,0,30000
651439.22,4765455.15,557.92,4,0.8,0.01,11,50,0,70,0,0,0,30,0,0,0,0,20000
651443.07,4766017.35,595.94,4,0.61,0.05,135,50,30,60,0,0,0,10,0,0,0,0,20000
651299.89,4766513.33,133.04,4,-99,-99,-99,-99,5,25,0,0,0,70,0,0,0,0,20000
651438.42,4765454.81,601.5,4,1.21,0.04,26,50,0,40,0,0,0,60,0,0,0,0,40000
651512.44,4765869.55,527.52,4,1.51,0.08,54,50,10,90,0,0,0,0,0,0,0,0,50000
651570.14,4765726.68,460,4,0.78,0.05,23,50,20,60,0,0,0,20,0,0,0,0,20000
651443.15,4765569.41,484.12,4,1.47,0.02,100,50,40,60,0,0,0,0,0,0,0,0,35000
651438.41,4765576.08,451.12,4,1.14,0.05,37,50,0,90,0,0,0,10,0,0,0,0,30000
651070.18,4764899.53,1003.81,4,0.01,0,1.15,6.59,0,0,0,0,0,100,0,0,0,0,10000
651253.52,4765690.86,655.35,4,0.9,0.06,42,50,30,50,0,0,0,20,0,0,0,0,35000
651467.26,4765752.29,471.97,4,0.93,0.04,135,50,50,0,0,0,0,50,0,0,0,0,25000
651526.7,4765654.84,240.39,4,0.46,0.02,50,50,0,80,0,0,0,20,0,0,0,0,30000
651590.3,4765591.49,528.73,4,1.23,0.03,68,50,0,90,0,0,0,10,0,0,0,0,40000
651610.17,4765573.42,612.54,4,0.23,0.04,31,190,0,20,0,0,0,80,0,0,0,0,50000
651505.63,4765414.67,429.67,4,0.42,0,38,110,0,90,0,0,0,10,0,0,0,0,10000
651731.31,4766073.74,512.54,4,2.1,0.16,12,50,90,10,0,0,0,0,0,0,0,0,25000
651642.19,4766122.58,493.33,4,1.09,0.1,38,50,0,90,0,0,0,10,0,0,0,0,20000
651502.57,4766206.51,617.38,4,0.94,0.05,33,50,0,70,0,0,0,30,0,0,0,0,40000
651539.2,4766449.42,559.99,4,0.33,0.02,5,50,0,0,0,0,0,0,0,0,0,0,0
651575.92,4765605.2,465.8,4,0.26,0.03,16,50,90,10,0,0,0,0,0,0,0,0,7000
651428.76,4765722.32,521.75,4,0.8,0.01,115,50,50,50,0,0,0,0,0,0,0,0,10000
651448.38,4765780.45,546.63,4,0.96,0.02,16,50,70,0,0,0,0,30,0,0,0,0,25000
651126.78,4765392.7,1057.27,4,0.13,0,7,25,0,0,0,0,0,100,0,0,0,0,10000
651906.57,4766122.23,479.61,4,0.2,0.05,105,50,0,20,0,0,0,80,0,0,0,0,10000
651367.54,4765342.61,620.58,4,0.72,0.02,47,50,0,25,0,0,0,75,0,0,0,0,40000
651598.75,4765583.55,564.92,4,0.67,0.02,33,110,50,50,0,0,0,0,0,0,0,0,10000
651427,4765708.05,540.96,4,0.84,0.04,18,50,80,20,0,0,0,0,0,0,0,0,10000
651515.4,4766289.1,516.3,4,1.25,0.17,54,50,0,70,0,0,0,30,0,0,0,0,30000
651784.68,4766162.02,210.17,4,0.71,0.03,26,50,0,90,0,0,0,10,0,0,0,0,20000
651399.55,4765909.93,488.4,4,0.3,0.03,35,50,0,40,0,0,0,60,0,0,0,0,20000
651396,4765897.62,501.04,4,0.78,0.05,120,50,0,60,0,0,0,40,0,0,0,0,30000
651353.04,4765585.84,417.34,4,0.43,0.13,71,50,0,50,0,0,0,50,0,0,0,0,40000
651420.88,4765321.57,785.74,4,0.15,0.01,9.5,115,0,30,0,0,0,70,0,0,0,0,30000
651442.69,4765789.24,570.43,4,2.07,0.07,45,50,100,0,0,0,0,0,0,0,0,0,30000
651739.61,4766065.73,559.14,4,-99,-99,-99,-99,0,70,0,0,0,30,0,0,0,0,35000
651571.57,4766186.93,672.98,4,0.58,0,5,50,0,70,0,0,0,30,0,0,0,0,40000
651425.94,4765821.09,519.18,4,0.96,0.02,42,110,90,10,0,0,0,0,0,0,0,0,20000
651458.75,4765900.2,660.71,4,3.37,0.49,25,50,0,80,0,0,0,20,0,0,0,0,120000
651721.15,4766083.94,454.3,4,2.91,0.42,47,50,0,50,0,0,0,50,0,0,0,0,60000
651292.3,4765634.85,491.65,4,0.66,0.02,96,50,30,0,0,0,0,70,0,0,0,0,20000
651430.3,4765460.23,575.09,4,1.28,0.01,28,50,40,20,0,0,0,40,0,0,0,0,30000
651574.34,4765844.16,483.83,4,1.15,0.05,15,50,0,80,0,0,0,20,0,0,0,0,30000
651684.61,4766025.95,324.14,4,0.55,0.06,26,50,0,100,0,0,0,0,0,0,0,0,10000
651501.9,4765700.11,340.09,4,0.52,0.01,43,50,15,15,0,0,0,70,0,0,0,0,10000
651490.6,4765893.86,437.26,4,1.22,0.04,52,50,30,60,0,0,0,10,0,0,0,0,40000
651513.56,4765667.36,179.02,4,0.72,0,47,160,40,50,0,0,0,10,0,0,0,0,20000
651246.62,4765696.75,635.31,4,1.31,0.06,75,50,30,60,0,0,0,10,0,0,0,0,50000
651231.43,4766406.21,783,4,-99,-99,-99,-99,0,0,0,0,0,100,0,0,0,0,15000
651004.4,4764790.94,910.51,4,0.12,0.05,11.55,339.4,5,5,0,0,0,90,0,0,0,0,150000
650279.96,4765100.69,852.78,4,0.13,0.05,7.32,77.2,0,30,0,0,0,70,0,0,0,0,15000
651535.33,4765646.23,280.58,4,0.68,0.06,57,130,40,60,0,0,0,0,0,0,0,0,10000
651571.45,4765725,469.78,4,0.83,0.05,20,110,90,10,0,0,0,0,0,0,0,0,10000
651485.96,4765899.38,418.61,4,0.57,0.02,160,50,20,80,0,0,0,0,0,0,0,0,20000
651429.52,4765467.07,580.37,4,1.76,0.08,290,50,0,100,0,0,0,0,0,0,0,0,30000
651156.24,4765788.98,698.44,4,0.62,0.04,86,25,0,70,0,0,0,30,0,0,0,0,30000
651592.97,4765588.98,540.16,4,0.46,0.03,20,50,40,60,0,0,0,0,0,0,0,0,15000
651595.29,4766101.73,595.34,4,0.61,0.01,44,220,100,0,0,0,0,0,0,0,0,0,3000
651317.71,4765865.1,606.04,4,1.56,0.07,90,140,0,50,0,0,0,50,0,0,0,0,50000
651713.01,4766092.43,405.7,4,0.56,0.02,27,50,90,0,10,0,0,0,0,0,0,0,20000
651451.05,4765686.01,550.57,4,0.92,0.08,5,50,0,90,0,0,0,10,0,0,0,0,40000
651756.76,4766061.8,271.87,4,-99,-99,-99,-99,0,40,0,0,0,60,0,0,0,0,40000
650864.83,4764842.28,1067.61,4,0.12,0,37.25,449.5,0,0,0,0,0,100,0,0,0,0,30000
650059.01,4764904.95,962.56,4,0.04,0.01,4.13,3.62,0,0,0,0,0,100,0,0,0,0,10000
651248.51,4765695.13,640.77,4,1.03,0.03,110,50,30,50,0,0,0,20,0,0,0,0,50000
651627.98,4766020.05,513.82,4,1.16,0.07,39,50,0,0,0,0,0,0,0,0,0,0,0
651457.59,4765894.6,666.31,4,4.16,0.45,29,50,10,60,0,0,0,30,0,0,0,0,100000
651140.72,4765600.91,733.49,4,0.52,0.03,78,50,0,35,0,0,0,65,0,0,0,0,30000
651305.72,4765298.26,693.51,4,1.38,0.03,11,50,0,90,0,0,0,10,0,0,0,0,30000
651654.99,4766114.2,563.68,4,0.87,0.07,24,50,0,50,0,0,0,50,0,0,0,0,30000
651251.02,4765692.98,648.06,4,1.55,0.05,68,50,30,50,0,0,0,20,0,0,0,0,50000
651449.28,4766009.05,576.53,4,0.87,0.05,115,50,0,60,0,0,0,40,0,0,0,0,40000
651478.77,4765919.7,523.03,4,1.01,0.04,79,50,70,0,0,0,0,30,0,0,0,0,10000
651682.22,4765511.2,159.43,4,0.01,0.01,5,50,0,10,0,0,0,90,0,0,0,0,30000
650965.13,4765746.22,860.85,4,-99,-99,-99,-99,0,10,0,0,0,90,0,0,0,0,30000
651549.32,4765496.78,590.31,4,0.59,0.02,17,50,20,80,0,0,0,0,0,0,0,0,25000
651394.82,4765893.52,505.26,4,0.95,0.02,235,50,0,70,0,0,0,30,0,0,0,0,30000
651538.84,4766256.5,576.06,4,0.78,0,58,50,55,30,0,0,0,15,0,0,0,0,40000
651220.47,4765604.3,571.23,4,0.54,0.05,115,50,0,30,0,0,0,70,0,0,0,0,60000
651505.25,4766208.8,622.24,4,1.65,0.06,28,50,0,78.62,0,0,0,21.38,0,0,0,0,49300
651004.33,4764797.15,1024.34,4,0.12,0.01,7.51,278.4,10,10,0,0,0,80,0,0,0,0,100000
651534.09,4765647.47,274.84,4,0.55,0.03,43,180,20,80,0,0,0,0,0,0,0,0,20000
651564.6,4765616.42,414.2,4,1.23,0.23,93,50,80,20,0,0,0,0,0,0,0,0,10000
651498.86,4765704.33,350.91,4,0.85,0.05,93,50,40,0,0,0,0,60,0,0,0,0,25000
651231.44,4766406.21,787,4,-99,-99,-99,-99,0,0,0,0,0,100,0,0,0,0,15000
651601.06,4766167.82,564.53,4,2.45,0.14,210,50,50,30,0,0,0,20,0,0,0,0,40000
651585.99,4765831.17,537.04,4,0.84,0.04,23,50,60,0,0,0,0,40,0,0,0,0,10000
651422.14,4765722.92,448.87,4,0.61,0,170,50,40,60,0,0,0,0,0,0,0,0,10000
651156.44,4766097.6,986.44,4,-99,-99,-99,-99,0,0,0,0,0,100,0,0,0,0,10000
651173.72,4766082.06,922.54,4,0.01,0.96,5,50,0,30,0,0,0,70,0,0,0,0,20000
650240.76,4764787.79,1048.88,4,0.09,1.07,13.24,291.75,0,0,0,0,0,100,0,0,0,0,20000
651750.93,4766068.25,218.57,4,-99,-99,-99,-99,30,70,0,0,0,0,0,0,0,0,10000
651433.87,4765458.2,568.22,4,1.63,0.04,11,50,30,50,0,0,0,20,0,0,0,0,30000
651534.28,4766262.68,564.36,4,0.75,0.29,27,50,40,40,0,0,0,20,0,0,0,0,25000
651145.13,4765703.44,795.67,4,0.62,0.03,80,172,0,90,0,0,0,10,0,0,0,0,30000
651393.57,4765716.98,552.51,4,0.92,0.05,43,50,100,0,0,0,0,0,0,0,0,0,5000
651736.32,4765999.84,140,4,0.44,0.01,36,50,0,70,0,0,0,30,0,0,0,0,30000
651629.33,4765939.94,513.16,4,1.01,0.05,31,50,40,60,0,0,0,0,0,0,0,0,20000
651493.03,4766226.55,562.37,4,2.32,0.12,93,50,40,60,0,0,0,0,0,0,0,0,60000
651384.95,4765870.36,333.96,4,0.71,0.14,49,50,0,50,0,0,0,50,0,0,0,0,30000
651354.47,4765583.37,420.14,4,0.62,0.03,59,50,0,70,0,0,0,30,0,0,0,0,40000
651485.42,4766233.61,592.64,4,0.71,0.05,10,50,60,30,0,0,0,10,0,0,0,0,30000
651601.19,4765975.65,419.63,4,0.9,0.03,140,50,0,65,0,0,0,35,0,0,0,0,30000
651485.34,4765427.39,468.94,4,1.77,0.15,38,50,50,50,0,0,0,0,0,0,0,0,20000
650379.98,4765048.31,1017.91,4,0.67,0.29,11.4,22.9,0,35,0,0,0,65,0,0,0,0,40000
651379.67,4765707.87,547.6,4,2.06,0.05,170,50,30,40,0,0,0,30,0,0,0,0,20000
650293.81,4765100.11,927.51,4,0.32,0.05,52.8,53.2,0,40,0,0,0,60,0,0,0,0,30000
651903.02,4766125.39,470.81,4,0.18,0.02,83,50,0,10,0,0,0,90,0,0,0,0,40000
651487.1,4765426.3,465.52,4,2.13,0.18,83,50,60,40,0,0,0,0,0,0,0,0,20000
651230.64,4766406.8,199.01,4,0.52,0.01,34,3.1,0,45,0,0,0,55,0,0,0,0,50000
651737,4765998.83,143.81,4,0.22,0.01,24,110,0,90,0,0,0,10,0,0,0,0,20000
651172.49,4765409.6,635.94,4,0.44,0.04,125,50,0,40,0,0,0,60,0,0,0,0,20000
651521.77,4765659.61,217.39,4,0.66,0,335,120,70,20,0,0,0,10,0,0,0,0,20000
650287.16,4765049.53,1037.53,4,0.53,0.11,14.55,44.4,0,40,0,0,0,60,0,0,0,0,20000
651238.43,4765703.76,611.65,4,0.47,0.02,93,1130,0,25,0,0,0,75,0,0,0,0,60000
651610.32,4766081.83,669.25,4,1.93,0.03,16,50,0,100,0,0,0,0,0,0,0,0,50000
651613.82,4766025.99,449.63,4,0.98,0.65,96,1580,0,60,0,0,0,40,0,0,0,0,30000
651216.81,4766033.61,748.22,4,0.89,0.12,28,50,0,70,0,0,0,30,0,0,0,0,40000
651145.15,4765447.51,646.97,4,0.34,0.03,115,50,0,20,0,0,0,80,0,0,0,0,10000
651306.42,4765297.7,695.29,4,1.24,0.04,17,50,0,90,0,0,0,10,0,0,0,0,30000
651070.97,4764899.33,1073.81,4,0.05,0.02,5.11,12.16,0,0,0,0,0,100,0,0,0,0,100000
651538.57,4765971.57,449.67,4,0.38,0.04,97,50,0,40,0,0,0,60,0,0,0,0,20000
651446.08,4765654.56,373.25,4,0.55,0.02,45,50,20,50,0,0,0,30,0,0,0,0,20000
651441.38,4766019.62,601.23,4,0.48,0.04,115,50,70,20,0,0,0,10,0,0,0,0,15000
651381.97,4765848.5,551.77,4,0.93,0.04,190,50,20,40,0,0,0,40,0,0,0,0,20000
651621.53,4766022.75,484.65,4,0.84,0.06,82,50,30,70,0,0,0,0,0,0,0,0,15000
651004.24,4764788.65,872.58,4,0.36,0.03,53.76,496.4,5,5,0,0,0,90,0,0,0,0,150000
651504.17,4766215.66,516.97,4,0.78,0.1,105,50,0,70,0,0,0,30,0,0,0,0,30000
651648.36,4766257.82,536.04,4,0.99,0.06,39,50,100,0,0,0,0,0,0,0,0,0,15000
651126.86,4765505.25,1073.43,4,-99,-99,-99,-99,0,20,0,0,0,80,0,0,0,0,10000
651070.35,4764899.53,1015.81,4,0,0,0.38,8.09,0,0,0,0,0,100,0,0,0,0,10000
651551.07,4765871.22,384.03,4,0.71,0.06,93,130,20,60,0,0,0,20,0,0,0,0,20000
651173.25,4766082.54,924.42,4,0.01,0.06,5,50,0,30,0,0,0,70,0,0,0,0,20000
651450.87,4765438.75,631.22,4,1.5,0.03,15,50,0,0,0,0,0,0,0,0,0,0,0
651004.25,4764788.77,874.58,4,0.38,0.05,36.5,593.4,5,5,0,0,0,90,0,0,0,0,150000
651670.1,4766042.16,290.58,4,0.78,0.02,94,50,0,100,0,0,0,0,0,0,0,0,10000
651493.91,4765711.41,368.95,4,0.59,0.02,89,50,20,0,0,0,0,80,0,0,0,0,30000
651230.64,4766406.79,205.01,4,0.91,0.04,127.5,2.3,0,40,0,0,0,60,0,0,0,0,30000
651508.43,4765611.45,571.21,4,1.61,0.03,16,50,0,100,0,0,0,0,0,0,0,0,40000
651153.83,4765771.53,717.56,4,0.47,0.05,120,25,0,65,0,0,0,35,0,0,0,0,30000
651623.45,4766151.31,476.83,4,1.07,0.15,37,530,0,30,0,0,0,70,0,0,0,0,50000
651606.78,4765968.53,437.47,4,0.99,0.09,59,50,80,20,0,0,0,0,0,0,0,0,15000
651397.09,4765443.4,323.41,4,0.69,0.05,145,50,10,50,0,0,0,40,0,0,0,0,40000
651135.83,4765575.38,766.47,4,0.6,0.01,135,50,0,40,0,0,0,60,0,0,0,0,40000
651564.79,4765854.96,442.26,4,1.74,0.1,28,290,30,50,0,0,0,20,0,0,0,0,40000
651395.22,4765894.89,503.85,4,1.47,0.06,165,50,0,45,0,0,0,55,0,0,0,0,40000
650241.24,4765049.75,918.06,4,0.19,0.26,43.4,71.5,0,25,0,0,0,73,0,2,0,0,30000
651440.93,4765962.21,553.62,4,1.05,0.03,93,50,0,60,0,0,0,40,0,0,0,0,40000
651126.82,4765389.7,1062.47,4,0.08,0.01,10,85,0,0,0,0,0,100,0,0,0,0,10000
651164.83,4765416.08,621.01,4,0.7,0.05,660,750,0,40,0,0,0,60,0,0,0,0,30000
651681.18,4766234.64,457.75,4,1.15,0.13,18,50,0,90,0,0,0,10,0,0,0,0,25000
651737.47,4766226.36,416.84,4,0.36,0.04,5,50,90,10,0,0,0,0,0,0,0,0,7000
651609.14,4766083.38,663.57,4,1.91,0.05,26,110,0,100,0,0,0,0,0,0,0,0,45000
650059.08,4764903.1,974.42,4,0.07,0.05,4.74,3.35,0,0,0,0,0,100,0,0,0,0,10000
651783.19,4766163.07,213.73,4,0.99,0.05,40,50,0,80,0,0,0,20,0,0,0,0,25000
651532.97,4766264.46,561.02,4,1.54,0.06,17,50,10,70,0,0,0,20,0,0,0,0,30000
651560.38,4765860.05,423.43,4,1.37,0.08,19,170,10,70,0,0,0,20,0,0,0,0,50000
651470.91,4765893.48,549.39,4,1.19,0.05,58,50,100,0,0,0,0,0,0,0,0,0,10000
651361.77,4765845.15,659.37,4,1.42,0.03,22,130,50,40,0,0,0,10,0,0,0,0,25000
650586.39,4764913.67,985.43,4,0.14,0.02,15.1,8.45,0,20,0,0,0,80,0,0,0,0,20000
651539.12,4765642.4,297.76,4,1.51,0.09,99,140,30,70,0,0,0,0,0,0,0,0,20000
651220.02,4766029.75,735.15,4,0.41,0.12,23,140,0,50,0,0,0,50,0,0,0,0,30000
651559.77,4766452.03,533.04,4,0.13,0.04,5,50,0,0,0,0,0,0,0,0,0,0,0
651292.2,4765635.81,489.9,4,0.47,0.02,105,50,20,10,0,0,0,70,0,0,0,0,20000
651393.48,4765522.32,497.45,4,0.95,0.07,36,50,0,70,0,0,0,30,0,0,0,0,30000
651003.74,4764799.08,1062.29,4,0.24,0.01,248,706.6,15,5,0,0,0,80,0,0,0,0,80000
651004.44,4764791.74,924.49,4,0.26,0.07,64.36,665.2,5,15,0,0,0,80,0,0,0,0,150000
651548,4765875.13,370.95,4,0.53,0.04,29,160,70,0,0,0,0,30,0,0,0,0,10000
651229.2,4765593.04,610.74,4,0.39,0.06,45,50,0,50,0,0,0,50,0,0,0,0,20000
651147.59,4766105.24,1018.36,4,-99,-99,-99,-99,0,0,0,0,0,0,0,0,0,0,0
651379.52,4765729.18,501.82,4,0.79,0.01,115,140,10,50,0,0,0,40,0,0,0,0,10000
651430.09,4765733.19,507.46,4,1,0.03,44,50,70,30,0,0,0,0,0,0,0,0,10000
651431.12,4766033.46,632.84,4,0.25,0,5,50,0,80,0,0,0,20,0,0,0,0,30000
651177.07,4766078.67,909.37,4,0.02,0.02,5,130,0,0,0,0,0,0,0,0,0,0,0
651480.04,4765430.67,479.19,4,1.44,0.1,20,50,40,60,0,0,0,0,0,0,0,0,20000
650241.75,4764788.52,988.9,4,0.03,0.05,4.11,123.1,0,0,0,0,0,100,0,0,0,0,10000
651565.43,4765615.59,418.03,4,0.77,0.05,145,160,40,60,0,0,0,0,0,0,0,0,10000
651432.32,4765751.31,483.66,4,0.01,0,5,50,60,10,0,0,0,30,0,0,0,0,10000
651373.55,4765712.87,570.26,4,1.99,0.05,195,50,50,30,0,0,0,20,0,0,0,0,30000
650278.52,4765100.75,845.01,4,0.2,0.02,22.3,18.2,0,35,0,0,0,65,0,0,0,0,15000
651393.64,4765889.42,509.47,4,2.19,0.07,170,50,0,70,0,0,0,30,0,0,0,0,30000
651150.04,4765743.63,748.72,4,1.78,0.05,83,25,0,90,0,0,0,10,0,0,0,0,30000
650759.67,4764837.45,989.99,4,0.27,0.1,13.72,21.23,0,15,0,0,0,85,0,0,0,0,60000
651482.02,4766005.56,565.44,4,1,0.04,77,50,0,60,0,0,0,40,0,0,0,0,40000
650297.1,4765099.97,945.2,4,0.3,0.04,17.55,16.8,0,30,0,0,0,70,0,0,0,0,15000
651473.49,4765635.85,456.9,4,0.88,0.03,82,50,10,60,0,0,0,30,0,0,0,0,20000
651511.29,4765609.56,580.6,4,0.87,0.04,22,50,0,50,0,0,0,50,0,0,0,0,20000
651624.11,4766021.67,496.32,4,0.86,0.07,43,50,0,100,0,0,0,0,0,0,0,0,20000
651548.16,4765756,289.91,4,0.76,0.05,52,50,80,20,0,0,0,0,0,0,0,0,10000
651633.75,4766017.7,539.07,4,1.06,0.03,36,50,70,30,0,0,0,0,0,0,0,0,10000
651533.63,4766263.57,562.69,4,1.25,0.04,25,50,30,40,0,0,0,30,0,0,0,0,40000
651447.26,4765450.55,542.48,4,1.09,0.02,84,50,0,80,0,0,0,20,0,0,0,0,30000
651543.3,4766101.13,613.78,4,1.91,0.11,97,50,0,60,0,0,0,40,0,0,0,0,50000
651723.78,4766246.22,516.43,4,1.71,0.08,5,50,10,70,0,0,0,20,0,0,0,0,30000
651379.09,4765330.38,600.75,4,0.78,0.03,68,50,20,60,0,0,0,20,0,0,0,0,30000
651511.15,4765871.02,521.85,4,1.13,0.08,155,50,20,80,0,0,0,0,0,0,0,0,40000
651375.08,4765711.62,564.59,4,1.22,0.12,33,50,70,20,0,0,0,10,0,0,0,0,10000
651549.2,4765496.99,588.32,4,0.61,0.02,29,50,10,90,0,0,0,0,0,0,0,0,30000
651365.31,4765335.14,529.75,4,0.5,0.02,17,50,50,40,0,0,0,10,0,0,0,0,25000
651689.08,4766021.17,334.21,4,0.41,0.04,5,50,0,80,0,0,0,20,0,0,0,0,10000
651390.1,4765877.11,522.12,4,0.36,0.01,100,50,40,50,0,0,0,10,0,0,0,0,9500
651350.54,4766615.55,430.94,4,-99,-99,-99,-99,0,10,0,0,0,90,0,0,0,0,30000
650239.99,4764787.9,1112.88,4,0.14,0.05,5.7,16.16,0,0,0,0,0,100,0,0,0,0,10000
651479.16,4765431.22,480.9,4,2,0.13,35,50,50,50,0,0,0,0,0,0,0,0,30000
651458.86,4765645.47,412.21,4,0.55,0,54,50,30,50,0,0,0,20,0,0,0,0,20000
651152.18,4765759.5,730.84,4,0.91,0.02,140,79,0,75,0,0,0,25,0,0,0,0,30000
651466.79,4765752.99,473.78,4,0.71,0.03,31,50,40,0,0,0,0,60,0,0,0,0,25000
651477.06,4765633.46,468.1,4,0.8,0.06,48,50,50,40,0,0,0,10,0,0,0,0,20000
651482.37,4766007.07,564.18,4,0.88,0.03,120,50,0,70,0,0,0,30,0,0,0,0,30000
651424.33,4765926.57,869.03,4,0.04,0,5,50,0,0,0,0,0,0,0,0,0,0,0
651449.85,4766008.3,574.77,4,1.13,0.07,89,50,0,50,0,0,0,50,0,0,0,0,40000
651602.86,4765579.91,582.06,4,0.66,0.02,36,50,10,90,0,0,0,0,0,0,0,0,25000
651518.56,4765604.65,605.08,4,0.92,0.02,42,50,35,65,0,0,0,0,0,0,0,0,10000
651187.27,4765308.56,545.26,4,0.49,0.04,38,50,10,70,0,0,0,20,0,0,0,0,30000
651070.43,4764899.53,1021.81,4,0.01,0.01,1.19,49.6,0,0,0,0,0,100,0,0,0,0,10000
651421.14,4765724.33,445.27,4,0.78,0,380,50,10,60,0,0,0,30,0,0,0,0,10000
651593.01,4766104.8,583.96,4,0.84,0.04,51,120,10,90,0,0,0,0,0,0,0,0,20000
650917.81,4764808.24,941.79,4,0.46,0.01,6.75,727.95,5,10,0,0,0,85,0,0,0,0,150000
651730.97,4766074.08,510.6,4,2.97,0.28,23,50,90,10,0,0,0,0,0,0,0,0,30000
651456.01,4765768.9,515.58,4,0.88,0.02,54,50,100,0,0,0,0,0,0,0,0,0,10000
650240.71,4764787.78,1052.88,4,0.06,0.16,6.03,145.25,0,0,0,0,0,100,0,0,0,0,20000
651507.24,4765875.44,504.84,4,1.17,0.08,21,50,100,0,0,0,0,0,0,0,0,0,20000
651445.65,4765565.98,501.61,4,1.47,0.05,69,50,30,70,0,0,0,0,0,0,0,0,30000
651730.72,4766239.06,536.04,4,0.95,0.02,17,50,0,72.73,0,0,0,27.27,0,0,0,0,30000
650924.81,4765358.22,1119.99,4,0.01,0.01,2.5,-99,0,0,0,0,0,100,0,0,0,0,10000
651071.18,4764899.16,1099.81,4,0.08,0.02,24.26,15.05,0,0,0,0,0,100,0,0,0,0,100000
651273.24,4765512.88,458.32,4,1.48,0.02,525,50,0,70,0,0,0,30,0,0,0,0,30000
651377.12,4765709.95,557.04,4,1.82,0.04,99,50,50,40,0,0,0,10,0,0,0,0,30000
651603.53,4766166.09,555,4,1.63,0.09,25,50,30,50,0,0,0,20,0,0,0,0,40000
651477.91,4765916.93,525.79,4,0.77,0.03,31,50,20,10,0,0,0,70,0,0,0,0,20000
651554.5,4765747.45,340.81,4,0.63,0.02,46,100,0,80,0,0,0,20,0,0,0,0,30000
651389.47,4765720.45,537.44,4,1.45,0.04,71,50,100,0,0,0,0,0,0,0,0,0,5000
651141.43,4766110.74,1040.9,4,-99,-99,-99,-99,0,0,0,0,0,100,0,0,0,0,10000
651540.38,4765641.13,303.48,4,0.76,0.06,31,110,70,30,0,0,0,0,0,0,0,0,10000
651382.73,4765851.22,548.94,4,0.78,0.02,45,50,20,40,0,0,0,40,0,0,0,0,20000
651610.89,4766160.8,526.4,4,1.73,0.04,81,50,30,40,0,0,0,30,0,0,0,0,30000
651749.6,4766069.65,206.73,4,-99,-99,-99,-99,0,90,0,0,0,10,0,0,0,0,10000
651249.69,4765344.56,544.27,4,0.47,0.06,57,50,0,60,0,0,0,40,0,0,0,0,10000
651070.26,4764899.53,1009.81,4,0,0,0.4,8.75,0,0,0,0,0,100,0,0,0,0,10000
651597.79,4765979.95,408.96,4,0.72,0.07,165,50,0,50,0,0,0,50,0,0,0,0,20000
651293.3,4765478.18,435.51,4,0.4,0.03,77,50,0,100,0,0,0,0,0,0,0,0,10000
651613.79,4766158.64,514.95,4,1.42,0.05,150,50,100,0,0,0,0,0,0,0,0,0,10000
651581.95,4765835.64,517.97,4,0.75,0.03,22,190,60,40,0,0,0,0,0,0,0,0,10000
651574.31,4765721.41,491.29,4,0.45,0.02,22,150,30,40,0,0,0,30,0,0,0,0,20000
651433.75,4765706.96,490.42,4,0.63,0.03,32,50,100,0,0,0,0,0,0,0,0,0,10000
651231.44,4766406.2,789,4,-99,-99,-99,-99,0,0,0,0,0,100,0,0,0,0,15000
651580.29,4765713.91,536.28,4,0.66,0.02,40,50,20,70,0,0,0,10,0,0,0,0,10000
651257.58,4766586.58,-47.38,5,-99,-99,-99,-99,5,60,0,0,0,35,0,0,0,0,20000
650842.3,4766169,127.25,5,0.54,0.2,14.65,1.8,30,38,0,0,0,30,0,2,0,0,25000
651327.83,4766725.32,-176.92,5,-99,-99,-99,-99,0,10,0,0,0,90,0,0,0,0,10000
651029.08,4766188.41,-286.07,5,0.3,0.05,42.8,4.2,0,30,0,0,0,65,0,5,0,0,20000
651384.97,4766687.1,-1.83,5,-99,-99,-99,-99,20,70,0,0,0,10,0,0,0,0,20000
651066.53,4766192.58,-372.19,5,0.11,0.03,14.65,3.5,0,10,0,0,0,90,0,0,0,0,20000
651008.19,4766186.23,-238.5,5,0.09,0.02,5.81,2.9,0,20,0,0,0,80,0,0,0,0,10000
650818.02,4766166.69,179.87,5,0.48,0.27,10.8,3.2,10,38,0,0,0,50,0,2,0,0,30000
651327.7,4766730.42,-202.41,5,-99,-99,-99,-99,0,10,0,0,0,90,0,0,0,0,10000
650749.33,4766161.69,335.29,5,1.08,0.32,18.2,1190,0,30,0,0,0,70,0,0,0,0,100000
650885.14,4766173.71,34.8,5,1.68,1.38,64.6,4.1,45,30,0,0,0,22,0,3,0,0,35000
651061.82,4766192.12,-361.16,5,0.69,0.1,5.9,4.7,0,30,0,0,0,68,0,2,0,0,30000
651230.63,4766406.92,81.01,5,0.8,0.12,18.15,8.9,0,65,0,5,0,30,0,0,0,0,35000
651053.88,4766191.25,-342.82,5,0.21,0.04,8.34,3.2,0,20,0,0,0,80,0,0,0,0,10000
650880.13,4766173.14,45.69,5,0.21,0.07,7.52,10.9,0,10,0,0,0,90,0,0,0,0,40000
651328.75,4766706.88,-86.79,5,-99,-99,-99,-99,5,65,0,0,0,30,0,0,0,0,20000
651259.85,4766583.84,-23.64,5,-99,-99,-99,-99,5,60,0,0,0,35,0,0,0,0,20000
650784.51,4766164.09,254.67,5,0.59,0.24,13.55,8.5,5,25,0,0,0,70,0,0,0,0,20000
650989.66,4766184.34,-196.44,5,0.37,0.2,54,9.5,0,35,0,0,0,64,0,1,0,0,10000
650891.89,4766391.44,-56.99,5,-99,-99,-99,-99,30,60,0,0,0,10,0,0,0,0,30000
651282.71,4766560.33,195.92,5,-99,-99,-99,-99,0,20,0,0,0,80,0,0,0,0,15000
651328.81,4766706.07,-82.87,5,-99,-99,-99,-99,5,65,0,0,0,30,0,0,0,0,20000
650899.74,4766391.79,-58.47,5,-99,-99,-99,-99,30,60,0,0,0,10,0,0,0,0,30000
650840.62,4766168.82,130.87,5,0.43,0.21,7.56,2.6,30,37,0,0,0,30,0,3,0,0,25000
650828.87,4766167.67,156.27,5,0.38,0.19,12.9,3.2,5,25,0,0,0,70,0,0,0,0,30000
650870.1,4766171.98,67.47,5,0.44,0.28,58.7,2.7,3,20,0,0,0,77,0,0,0,0,20000
651286.35,4766520.64,-104.47,5,-99,-99,-99,-99,5,35,0,0,0,60,0,0,0,0,15000
650331.18,4765048.55,977.93,5,0.43,0.62,12.6,9.36,0,25.45,0,0,0,74.55,0,0,0,0,69000
650850.74,4766169.89,109.14,5,0.29,0.15,15.8,5.7,0,20,0,0,0,80,0,0,0,0,40000
650834.71,4766168.2,143.55,5,0.47,0.27,9.04,11.3,5,40,0,0,0,50,0,5,0,0,30000
651280.5,4766562.32,176.14,5,-99,-99,-99,-99,0,20,0,0,0,80,0,0,0,0,15000
650846.52,4766169.45,118.2,5,0.52,0.21,7.66,1.9,3,20,0,0,0,75,0,2,0,0,40000
650992.08,4766184.62,-201.93,5,0.36,0.05,145.5,2.3,0,40,0,0,0,60,0,0,0,0,20000
650734.23,4766160.77,370.15,5,0.75,0.2,34,9.3,0,40,0,0,0,60,0,0,0,0,30000
651381.42,4766680.06,39.42,5,-99,-99,-99,-99,0,90,0,0,0,10,0,0,0,0,15000
650854.11,4766170.25,101.89,5,0.52,0.22,25.9,8.9,0,25,0,0,0,73,0,2,0,0,50000
651073.58,4766193.27,-388.73,5,0.21,0.07,48.6,7.4,0,20,0,0,0,78,0,2,0,0,20000
651038.68,4766189.51,-308.04,5,0.22,0.05,19.1,1.9,0,15,0,0,0,83,0,2,0,0,20000
651255.87,4766588.63,-65.18,5,-99,-99,-99,-99,5,60,0,0,0,35,0,0,0,0,20000
651327.8,4766726.5,-182.8,5,-99,-99,-99,-99,0,10,0,0,0,90,0,0,0,0,10000
651057.88,4766191.71,-351.98,5,0.13,0.03,4.39,2.6,0,20,0,0,0,78,0,2,0,0,10000
651281.6,4766561.33,186.03,5,-99,-99,-99,-99,0,20,0,0,0,80,0,0,0,0,15000
650789.34,4766164.37,243.69,5,0.31,0.2,68.8,2.8,0,18,0,0,0,80,0,2,0,0,20000
651327.76,4766728.07,-190.65,5,-99,-99,-99,-99,0,10,0,0,0,90,0,0,0,0,10000
650731.86,4766160.63,375.66,5,0.22,0.09,28.7,9.4,0,10,0,0,0,90,0,0,0,0,30000
650755.7,4766162.1,320.62,5,0.42,0.19,49.2,18,0,30,0,0,0,70,0,0,0,0,30000
650868.31,4766390.35,-52.62,5,-99,-99,-99,-99,30,60,0,0,0,10,0,0,0,0,30000
651027.48,4766188.23,-282.41,5,0.15,0.03,27.8,2,0,35,0,0,0,65,0,0,0,0,10000
650859.17,4766170.78,91.03,5,0.64,0.35,40.4,2.6,20,30,0,0,0,47,0,3,0,0,30000
650255.88,4765248.09,964.8,6,-99,-99,-99,-99,0,0,0,0,0,100,0,0,0,0,3000
650341.72,4765065.71,1010.16,6,0.43,0.27,14.4,16.7,0,38,0,0,0,62,0,0,0,0,40000
650813.72,4765303.07,833.01,6,-99,-99,-99,-99,0,0,0,0,0,99,0,1,0,0,10000
650507.17,4765099.18,1055.9,6,0.01,0,2.06,28.6,0,0,0,0,0,100,0,0,0,0,5000
650918.02,4764808.36,947.79,6,0.33,0.01,15.82,455.05,5,10,0,0,0,85,0,0,0,0,150000
650115.36,4765121.81,961.64,6,-99,-99,-99,-99,0,10,0,0,0,90,0,0,0,0,6000
650126.56,4765133.93,1062.4,6,-99,-99,-99,-99,0,10,0,0,0,90,0,0,0,0,6000
650534.43,4764915.74,1011.74,6,0.1,0.07,8.24,30.4,0,10,0,0,0,90,0,0,0,0,60000
650712.72,4765076.59,1101.37,6,0.01,0,1.07,24.73,0,0,0,0,0,100,0,0,0,0,15000
650919.21,4764809.02,981.76,6,0.14,0.02,9.93,42.33,10,10,0,0,0,80,0,0,0,0,100000
650219.31,4765050.25,1122.37,6,0.02,0,12.5,30.1,0,10,0,0,0,90,0,0,0,0,20000
650917.07,4764807.7,921.81,6,0.55,0.02,7.95,484,5,10,0,0,0,85,0,0,0,0,150000
651071.28,4764898.49,1159.8,6,0.15,0.01,7.75,21.51,0,0,0,0,0,100,0,0,0,0,100000
651071.27,4764898.62,1139.8,6,0.05,0,22.42,21.29,0,0,0,0,0,100,0,0,0,0,100000
650755.53,4765120.4,949.3,6,0.42,0.08,40.3,268.5,0,10,0,0,0,90,0,0,0,0,100000
650916.92,4764807.59,917.82,6,0.31,0.02,15.58,363.95,5,10,0,0,0,85,0,0,0,0,150000
650916.99,4764807.64,919.82,6,0.38,0.03,12.06,397.6,5,10,0,0,0,85,0,0,0,0,150000
651327.01,4766500.85,618.11,6,-99,-99,-99,-99,0,12.05,0,0,0,87.95,0,0,0,0,12000
650920.31,4764809.39,1009.74,6,0.34,0.01,11.87,1293.5,10,10,0,0,0,80,0,0,0,0,100000
650919.29,4764809.04,983.76,6,0.04,0.01,8.18,80.88,10,10,0,0,0,80,0,0,0,0,100000
650350.25,4765080.21,1037.38,6,0.03,0.01,9.44,10.45,0,10,0,0,0,90,0,0,0,0,45000
650131.27,4765139.67,1107.79,6,-99,-99,-99,-99,0,0,0,0,50,50,0,0,0,0,2000
650779.93,4765253.52,1051.13,6,-99,-99,-99,-99,0,5,0,0,0,95,0,0,0,0,30000
650127.18,4765134.68,1068.32,6,0.01,0,0.42,8.39,0,10,0,0,0,90,0,0,0,0,6000
650262.79,4765248.32,1006.22,6,0.01,0.01,0.72,13.45,0,0,0,0,0,100,0,0,0,0,3000
651230.63,4766406.82,177.01,6,0.55,0.06,30.4,5.7,0,40,0,0,0,60,0,0,0,0,30000
650922,4764809.73,1055.7,6,0.09,0.01,10.98,228.18,10,10,0,0,0,80,0,0,0,0,100000
650123.54,4765130.57,1034.76,6,-99,-99,-99,-99,0,10,0,0,0,90,0,0,0,0,6000
650320,4765050.36,1125.6,6,0.06,0,4.2,18.8,0,1,0,0,0,99,0,0,0,0,10000
650709.85,4765073.68,1110.5,6,0.05,0.01,14.09,15.81,0,0,0,0,0,100,0,0,0,0,15000
650351.28,4765082.02,1040.79,6,0.04,0.01,10.5,8.17,0,10,0,0,0,90,0,0,0,0,45000
651284.18,4764794.42,978.8,6,0.01,0.01,1.76,82.92,0,0,0,0,0,100,0,0,0,0,10000
650340.1,4765062.99,1005.06,6,0.01,0.01,2.47,25.1,0,0,0,0,0,100,0,0,0,0,10000
650919.53,4764809.12,989.75,6,0.02,0.01,12.88,79.89,10,10,0,0,0,80,0,0,0,0,100000
650919.37,4764809.07,985.76,6,0.06,0.02,9.96,158.32,10,10,0,0,0,80,0,0,0,0,100000
650266.73,4765248.49,1029.9,6,-99,-99,-99,-99,0,0,0,0,0,100,0,0,0,0,1000
650481.14,4764964,1001.48,6,0.05,0.01,5.14,167,0,40,0,0,0,60,0,0,0,0,10000
651071.21,4764898.99,1111.81,6,0.01,0,13.26,12.51,0,0,0,0,0,100,0,0,0,0,100000
651284.18,4764794.42,986.8,6,0.01,0,3.83,53.27,0,0,0,0,0,100,0,0,0,0,10000
650748.28,4765112.55,979.46,6,0.07,0.01,1.3,131.88,0,0,0,0,0,100,0,0,0,0,3000
650133.12,4765141.92,1125.56,6,0.01,0,2.5,32.5,0,0,0,0,0,100,0,0,0,0,3000
650548.25,4764825.75,1111.46,6,0,0.02,4.38,14.11,0,0,0,0,0,100,0,0,0,0,30000
650345.5,4765072.05,1022.06,6,1.38,0.82,37.9,59.1,0,15,0,0,0,85,0,0,0,0,60000
650118.47,4765125.13,989.37,6,0.01,0,0.37,13.25,0,10,0,0,0,90,0,0,0,0,6000
650922.95,4764809.66,1093.69,6,0.15,0.01,34.34,398.6,10,10,0,0,0,80,0,0,0,0,100000
650528.57,4764916.31,994.73,6,0.34,0.17,27,49.1,0,10,0,0,0,90,0,0,0,0,50000
650336.81,4765057.57,994.88,6,1.46,0.77,149.5,21.9,0,60,0,0,0,40,0,0,0,0,50000
650443.52,4764914.15,1046.57,6,0.09,0.03,6.3,69.8,0,10,0,0,0,90,0,0,0,0,35000
650711.57,4765075.43,1105.02,6,0.02,0.01,1.51,34.78,0,0,0,0,0,100,0,0,0,0,15000
650584.68,4765285.43,1075.87,6,-99,-99,-99,-99,0,0,0,0,0,100,0,0,0,0,20000
650297.01,4765049.71,1063.74,6,0.05,0.01,6.21,27.6,0,1,0,0,0,99,0,0,0,0,10000
650920.55,4764809.47,1015.73,6,0.42,0.05,29.17,1254.4,10,10,0,0,0,80,0,0,0,0,100000
650273.94,4765248.81,1073.3,6,-99,-99,-99,-99,0,0,0,0,0,100,0,0,0,0,1000
650252.91,4765248.02,947.04,6,0.17,0.01,7.65,31.6,0,0,0,0,0,100,0,0,0,0,5000
651287.76,4765313.69,891.02,1,-99,-99,-99,-99,0,0,0,0,0,0,0,0,0,0,0
651321.76,4765610.12,975.89,1,1.72,0,41,50,0,45,0,0,0,55,0,0,0,0,40000
650410.73,4765098.52,970.27,1,0.43,0.02,226,120.5,0,20,0,0,0,80,0,0,0,0,35000
651408.63,4765838.8,712.19,1,6.07,7.2,48,-99,70,0,0,0,0,30,0,0,0,0,100000
650581.65,4765032.25,976.52,1,0.09,0.02,14.75,19.3,10,15,10,0,0,65,0,0,0,0,60000
651330.77,4765517.53,952.94,1,0.92,0.02,49,1640,0,10,0,0,0,90,0,0,0,0,20000
651543.81,4765507.56,491.05,1,0.72,0,35,50,0,80,0,0,0,20,0,0,0,0,30000
651255.83,4765829.2,680.4,1,0.5,0.11,82,140,0,30,0,0,0,70,0,0,0,0,40000
651317.6,4766505.51,436.42,1,-99,-99,-99,-99,0,30,0,0,0,70,0,0,0,0,60000
651153.57,4765628.24,641.39,1,0.08,0.02,25,100,0,40,0,0,0,60,0,0,0,0,10000
650430.43,4765389.45,915.8,1,-99,-99,-99,-99,0,5,0,0,0,95,0,0,0,0,20000
650751.16,4765276.75,895.51,1,-99,-99,-99,-99,0,5,0,0,0,95,0,0,0,0,35000
651279.67,4765447.88,852.94,1,0.32,0.01,29,560,0,0,0,0,10,90,0,0,0,0,30000
650891.92,4765952.45,732.65,1,0.32,0.02,26,50,0,40,0,0,0,60,0,0,0,0,30000
651129,4765530.44,829.84,1,0.64,0.04,37,-99,10,0,15,0,0,75,0,0,0,0,40000
651337.51,4766650.48,217.87,1,-99,-99,-99,-99,0,25,0,0,0,75,0,0,0,0,20000
651148.01,4765515.35,611.02,1,0.04,0.03,43,50,0,10,0,0,0,90,0,0,0,0,40000
650552.84,4765470.03,579.13,1,0.09,0.02,20.1,10.5,0,10,0,0,0,90,0,0,0,0,40000
650848.4,4765269.11,922.71,1,-99,-99,-99,-99,0,10.45,0,0,0,89.55,0,0,0,0,25200
651391.77,4765954.72,757.02,1,1.06,0.05,15,50,30,30,10,0,0,30,0,0,0,0,40000
651756.96,4766610.82,429.23,1,1.21,0.05,96,200,10,0,10,0,0,80,0,0,0,0,60000
651824.34,4766620.13,182.07,1,1.39,0.02,20,2820,0,0,40,0,0,60,0,0,0,0,60000
651401.99,4765849.17,413.44,1,0.23,0.05,110,120,0,20,0,0,0,80,0,0,0,0,60000
650597.06,4765033.87,1004.52,1,0.83,0.08,8.78,28.6,5,20,0,0,0,75,0,0,0,0,70000
651311.84,4765318.75,851.21,1,0.06,0.01,48,50,0,0,0,0,0,100,0,0,0,0,10000
650920.27,4765555.77,982.55,1,0.13,0.05,25,-99,0,30,0,0,0,70,0,0,0,0,40000
651345.77,4766616.1,426.9,1,-99,-99,-99,-99,20,30,0,0,0,50,0,0,0,0,30000
650920.15,4765449.28,964.79,1,0.39,0.03,19,-99,0,50,0,0,0,50,0,0,0,0,20000
651136.08,4765440.59,566.89,1,0.09,0.05,14,50,0,20,0,0,0,80,0,0,0,0,50000
651225.65,4765714.65,575.35,1,0.88,0.09,30,360,0,50,0,0,0,50,0,0,0,0,40000
651417.92,4765535.32,800.51,1,1.21,0.03,100,-99,30,10,0,0,5,55,0,0,0,0,40000
651501.36,4765885.57,798.9,1,0.98,0.01,115,760,0,0,30,0,0,70,0,0,0,0,40000
651243.93,4765235.96,711.39,1,1.41,0.04,22,580,40,0,0,0,10,50,0,0,0,0,40000
651800.88,4766167.57,610.39,1,0.83,0.06,34,600,20,0,0,0,0,80,0,0,0,0,30000
651490,4765759.5,772,1,0.18,0.05,37,270,10,0,0,0,0,90,0,0,0,0,50000
651069.61,4764721.08,1088.13,1,0.01,0.01,23.2,31,0,0,0,0,0,100,0,0,0,0,2000
651430.94,4766075.28,397.28,1,0.46,0,97,50,0,30,0,0,0,70,0,0,0,0,50000
651470.81,4766723.55,238.18,1,0.49,0.08,125,50,0,60,0,0,0,40,0,0,0,0,30000
650427.53,4765392.53,906.74,1,-99,-99,-99,-99,0,5,0,0,0,95,0,0,0,0,20000
650493.37,4765466.12,856.79,1,-99,-99,-99,-99,0,5,0,0,0,95,0,0,0,0,35000
651313.24,4765508.34,939.73,1,1.11,0.01,195,430,40,0,0,0,0,60,0,0,0,0,40000
650759.5,4764830.82,1043.59,1,0.04,0.01,9.04,109.39,0,0,0,0,0,100,0,0,0,0,40000
651159.29,4765433.84,686.32,1,0.02,0.05,125,140,0,0,0,0,10,90,0,0,0,0,40000
651307.81,4765487.31,759.28,1,1.71,0.05,120,2940,10,20,0,0,0,70,0,0,0,0,40000
650425.21,4765395,899.49,1,-99,-99,-99,-99,0,5,0,0,0,95,0,0,0,0,20000
651320.3,4765845.52,569.69,1,0.65,0.11,170,1529,10,10,0,0,0,80,0,0,0,0,40000
650759.56,4764833.58,1021.76,1,0.06,0.01,22.42,230.71,0,0,0,0,0,100,0,0,0,0,40000
651376.52,4766774.14,160.95,1,0.55,0.06,60,50,0,100,0,0,0,0,0,0,0,0,21700
651379.91,4765457.44,370.43,1,1.34,0.03,345,170,0,50,0,0,0,50,0,0,0,0,30000
651341.65,4765270.86,782.71,1,1.39,0.01,69,2550,0,0,0,50,10,40,0,0,0,0,30000
651835.66,4766609.63,250.35,1,0.32,0.02,20,50,5,35,0,0,0,60,0,0,0,0,30000
651339.57,4765731.96,747.39,1,2.92,0.34,17,50,20,70,0,0,0,10,0,0,0,0,50000
651423.77,4766169.43,543.11,1,0.81,0.02,64,50,0,60,0,0,0,40,0,0,0,0,50000
650958.92,4766009.81,785.96,1,0.08,0.02,25,50,0,25,0,0,0,75,0,0,0,0,60000
651314.9,4765419.81,881.73,1,1.07,0.02,44,618,10,50,0,0,0,40,0,0,0,0,40000
651559.25,4765824.22,722.91,1,0.29,0.02,32,230,0,10,0,0,0,90,0,0,0,0,40000
651179.77,4765602.76,919.03,1,1.15,0.04,61,610,20,0,0,0,0,80,0,0,0,0,30000
651434.72,4765687,785.32,1,0.09,0.01,69,1320,0,0,0,30,0,70,0,0,0,0,30000
651251.33,4765343.76,805.17,1,1.96,0.01,115,1890,15,10,20,0,0,55,0,0,0,0,40000
651382.58,4765313.51,474.28,1,0.48,0.02,170,500,0,10,0,0,0,90,0,0,0,0,70000
650918.75,4765566.91,961.34,1,0.35,0.06,48,50,0,37.69,0,0,0,62.31,0,0,0,0,30000
651307.6,4765489.24,755.78,1,2.17,0.01,23,240,20,20,0,0,0,60,0,0,0,0,40000
651215.29,4765462.73,856.53,1,1.32,0.02,42,1510,20,40,0,0,0,40,0,0,0,0,30000
651015.47,4765380.58,937.9,1,-99,-99,-99,-99,0,6,0,0,1,93,0,0,0,0,35000
651047.84,4765238.19,723.03,1,0.92,0.07,58,1030,5,10,10,0,5,70,0,0,0,0,60000
651126.12,4765456.11,948.4,1,0.4,0.04,129,920,20,0,0,0,0,80,0,0,0,0,40000
651284.97,4765315.11,639.79,1,1.58,0.04,36,50,0,50,0,0,0,50,0,0,0,0,40000
651347.58,4765508.14,736.97,1,3.32,0.22,27,50,20,60,0,0,0,20,0,0,0,0,50000
651908.96,4766232.2,356.59,1,0.93,0.04,100,360,0,20,0,0,0,80,0,0,0,0,30000
651321.55,4765745.07,698.21,1,1.7,0.03,5,50,0,25,0,0,0,75,0,0,0,0,60000
651259.47,4765410.37,775.94,1,1.35,0,22,50,10,30,0,0,0,60,0,0,0,0,25000
651417.93,4765534.21,802.17,1,0.97,0.02,16,-99,20,20,0,0,10,50,0,0,0,0,40000
651414.02,4765999.85,434.28,1,0.52,0.07,160,50,0,40,0,0,0,60,0,0,0,0,50000
650422.31,4765398.09,890.43,1,-99,-99,-99,-99,0,20,0,0,0,80,0,0,0,0,40000
651367.58,4765975.13,677.05,1,1.42,0.17,74,3810,0,40,30,0,0,30,0,0,0,0,50000
651330.77,4765738.32,723.77,1,3.32,0.13,18,50,0,20,0,0,0,80,0,0,0,0,80000
651481.31,4765653.86,655.65,1,1.59,0.02,40,50,0,90,0,0,0,10,0,0,0,0,40000
651427.16,4766648.64,557.15,1,-99,-99,-99,-99,0,90,0,0,0,10,0,0,0,0,20000
650989.92,4765304.5,541.23,1,0.31,0.02,59,790,0,0,0,0,5,95,0,0,0,0,60000
651368.94,4765739.16,464.56,1,0.47,0.03,225,50,0,30,0,0,0,70,0,0,0,0,30000
650761.6,4764947.67,1121.61,1,1.13,0.05,12.19,94.72,1,1,1,5,5,87,0,0,0,0,150000
650592.09,4765279.32,1102.17,1,-99,-99,-99,-99,0,0,0,0,0,100,0,0,0,0,15000
650406.59,4765415.17,841.68,1,-99,-99,-99,-99,0,20,0,0,0,80,0,0,0,0,40000
651316.24,4765407.27,904.47,1,0.15,0.02,5,184,0,50,0,0,0,50,0,0,0,0,30000
651144.21,4765141.05,743.26,1,0.68,0.03,60,870,0,40,0,0,0,60,0,0,0,0,30000
651428.05,4765315.03,807.69,1,0.27,0.01,19,140,0,60,0,0,0,40,0,0,0,0,50000
651325.15,4765498.56,983.07,1,0.03,0.01,45,50,0,10,0,0,0,90,0,0,0,0,30000
651833.04,4766612.01,234.74,1,0.04,0.02,5,50,0,0,0,0,0,0,0,0,0,0,0
651120.27,4766081.51,805.14,1,0.64,0.08,100,50,0,40,0,0,0,60,0,0,0,0,50000
650772.6,4764931.09,1118.08,1,1.16,0.09,14,154,0,20,0,0,0,80,0,0,0,0,30000
651306.89,4765495.99,743.54,1,2.64,0.04,51,50,20,70,0,0,0,10,0,0,0,0,40000
651232.81,4765364.25,679.71,1,0.34,0.01,77,50,0,10,0,0,10,80,0,0,0,0,20000
650919.26,4765563.19,968.41,1,2.86,0.51,130,50,0,60,0,0,0,40,0,0,0,0,50000
651330.72,4765515.28,956.25,1,0.57,0.01,70,820,0,20,0,0,0,80,0,0,0,0,30000
651311.35,4765453.56,820.51,1,1.44,0.01,36,520,25,0,15,0,0,60,0,0,0,0,30000
650586.22,4765471.44,443.18,1,0.34,0.03,172.5,621,0,10,0,0,0,90,0,0,0,0,50000
651421,4766749.38,196.33,1,0.83,0.11,115,50,0,80,0,0,0,20,0,0,0,0,25000
651315.01,4766524.44,512.23,1,-99,-99,-99,-99,0,10,0,0,0,90,0,0,0,0,25000
650885.7,4765965.62,817.1,1,0.13,0.01,5,220,0,0,0,0,0,100,0,0,0,0,60000
650555.51,4765029.9,929.33,1,0.07,0.03,9.38,15,0,7,0,0,0,93,0,0,0,0,100000
651043.77,4765353.5,1038.54,1,-99,-99,-99,-99,0,4,1,0,0,95,0,0,0,0,45000
651492.08,4765388.97,739.31,1,0.48,0.05,24,920,0,20,0,0,0,80,0,0,0,0,40000
651325.94,4765962.58,587.08,1,0.45,0.06,42,50,0,40,0,0,0,60,0,0,0,0,30000
651317.7,4765760.84,893.22,1,1.29,0.03,27,170,10,0,0,0,0,90,0,0,0,0,50000
651024.58,4765264.54,651.16,1,0.22,0.03,17,50,0,10,0,0,10,80,0,0,0,0,60000
651411.27,4765330.55,756.57,1,0.54,0,12,180,0,30,0,0,20,50,0,0,0,0,30000
651557.31,4765825.87,715.33,1,0.2,0.02,18,320,0,0,0,0,0,100,0,0,0,0,40000
651457.76,4766750,242.53,1,-99,-99,-99,-99,0,70,0,0,0,30,0,0,0,0,30000
651288.86,4765413.52,772.02,1,0.88,0.02,48,50,30,0,0,0,10,60,0,0,0,0,40000
651414.44,4765999.24,436.14,1,0.72,0.04,170,50,0,40,0,0,0,60,0,0,0,0,40000
651480.38,4765525.12,733.47,1,0.43,0.01,66,50,30,0,0,0,0,70,0,0,0,0,40000
651312.37,4765443.91,838,1,0.98,0,50,810,30,0,20,0,0,50,0,0,0,0,30000
651287.79,4765769.94,603.03,1,0.94,0.09,68,1450,20,0,0,0,10,70,0,0,0,0,40000
651834.8,4766202.41,486.1,1,1.74,0.01,36,50,10,50,0,0,0,40,0,0,0,0,50000
650774.21,4764957.48,1055.53,1,0.36,0.04,88.26,29.66,0,0,10,0,0,90,0,0,0,0,50000
651402.61,4765846.75,736.2,1,3.28,0.36,51,50,50,50,0,0,0,0,0,0,0,0,50000
651495.19,4765620.26,528.04,1,0.96,0.09,40,1420,0,50,0,0,0,50,0,0,0,0,40000
650872.51,4766104.39,964.45,1,0.6,0,5,50,0,20,0,0,0,80,0,0,0,0,40000
650447.78,4765371.33,970.3,1,-99,-99,-99,-99,0,2,0,0,0,98,0,0,0,0,30000
651239.43,4765568.17,954.19,1,0.7,0.01,88,1140,10,0,0,0,40,50,0,0,0,0,30000
650416.67,4765098.77,1001.71,1,0.22,0.02,102,653,0,30,0,0,0,70,0,0,0,0,30000
651341.34,4765656.18,767.39,1,0.04,0.01,21,50,0,30,0,0,0,70,0,0,0,0,10000
650872.2,4765966.07,839.32,1,0.03,0.01,13,160,0,0,0,0,10,90,0,0,0,0,50000
650876.37,4765965.96,832.49,1,0.43,0.06,5,570,0,0,0,0,10,90,0,0,0,0,50000
650873.11,4765246.09,988.55,1,-99,-99,-99,-99,0,20,0,0,0,80,0,0,0,0,40000
651519.02,4766117.76,696.7,1,1.65,0.05,20,50,0,50,0,0,0,50,0,0,0,0,50000
651167.62,4765615.51,691.95,1,0.48,0.04,85,340,20,0,0,0,0,80,0,0,0,0,40000
651276.54,4765884.96,555.69,1,0.12,0.06,360,200,0,10,0,0,10,80,0,0,0,0,40000
650579.72,4765032.06,973.03,1,0.18,0.07,38.1,11.75,10,15,10,0,0,65,0,0,0,0,60000
650888.22,4765232.41,1029.79,1,-99,-99,-99,-99,0,20,0,0,0,80,0,0,0,0,35000
651431.9,4765639.55,847.15,1,0.46,0,23,120,0,20,0,0,0,80,0,0,0,0,40000
651325.94,4765981.58,554.17,1,0.4,0.07,270,50,0,40,0,0,0,60,0,0,0,0,30000
650432.75,4765386.98,923.04,1,-99,-99,-99,-99,0,5,0,0,0,95,0,0,0,0,20000
651322.51,4765862.16,544.83,1,0.35,0.08,155,1016,0,0,0,0,15,85,0,0,0,0,40000
651835.91,4766201.03,489.69,1,1.31,0.02,38,50,10,40,0,0,0,50,0,0,0,0,50000
651485.99,4765519.25,770.59,1,0.46,0,34,160,0,10,0,0,40,50,0,0,0,0,30000
650491.19,4765097.02,993.97,1,0.17,0.05,19.8,31.7,0,5,0,0,0,95,0,0,0,0,20000
651218.65,4765577.61,819.26,1,0.64,0.05,305,50,0,50,10,0,0,40,0,0,0,0,20000
651220.02,4765576.72,815.61,1,0.6,0.01,55,50,10,50,10,0,0,30,0,0,0,0,30000
650754.04,4765274.36,913.12,1,-99,-99,-99,-99,0,5,0,0,0,95,0,0,0,0,35000
651398.53,4765478.67,637.01,1,1.26,0.01,38,50,0,50,0,0,0,50,0,0,0,0,50000
651401.69,4765339.85,727.49,1,0.26,0.02,265,50,10,10,0,0,0,80,0,0,0,0,40000
651481.1,4765767.28,738,1,0.39,0.02,28,290,10,0,0,0,0,90,0,0,0,0,50000
651345.23,4765682.9,735.22,1,1.77,0.12,44,810,0,30,0,0,0,70,0,0,0,0,50000
651070.77,4764899.42,1053.81,1,0.01,0.01,4.11,23.98,0,0,0,0,0,100,0,0,0,0,13500
651422.55,4766045.04,659.15,1,1.14,0.08,140,240,0,40,0,0,0,60,0,0,0,0,40000
651463.9,4765989.57,530.59,1,0.79,0.06,735,1500,10,20,0,0,30,40,0,0,0,0,30000
651341.17,4765654.91,768.93,1,0.24,0.05,33,390,20,40,0,0,0,40,0,0,0,0,10000
650786.66,4765966.03,974.52,1,0.36,0.04,5,50,0,10,0,0,0,90,0,0,0,0,60000
651248.08,4765839.7,651.18,1,0.38,0.07,55,50,0,30,0,0,0,70,0,0,0,0,40000
651343.14,4765269.82,786.27,1,0.4,0.01,125,1170,0,0,0,30,20,50,0,0,0,0,30000
651421.02,4765473.29,893.69,1,0.86,0.05,110,1590,0,25,0,0,10,65,0,0,0,0,50000
650921.16,4765040.91,775.38,1,0.35,0.01,195,-99,0,20,0,0,0,80,0,0,0,0,50000
650759.41,4764827.96,1065.4,1,0.18,0.02,10.84,122.15,0,0,20,0,0,80,0,0,0,0,40000
651320.47,4765502.33,966.11,1,0.74,0,72,190,30,10,0,0,0,60,0,0,0,0,40000
650775.09,4765256.92,1029.94,1,-99,-99,-99,-99,0,5,0,0,0,95,0,0,0,0,35000
651421.95,4765988.52,469.67,1,0.6,0.04,100,50,0,40,0,0,0,60,0,0,0,0,40000
650771.25,4765965.93,997.9,1,0.61,0.03,12,580,0,10,0,0,0,90,0,0,0,0,40000
651310.91,4766529.77,468.75,1,-99,-99,-99,-99,0,10,0,0,0,90,0,0,0,0,15000
651334.83,4765735.38,734.67,1,1.13,0.06,30,100,30,40,0,0,0,30,0,0,0,0,20000
651510.96,4766122.5,723.09,1,0.6,0.04,5,50,0,40,0,0,0,60,0,0,0,0,70000
650601.71,4765471.66,383.15,1,0.12,0,51.7,61.7,0,10,0,0,0,90,0,0,0,0,45000
651154.08,4765627.75,643.27,1,0.15,0.03,83,50,0,30,0,0,0,70,0,0,0,0,30000
651544.49,4765586.73,691.5,1,0.04,0.05,31,50,0,10,0,0,0,90,0,0,0,0,20000
651374.41,4765324.24,501.07,1,1.17,0.02,150,50,0,60,0,0,0,40,0,0,0,0,40000
651325.94,4765935.58,633.85,1,0.36,0.03,165,290,0,35,0,0,0,65,0,0,0,0,40000
651302.38,4766540.37,379.79,1,-99,-99,-99,-99,0,10,0,0,0,90,0,0,0,0,15000
651403.8,4765475.59,626.68,1,1.96,0.04,32,50,0,50,0,0,0,50,0,0,0,0,40000
651347.02,4765726.58,767.38,1,3.15,0.11,17,100,0,40,0,0,0,60,0,0,0,0,50000
651270.03,4765429.98,816.19,1,3.71,0.06,78,2850,50,0,20,0,10,20,0,0,0,0,70000
651412.12,4766059.35,690.5,1,0.28,0.07,53,360,0,0,10,0,10,80,0,0,0,0,30000
651069.04,4764711.36,1066.19,1,0.13,0.04,21.9,116,0,0,0,0,0,100,0,0,0,0,3000
651168.01,4764778.3,1072.2,1,0.04,0.02,6.97,61.15,0,30,0,0,0,70,0,0,0,0,60000
651325.94,4765954.58,600.94,1,0.65,0.07,145,50,0,35,0,0,0,65,0,0,0,0,30000
650976.62,4765419.7,802.71,1,-99,-99,-99,-99,0,7,0,0,0,93,0,0,0,0,45000
651259.78,4765336.88,824.28,1,1.04,0.02,75,1310,0,50,20,0,0,30,0,0,0,0,20000
651362.97,4766642.37,265.56,1,-99,-99,-99,-99,0,30,0,0,0,70,0,0,0,0,20000
651417.91,4765536.43,798.84,1,0.65,0.02,28,780,20,10,0,0,10,60,0,0,0,0,40000
651325.94,4765912.58,673.69,1,0.32,0.17,150,610,0,30,0,0,0,70,0,0,0,0,40000
651883.97,4766142.87,423.4,1,1.26,0.02,73,50,0,50,0,0,0,50,0,0,0,0,40000
651450.36,4765806.77,766.21,1,0.83,0.01,110,270,30,0,10,0,0,60,0,0,0,0,40000
651288.31,4765442.03,605.45,1,0.97,0.01,220,50,0,0,0,0,0,0,0,0,0,0,0
651457.66,4766129.4,569,1,0.96,0.11,18,50,0,70,0,0,0,30,0,0,0,0,60000
651325.94,4765907.58,682.35,1,0.25,0.05,45,550,0,30,0,0,0,70,0,0,0,0,40000
650896.17,4766052.92,979.53,1,0.07,0.03,14,50,0,30,0,0,0,70,0,0,0,0,40000
650577.79,4765471.22,476.12,1,0.15,0.03,9.27,15.4,0,10,0,0,0,90,0,0,0,0,30000
651498.02,4765638.39,713.32,1,1.81,0.04,42,460,40,20,0,0,0,40,0,0,0,0,50000
650851.76,4765265.87,931.55,1,-99,-99,-99,-99,0,15,0,0,0,85,0,0,0,0,35000
651521.88,4766116.04,687.27,1,1.4,0.03,10,50,0,60,0,0,0,40,0,0,0,0,50000
651152.85,4765440.05,668.43,1,0.66,0.04,88,260,0,0,0,0,0,100,0,0,0,0,50000
651199.24,4765590.67,1042.95,1,0.45,0.01,10,50,0,20,0,0,0,80,0,0,0,0,20000
651421.11,4766170.75,576.98,1,1.41,0.08,62,50,10,60,0,0,0,30,0,0,0,0,40000
651401.19,4765467.45,703.91,1,3.59,0.08,83,620,50,0,0,0,10,40,0,0,0,0,70000
650599.2,4765471.65,392.83,1,0.15,0.03,65.1,226,0,20,0,0,0,80,0,0,0,0,60000
651396.92,4765344.61,712.98,1,0.48,0.04,160,1440,0,0,0,0,30,70,0,0,0,0,40000
651398.1,4766761.9,177.82,1,0.57,0.06,135,50,0,70,0,0,0,30,0,0,0,0,20000
651456.29,4765661.49,817.57,1,0.56,0.01,5,250,0,0,0,20,0,80,0,0,0,0,40000
650759.36,4764826.56,1075.3,1,0.23,0.03,11.86,409.95,0,0,20,0,0,80,0,0,0,0,40000
651220.07,4765573.85,869.75,1,2.15,0.12,83,1680,30,20,0,0,10,40,0,0,0,0,50000
650919.02,4766037.72,910.81,1,0.09,0.03,92,50,0,20,10,0,0,70,0,0,0,0,60000
651382.7,4765487.93,667.99,1,1.94,0.05,28,620,20,0,20,0,0,60,0,0,0,0,60000
651436.59,4765968.02,534.98,1,0.7,0.06,210,930,10,20,0,0,10,60,0,0,0,0,40000
651496.08,4765891.75,778.46,1,1.68,0.03,46,340,0,0,20,20,0,60,0,0,0,0,40000
651590.71,4765700.75,616.54,1,0.34,0.03,15,450,0,20,0,0,10,70,0,0,0,0,30000
651242.81,4765380.86,714.69,1,1.37,0.01,165,50,0,30,0,0,0,70,0,0,0,0,20000
650875.74,4765243.69,995.72,1,-99,-99,-99,-99,0,20,0,0,0,80,0,0,0,0,40000
650867.24,4766100.58,954.36,1,0.03,0.02,12,100,0,10,0,0,0,90,0,0,0,0,20000
650151.12,4764900.3,1126.88,1,0.11,0.01,6.15,22.92,0,0,0,0,0,100,0,0,0,0,10000
651306.07,4765514.52,913.38,1,1.53,0.02,51,310,20,30,0,0,0,50,0,0,0,0,60000
650777.33,4764959.62,1035.89,1,0.26,0.02,55.48,19.26,0,0,2,0,0,98,0,0,0,0,100000
650601.21,4765471.66,385.08,1,0.31,0.02,83,596,0,17,0,0,0,83,0,0,0,0,70000
650891.45,4765229.51,1038.8,1,-99,-99,-99,-99,0,20,0,0,0,80,0,0,0,0,35000
651275.54,4765440.21,837.19,1,1.74,0,52,1110,0,0,0,0,20,80,0,0,0,0,30000
651499.19,4765617.51,541.17,1,0.89,0.03,18,50,0,70,0,0,0,30,0,0,0,0,30000
651235.23,4765449.56,924.44,1,0.47,0.03,5,140,10,30,0,0,0,60,0,0,0,0,30000
651046.31,4765351.22,1047.93,1,-99,-99,-99,-99,0,5,0,0,0,95,0,0,0,0,50000
651435.38,4765428.51,820.94,1,0.51,0,175,100,0,40,0,0,0,60,0,0,0,0,30000
651431.41,4765432.58,808.14,1,0.36,0.01,89,590,0,10,0,0,20,70,0,0,0,0,30000
651885.42,4766141.54,426.88,1,0.52,0.03,51,950,0,10,0,0,20,70,0,0,0,0,30000
650753.52,4765965.95,1024.54,1,0.27,0,5,110,0,30,0,0,0,70,0,0,0,0,20000
651084.67,4765198.8,836.89,1,0.27,0.02,31,870,0,20,0,0,10,70,0,0,0,0,50000
651387.1,4765485.36,659.38,1,0.89,0.03,20,460,10,0,30,0,0,60,0,0,0,0,60000
651499.65,4765636.97,718.91,1,4.8,0.05,25,50,40,0,10,0,0,50,0,0,0,0,50000
651331.04,4765527.67,938.07,1,1.12,0.02,42,480,0,0,0,0,0,100,0,0,0,0,20000
651325.94,4765993.58,533.39,1,0.75,0.13,175,150,0,70,0,0,0,30,0,0,0,0,30000
651455.33,4765804.86,772.18,1,0.62,0.02,54,500,0,0,25,0,0,75,0,0,0,0,45000
650436.23,4765383.27,933.91,1,-99,-99,-99,-99,0,5,0,0,0,95,0,0,0,0,20000
651321.28,4765522.99,788.81,1,1.33,0,29,110,30,10,0,0,0,60,0,0,0,0,40000
651530.31,4766110.59,659,1,1.3,0.05,5,50,0,100,0,0,0,0,0,0,0,0,60000
651402.25,4765466.13,707.54,1,1.97,0.06,56,450,50,0,0,0,0,50,0,0,0,0,60000
651291.5,4765652.71,927.66,1,1.2,0,27,700,0,50,0,0,0,50,0,0,0,0,40000
651825.84,4766213.4,457.41,2,1.33,0.02,58,50,40,60,0,0,0,0,0,0,0,0,30000
651285.35,4765543.13,859.71,2,1.57,0.01,15,50,0,70,0,0,0,30,0,0,0,0,50000
651453.28,4766057.54,809.66,2,0.79,0,5,50,0,50,0,0,0,50,0,0,0,0,40000
651294.89,4765524.7,872.06,2,0.59,0.03,15,50,0,40,0,0,0,60,0,0,0,0,60000
651464.22,4765421.74,664.86,2,0.57,0,18,50,0,100,0,0,0,0,0,0,0,0,40000
651315.71,4765796.55,645.05,2,0.99,0.03,90,50,40,60,0,0,0,0,0,0,0,0,20000
651195.83,4766294.81,574.89,2,0.15,0.02,15,50,0,0,0,0,0,100,0,0,0,0,25000
651171.53,4765495.17,695.51,2,0.41,0.04,175,50,0,40,0,0,0,60,0,0,0,0,30000
651305.24,4765757.07,652.49,2,1.09,0.02,81,50,100,0,0,0,0,0,0,0,0,0,20000
650634.22,4764999.95,1086.22,2,0.11,0.03,27.1,16.3,0,0,10,0,0,90,0,0,0,0,30000
651300.05,4765760.91,637.85,2,1.07,0.05,195,120,100,0,0,0,0,0,0,0,0,0,10000
651169.47,4765496.81,687.96,2,0.53,0.03,160,150,0,50,0,0,0,50,0,0,0,0,30000
651378.46,4765366.37,377.71,2,0.92,0.02,62,750,0,20,0,0,0,80,0,0,0,0,70000
651365.33,4765625.77,633.38,2,2.19,0.03,83,50,10,90,0,0,0,0,0,0,0,0,50000
651434.54,4766076.15,777,2,1.03,0.04,10,50,0,60,0,0,0,40,0,0,0,0,30000
651430.56,4765814.93,742.43,2,2.45,0.18,82,50,40,60,0,0,0,0,0,0,0,0,45000
651167.92,4765498.11,682.31,2,0.7,0.02,105,50,0,40,0,0,0,60,0,0,0,0,30000
651193.6,4765303.45,550.61,2,0.31,0.03,85,100,0,60,0,0,0,40,0,0,0,0,10000
651325.94,4765830.58,815.71,2,1.43,0.08,30,50,0,60,0,0,0,40,0,0,0,0,40000
651247.81,4765572.74,687.97,2,1.27,0.05,465,50,0,60,0,0,0,40,0,0,0,0,50000
651464.08,4765783.05,671.96,2,2.59,0.03,33,170,0,50,0,0,0,50,0,0,0,0,50000
650537.07,4765000.27,1133.11,2,0.2,0.19,-99,-99,0,5,0,0,0,95,0,0,0,0,25000
651378.05,4765366.56,379.65,2,0.76,0.02,85,710,0,20,0,0,0,80,0,0,0,0,70000
651135.73,4765621.48,901.23,2,1.05,0.04,92,50,0,90,0,0,0,10,0,0,0,0,30000
651344.23,4765364.95,658.74,2,1.12,0.01,29,50,0,45,0,0,0,55,0,0,0,0,45000
651304.73,4765458.55,465.98,2,0.68,0.04,62,50,0,100,0,0,0,0,0,0,0,0,30000
651453.5,4765820.61,627.15,2,2.31,0.09,18,240,20,40,0,0,0,40,0,0,0,0,40000
651312.38,4765760.58,784.64,2,1.31,0.02,135,50,0,60,0,0,0,40,0,0,0,0,45000
651380.7,4765361.55,664.34,2,1.25,0.03,16,50,0,40,0,0,0,60,0,0,0,0,60000
651318.74,4765650.57,900.06,2,1.85,0.01,37,50,0,65,0,0,0,35,0,0,0,0,30000
651456.2,4765887.71,673.42,2,2.95,0.28,15,50,20,40,0,0,0,40,0,0,0,0,60000
651452.12,4765813.99,634.52,2,2.12,0.07,28,50,0,70,0,0,0,30,0,0,0,0,40000
651368.29,4765512.46,593.18,2,0.93,0.03,26,50,0,30,0,0,0,70,0,0,0,0,60000
650525.53,4765000.99,985.56,2,0.26,0.06,9.75,6.4,2,28,0,0,0,70,0,0,0,0,45000
651362.84,4765721.63,609.91,2,2.52,0.15,15,50,60,20,0,0,0,20,0,0,0,0,20000
651346.79,4765649.2,533.77,2,0.65,0.02,70,200,40,60,0,0,0,0,0,0,0,0,30000
651315.67,4765692.14,822.56,2,0.7,0.05,15,340,0,40,0,0,0,60,0,0,0,0,30000
651435.33,4765694.51,775.98,2,1.43,0.03,54,120,10,50,0,0,0,40,0,0,0,0,50000
650630.08,4764999.96,1024.36,2,0.14,0.04,12.2,207,5,25,0,0,0,70,0,0,0,0,55000
651320.77,4765626.06,945.88,2,1.15,0.03,34,50,0,70,0,0,0,30,0,0,0,0,30000
651453.7,4765875.32,686.23,2,2.63,0.23,5,50,20,60,0,0,0,20,0,0,0,0,45000
651525.37,4765855.29,584.35,2,2.35,0.12,12,50,0,70,0,0,0,30,0,0,0,0,50000
651294.53,4765613.63,530.13,2,1.08,0.03,275,50,20,20,0,0,0,60,0,0,0,0,30000
651270.4,4765549.05,778.22,2,1.35,0.03,45,50,0,80,0,0,0,20,0,0,0,0,30000
651205.25,4765320.52,587.17,2,0.39,0.03,17,50,0,40,0,0,0,60,0,0,0,0,30000
651319.24,4765386.33,678.55,2,0.57,0.04,115,50,0,40,0,0,0,60,0,0,0,0,50000
651564.41,4765734.21,417.04,2,1.74,0.28,22,280,70,20,0,0,0,10,0,0,0,0,20000
651341.39,4765404.69,561.86,2,0.8,0.01,180,210,0,100,0,0,0,0,0,0,0,0,30000
651551.87,4765970.81,796.43,2,1.42,0.04,14,50,0,100,0,0,0,0,0,0,0,0,30000
651625.33,4766048.17,530.58,2,1.08,0.06,73,50,50,50,0,0,0,0,0,0,0,0,10000
650312.17,4765154.6,833.9,2,0.05,0.01,10.6,13.4,0,20,0,0,0,78,0,2,0,0,40000
651551.07,4765493.9,618.11,2,0.96,0.02,44,130,0,50,0,0,0,50,0,0,0,0,40000
651314.63,4765764.29,697.98,2,1.71,0.19,39,50,0,100,0,0,0,0,0,0,0,0,30000
650629.41,4764999.97,1014.38,2,0.12,0.04,6.18,453,3,17,0,0,0,80,0,0,0,0,60000
651749.24,4766537.87,325.6,2,1.13,0.12,15,320,10,60,0,0,0,30,0,0,0,0,40000
651213.95,4765374.44,722.24,2,0.76,0.02,655,50,0,60,0,0,0,40,0,0,0,0,30000
650918.86,4765469.83,930.51,2,1,0.05,301,-99,0,80,0,0,0,20,0,0,0,0,40000
650310.64,4765155,809.95,2,0.17,0.04,-99,-99,0,10,0,0,0,90,0,0,0,0,50000
651299.96,4765652.24,790.47,2,1.6,0.06,19,280,0,40,0,0,0,60,0,0,0,0,70000
651371.43,4765369.66,410.81,2,0.57,0.01,72,50,0,25,0,0,0,75,0,0,0,0,80000
651267.31,4765546.36,689.57,2,0.69,0.02,5,50,0,0,50,0,50,0,0,0,0,0,10000
651375.98,4765367.53,389.39,2,0.8,0.05,165,50,0,40,0,0,0,60,0,0,0,0,60000
651325.94,4765862.58,760.29,2,1.98,0.17,47,50,0,70,0,0,0,30,0,0,0,0,40000
651419.12,4765610.89,685.05,2,2.23,0.05,94,50,10,90,0,0,0,0,0,0,0,0,40000
651325.94,4765837.58,803.59,2,0.95,0.05,15,50,0,50,0,0,0,50,0,0,0,0,40000
651231.23,4766406.4,581,2,0.73,0.03,5.02,467,0,30,0,0,0,70,0,0,0,0,35000
650312.68,4765154.46,841.88,2,0.09,0.01,7.48,10.3,0,20,0,0,0,77,0,3,0,0,45000
651419.28,4765615.27,678.36,2,1.46,0.01,17,50,0,90,0,0,0,10,0,0,0,0,50000
651293.58,4765765.67,619.53,2,1.07,0.07,95,50,30,60,0,0,0,10,0,0,0,0,20000
651173.07,4765493.94,701.18,2,0.66,0.03,335,120,0,70,0,0,0,30,0,0,0,0,30000
650243.68,4765247.77,891.81,2,0.29,0.11,21.5,6.8,0,0,0,0,0,100,0,0,0,0,150000
651325.94,4765894.58,704.86,2,0.61,0.02,53,50,0,40,0,0,0,60,0,0,0,0,40000
651435.15,4765680.32,725.84,2,1.77,0,11,50,0,55,0,0,0,45,0,0,0,0,60000
651453.55,4765793.21,630.46,2,1.37,0.06,29,50,20,40,0,0,0,40,0,0,0,0,30000
651238.86,4765353.89,777.49,2,1.41,0.01,65,50,0,80,0,0,0,20,0,0,0,0,40000
651488.27,4765393.27,728.78,2,0.38,0,200,530,0,20,0,0,0,80,0,0,0,0,40000
651237.16,4765583.92,644.64,2,1.19,0.07,130,250,10,40,0,0,0,50,0,0,0,0,40000
651340.16,4765739.84,690.84,2,1.84,0.12,24,50,60,20,0,0,0,20,0,0,0,0,40000
651510.98,4766003.2,664.36,2,1.06,0.03,75,50,80,10,10,0,0,0,0,0,0,0,25000
651339.93,4765493.38,488.78,2,1.09,0.06,70,450,20,20,0,0,0,60,0,0,0,0,40000
651409.69,4766102.15,731.5,2,0.87,0.05,35,50,0,80,0,0,0,20,0,0,0,0,30000
651187.95,4765295.36,533.21,2,0.29,0.04,94,110,0,30,0,0,0,70,0,0,0,0,50000
651741.31,4766625.17,256.99,2,5.51,0.11,10,200,40,50,0,0,0,10,0,0,0,0,50000
651485.72,4765396.19,721.78,2,0.45,0,78,50,0,50,0,0,0,50,0,0,0,0,40000
651382.58,4765605.44,721.43,2,5.77,0.11,33,50,20,70,0,10,0,0,0,0,0,0,50000
651435.96,4765702.03,766.65,2,1.47,0.01,23,50,0,80,0,0,0,20,0,0,0,0,50000
651343.03,4765654.24,512.69,2,0.65,0.02,160,50,10,90,0,0,0,0,0,0,0,0,30000
651228.95,4765570.94,791.88,2,2.1,0.04,115,50,60,30,0,0,0,10,0,0,0,0,30000
651319.08,4765834.52,586.35,2,1.52,0.19,130,87,0,60,0,0,0,40,0,0,0,0,50000
651141.82,4765674.59,831.34,2,0.99,0.01,33,75,0,90,0,0,0,10,0,0,0,0,30000
650428.97,4765004.15,1088.05,2,0.62,0.04,19.15,749,0,0,0,0,0,100,0,0,0,0,20000
651297.06,4765589.52,573.86,2,1.38,0.07,100,160,20,10,0,0,0,70,0,0,0,0,40000
651281.1,4765538.28,819.52,2,1.05,0.02,62,50,10,20,0,0,0,70,0,0,0,0,60000
651741,4766192.72,313.15,2,0.8,0.25,58,300,0,40,0,0,0,60,0,0,0,0,30000
650628.87,4764999.97,1006.4,2,0.27,0.06,10.4,675,3,17,0,0,0,80,0,0,0,0,60000
651742.48,4766191.65,309.6,2,0.72,0.15,18,120,0,30,0,0,0,70,0,0,0,0,30000
651315.3,4765697.88,812.03,2,1.84,0.15,5,140,0,50,0,0,0,50,0,0,0,0,40000
651140.33,4765662.3,847.05,2,0.63,0.01,43,25,0,80,0,0,0,20,0,0,0,0,30000
651325.94,4765848.58,784.54,2,0.79,0.03,41,50,0,50,0,0,0,50,0,0,0,0,40000
651380.52,4765964.19,719.82,2,0.74,0.02,23,50,0,70,0,0,0,30,0,0,0,0,50000
651316.73,4765810.51,623.14,2,0.72,0.04,81,68,50,50,0,0,0,0,0,0,0,0,15000
651561.63,4766436.31,425.28,2,1.05,0.02,5,50,20,60,0,10,0,10,0,0,0,0,30000
651426.86,4765816.51,737.97,2,4.1,0.3,50,50,0,80,0,0,0,20,0,0,0,0,45000
651216.15,4765269.32,634.85,2,1.55,0.04,80,210,30,0,0,0,0,70,0,0,0,0,60000
651581.03,4765932.93,601.12,2,1.22,0.02,64,50,10,30,0,0,0,60,0,0,0,0,40000
651274.5,4765670.16,849.37,2,1.47,0.03,34,50,0,70,0,0,0,30,0,0,0,0,80000
651404.66,4766107.59,722.06,2,0.75,0.02,20,50,0,70,0,0,0,30,0,0,0,0,30000
651385.9,4766095.14,768.8,2,0.88,0.06,5,50,0,60,0,0,0,40,0,0,0,0,40000
651317.56,4765388.09,684.03,2,0.85,0.02,44,50,0,40,0,0,0,60,0,0,0,0,50000
651317.62,4765662.86,877.18,2,2.02,0.04,20,50,0,45,0,0,0,55,0,0,0,0,50000
651304.99,4765648.14,805.09,2,1.41,0.04,10,50,0,40,0,0,0,60,0,0,0,0,60000
651482.62,4765932.26,510.73,2,0.99,0.05,63,50,30,0,0,0,0,70,0,0,0,0,10000
651631.13,4766042.72,548.93,2,1.36,0.07,28,50,80,20,0,0,0,0,0,0,0,0,10000
651342.47,4765491.32,481.48,2,1,0.05,79,510,10,10,10,0,0,70,0,0,0,0,40000
651325.94,4765755.58,945.62,2,1.39,0.01,19,50,0,40,0,0,0,60,0,0,0,0,60000
651271.37,4765548.07,781.97,2,1.4,0.04,30,50,0,90,0,0,0,10,0,0,0,0,40000
651272.49,4765672.48,839.85,2,1.33,0.01,5,50,0,90,0,0,0,10,0,0,0,0,50000
651133.66,4765601.68,928.79,2,0.73,0,70,50,0,60,0,0,0,40,0,0,0,0,20000
651256.63,4765691.43,763.76,2,1.76,0.05,180,50,100,0,0,0,0,0,0,0,0,0,40000
651511.56,4766002.73,666.22,2,1.35,0.03,63,50,80,10,10,0,0,0,0,0,0,0,30000
651496.61,4766104.23,720.04,2,1.22,0.03,5,190,0,70,0,0,0,30,0,0,0,0,40000
650528.2,4765000.76,1019.46,2,0.54,-99,26,89.9,10,20,0,0,0,70,0,0,0,0,55000
651317,4765813.75,618.1,2,1.03,0.05,40,53,100,0,0,0,0,0,0,0,0,0,10000
651699.54,4766633.27,350.51,2,1.84,0.07,29,50,20,70,0,0,0,10,0,0,0,0,30000
651372.67,4765369.08,404.96,2,0.78,0,48,50,0,40,0,0,0,60,0,0,0,0,60000
651290.47,4765310.63,654.14,2,1.57,0.01,32,50,0,70,0,0,0,30,0,0,0,0,40000
651368.45,4765717.04,589.14,2,1.71,0.06,33,50,90,0,0,0,0,10,0,0,0,0,20000
651552.58,4766443.85,409.12,2,1.85,0.31,255,50,0,80,0,0,0,20,0,0,0,0,30000
651325.94,4765739.58,973.33,2,0.99,0.02,12,50,20,40,0,0,0,40,0,0,0,0,30000
651827.52,4766211.34,462.79,2,0.86,0.02,23,50,60,40,0,0,0,0,0,0,0,0,20000
651582.07,4766688.29,195.75,3,-99,-99,-99,-99,0,0,0,0,0,0,0,0,0,0,0
651130.1,4765822.51,181.59,3,0.63,0.31,30,50,0,60,0,0,0,40,0,0,0,0,30000
651616.08,4765956.73,467.97,3,0.78,0.01,68,50,0,40,0,0,0,60,0,0,0,0,30000
650688.45,4764884.39,1061.58,3,0.15,0.02,16.76,15.11,0,20,0,0,0,80,0,0,0,0,80000
651818.26,4766441.76,284.76,3,0.68,0.05,70,120,0,40,0,0,0,60,0,0,0,0,30000
650993.13,4765714.35,-96.65,3,0.22,0.09,31.4,23.8,0,10,0,0,0,90,0,0,0,0,25000
651645.37,4766664.25,93.02,3,-99,-99,-99,-99,0,0,0,0,0,0,0,0,0,0,0
650333.25,4764889.75,982.32,3,0.07,0.03,13.35,29.7,0,35,0,0,0,65,0,0,0,0,25000
651583.66,4766179.31,629.25,3,1.47,0.03,32,50,0,50,0,0,0,50,0,0,0,0,60000
651594.32,4765984.25,398.31,3,0.8,0.26,105,250,0,70,0,0,0,30,0,0,0,0,30000
650921.08,4765055.88,747.1,3,0.09,0.01,5,-99,0,0,0,0,0,100,0,0,0,0,50000
651344.75,4766176.17,607.95,3,1.15,0.08,54,50,0,60,0,0,0,40,0,0,0,0,30000
651805.68,4766238.31,392.94,3,1.02,0.08,71,200,20,20,0,0,0,60,0,0,0,0,40000
651548.05,4766594.63,324.45,3,0.52,0.1,65,50,0,60,0,0,0,40,0,0,0,0,20000
650398.21,4765098.29,905.47,3,0.08,0.1,8.4,64.2,0,15,0,0,0,85,0,0,0,0,20000
650633.59,4765471.65,263.32,3,0.37,0.05,146,264,0,14,0,0,0,85,0,1,0,0,50000
651284.18,4764794.42,1088.8,3,0.08,0.02,4.52,15.56,0,20,0,0,0,80,0,0,0,0,30000
650192.33,4765049.99,1049.19,3,0.63,0.24,15.8,22.8,0,35,0,0,0,65,0,0,0,0,25000
651847.16,4766177.69,337.2,3,1.11,0.96,140,1210,0,40,0,0,0,60,0,0,0,0,40000
651462.97,4766044.94,506.72,3,0.77,0.07,140,50,0,50,0,0,0,50,0,0,0,0,30000
651372.63,4765886.17,275.29,3,0.56,0.08,20,50,0,50,0,0,0,50,0,0,0,0,30000
650392.32,4765003.77,871.13,3,0.08,0.01,5.78,5.9,0,50,0,0,0,50,0,0,0,0,5000
650231.25,4765030.91,1098.23,3,0.7,0.28,18.1,38.2,0,0,0,0,0,100,0,0,0,0,20000
651877.13,4766343.16,218.14,3,1.12,0.32,21,230,0,80,0,0,0,20,0,0,0,0,30000
651587.74,4766088.09,406.15,3,0.44,0.19,48,50,0,30,0,0,0,70,0,0,0,0,40000
650123.54,4764996.1,970.32,3,0.09,0.09,4.24,51,0,30,0,0,0,70,0,0,0,0,20000
651189.27,4765930.37,447.82,3,0.43,0.11,33,50,0,20,0,0,0,80,0,0,0,0,30000
651027.64,4765690.97,595.68,3,0.2,0.02,12,50,0,40,0,0,0,60,0,0,0,0,20000
651477.05,4766637.82,235.19,3,0.31,0.07,32,50,0,40,0,0,0,60,0,0,0,0,40000
650409.12,4765003.63,969.71,3,0.55,0.35,8.9,55.8,0,40,0,0,0,60,0,0,0,0,30000
651539.43,4766152.79,234.19,3,1.26,0.35,43,50,0,100,0,0,0,0,0,0,0,0,30000
651224.67,4766024.09,716.54,3,0.53,0.11,195,50,0,30,0,0,0,70,0,0,0,0,30000
650335.43,4764873.14,1020.83,3,0.16,0.02,8.34,27.4,0,25,0,0,0,75,0,0,0,0,20000
651513.87,4766194.82,135.81,3,1.21,0.16,39,50,0,60,0,0,0,40,0,0,0,0,30000
651610.78,4766033.7,348.48,3,0.43,26.8,53,190,0,40,0,0,0,60,0,0,0,0,40000
650534.96,4765000.46,1105.19,3,0.11,0.02,-99,-99,0,10,0,0,0,90,0,0,0,0,30000
650621.92,4765000.49,884.6,3,0.28,0.09,9.04,39.4,0,10,0,0,0,90,0,0,0,0,40000
650318.29,4765099.35,1061.28,3,0.53,0.23,11.55,8.6,0,40,0,0,0,60,0,0,0,0,25000
650480.95,4764953.9,1029.73,3,0.29,0.11,45.6,5.78,0,20,0,0,0,80,0,0,0,0,35000
651359.08,4765982.47,649.24,3,1.07,0.05,69,210,10,70,0,0,0,20,0,0,0,0,50000
651563.17,4766149.11,424.7,3,0.69,0.07,66,140,0,30,0,0,0,70,0,0,0,0,40000
651817.84,4766442.4,252.77,3,0.94,0.11,120,130,20,60,0,0,0,20,0,0,0,0,30000
651408.53,4766166.6,376.64,3,0.05,0.05,23,50,0,0,0,0,0,0,0,0,0,0,0
650487.51,4765032.91,951.77,3,0.4,0.17,10.03,10.05,0,15,0,0,0,85,0,0,0,0,70000
651472.29,4766799.93,95.45,3,-99,-99,-99,-99,55,35,0,0,0,10,0,0,0,0,100000
651006.22,4765710.58,691.37,3,0.72,0.09,18,50,0,70,0,0,0,30,0,0,0,0,30000
651070.55,4765647.24,380.24,3,0.9,0.25,76,170,0,80,0,0,0,20,0,0,0,0,30000
651137.59,4765644.12,581.49,3,0.45,0.05,84,50,0,40,0,0,0,60,0,0,0,0,20000
651637.21,4766125.84,465.97,3,0.69,0.15,65,280,0,50,0,0,0,50,0,0,0,0,20000
651722.43,4766579.21,196.7,3,1.51,0.15,105,50,0,80,0,0,0,20,0,0,0,0,40000
651468.21,4766515.53,257.17,3,0.09,0.02,55,50,0,60,0,0,0,40,0,0,0,0,30000
651819.83,4766206.83,274.92,3,0.88,0.24,77,120,0,40,0,0,0,60,0,0,0,0,40000
650272.17,4765049.51,998.3,3,0.42,0.23,59.7,141,0,25,0,0,0,75,0,0,0,0,40000
650280.63,4764998.04,1008.2,3,0.11,0.08,14.8,41.9,0,10,0,0,0,90,0,0,0,0,20000
650137.62,4765050.24,903.1,3,0.18,0.24,9.85,19.3,0,15,0,0,0,85,0,0,0,0,20000
651866.23,4766853.18,75.26,3,1.04,0.06,30,310,0,10,0,0,0,90,0,0,0,0,60000
651329.86,4766690.52,-4.41,3,-99,-99,-99,-99,10,35,0,0,0,50,0,5,0,0,29400
650967.59,4765912.76,422.21,3,0.64,0.05,35,50,0,60,0,0,0,40,0,0,0,0,40000
651401.31,4766111.22,715.77,3,1.47,0.03,36,170,0,80,0,0,0,20,0,0,0,0,40000
650676.82,4764898.08,949.05,3,0.12,0.04,13.54,11.12,0,20,0,0,0,80,0,0,0,0,70000
651449.31,4765951.19,589.01,3,1.59,0.09,42,50,60,40,0,0,0,0,0,0,0,0,50000
651607.63,4766065.57,473.77,3,0.88,0.7,190,890,0,40,0,0,0,60,0,0,0,0,50000
650059.35,4764897.99,1006.01,3,0.21,0.17,13.13,21.55,0,0,0,0,0,100,0,0,0,0,10000
651349.15,4766790.74,140.5,3,0.73,0.09,110,50,0,70,0,0,0,30,0,0,0,0,30000
651558.96,4765741.4,376.02,3,0.99,0.05,56,50,0,100,0,0,0,0,0,0,0,0,50000
650941.59,4766179.38,-88.79,3,0.6,0.17,15.75,8.7,0,40,0,0,0,60,0,0,0,0,20000
651665.41,4766585.63,292.95,3,0.96,0.06,73,50,0,50,0,0,0,50,0,0,0,0,70000
650653.59,4765748.38,707.61,3,0.29,0.04,98.5,15.5,0,35,0,0,0,62,0,3,0,0,20000
651222.03,4766872.15,58.25,3,1.06,0.32,69,50,0,70,0,0,0,30,0,0,0,0,30000
650867.87,4764837.12,1054.96,3,0.08,0,13.61,298.75,0,0,0,0,0,100,0,0,0,0,20000
651104.4,4765856.85,276.33,3,0.2,0.15,46,50,0,40,0,0,0,60,0,0,0,0,40000
651256.75,4766217.66,618.96,3,-99,-99,-99,-99,0,0,0,0,0,0,0,0,0,0,0
651731.91,4766006.41,115.23,3,0.01,0.19,5,50,0,10,0,0,0,90,0,0,0,0,20000
651132.78,4766349.74,-168.31,3,-99,-99,-99,-99,0,20,0,0,0,80,0,0,0,0,10000
650927.01,4765935.15,589.92,3,1.14,0.38,68,50,10,80,0,0,0,10,0,0,0,0,40000
651266.37,4765968.5,559.27,3,0.58,0.05,77,50,0,20,0,0,0,80,0,0,0,0,30000
651332.52,4766673.04,87.91,3,-99,-99,-99,-99,10,35,0,0,0,50,0,0,5,0,20000
651168.17,4764773.43,978.33,3,0.49,0.02,161.82,388.95,0,20,0,0,0,80,0,0,0,0,61500
651468.18,4766785.18,138.83,3,-99,-99,-99,-99,0,40,0,0,0,60,0,0,0,0,30000
650985.07,4765958.52,652.99,3,1.05,0.32,35,50,0,80,0,0,0,20,0,0,0,0,30000
651324.7,4765283.26,567.33,3,0.63,0.03,12,50,0,90,0,0,0,10,0,0,0,0,30000
650230.52,4765028.96,1103.85,3,1.14,0.61,54.1,18.72,0,20,0,0,0,80,0,0,0,0,30000
651305,4766510.99,222.86,3,-99,-99,-99,-99,0,25,0,0,0,70,0,5,0,0,20000
650757.17,4764873.24,1003.02,3,0.03,0.01,3.14,11.49,0,0,0,0,0,100,0,0,0,0,30000
651868.61,4766351.08,177.78,3,0.92,0.24,17,50,20,30,0,0,0,50,0,0,0,0,10000
650310.99,4764998.8,1095.05,3,0.08,0,7.53,21.2,0,2,0,0,0,98,0,0,0,0,10000
651896.91,4766244.06,296.95,3,1.32,0.08,95,50,0,80,0,0,0,20,0,0,0,0,30000
650177.64,4765101.08,1111.78,3,0.4,0.14,42.7,64.5,0,20,0,0,0,80,0,0,0,0,15000
650944.88,4765925.68,516.66,3,0.67,0.23,65,50,0,50,0,0,0,50,0,0,0,0,30000
651540.68,4765514.86,423.52,3,0.54,0.06,27,170,0,56.11,0,0,0,43.89,0,0,0,0,40000
651017.19,4765700.76,643.58,3,0.52,0.08,19,50,0,50,0,0,0,50,0,0,0,0,30000
651669.74,4766580.8,303.05,3,1.11,0.04,10,50,0,50,0,0,0,50,0,0,0,0,50000
651520.28,4766722.06,-93.56,3,1.27,0.35,135,50,0,90,0,0,0,10,0,0,0,0,34000
651680.66,4766295.46,394.97,3,0.97,0.24,23,2590,0,30,0,0,0,70,0,0,0,0,40000
651832.2,4766833.51,128.27,3,1.99,0.05,10,50,0,60,0,0,0,40,0,0,0,0,50000
651533.95,4765893.98,311.42,3,0.57,0.07,205,120,0,70,0,0,0,30,0,0,0,0,40000
651231.13,4766406.29,1009,3,-99,-99,-99,-99,0,0,0,0,0,100,0,0,0,0,10000
651576.29,4766102.23,366.09,3,0.38,0.32,41,1040,0,30,0,0,0,70,0,0,0,0,30000
651386.88,4765321.77,587,3,1.03,0.06,87,310,0,45,0,0,0,55,0,0,0,0,40000
651066.79,4765651.6,401.47,3,1.01,0.34,50,120,0,60,0,0,0,40,0,0,0,0,30000
650893.22,4765725.17,125.68,3,0.33,0.04,118,5,0,35,0,0,0,62,0,3,0,0,40000
650207.56,4765097.81,983.96,3,0.2,0.08,21.2,31.9,0,41,0,0,0,55,0,4,0,0,25000
651054.47,4765703.87,-222.03,3,0.09,0.33,6.56,114,0,20,0,0,0,80,0,0,0,0,30000
650638.88,4765471.7,244.03,3,0.39,0.02,117,16.7,0,17,0,0,0,83,0,0,0,0,40000
650329.08,4764917.93,916.2,3,0.04,0.01,3.96,5.9,0,35,0,0,0,65,0,0,0,0,10000
650195.48,4764998.41,1097.34,3,0.15,0.08,14,19.8,0,10,0,0,0,90,0,0,0,0,20000
650671.9,4765745.55,663.33,3,-99,-99,-99,-99,0,10,0,0,0,90,0,0,0,0,30000
650473.78,4764917.38,952.5,3,0.17,0.08,11.68,173.5,0,42.5,0,0,0,57.5,0,0,0,0,50000
650757.97,4764874.56,971.19,3,0.13,0.03,6.19,46.54,0,30,0,0,0,70,0,0,0,0,50000
650926.06,4765935.62,593.77,3,1.01,0.32,55,50,0,70,0,0,0,30,0,0,0,0,40000
650286.16,4765100.43,886.21,3,0.21,2.72,23.3,587,0,35,0,0,0,65,0,0,0,0,40000
651505.76,4766483.45,325.12,3,0.45,0.08,120,50,0,80,0,0,0,20,0,0,0,0,20000
651511.71,4766125.52,473.65,3,0.5,0.17,47,620,0,30,0,0,0,70,0,0,0,0,40000
651320.95,4765686,380.23,3,0.2,0.05,20,50,0,20,0,0,0,80,0,0,0,0,30000
651283.04,4766522.77,-164.34,3,-99,-99,-99,-99,0,80,0,0,0,20,0,0,0,0,15000
650587.55,4764916.34,1045.36,3,0.22,0.03,18.85,23.05,0,30,0,0,0,70,0,0,0,0,40000
651559.98,4765740.04,383.83,3,0.68,0.07,240,50,20,70,0,0,0,10,0,0,0,0,50000
651571.82,4766012.51,331.44,3,0.4,0.32,98,50,0,50,0,0,0,50,0,0,0,0,30000
651570.1,4766583.28,350.54,3,0,0.03,5,50,0,0,0,0,0,100,0,0,0,0,10000
651231.38,4766406.26,761,3,-99,-99,-99,-99,0,0,0,0,0,100,0,0,0,0,5000
651229.1,4766406.57,-128.99,3,-99,-99,-99,-99,0,40,0,0,0,60,0,0,0,0,30000
651579.63,4766002.58,354.17,3,0.8,0.02,135,50,0,70,0,0,0,30,0,0,0,0,30000
650688.86,4765742.85,622.82,3,-99,-99,-99,-99,0,26,0,0,0,73,0,1,0,0,40000
650892.45,4766065.65,478.88,3,0.54,0.08,45,50,0,20,0,0,0,80,0,0,0,0,40000
651221.4,4765745.94,572.53,3,0.38,0.06,65,50,0,0,0,0,0,100,0,0,0,0,50000
651824.97,4766201.12,286.62,3,0.73,0.14,38,50,0,40,0,0,0,60,0,0,0,0,40000
651388.57,4766689.92,123.11,3,1.24,0.15,410,50,0,60,0,0,0,40,0,0,0,0,40000
650924.9,4764908.85,1038.01,3,0.13,0.02,28,-99,0,0,0,0,0,100,0,0,0,0,40000
651420.77,4765479.88,559.51,3,3.55,0.27,10,50,60,30,0,0,0,10,0,0,0,0,40000
650760.3,4764884.78,1010.26,3,0.26,0.04,24,29,0,20,0,0,0,80,0,0,0,0,60000
650910.43,4765943.5,657.41,3,0.43,0.06,10,100,0,20,0,0,0,80,0,0,0,0,50000
650927.96,4765934.67,586.06,3,1.06,0.23,33,50,0,80,0,0,0,20,0,0,0,0,40000
651666.13,4766584.82,294.63,3,1.47,0.09,56,50,0,70,0,0,0,30,0,0,0,0,50000
651526.51,4766606.72,298.27,3,0.64,0.1,64,50,0,50,0,0,0,50,0,0,0,0,40000
651562.34,4766120.2,317.11,3,0.98,0.17,195,50,0,75,0,0,0,25,0,0,0,0,10000
651231.25,4766406.39,635,3,-99,-99,-99,-99,0,0,0,0,0,100,0,0,0,0,15000
651818.08,4766442.04,270.76,3,0.49,0.12,36,50,0,30,0,0,0,70,0,0,0,0,30000
651308.96,4766509.25,290.72,3,-99,-99,-99,-99,0,20,0,0,0,80,0,0,0,0,20000
651612.8,4766031.51,341.05,3,0.51,0.19,105,110,0,60,0,0,0,40,0,0,0,0,30000
650180.71,4764997.94,1071.24,3,0.2,0.19,18.8,195.5,0,10,0,0,0,90,0,0,0,0,30000
651574.15,4766072.74,492.86,3,1.09,0.22,150,50,0,80,0,0,0,20,0,0,0,0,40000
651005.77,4765712.53,-123.79,3,0.13,0.05,14.35,21.7,0,5,0,0,0,95,0,0,0,0,25000
651145.61,4766198.25,-564.47,3,0.22,0.08,10.35,19.1,0,25,0,0,0,73,0,2,0,0,30000
650310.33,4764998.78,1093.16,3,0.11,0.05,10.8,81.6,0,10,0,0,0,90,0,0,0,0,20000
650113.45,4764896.71,1109.42,3,0.14,0.32,2.79,66.7,0,0.3,0,0.5,0.1,99,0,0.1,0,0,150000
650726.06,4765089.99,1057.25,3,0.01,0.01,17.35,5.71,0,10,0,0,0,90,0,0,0,0,10000
651496.34,4766065.47,517.61,3,1.11,0.04,250,190,0,90,0,0,0,10,0,0,0,0,25000
651597.71,4766456.89,484.25,3,0.82,0.03,24,130,0,30,0,0,0,70,0,0,0,0,50000
650825.34,4765291.59,862.82,3,-99,-99,-99,-99,0,15,0,0,0,85,0,0,0,0,50000
651436.49,4766661.74,183.39,3,0.49,0.05,44,50,0,40,0,0,0,60,0,0,0,0,40000
651284.18,4764794.42,1072.8,3,0.07,0.04,9.07,57.65,0,0,0,0,0,100,0,0,0,0,40000
650734.36,4765735.61,514.18,3,-99,-99,-99,-99,0,70,0,0,0,30,0,0,0,0,10000
651494.98,4766735.79,-129.44,3,0.63,0.22,34,50,0,90,0,0,0,10,0,0,0,0,25000
650872.59,4764828.03,1033.25,3,0.27,0.01,16,168.55,0,10,0,0,0,90,0,0,0,0,20000
650195.79,4765050.02,1058.57,3,0.55,0.19,22.1,12.9,0,55,0,0,0,45,0,0,0,0,30000
650177.32,4765101.08,1109.81,3,0.3,0.08,14,21.5,0,30,0,0,0,70,0,0,0,0,10000
650921.37,4765072.8,715.32,3,0.08,0.01,49,-99,0,0,0,0,0,100,0,0,0,0,40000
651399.17,4766683.62,136.22,3,1.05,0.14,350,50,0,60,0,0,0,40,0,0,0,0,40000
651229.24,4766407.46,53,3,-99,-99,-99,-99,0,90,0,0,0,10,0,0,0,0,30000
650317.86,4765153.3,917.7,3,1.81,0.1,19.2,331,12,30,0,0,0,55,0,3,0,0,50000
651724.67,4766575.59,207.92,3,1.12,0.11,91,50,10,80,0,0,0,10,0,0,0,0,40000
651424.9,4766668.57,168.59,3,0.78,0.28,79,50,0,50,0,0,0,50,0,0,0,0,50000
651107.78,4765852.27,263.54,3,0.46,0.19,53,50,0,40,0,0,0,60,0,0,0,0,40000
651727.49,4766012.97,90.46,3,0.32,0.31,27,50,0,40,0,0,0,60,0,0,0,0,30000
650563.09,4764987.56,1027.36,3,0.09,0.03,17.85,81.55,0,5,0,0,0,95,0,0,0,0,60000
651321.24,4765685.55,382.15,3,0.14,0.02,5,50,0,20,0,0,0,80,0,0,0,0,30000
651108.77,4765850.96,259.89,3,0.36,0.2,26,50,0,40,0,0,0,60,0,0,0,0,30000
651175.11,4765753.25,8.29,3,0.2,0.36,11,50,0,20,0,0,0,80,0,0,0,0,40000
651167.92,4764767.62,888.52,3,0.07,0.03,23.21,116.78,15,10,0,0,0,75,0,0,0,0,50000
650406.09,4764952.53,980.56,3,0.81,0.87,7.28,916,0,25,0,0,0,75,0,0,0,0,35000
650901.89,4765947.65,692.13,3,1.03,0.26,12,50,0,40,0,0,0,60,0,0,0,0,40000
651331.21,4765278.35,589.9,3,0.82,0.02,34,50,0,90,0,0,0,10,0,0,0,0,30000
651561.89,4766449.64,339.25,3,1.48,0.27,180,50,0,60,0,0,0,40,0,0,0,0,50000
651057.23,4765703.31,-227.33,3,0.12,0.15,6.8,92.7,0,10,0,0,0,90,0,0,0,0,15000
651319.5,4765688.28,370.6,3,0.14,0.03,5,50,0,20,0,0,0,80,0,0,0,0,30000
651370.74,4766777.49,156.56,3,0.79,0.07,165,50,0,90,0,0,0,10,0,0,0,0,30000
651728.17,4766011.96,94.27,3,0.02,0.02,5,50,0,10,0,0,0,90,0,0,0,0,20000
651133.99,4765680.53,-365.78,3,0.23,0.35,6.81,150,0,15,0,0,0,85,0,0,0,0,25000
650754.07,4764879.98,1044.23,3,0.05,0.01,5.07,101.25,0,0,0,0,0,100,0,0,0,0,80000
650660.44,4765747.33,690.99,3,-99,-99,-99,-99,0,25,0,0,0,75,0,0,0,0,30000
651565.08,4766145.76,436.06,3,0.81,0.17,71,110,0,20,0,0,0,80,0,0,0,0,50000
651330.88,4766682.17,38.78,3,-99,-99,-99,-99,5,25,0,0,0,70,0,0,0,0,20000
650205.48,4765050.12,1084.84,3,0.71,0.87,22.1,87.9,0,55,0,0,0,45,0,0,0,0,40000
651367.44,4765371.62,430.31,3,0.47,0.02,140,50,0,20,0,0,0,80,0,0,0,0,60000
651175.22,4766199.62,-640.92,3,0.04,0.06,4.11,9.1,0,10,0,0,0,90,0,0,0,0,10000
651400.47,4766112.12,714.2,3,1.09,0.05,13,50,0,80,0,0,0,20,0,0,0,0,30000
651231.02,4766406.19,1057,3,-99,-99,-99,-99,0,0,0,0,0,100,0,0,0,0,10000
651861.46,4766357.89,143.16,3,0.76,0.26,5,50,30,30,0,0,0,40,0,0,0,0,20000
651074.95,4765642.05,355.15,3,0.81,0.19,94,150,0,50,0,0,0,50,0,0,0,0,40000
651568.39,4766442.91,354.63,3,1.94,0.18,43,50,70,20,0,0,0,10,0,0,0,0,60000
651228.07,4766868.46,61.98,3,1.46,0.2,89,160,0,60,0,0,0,40,0,0,0,0,35000
651068.68,4765902.89,410.19,3,0.06,0.03,5,50,0,40,0,0,0,60,0,0,0,0,20000
650394.14,4764802.18,1092.45,3,0.1,0.08,12.77,33.88,0,0,0,0,0,100,0,0,0,0,10000
651257.38,4765894.77,532.01,3,0.56,0.05,88,50,0,40,0,0,0,60,0,0,0,0,40000
650181.95,4765049.89,1021.04,3,0.22,0.05,16.4,8.1,0,40,0,0,0,60,0,0,0,0,15000
651581.3,4766120.7,525.19,3,0.98,0.21,120,250,0,70,0,0,0,30,0,0,0,0,40000
651471.76,4766798,101.11,3,-99,-99,-99,-99,52.75,37.25,0,0,0,10,0,0,0,0,94700
650855.42,4765727.34,213.9,3,0.22,0.1,36,5.7,0,45,0,0,0,50,0,5,0,0,20000
651271.58,4765525.23,433.25,3,0.09,0.03,5,50,0,10,0,0,0,90,0,0,0,0,30000
650473.62,4764917.49,960.5,3,0.11,0.25,8,105.45,0,10,0,0,0,90,0,0,0,0,40000
651892.35,4766455.6,212.64,3,1.19,0.1,20,50,70,20,0,0,0,10,0,0,0,0,15000
650384.06,4764950.58,844.34,3,0.07,0,3.95,16.9,0,40,0,0,0,60,0,0,0,0,10000
651064.71,4765947.58,521.64,3,0.5,0.07,23,50,0,60,0,0,0,40,0,0,0,0,20000
650587.37,4764915.92,1035.37,3,0.17,0.04,11.53,31.4,0,20,0,0,0,80,0,0,0,0,20000
650145.44,4765050.03,923.66,3,0.27,0.06,29.7,13.9,0,35,0,0,0,65,0,0,0,0,30000
651650.49,4766335.07,312.91,3,0.34,0.09,5,50,0,30,0,0,0,70,0,0,0,0,30000
650196.47,4764998.44,1099.09,3,0.13,0.11,10.9,26.5,0,10,0,0,0,90,0,0,0,0,20000
651697.42,4766263.65,292.34,3,0.88,0.27,61,120,0,40,0,0,0,60,0,0,0,0,40000
651894.55,4766327.94,296.81,3,0.86,0.13,5,50,0,40,0,0,0,60,0,0,0,0,40000
651577.9,4766182.97,650.17,3,0.69,0.03,16,50,0,30,0,0,0,70,0,0,0,0,50000
651166.62,4765265.92,471.07,3,0.47,0.05,18,50,0,40,0,0,0,60,0,0,0,0,20000
650355.83,4765047.91,958.64,3,0.11,0.06,19.5,13.3,0,10,0,0,0,90,0,0,0,0,20000
651566.72,4766143.02,445.54,3,0.55,0.33,105,190,0,40,0,0,0,60,0,0,0,0,40000
651479.75,4766505.49,278.2,3,0.58,0.13,79,50,0,60,0,0,0,40,0,0,0,0,30000
651198.88,4765637.51,464.34,3,0.32,0.13,77,50,0,30,0,0,0,70,0,0,0,0,30000
651617.83,4766026.02,322.49,3,0.04,0.17,5,50,0,0,0,0,0,100,0,0,0,0,10000
650689.14,4764883.72,1067.51,3,0.3,0.05,5.35,37.59,0,20,0,0,0,80,0,0,0,0,80000
651200.34,4765635.02,471.81,3,0.49,0.06,145,50,0,30,0,0,0,70,0,0,0,0,40000
650921.09,4765058.7,741.8,3,0.1,0.02,5,-99,0,0,0,0,0,100,0,0,0,0,40000
650587.26,4764915.67,1029.38,3,0.2,0.04,26.5,23.7,0,20,0,0,0,80,0,0,0,0,30000
651509.37,4765929.47,378.23,3,0.5,0.01,185,50,0,60,0,0,0,40,0,0,0,0,25000
650170.82,4765049.86,991.04,3,1.1,0.47,55.9,19.4,0,65,0,0,0,31,0,4,0,0,40000
651429.75,4765271.72,509.15,3,0.36,0,46,50,40,40,0,0,0,20,0,0,0,0,10000
651231.21,4766406.42,531,3,-99,-99,-99,-99,0,0,0,0,0,0,0,0,0,0,0
650824.66,4765292.26,861.07,3,-99,-99,-99,-99,0,15,0,0,0,85,0,0,0,0,50000
651284.18,4764794.42,1116.8,3,0.03,0,3.95,25.14,0,20,0,0,0,80,0,0,0,0,30000
650139.75,4765050.18,908.71,3,0.11,0.06,19.25,25.5,0,20,0,0,0,80,0,0,0,0,20000
651147.81,4766198.36,-570.05,3,0.14,0.14,10.35,25.3,0,15,0,0,0,83,0,2,0,0,30000
650104.71,4764995.85,937.32,3,0.09,0.73,3.21,83.9,0,20,0,0,0,80,0,0,0,0,15000
651048.1,4765950.18,548.87,3,0.22,0.1,5,50,0,33,0,0,0,67,0,0,0,0,20000
650196.48,4765050.03,1060.45,3,0.36,0.12,73.5,19.3,0,35,0,0,0,65,0,0,0,0,35000
651477.73,4765909.77,385.14,3,0.39,0.07,270,50,0,10,0,0,0,90,0,0,0,0,70000
650849,4766099.28,650.29,3,0.46,0.06,50,50,0,20,0,0,0,80,0,0,0,0,30000
651433.79,4766147.72,492.76,3,0.8,0.12,58,50,0,60,0,0,0,40,0,0,0,0,30000
650637.86,4765750.48,746.49,3,-99,-99,-99,-99,0,35,0,0,0,63,0,2,0,0,30000
651687.59,4766022.76,330.85,3,0.84,0.11,49,50,0,100,0,0,0,0,0,0,0,0,15000
651634.37,4766127.7,450.33,3,0.81,0.13,71,1240,0,50,0,0,0,50,0,0,0,0,20000
650151.22,4765101.17,943.85,3,0.39,0.06,43.7,18.2,0,88,0,0,0,10,0,2,0,0,10000
651745.14,4766219.15,440.62,3,0.98,0.07,21,50,0,60,0,0,0,40,0,0,0,0,40000
651799.27,4766587.03,99.27,3,0.6,0.12,44,170,10,60,0,0,0,30,0,0,0,0,30000
651151.05,4765791.46,101.96,3,0.1,0.05,15,50,0,30,0,0,0,70,0,0,0,0,20000
650241.13,4765058.44,1011.02,3,0.3,0.13,25.1,53.7,0,20,0,0,0,80,0,0,0,0,30000
651676.58,4765518.61,128.82,3,0.4,0.12,90,50,0,30,0,0,0,70,0,0,0,0,30000
651602.05,4766677.82,221.19,3,-99,-99,-99,-99,0,0,0,0,0,0,0,0,0,0,0
651487.45,4766743.15,76.27,3,1.25,0.13,165,50,0,60,0,0,0,40,0,0,0,0,30000
651691.6,4766269.15,274.02,3,0.7,0.17,57,190,0,30,0,0,0,70,0,0,0,0,30000
651618.45,4766669.64,242.36,3,0.29,0.09,230,50,0,21,0,0,0,79,0,0,0,0,10000
651583.27,4765598.14,498.23,3,0.84,0.05,72,140,0,45,0,0,0,55,0,0,0,0,40000
650232.58,4765049.9,895.67,3,0.29,0.26,18.45,51.3,0,30,0,0,0,70,0,0,0,0,35000
650819.76,4764764.17,1059.72,3,0.19,0,4.55,122.05,0,0,25,0,0,75,0,0,0,0,30000
651733.26,4766004.39,122.85,3,-99,-99,-99,-99,0,10,0,0,0,90,0,0,0,0,10000
651453.72,4765945.39,607.64,3,4.19,0.24,110,580,50,0,50,0,0,0,0,0,0,0,70000
650956.13,4765919.57,470.39,3,0.51,0.09,55,50,0,50,0,0,0,50,0,0,0,0,40000
650872.05,4764803.46,974.82,3,0.03,0,7.09,38.4,0,40,0,0,0,60,0,0,0,0,30000
650337.17,4764854.59,1062.89,3,0.06,0.02,3.02,53.6,0,25,0,0,0,75,0,0,0,0,20000
650873.94,4764824.92,1026.01,3,0.1,0,16.02,349,0,0,0,0,0,100,0,0,0,0,10000
650930.08,4766178.4,-63.29,3,0.26,0.38,3.43,2.8,0,40,0,0,0,57,0,3,0,0,30000
651231.56,4765727,634.93,3,0.42,0.02,25,50,0,30,0,0,0,70,0,0,0,0,40000
651308.47,4766509.45,282.74,3,-99,-99,-99,-99,0,20,0,0,0,80,0,0,0,0,20000
650689.92,4765153.13,1031.68,3,0.72,0.08,49.22,11.89,0,40,0,0,0,60,0,0,0,0,80000
651454.27,4766053.18,477.05,3,0.63,0.17,62,50,0,50,0,0,0,50,0,0,0,0,30000
651578.91,4765602.29,479.16,3,1.26,0.07,53,50,0,70,0,0,0,30,0,0,0,0,40000
650620.47,4765098.15,1097.72,3,0.03,0.01,11.4,6.38,0,0.2,0,0,0,99.8,0,0,0,0,200000
651037.17,4765707.2,-188.36,3,0.33,0.28,23.4,129.5,0,25,0,0,0,75,0,0,0,0,35000
650960.57,4765718.25,-25.88,3,0.18,0.24,26.7,16.3,0,20,0,0,0,80,0,0,0,0,30000
651142.65,4766198.09,-557.04,3,0.17,0.06,14.55,20,0,30,0,0,0,67,0,3,0,0,30000
650725.87,4765736.96,534.44,3,0.67,0.08,53.7,4.5,0,80,0,0,0,20,0,0,0,0,15000
651473.18,4765915.6,366.56,3,0.34,0.04,155,50,0,0,0,0,0,100,0,0,0,0,40000
651029.66,4765689.02,586.08,3,0.73,0.11,32,150,0,60,0,0,0,40,0,0,0,0,30000
651627.2,4766645.68,371.81,3,2.74,0.12,40,50,0,100,0,0,0,0,0,0,0,0,40000
650694.93,4765158.49,1015.24,3,0.41,0.04,91.73,9.04,0,17.5,0,0,0,82.5,0,0,0,0,47500
651873.44,4766346.55,200.85,3,1.09,0.38,5,50,50,30,0,0,0,20,0,0,0,0,20000
650760.28,4765120.15,980.02,3,-99,-99,-99,-99,0,2,0,0,0,98,0,0,0,0,10000
651147.67,4765796.42,114.61,3,0.32,0.13,58,50,0,30,0,0,0,70,0,0,0,0,20000
651822.08,4766486.98,112.88,3,0.58,0.06,23,50,0,35,0,0,0,65,0,0,0,0,40000
650911.03,4765723.46,85.49,3,0.28,0.04,37.3,8.2,0,30,0,0,0,68,0,2,0,0,35000
651554.75,4765747.12,342.77,4,0.95,0.05,29,110,50,50,0,0,0,0,0,0,0,0,25000
651622.45,4765948.57,489.62,4,0.2,0.02,5,50,80,20,0,0,0,0,0,0,0,0,10000
651126.76,4765393.7,1055.54,4,0.25,0.03,11,25,0,30,0,0,0,70,0,0,0,0,20000
651478.28,4765431.77,482.61,4,1.49,0.1,52,50,40,60,0,0,0,0,0,0,0,0,30000
651596.55,4766170.91,581.68,4,3.75,0.34,20,50,0,60,0,0,0,40,0,0,0,0,60000
651490.06,4766195.82,594.72,4,1.08,0.07,58,50,50,50,0,0,0,0,0,0,0,0,25000
651550.53,4765959.56,492.43,4,0.9,0.04,67,50,0,60,0,0,0,40,0,0,0,0,10000
651234.94,4765357.5,502.67,4,0.32,0,210,50,0,70,0,0,0,30,0,0,0,0,30000
651651.44,4766116.53,544.14,4,1.29,0.06,31,50,50,50,0,0,0,0,0,0,0,0,10000
651432.29,4765814.27,545.59,4,1.11,0.03,61,110,90,10,0,0,0,0,0,0,0,0,10000
651614.24,4766025.81,451.58,4,0.63,0.09,155,490,0,60,0,0,0,40,0,0,0,0,30000
651182.21,4765287.23,515.86,4,-99,-99,-99,-99,0,0,0,0,0,0,0,0,0,0,0
650053.81,4764993.62,971.44,4,0.26,0.06,7.73,11,0,25,0,0,0,70,0,5,0,0,25000
651154.92,4765843.76,740.8,4,0.02,0.03,4.48,4.07,0,0,0,0,0,100,0,0,0,0,10000
651380.05,4765841.71,558.86,4,1.28,0.03,65,50,50,20,0,0,0,30,0,0,0,0,20000
651367.19,4765791.64,611.8,4,1.74,0.11,34,50,90,0,0,0,0,10,0,0,0,0,10000
651374.75,4765733.56,485.03,4,0.86,0.01,47,50,10,60,0,0,0,30,0,0,0,0,10000
651690.56,4766019.58,337.56,4,0.58,0.05,10,50,0,90,0,0,0,10,0,0,0,0,10000
651657.83,4766112.34,579.32,4,0.6,0.04,22,50,30,40,0,0,0,30,0,0,0,0,20000
651443.58,4765958.73,564.8,4,0.68,0.03,125,50,0,40,0,0,0,60,0,0,0,0,50000
651339.74,4765855.12,632.7,4,2.29,0.06,145,50,30,30,0,0,0,40,0,0,0,0,40000
650876.25,4765959.99,796.32,4,0.07,0.02,25,50,0,40,0,0,0,60,0,0,0,0,10000
651537.43,4765644.11,290.12,4,0.76,0.04,41,50,40,40,0,0,0,20,0,0,0,0,20000
651743.49,4766062.16,580.5,4,-99,-99,-99,-99,0,40,0,0,0,60,0,0,0,0,60000
651464.88,4765755.8,481.03,4,0.97,0.05,38,50,30,30,0,0,0,40,0,0,0,0,25000
651298.87,4766513.8,115.07,4,-99,-99,-99,-99,5,25,0,0,0,70,0,0,0,0,20000
651348.31,4765851.24,643.07,4,1.03,0.04,105,50,70,30,0,0,0,0,0,0,0,0,15000
650049.22,4764993.94,943.82,4,0.06,0.1,2.54,14,0,35,0,0,0,65,0,0,0,0,10000
651520.53,4765660.77,211.64,4,0.9,0,51,150,60,10,0,0,0,30,0,0,0,0,20000
651453.91,4765648.76,397.35,4,0.64,0.03,77,50,20,60,0,0,0,20,0,0,0,0,20000
651464.43,4765927.11,634.5,4,1.82,0.1,34,50,100,0,0,0,0,0,0,0,0,0,20000
651216.19,4765374.68,448.33,4,0.42,0.04,91,50,0,30,0,0,0,70,0,0,0,0,30000
651174.2,4766081.57,920.66,4,0.01,0.16,5,50,0,30,0,0,0,70,0,0,0,0,20000
651478.57,4765990.45,578.09,4,0.98,0.04,85,50,0,60,0,0,0,40,0,0,0,0,40000
651718.16,4766087.03,436.82,4,1.02,0.04,41,50,10,40,0,0,0,50,0,0,0,0,40000
651151.93,4765828.23,761.44,4,0.76,0.02,74,50,0,70,0,0,0,30,0,0,0,0,20000
651486.37,4766232.73,588.85,4,2.31,0.41,130,50,50,50,0,0,0,0,0,0,0,0,40000
651481.1,4766237.55,609.66,4,0.78,0.03,5,50,0,70,0,0,0,30,0,0,0,0,35000
651442.79,4765453.12,551.05,4,1.67,0.04,25,50,10,70,0,0,0,20,0,0,0,0,40000
651351.61,4765588.31,414.54,4,0.55,0.02,82,50,0,50,0,0,0,50,0,0,0,0,40000
651369.43,4765801.07,601.69,4,0.92,0.02,41,50,40,30,0,0,0,30,0,0,0,0,20000
650107.95,4764948.67,1067.46,4,0.12,0.05,2.35,8.29,0,65,0,0,0,30,0,5,0,0,40000
651457.75,4765997.74,550.07,4,0.47,0.02,62,50,40,20,0,0,0,40,0,0,0,0,15000
651608.8,4765574.64,606.82,4,0.14,0.01,26,520,0,10,0,0,0,90,0,0,0,0,80000
651782.44,4766163.59,215.51,4,0.96,0.05,105,50,0,70,0,0,0,30,0,0,0,0,40000
651423.29,4765824.08,507.87,4,1.4,0.04,79,50,50,50,0,0,0,0,0,0,0,0,20000
651301.37,4766512.65,158.98,4,-99,-99,-99,-99,5,25,0,0,0,70,0,0,0,0,20000
651483.06,4766010.09,561.65,4,0.55,0.03,89,50,0,70,0,0,0,30,0,0,0,0,20000
651601.75,4765974.94,421.42,4,0.56,0.01,62,50,0,60,0,0,0,40,0,0,0,0,30000
651343.89,4765269.04,633.12,4,0.87,0.03,45,50,0,40,0,0,0,60,0,0,0,0,40000
651633.3,4766017.88,537.12,4,0.55,0.01,14,50,0,0,0,0,0,0,0,0,0,0,0
650586.1,4764912.99,971.45,4,0.09,0.02,22.72,17.1,0,0,0,0,0,100,0,0,0,0,10000
651490.5,4765716.39,381.58,4,0.77,0.02,140,50,30,10,0,0,0,60,0,0,0,0,20000
651004.51,4764795.79,998.38,4,0.42,0.03,116.2,742.2,5,5,0,0,0,90,0,0,0,0,100000
650373.22,4765048.19,1001.23,4,0.37,0.14,24.7,30.6,0,30,0,0,0,70,0,0,0,0,20000
651070.95,4764899.34,1071.81,4,0.05,0.02,5.32,12.75,0,0,0,0,0,100,0,0,0,0,100000
650922.67,4764980.77,892.87,4,0.29,0,169,-99,0,0,0,0,0,100,0,0,0,0,50000
650054.15,4764993.61,973.41,4,0.23,0.06,7.81,10,0,25,0,0,0,75,0,0,0,0,15000
651464.74,4765928.54,633.13,4,3.94,0.2,38,50,60,0,30,0,0,10,0,0,0,0,50000
651478.01,4765735.92,430.35,4,0.67,0.02,37,50,10,70,0,0,0,20,0,0,0,0,20000
650903.31,4765964.88,788.03,4,0.08,0.02,26,110,0,0,0,0,0,100,0,0,0,0,30000
651590.82,4765825.84,559.94,4,0.71,0.05,5,50,50,20,0,0,0,30,0,0,0,0,10000
651742.08,4766063.46,572.73,4,-99,-99,-99,-99,0,60,0,0,0,40,0,0,0,0,50000
651563.58,4765947.53,539.17,4,0.88,0.04,115,50,40,50,0,0,0,10,0,0,0,0,10000
651571.73,4765609.36,446.69,4,0.34,0.03,13,120,100,0,0,0,0,0,0,0,0,0,5000
650147.64,4764901.01,958.93,4,0.05,0.02,7.16,33.17,0,5,0,0,0,95,0,0,0,0,10000
651517.65,4765663.47,198.21,4,0.77,0.02,24,180,50,20,0,0,0,30,0,0,0,0,20000
650963.17,4765747.83,868.44,4,-99,-99,-99,-99,0,20,0,0,0,80,0,0,0,0,50000
650241.02,4764787.96,1032.89,4,0.05,0.04,7.18,76.3,0,0,0,0,0,100,0,0,0,0,10000
651545.97,4765758.95,272.29,4,0.72,0.03,38,50,60,40,0,0,0,0,0,0,0,0,10000
651593.9,4765822.42,575.26,4,0.77,0.03,17,140,0,90,0,0,0,10,0,0,0,0,10000
651355.92,4765346.62,560.34,4,0.77,0.01,25,50,0,60,0,0,0,40,0,0,0,0,40000
651652.5,4766115.83,550,4,0.89,0.05,25,50,30,30,0,0,0,40,0,0,0,0,20000
651350.4,4766615.23,432.91,4,-99,-99,-99,-99,0,7.75,0,0,0,92.25,0,0,0,0,39000
650825.21,4765095.64,938.46,4,0.09,0.01,4.73,9.55,0,0,0,0,0,100,0,0,0,0,5000
651440.5,4765452.09,606.43,4,1.04,0.03,19,50,0,60,0,0,0,40,0,0,0,0,30000
651433.93,4765918.05,902.66,4,-99,-99,-99,-99,0,0,0,0,0,0,0,0,0,0,0
651256.16,4765338.96,562.35,4,0.42,0.03,88,50,0,40,0,0,0,60,0,0,0,0,30000
651562.54,4765948.44,535.42,4,0.49,0.03,41,50,20,70,0,0,0,10,0,0,0,0,20000
651425.88,4765698.79,553.96,4,0.75,0.03,35,50,40,60,0,0,0,0,0,0,0,0,10000
651004.52,4764795.57,994.38,4,0.46,0.04,64.9,798.4,5,5,0,0,0,90,0,0,0,0,100000
651396.28,4765311.12,570.19,4,0.48,0.02,110,50,10,70,0,0,0,20,0,0,0,0,20000
651302.95,4766511.93,186.93,4,-99,-99,-99,-99,0,80,0,0,0,20,0,0,0,0,20000
651501.35,4765881.96,480.37,4,0.53,0.02,12,50,70,30,0,0,0,0,0,0,0,0,30000
651620.07,4766153.96,490.16,4,1.23,0.11,74,190,0,35,0,0,0,65,0,0,0,0,60000
651468.69,4765750.18,466.54,4,1.27,0.06,47,50,30,50,0,0,0,20,0,0,0,0,25000
651301.82,4766512.45,166.97,4,-99,-99,-99,-99,5,25,0,0,0,70,0,0,0,0,20000
651139.96,4765597.17,738.12,4,0.35,0.01,73,50,0,20,0,0,0,80,0,0,0,0,30000
651484.7,4766191.24,585.01,4,0.59,0.05,26,50,0,100,0,0,0,0,0,0,0,0,20000
651445.37,4765445.8,617.95,4,1.62,0.02,45,50,0,90,0,0,0,10,0,0,0,0,30000
651745.29,4766060.56,590.2,4,-99,-99,-99,-99,0,40,0,0,0,60,0,0,0,0,60000
651544.61,4765505.78,506.93,4,0.72,0,63,130,0,90,0,0,0,10,0,0,0,0,30000
650967.64,4766003.39,757.99,4,-99,-99,-99,-99,0,0,0,0,0,0,0,0,0,0,0
651431.13,4765741.65,496.35,4,1.16,0.06,140,50,70,20,0,0,0,10,0,0,0,0,10000
651386.56,4765864.79,534.76,4,1.23,0.05,110,50,10,60,0,0,0,30,0,0,0,0,30000
651502.26,4765880.95,484.14,4,1.12,0.07,98,50,20,40,0,0,0,40,0,0,0,0,50000
651150.22,4765744.94,747.22,4,1.46,0.05,91,25,0,90,0,0,0,10,0,0,0,0,30000
651565.85,4766452.82,525.14,4,0.59,0.15,5,500,0,60,0,0,0,40,0,0,0,0,15000
651469.45,4765887.99,555.02,4,1.07,0.06,105,50,0,90,0,0,0,10,0,0,0,0,20000
651240.64,4765352.39,518.96,4,1.24,0,98,50,30,50,0,0,0,20,0,0,0,0,30000
651494.17,4765421.92,451.85,4,0.41,0.02,165,140,100,0,0,0,0,0,0,0,0,0,10000
651430.88,4765465.13,583.6,4,2.25,0.07,45,50,0,100,0,0,0,0,0,0,0,0,30000
651719.16,4766086,442.64,4,1.37,0.11,24,120,20,60,0,0,0,20,0,0,0,0,40000
651508.33,4765672.47,154.07,4,0.56,0.01,53,50,70,20,0,0,0,10,0,0,0,0,10000
651155.92,4766098.05,988.32,4,-99,-99,-99,-99,0,0,0,0,0,100,0,0,0,0,10000
651687.67,4765503.99,194.28,4,0.02,0.03,5,50,0,10,0,0,0,90,0,0,0,0,30000
651254.15,4765690.33,657.18,4,1.25,0.07,67,50,30,50,0,0,0,20,0,0,0,0,50000
651608.95,4766162.23,534.02,4,1.19,0.04,41,50,90,10,0,0,0,0,0,0,0,0,30000
651398.12,4765713.15,569.5,4,1.53,0.04,15,50,90,10,0,0,0,0,0,0,0,0,10000
651720.49,4766084.63,450.41,4,2.86,0.36,120,50,0,50,0,0,0,50,0,0,0,0,60000
650922.4,4764995.27,864.35,4,0.31,0.06,47,-99,0,20,0,0,0,80,0,0,0,0,40000
651609.55,4765965.03,446.41,4,0.54,0.02,82,50,0,100,0,0,0,0,0,0,0,0,10000
651469.19,4765948.86,614.38,4,0.66,0.03,43,50,0,10,20,0,0,70,0,0,0,0,25000
651004.46,4764792.07,930.48,4,0.28,0.04,64.28,405.4,5,11,0,0,0,84,0,0,0,0,130000
650247.4,4765077.55,946.06,4,0.16,0.03,24.98,8.54,0,10,0,0,0,90,0,0,0,0,20000
651291.89,4765638.7,484.65,4,0.84,0.02,165,50,30,30,0,0,0,40,0,0,0,0,30000
651578.99,4765715.54,526.5,4,0.68,0.03,23,50,30,40,0,0,0,30,0,0,0,0,10000
650059.09,4764902.78,976.39,4,0.09,0.03,6.21,3.36,0,0,0,0,0,100,0,0,0,0,10000
651126.64,4765401.69,1041.68,4,0.09,0.01,35,25,0,20,0,0,0,80,0,0,0,0,20000
651474.07,4765904.49,538.21,4,1.17,0.03,40,50,20,40,0,0,0,40,0,0,0,0,20000
650825.53,4766167.37,163.53,5,0.4,0.23,9.03,5.7,0,30,0,0,0,65,0,5,0,0,35000
651284.26,4766558.94,209.76,5,-99,-99,-99,-99,0,20,0,0,0,80,0,0,0,0,15000
651394.97,4766707.39,-117.64,5,-99,-99,-99,-99,0,85,0,0,0,15,0,0,0,0,15000
651037.08,4766189.33,-304.38,5,0.27,0.05,20.5,6.9,0,10,0,0,0,88,0,2,0,0,20000
650977.53,4766182.93,-169.04,5,0.66,0.08,89.3,4.8,0,35,0,0,0,60,0,5,0,0,30000
650901.7,4766391.87,-58.84,5,-99,-99,-99,-99,30,60,0,0,0,10,0,0,0,0,30000
650876.78,4766172.75,52.95,5,0.62,0.32,70.3,9.3,2,15,0,0,0,78,0,5,0,0,35000
651264.64,4766578.18,25.8,5,-99,-99,-99,-99,20,70,0,0,0,10,0,0,0,0,20000
650760.49,4766162.46,309.62,5,0.59,0.16,76.3,9,5,30,0,0,0,60,0,5,0,0,20000
651184.41,4766199.81,-665.24,5,0.11,0.08,7.66,4.8,0,20,0,0,0,80,0,0,0,0,15000
651384.64,4766686.43,2.1,5,-99,-99,-99,-99,20,70,0,0,0,10,0,0,0,0,20000
650882.07,4766391.01,-55.14,5,-99,-99,-99,-99,30,60,0,0,0,10,0,0,0,0,30000
651290.36,4766518.32,-34.62,5,-99,-99,-99,-99,30,50,0,0,0,20,0,0,0,0,25000
651055.48,4766191.44,-346.48,5,0.17,0.03,9.97,3.5,0,25,0,0,0,75,0,0,0,0,15000
650787.73,4766164.27,247.35,5,0.51,0.87,7.54,14.9,0,20,0,0,0,80,0,0,0,0,20000
650332.3,4765050.36,981.32,5,1.07,0.86,18.4,14.05,0,34,0,0,0,66,0,0,0,0,60000
651280.89,4766524.36,-208.26,5,-99,-99,-99,-99,0,80,0,0,0,20,0,0,0,0,15000
650794.22,4766164.73,232.73,5,0.49,0.2,4.92,2.9,5,34,0,0,0,60,0,1,0,0,25000
650911.52,4766392.3,-60.7,5,-99,-99,-99,-99,30,60,0,0,0,10,0,0,0,0,30000
651070.45,4766192.96,-381.38,5,0.12,0.04,25.1,3.2,0,10,0,0,0,88,0,2,0,0,15000
651044.28,4766190.15,-320.85,5,0.16,0.02,10.5,3.3,0,30,0,0,0,67,0,3,0,0,10000
650120.89,4765127.73,1011.08,6,-99,-99,-99,-99,0,10,0,0,0,90,0,0,0,0,6000
650917.22,4764807.81,925.81,6,0.63,0.01,8.56,475.2,5,10,0,0,0,85,0,0,0,0,150000
650787.05,4765248.83,1079.89,6,-99,-99,-99,-99,0,0,0,0,0,100,0,0,0,0,10000
650317.24,4765050.26,1118.1,6,0.07,0,6.94,204,0,1,0,0,0,99,0,0,0,0,10000
650270.99,4765248.68,1055.54,6,0.01,0,0.65,28.8,0,0,0,0,0,100,0,0,0,0,1300
650438.41,4764916.16,1031.54,6,0.1,0.04,7.29,54.7,0,10,0,0,0,90,0,0,0,0,25000
650455.66,4764909.38,1082.26,6,0.07,0.11,6.7,61.9,0,20,0,0,0,80,0,0,0,0,15000
650921.89,4764809.73,1051.7,6,0.07,0.01,4.5,223.48,10,10,0,0,0,80,0,0,0,0,100000
650538.33,4764915.36,1023.09,6,0.17,0.11,13.25,62.7,0,10,0,0,0,90,0,0,0,0,36500
651393.79,4766704.94,-103.91,6,-99,-99,-99,-99,0,100,0,0,0,0,0,0,0,0,10000
650919.76,4764809.2,995.75,6,0.03,0.01,10.98,134.4,10,10,0,0,0,80,0,0,0,0,100000
650363.38,4765103.66,1081.89,6,0.05,0.04,4.01,20.6,0,0,0,0,0,100,0,0,0,0,7000
650548.14,4764822.34,1127.09,6,0.06,0.01,10.3,71.26,0,0,0,0,0,100,0,0,0,0,30000
650418.09,4764924.59,971.45,6,0.09,0.08,13.6,82.9,0,7,0,0,0,90,0,3,0,0,20000
650921.59,4764809.69,1043.71,6,0.04,0.01,4.06,89.92,10,10,0,0,0,80,0,0,0,0,100000
650922.11,4764809.73,1059.7,6,0.06,0.01,58.93,101.67,10,10,0,0,0,80,0,0,0,0,100000
651395.65,4766708.79,-125.49,6,-99,-99,-99,-99,0,95,0,0,0,5,0,0,0,0,10000
651069.8,4764899.53,975.82,6,0.03,0.02,7.58,20.36,0,0,0,0,0,100,0,0,0,0,16500
650126.15,4765133.43,1058.45,6,0.01,0,0.61,10.3,0,10,0,0,0,90,0,0,0,0,6000
650364.38,4765105.45,1085.33,6,0.05,0.05,4.6,26.1,0,0,0,0,0,100,0,0,0,0,7000
650920.23,4764809.36,1007.74,6,0.16,0,23.41,614.45,10,10,0,0,0,80,0,0,0,0,100000
650305.42,4765049.91,1086.22,6,0.05,0,4.66,23.7,0,1,0,0,0,99,0,0,0,0,10000
650260.49,4765248.22,992.41,6,-99,-99,-99,-99,0,0,0,0,0,100,0,0,0,0,3000
