Variogram for Cu & Cu: Direction n°1 (azm = 0; dip = 0; nlag = 21; tail = 1; head = 1)
    1        0.000         0.00000         1690
    2       15.524         0.18430           31
    3       31.782         0.55278           83
    4       46.125         0.31913          231
    5       60.329         0.37201          384
    6       75.319         0.47085          577
    7       90.842         0.55620         1079
    8      105.373         0.68868         1731
    9      120.188         0.66969         2452
   10      134.995         0.62296         2367
   11      150.026         0.68944         2662
   12      165.261         0.71818         3047
   13      180.200         0.74573         3427
   14      195.121         0.75048         3901
   15      210.306         0.70493         5007
   16      225.019         0.73604         4899
   17      240.117         0.77215         4474
   18      255.038         0.75630         4456
   19      270.066         0.72064         4638
   20      285.375         0.80676         5439
   21      300.065         0.81512         6259
Variogram for Cu & Cu: Direction n°2 (azm = 0; dip = 90; nlag = 22; tail = 1; head = 1)
    1        0.000         0.00000         1690
    2        2.619         0.12680           42
    3        9.859         0.17029           71
    4       20.795         0.23535           66
    5       29.916         0.22011           79
    6       40.213         0.32814           63
    7       50.433         0.31175           55
    8       60.780         0.35084           91
    9       70.458         0.33336           84
   10       79.572         0.37156           75
   11       90.024         0.37845          102
   12      100.487         0.56112          101
   13      109.616         0.55006          129
   14      120.207         0.67297          138
   15      129.901         0.73313          150
   16      139.993         0.80489          183
   17      150.094         0.62981          188
   18      160.032         0.77329          192
   19      169.835         0.81722          213
   20      179.961         0.82233          199
   21      189.742         0.99617          198
   22      200.187         0.82106          237
Variogram for Cu & Au: Direction n°1 (azm = 0; dip = 0; nlag = 21; tail = 1; head = 2)
    1        0.000         0.00000         1690
    2       15.524         0.07199           31
    3       31.782         0.12796           83
    4       46.125         0.15469          231
    5       60.329         0.16301          384
    6       75.319         0.22967          577
    7       90.842         0.32348         1079
    8      105.373         0.34231         1731
    9      120.188         0.35075         2452
   10      134.995         0.34058         2367
   11      150.026         0.37848         2662
   12      165.261         0.34026         3047
   13      180.200         0.42814         3427
   14      195.121         0.39134         3901
   15      210.306         0.34997         5007
   16      225.019         0.38032         4899
   17      240.117         0.39694         4474
   18      255.038         0.37080         4456
   19      270.066         0.35718         4638
   20      285.375         0.39868         5439
   21      300.065         0.39140         6259
Variogram for Cu & Au: Direction n°2 (azm = 0; dip = 90; nlag = 22; tail = 1; head = 2)
    1        0.000         0.00000         1690
    2        2.619         0.10097           42
    3        9.859         0.05818           71
    4       20.795         0.16988           66
    5       29.916         0.09135           79
    6       40.213         0.16259           63
    7       50.433         0.18920           55
    8       60.780         0.25344           91
    9       70.458         0.28760           84
   10       79.572         0.28056           75
   11       90.024         0.26946          102
   12      100.487         0.31536          101
   13      109.616         0.20048          129
   14      120.207         0.21542          138
   15      129.901         0.31757          150
   16      139.993         0.24679          183
   17      150.094         0.34920          188
   18      160.032         0.45540          192
   19      169.835         0.47291          213
   20      179.961         0.31571          199
   21      189.742         0.36281          198
   22      200.187         0.35902          237
Variogram for Cu & Mo: Direction n°1 (azm = 0; dip = 0; nlag = 21; tail = 1; head = 3)
    1        0.000         0.00000         1683
    2       15.524         0.07843           31
    3       31.782         0.08609           83
    4       46.085         0.06248          229
    5       60.386         0.08407          375
    6       75.319         0.10958          577
    7       90.813         0.09135         1072
    8      105.414         0.03703         1686
    9      120.189         0.09949         2449
   10      135.000         0.04400         2356
   11      150.020         0.07010         2645
   12      165.257         0.06260         3024
   13      180.208         0.07355         3415
   14      195.119         0.03341         3877
   15      210.308         0.02456         4975
   16      225.021         0.05074         4878
   17      240.112         0.07769         4440
   18      255.035         0.10280         4429
   19      270.076         0.07068         4619
   20      285.372         0.07457         5417
   21      300.056         0.09640         6235
Variogram for Cu & Mo: Direction n°2 (azm = 0; dip = 90; nlag = 22; tail = 1; head = 3)
    1        0.000         0.00000         1683
    2        2.619         0.05094           42
    3        9.859         0.00695           71
    4       20.795         0.06722           66
    5       29.916         0.13422           79
    6       40.213         0.01400           63
    7       50.433         0.14629           55
    8       60.780         0.11093           91
    9       70.458         0.07358           84
   10       79.572         0.12888           75
   11       89.978         0.31396          101
   12      100.487         0.13741          101
   13      109.632         0.01043          128
   14      120.189         0.21744          137
   15      129.901         0.18681          150
   16      140.015         0.17855          182
   17      150.094         0.16313          188
   18      160.032         0.20705          190
   19      169.831         0.12694          211
   20      179.961         0.09581          196
   21      189.742         0.12909          198
   22      200.203         0.03304          236
Variogram for Cu & As: Direction n°1 (azm = 0; dip = 0; nlag = 21; tail = 1; head = 4)
    1        0.000         0.00000         1649
    2       16.131         0.00392           28
    3       31.727         0.01125           82
    4       46.140         0.02262          225
    5       60.416         0.06731          371
    6       75.326         0.07403          576
    7       90.799         0.08035         1051
    8      105.396         0.04079         1632
    9      120.213         0.15748         2390
   10      135.026         0.03434         2298
   11      149.982         0.07570         2577
   12      165.266         0.07165         2978
   13      180.220         0.11869         3376
   14      195.113         0.12226         3818
   15      210.270         0.12784         4838
   16      225.036         0.10171         4778
   17      240.072         0.06307         4283
   18      255.056         0.08739         4316
   19      270.091         0.05240         4544
   20      285.378         0.07768         5345
   21      300.047         0.09699         6045
Variogram for Cu & As: Direction n°2 (azm = 0; dip = 90; nlag = 22; tail = 1; head = 4)
    1        0.000         0.00000         1649
    2        2.585         0.04981           41
    3        9.859         0.06967           71
    4       20.795         0.13275           66
    5       29.914         0.28185           77
    6       40.220         0.04898           61
    7       50.433         0.17811           55
    8       60.780         0.09357           91
    9       70.458         0.04083           84
   10       79.572         0.04917           75
   11       89.978         0.11997          101
   12      100.452         0.10038          100
   13      109.607         0.06016          125
   14      120.210         0.23289          134
   15      129.869         0.18529          147
   16      140.050         0.22784          172
   17      150.125         0.02804          179
   18      160.128         0.08460          179
   19      169.798        -0.05594          201
   20      179.946        -0.01373          186
   21      189.803         0.02472          190
   22      200.192        -0.08508          229
Variogram for Cu & Bn: Direction n°1 (azm = 0; dip = 0; nlag = 21; tail = 1; head = 5)
    1        0.000         0.00000         1690
    2       15.524         0.11357           31
    3       31.782         0.10061           83
    4       46.125         0.08807          231
    5       60.329         0.12912          384
    6       75.319         0.13293          577
    7       90.842         0.20840         1079
    8      105.373         0.18082         1731
    9      120.188         0.24240         2452
   10      134.995         0.23516         2367
   11      150.026         0.24525         2662
   12      165.261         0.30149         3047
   13      180.200         0.32677         3427
   14      195.121         0.34491         3901
   15      210.306         0.30910         5007
   16      225.019         0.30367         4899
   17      240.117         0.34386         4474
   18      255.038         0.33487         4456
   19      270.066         0.31214         4638
   20      285.375         0.34634         5439
   21      300.065         0.34663         6259
Variogram for Cu & Bn: Direction n°2 (azm = 0; dip = 90; nlag = 22; tail = 1; head = 5)
    1        0.000         0.00000         1690
    2        2.619         0.00615           42
    3        9.859         0.00074           71
    4       20.795         0.01383           66
    5       29.916         0.07415           79
    6       40.213         0.04737           63
    7       50.433         0.11246           55
    8       60.780         0.08491           91
    9       70.458         0.01172           84
   10       79.572         0.07459           75
   11       90.024         0.14362          102
   12      100.487         0.11979          101
   13      109.616         0.04972          129
   14      120.207         0.32224          138
   15      129.901         0.15519          150
   16      139.993         0.16847          183
   17      150.094         0.11607          188
   18      160.032         0.20951          192
   19      169.835         0.22343          213
   20      179.961         0.29890          199
   21      189.742         0.41290          198
   22      200.187         0.34976          237
Variogram for Cu & Cp: Direction n°1 (azm = 0; dip = 0; nlag = 21; tail = 1; head = 6)
    1        0.000         0.00000         1690
    2       15.524        -0.07166           31
    3       31.782         0.11959           83
    4       46.125         0.06980          231
    5       60.329         0.12432          384
    6       75.319         0.06837          577
    7       90.842         0.11922         1079
    8      105.373         0.20300         1731
    9      120.188         0.13755         2452
   10      134.995         0.14758         2367
   11      150.026         0.14777         2662
   12      165.261         0.17975         3047
   13      180.200         0.14974         3427
   14      195.121         0.15783         3901
   15      210.306         0.10597         5007
   16      225.019         0.17543         4899
   17      240.117         0.16737         4474
   18      255.038         0.13952         4456
   19      270.066         0.12972         4638
   20      285.375         0.21163         5439
   21      300.065         0.20932         6259
Variogram for Cu & Cp: Direction n°2 (azm = 0; dip = 90; nlag = 22; tail = 1; head = 6)
    1        0.000         0.00000         1690
    2        2.619         0.02163           42
    3        9.859        -0.03423           71
    4       20.795         0.09111           66
    5       29.916         0.01119           79
    6       40.213        -0.08056           63
    7       50.433         0.03414           55
    8       60.780         0.09080           91
    9       70.458         0.09914           84
   10       79.572         0.08820           75
   11       90.024         0.06367          102
   12      100.487         0.10910          101
   13      109.616         0.18763          129
   14      120.207         0.12175          138
   15      129.901         0.19333          150
   16      139.993         0.13093          183
   17      150.094         0.19475          188
   18      160.032         0.23688          192
   19      169.835         0.31897          213
   20      179.961         0.27461          199
   21      189.742         0.29133          198
   22      200.187         0.15639          237
Variogram for Cu & Cc: Direction n°1 (azm = 0; dip = 0; nlag = 21; tail = 1; head = 7)
    1        0.000         0.00000         1690
    2       15.524         0.02283           31
    3       31.782         0.07326           83
    4       46.125        -0.00913          231
    5       60.329         0.01545          384
    6       75.319         0.04428          577
    7       90.842         0.15277         1079
    8      105.373         0.07425         1731
    9      120.188         0.08398         2452
   10      134.995         0.05973         2367
   11      150.026         0.04513         2662
   12      165.261         0.01601         3047
   13      180.200         0.11009         3427
   14      195.121         0.05833         3901
   15      210.306         0.01941         5007
   16      225.019         0.05622         4899
   17      240.117         0.03693         4474
   18      255.038         0.00604         4456
   19      270.066         0.04984         4638
   20      285.375         0.08324         5439
   21      300.065         0.04142         6259
Variogram for Cu & Cc: Direction n°2 (azm = 0; dip = 90; nlag = 22; tail = 1; head = 7)
    1        0.000         0.00000         1690
    2        2.619        -0.00312           42
    3        9.859         0.08151           71
    4       20.795        -0.01009           66
    5       29.916         0.05638           79
    6       40.213        -0.10482           63
    7       50.433        -0.00676           55
    8       60.780         0.02071           91
    9       70.458         0.07465           84
   10       79.572         0.13222           75
   11       90.024         0.11405          102
   12      100.487         0.10751          101
   13      109.616         0.04085          129
   14      120.207         0.04017          138
   15      129.901         0.11714          150
   16      139.993         0.02699          183
   17      150.094         0.04159          188
   18      160.032        -0.12889          192
   19      169.835         0.01977          213
   20      179.961         0.13617          199
   21      189.742         0.08801          198
   22      200.187         0.09023          237
Variogram for Cu & Cv: Direction n°1 (azm = 0; dip = 0; nlag = 21; tail = 1; head = 8)
    1        0.000         0.00000         1690
    2       15.524        -0.04780           31
    3       31.782         0.11062           83
    4       46.125        -0.00320          231
    5       60.329         0.01820          384
    6       75.319        -0.00932          577
    7       90.842         0.07888         1079
    8      105.373         0.03917         1731
    9      120.188         0.01318         2452
   10      134.995         0.03722         2367
   11      150.026         0.01262         2662
   12      165.261        -0.00034         3047
   13      180.200         0.03407         3427
   14      195.121        -0.00839         3901
   15      210.306        -0.03451         5007
   16      225.019        -0.01381         4899
   17      240.117        -0.00285         4474
   18      255.038        -0.03156         4456
   19      270.066        -0.03580         4638
   20      285.375         0.00598         5439
   21      300.065        -0.02419         6259
Variogram for Cu & Cv: Direction n°2 (azm = 0; dip = 90; nlag = 22; tail = 1; head = 8)
    1        0.000         0.00000         1690
    2        2.619        -0.01100           42
    3        9.859         0.00108           71
    4       20.795        -0.04483           66
    5       29.916         0.03704           79
    6       40.213        -0.18891           63
    7       50.433        -0.06601           55
    8       60.780         0.00669           91
    9       70.458         0.06524           84
   10       79.572        -0.03279           75
   11       90.024         0.10241          102
   12      100.487         0.08351          101
   13      109.616         0.07519          129
   14      120.207         0.33807          138
   15      129.901         0.23214          150
   16      139.993         0.19977          183
   17      150.094         0.01232          188
   18      160.032        -0.20333          192
   19      169.835        -0.08072          213
   20      179.961         0.01424          199
   21      189.742        -0.10130          198
   22      200.187        -0.05223          237
Variogram for Cu & En: Direction n°1 (azm = 0; dip = 0; nlag = 21; tail = 1; head = 9)
    1        0.000         0.00000         1690
    2       15.524        -0.01648           31
    3       31.782         0.05686           83
    4       46.125        -0.02243          231
    5       60.329         0.01595          384
    6       75.319        -0.02937          577
    7       90.842        -0.05203         1079
    8      105.373        -0.01976         1731
    9      120.188        -0.01102         2452
   10      134.995        -0.04082         2367
   11      150.026        -0.05789         2662
   12      165.261        -0.07984         3047
   13      180.200        -0.03506         3427
   14      195.121        -0.03789         3901
   15      210.306        -0.01966         5007
   16      225.019        -0.04456         4899
   17      240.117        -0.06370         4474
   18      255.038        -0.10157         4456
   19      270.066        -0.08406         4638
   20      285.375        -0.07294         5439
   21      300.065        -0.06176         6259
Variogram for Cu & En: Direction n°2 (azm = 0; dip = 90; nlag = 22; tail = 1; head = 9)
    1        0.000         0.00000         1690
    2        2.619        -0.01058           42
    3        9.859         0.00009           71
    4       20.795        -0.04059           66
    5       29.916         0.02875           79
    6       40.213        -0.08113           63
    7       50.433        -0.04674           55
    8       60.780         0.04110           91
    9       70.458         0.05753           84
   10       79.572         0.00273           75
   11       90.024        -0.00562          102
   12      100.487        -0.13415          101
   13      109.616        -0.16761          129
   14      120.207        -0.03962          138
   15      129.901        -0.01570          150
   16      139.993        -0.05085          183
   17      150.094        -0.09777          188
   18      160.032        -0.22542          192
   19      169.835        -0.17326          213
   20      179.961        -0.06944          199
   21      189.742        -0.06252          198
   22      200.187        -0.06400          237
Variogram for Cu & Py: Direction n°1 (azm = 0; dip = 0; nlag = 21; tail = 1; head = 10)
    1        0.000         0.00000         1690
    2       15.524        -0.07401           31
    3       31.782        -0.16028           83
    4       46.125        -0.10113          231
    5       60.329        -0.17832          384
    6       75.319        -0.19966          577
    7       90.842        -0.20077         1079
    8      105.373        -0.18263         1731
    9      120.188        -0.17866         2452
   10      134.995        -0.22634         2367
   11      150.026        -0.23851         2662
   12      165.261        -0.27617         3047
   13      180.200        -0.29440         3427
   14      195.121        -0.27557         3901
   15      210.306        -0.19489         5007
   16      225.019        -0.27178         4899
   17      240.117        -0.36219         4474
   18      255.038        -0.31933         4456
   19      270.066        -0.31085         4638
   20      285.375        -0.33789         5439
   21      300.065        -0.33789         6259
Variogram for Cu & Py: Direction n°2 (azm = 0; dip = 90; nlag = 22; tail = 1; head = 10)
    1        0.000         0.00000         1690
    2        2.619        -0.04296           42
    3        9.859        -0.02842           71
    4       20.795        -0.11882           66
    5       29.916        -0.03963           79
    6       40.213        -0.03087           63
    7       50.433        -0.13753           55
    8       60.780        -0.15069           91
    9       70.458        -0.09112           84
   10       79.572        -0.17155           75
   11       90.024        -0.16630          102
   12      100.487        -0.19196          101
   13      109.616        -0.07702          129
   14      120.207         0.05576          138
   15      129.901         0.08787          150
   16      139.993         0.04647          183
   17      150.094        -0.14074          188
   18      160.032        -0.11808          192
   19      169.835        -0.17762          213
   20      179.961        -0.16451          199
   21      189.742        -0.13225          198
   22      200.187        -0.13039          237
Variogram for Cu & Pyr: Direction n°1 (azm = 0; dip = 0; nlag = 21; tail = 1; head = 11)
    1        0.000         0.00000         1690
    2       15.524        -0.04747           31
    3       31.782         0.06749           83
    4       46.125         0.00298          231
    5       60.329         0.01867          384
    6       75.319        -0.00809          577
    7       90.842         0.03316         1079
    8      105.373         0.01857         1731
    9      120.188         0.00427         2452
   10      134.995         0.02793         2367
   11      150.026        -0.00069         2662
   12      165.261         0.00803         3047
   13      180.200         0.05016         3427
   14      195.121         0.00806         3901
   15      210.306        -0.02506         5007
   16      225.019        -0.00552         4899
   17      240.117         0.00241         4474
   18      255.038        -0.04079         4456
   19      270.066        -0.02550         4638
   20      285.375         0.00318         5439
   21      300.065        -0.01698         6259
Variogram for Cu & Pyr: Direction n°2 (azm = 0; dip = 90; nlag = 22; tail = 1; head = 11)
    1        0.000         0.00000         1690
    2        2.619        -0.01154           42
    3        9.859         0.00717           71
    4       20.795        -0.04977           66
    5       29.916         0.05017           79
    6       40.213        -0.09906           63
    7       50.433        -0.05614           55
    8       60.780         0.03503           91
    9       70.458         0.07280           84
   10       79.572        -0.00557           75
   11       90.024         0.04979          102
   12      100.487        -0.02545          101
   13      109.616        -0.07783          129
   14      120.207         0.06776          138
   15      129.901         0.00798          150
   16      139.993        -0.05043          183
   17      150.094        -0.07517          188
   18      160.032        -0.18934          192
   19      169.835        -0.05442          213
   20      179.961         0.03287          199
   21      189.742        -0.05527          198
   22      200.187        -0.00390          237
Variogram for Cu & Mol: Direction n°1 (azm = 0; dip = 0; nlag = 21; tail = 1; head = 12)
    1        0.000         0.00000         1690
    2       15.524        -0.04557           31
    3       31.782         0.08192           83
    4       46.125         0.01727          231
    5       60.329         0.00079          384
    6       75.319        -0.02163          577
    7       90.842         0.03022         1079
    8      105.373         0.01617         1731
    9      120.188         0.01869         2452
   10      134.995         0.03358         2367
   11      150.026         0.00903         2662
   12      165.261         0.02095         3047
   13      180.200         0.04710         3427
   14      195.121         0.01108         3901
   15      210.306        -0.01898         5007
   16      225.019        -0.00032         4899
   17      240.117         0.01096         4474
   18      255.038        -0.03261         4456
   19      270.066        -0.01639         4638
   20      285.375         0.00419         5439
   21      300.065        -0.01001         6259
Variogram for Cu & Mol: Direction n°2 (azm = 0; dip = 90; nlag = 22; tail = 1; head = 12)
    1        0.000         0.00000         1690
    2        2.619        -0.01027           42
    3        9.859         0.00040           71
    4       20.795        -0.04859           66
    5       29.916         0.00799           79
    6       40.213        -0.07532           63
    7       50.433        -0.01608           55
    8       60.780         0.04461           91
    9       70.458         0.12248           84
   10       79.572         0.00922           75
   11       90.024         0.04388          102
   12      100.487         0.01721          101
   13      109.616        -0.07091          129
   14      120.207         0.07800          138
   15      129.901         0.00738          150
   16      139.993        -0.03982          183
   17      150.094        -0.06503          188
   18      160.032        -0.15290          192
   19      169.835        -0.03594          213
   20      179.961         0.04807          199
   21      189.742        -0.04257          198
   22      200.187         0.00151          237
Variogram for Cu & Ga: Direction n°1 (azm = 0; dip = 0; nlag = 21; tail = 1; head = 13)
    1        0.000         0.00000         1690
    2       15.524        -0.04738           31
    3       31.782         0.06757           83
    4       46.125         0.00273          231
    5       60.329         0.01853          384
    6       75.319        -0.00791          577
    7       90.842         0.03275         1079
    8      105.373         0.01866         1731
    9      120.188         0.00472         2452
   10      134.995         0.02805         2367
   11      150.026        -0.00048         2662
   12      165.261         0.00821         3047
   13      180.200         0.04962         3427
   14      195.121         0.00820         3901
   15      210.306        -0.02461         5007
   16      225.019        -0.00489         4899
   17      240.117         0.00260         4474
   18      255.038        -0.04052         4456
   19      270.066        -0.02549         4638
   20      285.375         0.00320         5439
   21      300.065        -0.01696         6259
Variogram for Cu & Ga: Direction n°2 (azm = 0; dip = 90; nlag = 22; tail = 1; head = 13)
    1        0.000         0.00000         1690
    2        2.619        -0.01149           42
    3        9.859         0.00453           71
    4       20.795        -0.04832           66
    5       29.916         0.04620           79
    6       40.213        -0.09615           63
    7       50.433        -0.05467           55
    8       60.780         0.03338           91
    9       70.458         0.07379           84
   10       79.572        -0.00535           75
   11       90.024         0.05038          102
   12      100.487        -0.02405          101
   13      109.616        -0.07756          129
   14      120.207         0.06709          138
   15      129.901         0.00739          150
   16      139.993        -0.05002          183
   17      150.094        -0.07472          188
   18      160.032        -0.18847          192
   19      169.835        -0.05373          213
   20      179.961         0.03324          199
   21      189.742        -0.05469          198
   22      200.187        -0.00454          237
Variogram for Cu & Sph: Direction n°1 (azm = 0; dip = 0; nlag = 21; tail = 1; head = 14)
    1        0.000         0.00000         1690
    2       15.524        -0.04747           31
    3       31.782         0.06749           83
    4       46.125         0.00298          231
    5       60.329         0.01867          384
    6       75.319        -0.00809          577
    7       90.842         0.03316         1079
    8      105.373         0.01857         1731
    9      120.188         0.00427         2452
   10      134.995         0.02793         2367
   11      150.026        -0.00069         2662
   12      165.261         0.00803         3047
   13      180.200         0.05016         3427
   14      195.121         0.00806         3901
   15      210.306        -0.02506         5007
   16      225.019        -0.00552         4899
   17      240.117         0.00241         4474
   18      255.038        -0.04079         4456
   19      270.066        -0.02550         4638
   20      285.375         0.00318         5439
   21      300.065        -0.01698         6259
Variogram for Cu & Sph: Direction n°2 (azm = 0; dip = 90; nlag = 22; tail = 1; head = 14)
    1        0.000         0.00000         1690
    2        2.619        -0.01154           42
    3        9.859         0.00717           71
    4       20.795        -0.04977           66
    5       29.916         0.05017           79
    6       40.213        -0.09906           63
    7       50.433        -0.05614           55
    8       60.780         0.03503           91
    9       70.458         0.07280           84
   10       79.572        -0.00557           75
   11       90.024         0.04979          102
   12      100.487        -0.02545          101
   13      109.616        -0.07783          129
   14      120.207         0.06776          138
   15      129.901         0.00798          150
   16      139.993        -0.05043          183
   17      150.094        -0.07517          188
   18      160.032        -0.18934          192
   19      169.835        -0.05442          213
   20      179.961         0.03287          199
   21      189.742        -0.05527          198
   22      200.187        -0.00390          237
Variogram for Cu & TS: Direction n°1 (azm = 0; dip = 0; nlag = 21; tail = 1; head = 15)
    1        0.000         0.00000         1690
    2       15.524         0.00693           31
    3       31.782         0.11498           83
    4       46.125         0.16246          231
    5       60.329         0.19809          384
    6       75.319         0.21347          577
    7       90.842         0.30543         1079
    8      105.373         0.34032         1731
    9      120.188         0.32823         2452
   10      134.995         0.31419         2367
   11      150.026         0.32794         2662
   12      165.261         0.31393         3047
   13      180.200         0.34688         3427
   14      195.121         0.35711         3901
   15      210.306         0.33231         5007
   16      225.019         0.33935         4899
   17      240.117         0.28870         4474
   18      255.038         0.31804         4456
   19      270.066         0.30544         4638
   20      285.375         0.36484         5439
   21      300.065         0.36501         6259
Variogram for Cu & TS: Direction n°2 (azm = 0; dip = 90; nlag = 22; tail = 1; head = 15)
    1        0.000         0.00000         1690
    2        2.619         0.03345           42
    3        9.859         0.03098           71
    4       20.795         0.10539           66
    5       29.916         0.05710           79
    6       40.213         0.16976           63
    7       50.433         0.08228           55
    8       60.780         0.24382           91
    9       70.458         0.15528           84
   10       79.572         0.21795           75
   11       90.024         0.22010          102
   12      100.487         0.36692          101
   13      109.616         0.29259          129
   14      120.207         0.41711          138
   15      129.901         0.45947          150
   16      139.993         0.59837          183
   17      150.094         0.35026          188
   18      160.032         0.52711          192
   19      169.835         0.46256          213
   20      179.961         0.52754          199
   21      189.742         0.60603          198
   22      200.187         0.41351          237
Variogram for Au & Cu: Direction n°1 (azm = 0; dip = 0; nlag = 21; tail = 2; head = 1)
    1        0.000         0.00000         1690
    2       15.524         0.07199           31
    3       31.782         0.12796           83
    4       46.125         0.15469          231
    5       60.329         0.16301          384
    6       75.319         0.22967          577
    7       90.842         0.32348         1079
    8      105.373         0.34231         1731
    9      120.188         0.35075         2452
   10      134.995         0.34058         2367
   11      150.026         0.37848         2662
   12      165.261         0.34026         3047
   13      180.200         0.42814         3427
   14      195.121         0.39134         3901
   15      210.306         0.34997         5007
   16      225.019         0.38032         4899
   17      240.117         0.39694         4474
   18      255.038         0.37080         4456
   19      270.066         0.35718         4638
   20      285.375         0.39868         5439
   21      300.065         0.39140         6259
Variogram for Au & Cu: Direction n°2 (azm = 0; dip = 90; nlag = 22; tail = 2; head = 1)
    1        0.000         0.00000         1690
    2        2.619         0.10097           42
    3        9.859         0.05818           71
    4       20.795         0.16988           66
    5       29.916         0.09135           79
    6       40.213         0.16259           63
    7       50.433         0.18920           55
    8       60.780         0.25344           91
    9       70.458         0.28760           84
   10       79.572         0.28056           75
   11       90.024         0.26946          102
   12      100.487         0.31536          101
   13      109.616         0.20048          129
   14      120.207         0.21542          138
   15      129.901         0.31757          150
   16      139.993         0.24679          183
   17      150.094         0.34920          188
   18      160.032         0.45540          192
   19      169.835         0.47291          213
   20      179.961         0.31571          199
   21      189.742         0.36281          198
   22      200.187         0.35902          237
Variogram for Au & Au: Direction n°1 (azm = 0; dip = 0; nlag = 21; tail = 2; head = 2)
    1        0.000         0.00000         1690
    2       15.524         0.72164           31
    3       31.782         0.24585           83
    4       46.125         0.42241          231
    5       60.329         0.54813          384
    6       75.319         0.64171          577
    7       90.842         0.73051         1079
    8      105.373         0.75689         1731
    9      120.188         0.68997         2452
   10      134.995         0.68309         2367
   11      150.026         0.80580         2662
   12      165.261         0.72567         3047
   13      180.200         0.84921         3427
   14      195.121         0.72479         3901
   15      210.306         0.73363         5007
   16      225.019         0.75390         4899
   17      240.117         0.78241         4474
   18      255.038         0.73446         4456
   19      270.066         0.76526         4638
   20      285.375         0.81223         5439
   21      300.065         0.79451         6259
Variogram for Au & Au: Direction n°2 (azm = 0; dip = 90; nlag = 22; tail = 2; head = 2)
    1        0.000         0.00000         1690
    2        2.619         0.33890           42
    3        9.859         0.35726           71
    4       20.795         0.54733           66
    5       29.916         0.39304           79
    6       40.213         0.42812           63
    7       50.433         0.92868           55
    8       60.780         0.64591           91
    9       70.458         0.82848           84
   10       79.572         0.68178           75
   11       90.024         0.57616          102
   12      100.487         0.73405          101
   13      109.616         0.64646          129
   14      120.207         0.73779          138
   15      129.901         0.85246          150
   16      139.993         0.73352          183
   17      150.094         0.81523          188
   18      160.032         0.95983          192
   19      169.835         0.90150          213
   20      179.961         0.83916          199
   21      189.742         0.76643          198
   22      200.187         0.75212          237
Variogram for Au & Mo: Direction n°1 (azm = 0; dip = 0; nlag = 21; tail = 2; head = 3)
    1        0.000         0.00000         1683
    2       15.524         0.02971           31
    3       31.782         0.04296           83
    4       46.085         0.07917          229
    5       60.386         0.03800          375
    6       75.319         0.01733          577
    7       90.813         0.09784         1072
    8      105.414         0.01518         1686
    9      120.189         0.05510         2449
   10      135.000         0.03513         2356
   11      150.020         0.07929         2645
   12      165.257         0.06543         3024
   13      180.208         0.06708         3415
   14      195.119         0.06322         3877
   15      210.308         0.08872         4975
   16      225.021         0.09195         4878
   17      240.112         0.10873         4440
   18      255.035         0.10036         4429
   19      270.076         0.08398         4619
   20      285.372         0.09362         5417
   21      300.056         0.10256         6235
Variogram for Au & Mo: Direction n°2 (azm = 0; dip = 90; nlag = 22; tail = 2; head = 3)
    1        0.000         0.00000         1683
    2        2.619         0.08753           42
    3        9.859         0.04205           71
    4       20.795         0.07822           66
    5       29.916         0.02017           79
    6       40.213        -0.03395           63
    7       50.433         0.13618           55
    8       60.780         0.08641           91
    9       70.458         0.08665           84
   10       79.572         0.09747           75
   11       89.978         0.34588          101
   12      100.487        -0.00846          101
   13      109.632        -0.01504          128
   14      120.189         0.00762          137
   15      129.901         0.11897          150
   16      140.015         0.06664          182
   17      150.094         0.15797          188
   18      160.032         0.25771          190
   19      169.831         0.14893          211
   20      179.961         0.01322          196
   21      189.742        -0.00885          198
   22      200.203         0.02930          236
Variogram for Au & As: Direction n°1 (azm = 0; dip = 0; nlag = 21; tail = 2; head = 4)
    1        0.000         0.00000         1649
    2       16.131        -0.06446           28
    3       31.727         0.09273           82
    4       46.140         0.11784          225
    5       60.416         0.13914          371
    6       75.326         0.08667          576
    7       90.799         0.08700         1051
    8      105.396         0.12265         1632
    9      120.213         0.13455         2390
   10      135.026         0.07538         2298
   11      149.982         0.16690         2577
   12      165.266         0.11697         2978
   13      180.220         0.14958         3376
   14      195.113         0.13637         3818
   15      210.270         0.16202         4838
   16      225.036         0.09981         4778
   17      240.072         0.09738         4283
   18      255.056         0.10491         4316
   19      270.091         0.09307         4544
   20      285.378         0.08935         5345
   21      300.047         0.09378         6045
Variogram for Au & As: Direction n°2 (azm = 0; dip = 90; nlag = 22; tail = 2; head = 4)
    1        0.000         0.00000         1649
    2        2.585         0.04140           41
    3        9.859         0.04630           71
    4       20.795         0.07242           66
    5       29.914         0.04322           77
    6       40.220         0.01146           61
    7       50.433         0.02512           55
    8       60.780         0.16350           91
    9       70.458         0.11075           84
   10       79.572         0.09563           75
   11       89.978         0.15022          101
   12      100.452         0.06703          100
   13      109.607         0.03461          125
   14      120.210         0.11531          134
   15      129.869         0.14216          147
   16      140.050         0.10827          172
   17      150.125         0.01658          179
   18      160.128         0.19370          179
   19      169.798         0.05005          201
   20      179.946        -0.04618          186
   21      189.803        -0.01431          190
   22      200.192        -0.04076          229
Variogram for Au & Bn: Direction n°1 (azm = 0; dip = 0; nlag = 21; tail = 2; head = 5)
    1        0.000         0.00000         1690
    2       15.524         0.28455           31
    3       31.782         0.13246           83
    4       46.125         0.08102          231
    5       60.329         0.05616          384
    6       75.319         0.05199          577
    7       90.842         0.17136         1079
    8      105.373         0.19226         1731
    9      120.188         0.16650         2452
   10      134.995         0.16557         2367
   11      150.026         0.18460         2662
   12      165.261         0.14606         3047
   13      180.200         0.20935         3427
   14      195.121         0.18864         3901
   15      210.306         0.20045         5007
   16      225.019         0.18743         4899
   17      240.117         0.20647         4474
   18      255.038         0.17334         4456
   19      270.066         0.17138         4638
   20      285.375         0.17258         5439
   21      300.065         0.15041         6259
Variogram for Au & Bn: Direction n°2 (azm = 0; dip = 90; nlag = 22; tail = 2; head = 5)
    1        0.000         0.00000         1690
    2        2.619         0.06511           42
    3        9.859        -0.00163           71
    4       20.795         0.01074           66
    5       29.916        -0.03079           79
    6       40.213        -0.02611           63
    7       50.433         0.08712           55
    8       60.780        -0.01897           91
    9       70.458         0.11141           84
   10       79.572         0.05193           75
   11       90.024         0.20423          102
   12      100.487         0.14736          101
   13      109.616         0.01212          129
   14      120.207         0.16833          138
   15      129.901         0.07718          150
   16      139.993         0.04725          183
   17      150.094         0.14223          188
   18      160.032         0.15325          192
   19      169.835         0.29446          213
   20      179.961         0.15113          199
   21      189.742         0.20165          198
   22      200.187         0.16065          237
Variogram for Au & Cp: Direction n°1 (azm = 0; dip = 0; nlag = 21; tail = 2; head = 6)
    1        0.000         0.00000         1690
    2       15.524        -0.04641           31
    3       31.782        -0.08979           83
    4       46.125         0.02497          231
    5       60.329         0.04123          384
    6       75.319         0.03356          577
    7       90.842         0.09905         1079
    8      105.373         0.11959         1731
    9      120.188         0.09005         2452
   10      134.995         0.03437         2367
   11      150.026         0.09167         2662
   12      165.261         0.10449         3047
   13      180.200         0.09557         3427
   14      195.121         0.05272         3901
   15      210.306         0.04942         5007
   16      225.019         0.13137         4899
   17      240.117         0.11918         4474
   18      255.038         0.10835         4456
   19      270.066         0.08024         4638
   20      285.375         0.18119         5439
   21      300.065         0.15937         6259
Variogram for Au & Cp: Direction n°2 (azm = 0; dip = 90; nlag = 22; tail = 2; head = 6)
    1        0.000         0.00000         1690
    2        2.619         0.04129           42
    3        9.859         0.00195           71
    4       20.795         0.15080           66
    5       29.916         0.06175           79
    6       40.213        -0.07750           63
    7       50.433         0.02801           55
    8       60.780         0.06459           91
    9       70.458         0.00670           84
   10       79.572         0.13880           75
   11       90.024         0.05107          102
   12      100.487         0.09347          101
   13      109.616         0.06589          129
   14      120.207         0.02446          138
   15      129.901         0.20634          150
   16      139.993        -0.01662          183
   17      150.094         0.15564          188
   18      160.032         0.11064          192
   19      169.835         0.22800          213
   20      179.961         0.16652          199
   21      189.742         0.06407          198
   22      200.187         0.09962          237
Variogram for Au & Cc: Direction n°1 (azm = 0; dip = 0; nlag = 21; tail = 2; head = 7)
    1        0.000         0.00000         1690
    2       15.524        -0.41716           31
    3       31.782         0.00685           83
    4       46.125        -0.02107          231
    5       60.329         0.06284          384
    6       75.319        -0.02994          577
    7       90.842         0.13229         1079
    8      105.373         0.03349         1731
    9      120.188         0.00383         2452
   10      134.995         0.01216         2367
   11      150.026         0.05816         2662
   12      165.261         0.03623         3047
   13      180.200         0.14185         3427
   14      195.121         0.03661         3901
   15      210.306        -0.00144         5007
   16      225.019         0.03789         4899
   17      240.117         0.02689         4474
   18      255.038        -0.00561         4456
   19      270.066         0.02560         4638
   20      285.375         0.08775         5439
   21      300.065         0.04948         6259
Variogram for Au & Cc: Direction n°2 (azm = 0; dip = 90; nlag = 22; tail = 2; head = 7)
    1        0.000         0.00000         1690
    2        2.619         0.06290           42
    3        9.859         0.02859           71
    4       20.795         0.04396           66
    5       29.916         0.00281           79
    6       40.213        -0.15034           63
    7       50.433         0.04846           55
    8       60.780        -0.02905           91
    9       70.458         0.07453           84
   10       79.572         0.00193           75
   11       90.024         0.06933          102
   12      100.487         0.13120          101
   13      109.616         0.08668          129
   14      120.207         0.00219          138
   15      129.901        -0.07916          150
   16      139.993        -0.12676          183
   17      150.094         0.04473          188
   18      160.032        -0.19056          192
   19      169.835        -0.08795          213
   20      179.961         0.00400          199
   21      189.742         0.00942          198
   22      200.187        -0.04665          237
Variogram for Au & Cv: Direction n°1 (azm = 0; dip = 0; nlag = 21; tail = 2; head = 8)
    1        0.000         0.00000         1690
    2       15.524        -0.09642           31
    3       31.782         0.03124           83
    4       46.125        -0.08591          231
    5       60.329         0.02122          384
    6       75.319        -0.06353          577
    7       90.842         0.01087         1079
    8      105.373        -0.04174         1731
    9      120.188        -0.04284         2452
   10      134.995        -0.04657         2367
   11      150.026         0.01075         2662
   12      165.261        -0.01012         3047
   13      180.200         0.02741         3427
   14      195.121        -0.05855         3901
   15      210.306        -0.04352         5007
   16      225.019        -0.07379         4899
   17      240.117        -0.01978         4474
   18      255.038        -0.04823         4456
   19      270.066        -0.01359         4638
   20      285.375         0.03298         5439
   21      300.065         0.00022         6259
Variogram for Au & Cv: Direction n°2 (azm = 0; dip = 90; nlag = 22; tail = 2; head = 8)
    1        0.000         0.00000         1690
    2        2.619         0.05207           42
    3        9.859        -0.00848           71
    4       20.795         0.00094           66
    5       29.916         0.01455           79
    6       40.213        -0.11910           63
    7       50.433         0.09601           55
    8       60.780         0.04591           91
    9       70.458         0.07646           84
   10       79.572        -0.04290           75
   11       90.024         0.05407          102
   12      100.487        -0.01320          101
   13      109.616        -0.07051          129
   14      120.207        -0.07252          138
   15      129.901         0.00389          150
   16      139.993        -0.08104          183
   17      150.094         0.01080          188
   18      160.032        -0.20887          192
   19      169.835        -0.11943          213
   20      179.961        -0.03648          199
   21      189.742        -0.10857          198
   22      200.187        -0.08541          237
Variogram for Au & En: Direction n°1 (azm = 0; dip = 0; nlag = 21; tail = 2; head = 9)
    1        0.000         0.00000         1690
    2       15.524        -0.18941           31
    3       31.782         0.02138           83
    4       46.125        -0.06481          231
    5       60.329         0.00264          384
    6       75.319        -0.02223          577
    7       90.842         0.07799         1079
    8      105.373         0.04637         1731
    9      120.188        -0.02235         2452
   10      134.995        -0.05493         2367
   11      150.026        -0.00199         2662
   12      165.261        -0.00188         3047
   13      180.200         0.05552         3427
   14      195.121        -0.03347         3901
   15      210.306        -0.02008         5007
   16      225.019        -0.04021         4899
   17      240.117        -0.04557         4474
   18      255.038        -0.05585         4456
   19      270.066        -0.04357         4638
   20      285.375        -0.02784         5439
   21      300.065        -0.00195         6259
Variogram for Au & En: Direction n°2 (azm = 0; dip = 90; nlag = 22; tail = 2; head = 9)
    1        0.000         0.00000         1690
    2        2.619         0.04991           42
    3        9.859        -0.00838           71
    4       20.795         0.00169           66
    5       29.916        -0.00571           79
    6       40.213        -0.07345           63
    7       50.433        -0.05286           55
    8       60.780        -0.03353           91
    9       70.458         0.03337           84
   10       79.572         0.00362           75
   11       90.024         0.05326          102
   12      100.487         0.07044          101
   13      109.616         0.05418          129
   14      120.207        -0.03664          138
   15      129.901        -0.04749          150
   16      139.993        -0.08823          183
   17      150.094         0.01843          188
   18      160.032        -0.25557          192
   19      169.835        -0.25303          213
   20      179.961        -0.08812          199
   21      189.742        -0.04678          198
   22      200.187        -0.16438          237
Variogram for Au & Py: Direction n°1 (azm = 0; dip = 0; nlag = 21; tail = 2; head = 10)
    1        0.000         0.00000         1690
    2       15.524        -0.16796           31
    3       31.782         0.00432           83
    4       46.125        -0.09237          231
    5       60.329        -0.05553          384
    6       75.319        -0.09557          577
    7       90.842        -0.17757         1079
    8      105.373        -0.15025         1731
    9      120.188        -0.15433         2452
   10      134.995        -0.13524         2367
   11      150.026        -0.15203         2662
   12      165.261        -0.14857         3047
   13      180.200        -0.16492         3427
   14      195.121        -0.13488         3901
   15      210.306        -0.14147         5007
   16      225.019        -0.20959         4899
   17      240.117        -0.20303         4474
   18      255.038        -0.18921         4456
   19      270.066        -0.16348         4638
   20      285.375        -0.19351         5439
   21      300.065        -0.17766         6259
Variogram for Au & Py: Direction n°2 (azm = 0; dip = 90; nlag = 22; tail = 2; head = 10)
    1        0.000         0.00000         1690
    2        2.619        -0.05454           42
    3        9.859         0.02127           71
    4       20.795        -0.13505           66
    5       29.916        -0.03239           79
    6       40.213        -0.00411           63
    7       50.433        -0.02019           55
    8       60.780        -0.11729           91
    9       70.458        -0.11059           84
   10       79.572        -0.18447           75
   11       90.024        -0.21655          102
   12      100.487        -0.26017          101
   13      109.616        -0.13175          129
   14      120.207        -0.17817          138
   15      129.901        -0.16608          150
   16      139.993        -0.06711          183
   17      150.094        -0.20228          188
   18      160.032        -0.19855          192
   19      169.835        -0.24923          213
   20      179.961        -0.21828          199
   21      189.742        -0.13606          198
   22      200.187        -0.18788          237
Variogram for Au & Pyr: Direction n°1 (azm = 0; dip = 0; nlag = 21; tail = 2; head = 11)
    1        0.000         0.00000         1690
    2       15.524        -0.09725           31
    3       31.782         0.01866           83
    4       46.125        -0.07935          231
    5       60.329         0.02025          384
    6       75.319        -0.03961          577
    7       90.842         0.04399         1079
    8      105.373         0.02808         1731
    9      120.188        -0.00755         2452
   10      134.995        -0.00855         2367
   11      150.026         0.04092         2662
   12      165.261         0.04059         3047
   13      180.200         0.09137         3427
   14      195.121         0.00396         3901
   15      210.306        -0.01236         5007
   16      225.019         0.00261         4899
   17      240.117         0.03899         4474
   18      255.038        -0.00566         4456
   19      270.066         0.01623         4638
   20      285.375         0.06271         5439
   21      300.065         0.04078         6259
Variogram for Au & Pyr: Direction n°2 (azm = 0; dip = 90; nlag = 22; tail = 2; head = 11)
    1        0.000         0.00000         1690
    2        2.619         0.05294           42
    3        9.859        -0.00538           71
    4       20.795        -0.00443           66
    5       29.916         0.02719           79
    6       40.213        -0.08410           63
    7       50.433         0.04704           55
    8       60.780        -0.04226           91
    9       70.458         0.05487           84
   10       79.572        -0.00251           75
   11       90.024         0.04934          102
   12      100.487         0.01604          101
   13      109.616         0.07225          129
   14      120.207         0.01231          138
   15      129.901        -0.03839          150
   16      139.993        -0.09385          183
   17      150.094         0.04989          188
   18      160.032        -0.20182          192
   19      169.835        -0.07475          213
   20      179.961         0.02611          199
   21      189.742        -0.03923          198
   22      200.187        -0.01816          237
Variogram for Au & Mol: Direction n°1 (azm = 0; dip = 0; nlag = 21; tail = 2; head = 12)
    1        0.000         0.00000         1690
    2       15.524        -0.08838           31
    3       31.782         0.01312           83
    4       46.125        -0.02121          231
    5       60.329         0.01745          384
    6       75.319        -0.05518          577
    7       90.842         0.03918         1079
    8      105.373         0.03718         1731
    9      120.188         0.00010         2452
   10      134.995        -0.00082         2367
   11      150.026         0.06236         2662
   12      165.261         0.05805         3047
   13      180.200         0.09117         3427
   14      195.121         0.01170         3901
   15      210.306         0.00251         5007
   16      225.019         0.00488         4899
   17      240.117         0.05759         4474
   18      255.038         0.00468         4456
   19      270.066         0.03676         4638
   20      285.375         0.06582         5439
   21      300.065         0.05471         6259
Variogram for Au & Mol: Direction n°2 (azm = 0; dip = 90; nlag = 22; tail = 2; head = 12)
    1        0.000         0.00000         1690
    2        2.619         0.05215           42
    3        9.859        -0.01503           71
    4       20.795        -0.01222           66
    5       29.916         0.06989           79
    6       40.213        -0.02467           63
    7       50.433         0.09741           55
    8       60.780        -0.03494           91
    9       70.458         0.12771           84
   10       79.572         0.03170           75
   11       90.024         0.06009          102
   12      100.487         0.04099          101
   13      109.616         0.07093          129
   14      120.207         0.03838          138
   15      129.901        -0.03197          150
   16      139.993        -0.07042          183
   17      150.094         0.07317          188
   18      160.032        -0.13890          192
   19      169.835        -0.04664          213
   20      179.961         0.04798          199
   21      189.742        -0.03207          198
   22      200.187        -0.01017          237
Variogram for Au & Ga: Direction n°1 (azm = 0; dip = 0; nlag = 21; tail = 2; head = 13)
    1        0.000         0.00000         1690
    2       15.524        -0.09689           31
    3       31.782         0.01858           83
    4       46.125        -0.07916          231
    5       60.329         0.02024          384
    6       75.319        -0.03938          577
    7       90.842         0.04352         1079
    8      105.373         0.02819         1731
    9      120.188        -0.00739         2452
   10      134.995        -0.00822         2367
   11      150.026         0.04116         2662
   12      165.261         0.04169         3047
   13      180.200         0.09110         3427
   14      195.121         0.00457         3901
   15      210.306        -0.01150         5007
   16      225.019         0.00382         4899
   17      240.117         0.03930         4474
   18      255.038        -0.00503         4456
   19      270.066         0.01691         4638
   20      285.375         0.06344         5439
   21      300.065         0.04069         6259
Variogram for Au & Ga: Direction n°2 (azm = 0; dip = 90; nlag = 22; tail = 2; head = 13)
    1        0.000         0.00000         1690
    2        2.619         0.05289           42
    3        9.859        -0.00625           71
    4       20.795        -0.00182           66
    5       29.916         0.02328           79
    6       40.213        -0.08036           63
    7       50.433         0.04753           55
    8       60.780        -0.04178           91
    9       70.458         0.05781           84
   10       79.572        -0.00283           75
   11       90.024         0.04937          102
   12      100.487         0.02135          101
   13      109.616         0.07229          129
   14      120.207         0.01584          138
   15      129.901        -0.03650          150
   16      139.993        -0.09355          183
   17      150.094         0.05020          188
   18      160.032        -0.20004          192
   19      169.835        -0.07381          213
   20      179.961         0.02659          199
   21      189.742        -0.03895          198
   22      200.187        -0.01825          237
Variogram for Au & Sph: Direction n°1 (azm = 0; dip = 0; nlag = 21; tail = 2; head = 14)
    1        0.000         0.00000         1690
    2       15.524        -0.09725           31
    3       31.782         0.01866           83
    4       46.125        -0.07935          231
    5       60.329         0.02025          384
    6       75.319        -0.03961          577
    7       90.842         0.04399         1079
    8      105.373         0.02808         1731
    9      120.188        -0.00755         2452
   10      134.995        -0.00855         2367
   11      150.026         0.04092         2662
   12      165.261         0.04059         3047
   13      180.200         0.09137         3427
   14      195.121         0.00396         3901
   15      210.306        -0.01236         5007
   16      225.019         0.00261         4899
   17      240.117         0.03899         4474
   18      255.038        -0.00566         4456
   19      270.066         0.01623         4638
   20      285.375         0.06271         5439
   21      300.065         0.04078         6259
Variogram for Au & Sph: Direction n°2 (azm = 0; dip = 90; nlag = 22; tail = 2; head = 14)
    1        0.000         0.00000         1690
    2        2.619         0.05294           42
    3        9.859        -0.00538           71
    4       20.795        -0.00443           66
    5       29.916         0.02719           79
    6       40.213        -0.08410           63
    7       50.433         0.04704           55
    8       60.780        -0.04226           91
    9       70.458         0.05487           84
   10       79.572        -0.00251           75
   11       90.024         0.04934          102
   12      100.487         0.01604          101
   13      109.616         0.07225          129
   14      120.207         0.01231          138
   15      129.901        -0.03839          150
   16      139.993        -0.09385          183
   17      150.094         0.04989          188
   18      160.032        -0.20182          192
   19      169.835        -0.07475          213
   20      179.961         0.02611          199
   21      189.742        -0.03923          198
   22      200.187        -0.01816          237
Variogram for Au & TS: Direction n°1 (azm = 0; dip = 0; nlag = 21; tail = 2; head = 15)
    1        0.000         0.00000         1690
    2       15.524        -0.08597           31
    3       31.782         0.09795           83
    4       46.125         0.06386          231
    5       60.329         0.18045          384
    6       75.319         0.14512          577
    7       90.842         0.24062         1079
    8      105.373         0.20267         1731
    9      120.188         0.23069         2452
   10      134.995         0.24513         2367
   11      150.026         0.24859         2662
   12      165.261         0.22222         3047
   13      180.200         0.31640         3427
   14      195.121         0.28886         3901
   15      210.306         0.20870         5007
   16      225.019         0.21468         4899
   17      240.117         0.20334         4474
   18      255.038         0.20297         4456
   19      270.066         0.20824         4638
   20      285.375         0.26814         5439
   21      300.065         0.25537         6259
Variogram for Au & TS: Direction n°2 (azm = 0; dip = 90; nlag = 22; tail = 2; head = 15)
    1        0.000         0.00000         1690
    2        2.619         0.06520           42
    3        9.859         0.02606           71
    4       20.795         0.09185           66
    5       29.916         0.11803           79
    6       40.213         0.14324           63
    7       50.433         0.05576           55
    8       60.780         0.15928           91
    9       70.458         0.15377           84
   10       79.572         0.20144           75
   11       90.024         0.26943          102
   12      100.487         0.08942          101
   13      109.616         0.06808          129
   14      120.207         0.17679          138
   15      129.901         0.26535          150
   16      139.993         0.26421          183
   17      150.094         0.24187          188
   18      160.032         0.33646          192
   19      169.835         0.43708          213
   20      179.961         0.34271          199
   21      189.742         0.33352          198
   22      200.187         0.18443          237
Variogram for Mo & Cu: Direction n°1 (azm = 0; dip = 0; nlag = 21; tail = 3; head = 1)
    1        0.000         0.00000         1683
    2       15.524         0.07843           31
    3       31.782         0.08609           83
    4       46.085         0.06248          229
    5       60.386         0.08407          375
    6       75.319         0.10958          577
    7       90.813         0.09135         1072
    8      105.414         0.03703         1686
    9      120.189         0.09949         2449
   10      135.000         0.04400         2356
   11      150.020         0.07010         2645
   12      165.257         0.06260         3024
   13      180.208         0.07355         3415
   14      195.119         0.03341         3877
   15      210.308         0.02456         4975
   16      225.021         0.05074         4878
   17      240.112         0.07769         4440
   18      255.035         0.10280         4429
   19      270.076         0.07068         4619
   20      285.372         0.07457         5417
   21      300.056         0.09640         6235
Variogram for Mo & Cu: Direction n°2 (azm = 0; dip = 90; nlag = 22; tail = 3; head = 1)
    1        0.000         0.00000         1683
    2        2.619         0.05094           42
    3        9.859         0.00695           71
    4       20.795         0.06722           66
    5       29.916         0.13422           79
    6       40.213         0.01400           63
    7       50.433         0.14629           55
    8       60.780         0.11093           91
    9       70.458         0.07358           84
   10       79.572         0.12888           75
   11       89.978         0.31396          101
   12      100.487         0.13741          101
   13      109.632         0.01043          128
   14      120.189         0.21744          137
   15      129.901         0.18681          150
   16      140.015         0.17855          182
   17      150.094         0.16313          188
   18      160.032         0.20705          190
   19      169.831         0.12694          211
   20      179.961         0.09581          196
   21      189.742         0.12909          198
   22      200.203         0.03304          236
Variogram for Mo & Au: Direction n°1 (azm = 0; dip = 0; nlag = 21; tail = 3; head = 2)
    1        0.000         0.00000         1683
    2       15.524         0.02971           31
    3       31.782         0.04296           83
    4       46.085         0.07917          229
    5       60.386         0.03800          375
    6       75.319         0.01733          577
    7       90.813         0.09784         1072
    8      105.414         0.01518         1686
    9      120.189         0.05510         2449
   10      135.000         0.03513         2356
   11      150.020         0.07929         2645
   12      165.257         0.06543         3024
   13      180.208         0.06708         3415
   14      195.119         0.06322         3877
   15      210.308         0.08872         4975
   16      225.021         0.09195         4878
   17      240.112         0.10873         4440
   18      255.035         0.10036         4429
   19      270.076         0.08398         4619
   20      285.372         0.09362         5417
   21      300.056         0.10256         6235
Variogram for Mo & Au: Direction n°2 (azm = 0; dip = 90; nlag = 22; tail = 3; head = 2)
    1        0.000         0.00000         1683
    2        2.619         0.08753           42
    3        9.859         0.04205           71
    4       20.795         0.07822           66
    5       29.916         0.02017           79
    6       40.213        -0.03395           63
    7       50.433         0.13618           55
    8       60.780         0.08641           91
    9       70.458         0.08665           84
   10       79.572         0.09747           75
   11       89.978         0.34588          101
   12      100.487        -0.00846          101
   13      109.632        -0.01504          128
   14      120.189         0.00762          137
   15      129.901         0.11897          150
   16      140.015         0.06664          182
   17      150.094         0.15797          188
   18      160.032         0.25771          190
   19      169.831         0.14893          211
   20      179.961         0.01322          196
   21      189.742        -0.00885          198
   22      200.203         0.02930          236
Variogram for Mo & Mo: Direction n°1 (azm = 0; dip = 0; nlag = 21; tail = 3; head = 3)
    1        0.000         0.00000         1683
    2       15.524         0.48298           31
    3       31.782         0.58930           83
    4       46.085         0.53372          229
    5       60.386         0.61413          375
    6       75.319         0.61839          577
    7       90.813         0.63674         1072
    8      105.414         0.66388         1686
    9      120.189         0.63266         2449
   10      135.000         0.62825         2356
   11      150.020         0.73412         2645
   12      165.257         0.77146         3024
   13      180.208         0.77053         3415
   14      195.119         0.77256         3877
   15      210.308         0.77813         4975
   16      225.021         0.77537         4878
   17      240.112         0.79224         4440
   18      255.035         0.78091         4429
   19      270.076         0.77771         4619
   20      285.372         0.80393         5417
   21      300.056         0.81332         6235
Variogram for Mo & Mo: Direction n°2 (azm = 0; dip = 90; nlag = 22; tail = 3; head = 3)
    1        0.000         0.00000         1683
    2        2.619         0.21188           42
    3        9.859         0.34666           71
    4       20.795         0.33313           66
    5       29.916         0.49522           79
    6       40.213         0.36378           63
    7       50.433         0.52092           55
    8       60.780         0.58150           91
    9       70.458         0.47938           84
   10       79.572         0.83655           75
   11       89.978         0.84293          101
   12      100.487         0.59859          101
   13      109.632         0.67573          128
   14      120.189         0.63275          137
   15      129.901         0.75609          150
   16      140.015         0.72409          182
   17      150.094         0.61574          188
   18      160.032         0.74631          190
   19      169.831         0.73896          211
   20      179.961         0.59696          196
   21      189.742         0.77081          198
   22      200.203         0.78022          236
Variogram for Mo & As: Direction n°1 (azm = 0; dip = 0; nlag = 21; tail = 3; head = 4)
    1        0.000         0.00000         1649
    2       16.131         0.08959           28
    3       31.727         0.04163           82
    4       46.140         0.12669          225
    5       60.416         0.15541          371
    6       75.326         0.18303          576
    7       90.799         0.15763         1051
    8      105.396         0.16945         1632
    9      120.213         0.18553         2390
   10      135.026         0.16907         2298
   11      149.982         0.17160         2577
   12      165.266         0.19264         2978
   13      180.220         0.17884         3376
   14      195.113         0.16273         3818
   15      210.270         0.18818         4838
   16      225.036         0.17181         4778
   17      240.072         0.16193         4283
   18      255.056         0.13706         4316
   19      270.091         0.09646         4544
   20      285.378         0.10919         5345
   21      300.047         0.09103         6045
Variogram for Mo & As: Direction n°2 (azm = 0; dip = 90; nlag = 22; tail = 3; head = 4)
    1        0.000         0.00000         1649
    2        2.585        -0.00878           41
    3        9.859         0.02558           71
    4       20.795         0.06848           66
    5       29.914         0.29308           77
    6       40.220         0.10542           61
    7       50.433         0.21873           55
    8       60.780         0.21586           91
    9       70.458         0.06797           84
   10       79.572         0.24795           75
   11       89.978         0.09865          101
   12      100.452         0.13943          100
   13      109.607         0.18597          125
   14      120.210         0.27665          134
   15      129.869         0.29247          147
   16      140.050         0.17055          172
   17      150.125         0.14856          179
   18      160.128         0.24746          179
   19      169.798         0.19213          201
   20      179.946         0.11955          186
   21      189.803         0.15028          190
   22      200.192         0.09664          229
Variogram for Mo & Bn: Direction n°1 (azm = 0; dip = 0; nlag = 21; tail = 3; head = 5)
    1        0.000         0.00000         1683
    2       15.524        -0.09461           31
    3       31.782        -0.05076           83
    4       46.085         0.01936          229
    5       60.386         0.01452          375
    6       75.319        -0.04645          577
    7       90.813         0.03414         1072
    8      105.414        -0.04022         1686
    9      120.189        -0.00399         2449
   10      135.000        -0.00953         2356
   11      150.020        -0.01765         2645
   12      165.257        -0.02957         3024
   13      180.208         0.02927         3415
   14      195.119        -0.04727         3877
   15      210.308        -0.00000         4975
   16      225.021         0.00122         4878
   17      240.112        -0.01361         4440
   18      255.035        -0.01684         4429
   19      270.076        -0.05652         4619
   20      285.372        -0.06402         5417
   21      300.056        -0.04454         6235
Variogram for Mo & Bn: Direction n°2 (azm = 0; dip = 90; nlag = 22; tail = 3; head = 5)
    1        0.000         0.00000         1683
    2        2.619         0.03208           42
    3        9.859         0.04211           71
    4       20.795        -0.03451           66
    5       29.916         0.08930           79
    6       40.213         0.06431           63
    7       50.433         0.06299           55
    8       60.780         0.04557           91
    9       70.458        -0.02139           84
   10       79.572         0.12204           75
   11       89.978         0.18855          101
   12      100.487         0.03367          101
   13      109.632         0.04272          128
   14      120.189         0.18797          137
   15      129.901        -0.02516          150
   16      140.015         0.19311          182
   17      150.094         0.18327          188
   18      160.032         0.08768          190
   19      169.831         0.24110          211
   20      179.961         0.16893          196
   21      189.742         0.16131          198
   22      200.203         0.12370          236
Variogram for Mo & Cp: Direction n°1 (azm = 0; dip = 0; nlag = 21; tail = 3; head = 6)
    1        0.000         0.00000         1683
    2       15.524        -0.12619           31
    3       31.782        -0.22926           83
    4       46.085        -0.00305          229
    5       60.386         0.01063          375
    6       75.319        -0.02819          577
    7       90.813        -0.02194         1072
    8      105.414        -0.02499         1686
    9      120.189        -0.03460         2449
   10      135.000        -0.04379         2356
   11      150.020        -0.00995         2645
   12      165.257        -0.02671         3024
   13      180.208        -0.02452         3415
   14      195.119        -0.06485         3877
   15      210.308        -0.02265         4975
   16      225.021        -0.03480         4878
   17      240.112        -0.01131         4440
   18      255.035         0.00566         4429
   19      270.076        -0.01471         4619
   20      285.372         0.01327         5417
   21      300.056         0.06497         6235
Variogram for Mo & Cp: Direction n°2 (azm = 0; dip = 90; nlag = 22; tail = 3; head = 6)
    1        0.000         0.00000         1683
    2        2.619         0.04949           42
    3        9.859        -0.01302           71
    4       20.795         0.06149           66
    5       29.916        -0.02733           79
    6       40.213        -0.07559           63
    7       50.433        -0.10951           55
    8       60.780        -0.08527           91
    9       70.458         0.00443           84
   10       79.572        -0.08185           75
   11       89.978         0.03219          101
   12      100.487         0.02110          101
   13      109.632        -0.02894          128
   14      120.189        -0.07425          137
   15      129.901        -0.02878          150
   16      140.015        -0.12317          182
   17      150.094        -0.05222          188
   18      160.032         0.00326          190
   19      169.831        -0.07770          211
   20      179.961        -0.05332          196
   21      189.742        -0.11818          198
   22      200.203         0.06217          236
Variogram for Mo & Cc: Direction n°1 (azm = 0; dip = 0; nlag = 21; tail = 3; head = 7)
    1        0.000         0.00000         1683
    2       15.524        -0.17183           31
    3       31.782        -0.13043           83
    4       46.085         0.07753          229
    5       60.386         0.02368          375
    6       75.319        -0.05812          577
    7       90.813         0.00391         1072
    8      105.414        -0.00344         1686
    9      120.189        -0.01163         2449
   10      135.000        -0.01797         2356
   11      150.020         0.00611         2645
   12      165.257        -0.00381         3024
   13      180.208         0.05275         3415
   14      195.119        -0.02958         3877
   15      210.308        -0.01413         4975
   16      225.021         0.00211         4878
   17      240.112         0.01212         4440
   18      255.035        -0.02043         4429
   19      270.076        -0.01847         4619
   20      285.372        -0.03224         5417
   21      300.056        -0.01517         6235
Variogram for Mo & Cc: Direction n°2 (azm = 0; dip = 90; nlag = 22; tail = 3; head = 7)
    1        0.000         0.00000         1683
    2        2.619         0.02919           42
    3        9.859         0.01510           71
    4       20.795        -0.02731           66
    5       29.916         0.11383           79
    6       40.213        -0.01215           63
    7       50.433        -0.08634           55
    8       60.780         0.01538           91
    9       70.458         0.03741           84
   10       79.572         0.05010           75
   11       89.978         0.04776          101
   12      100.487         0.04868          101
   13      109.632         0.07913          128
   14      120.189         0.05925          137
   15      129.901         0.05823          150
   16      140.015         0.12461          182
   17      150.094         0.12049          188
   18      160.032         0.03413          190
   19      169.831         0.18393          211
   20      179.961         0.12372          196
   21      189.742         0.16074          198
   22      200.203         0.18352          236
Variogram for Mo & Cv: Direction n°1 (azm = 0; dip = 0; nlag = 21; tail = 3; head = 8)
    1        0.000         0.00000         1683
    2       15.524        -0.09379           31
    3       31.782        -0.27958           83
    4       46.085        -0.01704          229
    5       60.386        -0.05357          375
    6       75.319        -0.05691          577
    7       90.813        -0.02087         1072
    8      105.414        -0.01034         1686
    9      120.189        -0.05099         2449
   10      135.000        -0.02676         2356
   11      150.020        -0.03593         2645
   12      165.257        -0.02427         3024
   13      180.208         0.03725         3415
   14      195.119        -0.04536         3877
   15      210.308        -0.06900         4975
   16      225.021        -0.05947         4878
   17      240.112        -0.04407         4440
   18      255.035        -0.05845         4429
   19      270.076        -0.06961         4619
   20      285.372        -0.08527         5417
   21      300.056        -0.03736         6235
Variogram for Mo & Cv: Direction n°2 (azm = 0; dip = 90; nlag = 22; tail = 3; head = 8)
    1        0.000         0.00000         1683
    2        2.619         0.03623           42
    3        9.859        -0.01597           71
    4       20.795        -0.06361           66
    5       29.916         0.06810           79
    6       40.213        -0.09755           63
    7       50.433        -0.00652           55
    8       60.780         0.13888           91
    9       70.458         0.00000           84
   10       79.572        -0.01333           75
   11       89.978         0.10133          101
   12      100.487         0.15821          101
   13      109.632         0.10521          128
   14      120.189         0.22000          137
   15      129.901         0.11292          150
   16      140.015         0.20446          182
   17      150.094         0.11713          188
   18      160.032        -0.00716          190
   19      169.831         0.09042          211
   20      179.961         0.08014          196
   21      189.742         0.07270          198
   22      200.203         0.18405          236
Variogram for Mo & En: Direction n°1 (azm = 0; dip = 0; nlag = 21; tail = 3; head = 9)
    1        0.000         0.00000         1683
    2       15.524        -0.06751           31
    3       31.782        -0.10982           83
    4       46.085        -0.03016          229
    5       60.386         0.05718          375
    6       75.319         0.01012          577
    7       90.813        -0.06106         1072
    8      105.414         0.02382         1686
    9      120.189        -0.05670         2449
   10      135.000        -0.05956         2356
   11      150.020        -0.02321         2645
   12      165.257        -0.00786         3024
   13      180.208         0.04393         3415
   14      195.119        -0.02214         3877
   15      210.308        -0.00991         4975
   16      225.021        -0.02126         4878
   17      240.112        -0.04471         4440
   18      255.035        -0.05373         4429
   19      270.076        -0.05135         4619
   20      285.372        -0.06253         5417
   21      300.056        -0.00896         6235
Variogram for Mo & En: Direction n°2 (azm = 0; dip = 90; nlag = 22; tail = 3; head = 9)
    1        0.000         0.00000         1683
    2        2.619         0.03478           42
    3        9.859        -0.00954           71
    4       20.795        -0.05694           66
    5       29.916         0.06708           79
    6       40.213        -0.04986           63
    7       50.433        -0.06867           55
    8       60.780        -0.04790           91
    9       70.458        -0.08911           84
   10       79.572        -0.02031           75
   11       89.978         0.04937          101
   12      100.487        -0.00822          101
   13      109.632         0.09592          128
   14      120.189         0.19120          137
   15      129.901         0.17662          150
   16      140.015         0.09527          182
   17      150.094         0.13132          188
   18      160.032         0.01926          190
   19      169.831         0.09158          211
   20      179.961         0.07473          196
   21      189.742         0.00342          198
   22      200.203         0.14327          236
Variogram for Mo & Py: Direction n°1 (azm = 0; dip = 0; nlag = 21; tail = 3; head = 10)
    1        0.000         0.00000         1683
    2       15.524         0.16559           31
    3       31.782         0.01788           83
    4       46.085        -0.02538          229
    5       60.386        -0.09498          375
    6       75.319         0.01501          577
    7       90.813        -0.03190         1072
    8      105.414         0.01203         1686
    9      120.189         0.01971         2449
   10      135.000        -0.01641         2356
   11      150.020        -0.01388         2645
   12      165.257         0.00448         3024
   13      180.208        -0.02130         3415
   14      195.119         0.04417         3877
   15      210.308         0.03236         4975
   16      225.021         0.00648         4878
   17      240.112        -0.01447         4440
   18      255.035        -0.01317         4429
   19      270.076         0.01088         4619
   20      285.372         0.00690         5417
   21      300.056        -0.02126         6235
Variogram for Mo & Py: Direction n°2 (azm = 0; dip = 90; nlag = 22; tail = 3; head = 10)
    1        0.000         0.00000         1683
    2        2.619        -0.04282           42
    3        9.859        -0.05581           71
    4       20.795        -0.09804           66
    5       29.916        -0.05867           79
    6       40.213        -0.01049           63
    7       50.433        -0.15412           55
    8       60.780        -0.04370           91
    9       70.458        -0.06826           84
   10       79.572        -0.11834           75
   11       89.978        -0.15352          101
   12      100.487        -0.07510          101
   13      109.632        -0.00827          128
   14      120.189         0.07953          137
   15      129.901         0.17406          150
   16      140.015        -0.07955          182
   17      150.094        -0.09592          188
   18      160.032        -0.12655          190
   19      169.831        -0.07198          211
   20      179.961        -0.00940          196
   21      189.742        -0.02206          198
   22      200.203        -0.10199          236
Variogram for Mo & Pyr: Direction n°1 (azm = 0; dip = 0; nlag = 21; tail = 3; head = 11)
    1        0.000         0.00000         1683
    2       15.524        -0.09344           31
    3       31.782        -0.14712           83
    4       46.085        -0.01358          229
    5       60.386        -0.05623          375
    6       75.319        -0.04623          577
    7       90.813        -0.06391         1072
    8      105.414        -0.04129         1686
    9      120.189        -0.08433         2449
   10      135.000        -0.09267         2356
   11      150.020        -0.06044         2645
   12      165.257        -0.05194         3024
   13      180.208         0.01719         3415
   14      195.119        -0.07748         3877
   15      210.308        -0.07994         4975
   16      225.021        -0.07333         4878
   17      240.112        -0.06926         4440
   18      255.035        -0.06962         4429
   19      270.076        -0.07559         4619
   20      285.372        -0.08863         5417
   21      300.056        -0.04042         6235
Variogram for Mo & Pyr: Direction n°2 (azm = 0; dip = 90; nlag = 22; tail = 3; head = 11)
    1        0.000         0.00000         1683
    2        2.619         0.03678           42
    3        9.859        -0.02792           71
    4       20.795        -0.07478           66
    5       29.916         0.08030           79
    6       40.213        -0.05278           63
    7       50.433        -0.13585           55
    8       60.780        -0.05324           91
    9       70.458        -0.03175           84
   10       79.572        -0.04722           75
   11       89.978         0.05150          101
   12      100.487         0.04165          101
   13      109.632         0.02355          128
   14      120.189         0.03362          137
   15      129.901         0.02385          150
   16      140.015         0.10498          182
   17      150.094         0.05714          188
   18      160.032        -0.01331          190
   19      169.831         0.06348          211
   20      179.961         0.06497          196
   21      189.742         0.02240          198
   22      200.203         0.17459          236
Variogram for Mo & Mol: Direction n°1 (azm = 0; dip = 0; nlag = 21; tail = 3; head = 12)
    1        0.000         0.00000         1683
    2       15.524        -0.09432           31
    3       31.782        -0.09361           83
    4       46.085         0.01555          229
    5       60.386        -0.03606          375
    6       75.319        -0.03718          577
    7       90.813        -0.05639         1072
    8      105.414        -0.01156         1686
    9      120.189        -0.06772         2449
   10      135.000        -0.07091         2356
   11      150.020        -0.04894         2645
   12      165.257        -0.03181         3024
   13      180.208         0.02119         3415
   14      195.119        -0.06000         3877
   15      210.308        -0.06038         4975
   16      225.021        -0.05561         4878
   17      240.112        -0.03810         4440
   18      255.035        -0.04337         4429
   19      270.076        -0.06014         4619
   20      285.372        -0.06347         5417
   21      300.056        -0.02853         6235
Variogram for Mo & Mol: Direction n°2 (azm = 0; dip = 90; nlag = 22; tail = 3; head = 12)
    1        0.000         0.00000         1683
    2        2.619         0.05093           42
    3        9.859        -0.00752           71
    4       20.795        -0.05058           66
    5       29.916         0.01224           79
    6       40.213        -0.04047           63
    7       50.433        -0.10032           55
    8       60.780        -0.03918           91
    9       70.458         0.04414           84
   10       79.572         0.00128           75
   11       89.978         0.07160          101
   12      100.487         0.09368          101
   13      109.632         0.01950          128
   14      120.189         0.04229          137
   15      129.901         0.02403          150
   16      140.015         0.09731          182
   17      150.094         0.06609          188
   18      160.032        -0.00630          190
   19      169.831         0.05909          211
   20      179.961         0.06573          196
   21      189.742         0.02478          198
   22      200.203         0.16920          236
Variogram for Mo & Ga: Direction n°1 (azm = 0; dip = 0; nlag = 21; tail = 3; head = 13)
    1        0.000         0.00000         1683
    2       15.524        -0.09348           31
    3       31.782        -0.14682           83
    4       46.085        -0.01384          229
    5       60.386        -0.05581          375
    6       75.319        -0.04601          577
    7       90.813        -0.06381         1072
    8      105.414        -0.04104         1686
    9      120.189        -0.08379         2449
   10      135.000        -0.09188         2356
   11      150.020        -0.05981         2645
   12      165.257        -0.05134         3024
   13      180.208         0.01644         3415
   14      195.119        -0.07690         3877
   15      210.308        -0.07935         4975
   16      225.021        -0.07276         4878
   17      240.112        -0.06911         4440
   18      255.035        -0.06901         4429
   19      270.076        -0.07548         4619
   20      285.372        -0.08816         5417
   21      300.056        -0.04028         6235
Variogram for Mo & Ga: Direction n°2 (azm = 0; dip = 90; nlag = 22; tail = 3; head = 13)
    1        0.000         0.00000         1683
    2        2.619         0.03674           42
    3        9.859        -0.02241           71
    4       20.795        -0.07031           66
    5       29.916         0.07699           79
    6       40.213        -0.05136           63
    7       50.433        -0.13361           55
    8       60.780        -0.05615           91
    9       70.458        -0.03183           84
   10       79.572        -0.04576           75
   11       89.978         0.05175          101
   12      100.487         0.04396          101
   13      109.632         0.02309          128
   14      120.189         0.03488          137
   15      129.901         0.02445          150
   16      140.015         0.10488          182
   17      150.094         0.05700          188
   18      160.032        -0.01258          190
   19      169.831         0.06331          211
   20      179.961         0.06499          196
   21      189.742         0.02252          198
   22      200.203         0.17467          236
Variogram for Mo & Sph: Direction n°1 (azm = 0; dip = 0; nlag = 21; tail = 3; head = 14)
    1        0.000         0.00000         1683
    2       15.524        -0.09344           31
    3       31.782        -0.14712           83
    4       46.085        -0.01358          229
    5       60.386        -0.05623          375
    6       75.319        -0.04623          577
    7       90.813        -0.06391         1072
    8      105.414        -0.04129         1686
    9      120.189        -0.08433         2449
   10      135.000        -0.09267         2356
   11      150.020        -0.06044         2645
   12      165.257        -0.05194         3024
   13      180.208         0.01719         3415
   14      195.119        -0.07748         3877
   15      210.308        -0.07994         4975
   16      225.021        -0.07333         4878
   17      240.112        -0.06926         4440
   18      255.035        -0.06962         4429
   19      270.076        -0.07559         4619
   20      285.372        -0.08863         5417
   21      300.056        -0.04042         6235
Variogram for Mo & Sph: Direction n°2 (azm = 0; dip = 90; nlag = 22; tail = 3; head = 14)
    1        0.000         0.00000         1683
    2        2.619         0.03678           42
    3        9.859        -0.02792           71
    4       20.795        -0.07478           66
    5       29.916         0.08030           79
    6       40.213        -0.05278           63
    7       50.433        -0.13585           55
    8       60.780        -0.05324           91
    9       70.458        -0.03175           84
   10       79.572        -0.04722           75
   11       89.978         0.05150          101
   12      100.487         0.04165          101
   13      109.632         0.02355          128
   14      120.189         0.03362          137
   15      129.901         0.02385          150
   16      140.015         0.10498          182
   17      150.094         0.05714          188
   18      160.032        -0.01331          190
   19      169.831         0.06348          211
   20      179.961         0.06497          196
   21      189.742         0.02240          198
   22      200.203         0.17459          236
Variogram for Mo & TS: Direction n°1 (azm = 0; dip = 0; nlag = 21; tail = 3; head = 15)
    1        0.000         0.00000         1683
    2       15.524         0.01229           31
    3       31.782         0.03534           83
    4       46.085         0.04102          229
    5       60.386        -0.01247          375
    6       75.319         0.01609          577
    7       90.813         0.04487         1072
    8      105.414         0.03537         1686
    9      120.189         0.08474         2449
   10      135.000         0.01079         2356
   11      150.020         0.06196         2645
   12      165.257         0.08436         3024
   13      180.208         0.01929         3415
   14      195.119         0.03914         3877
   15      210.308         0.04439         4975
   16      225.021         0.07151         4878
   17      240.112         0.06775         4440
   18      255.035         0.08550         4429
   19      270.076         0.08678         4619
   20      285.372         0.06979         5417
   21      300.056         0.05349         6235
Variogram for Mo & TS: Direction n°2 (azm = 0; dip = 90; nlag = 22; tail = 3; head = 15)
    1        0.000         0.00000         1683
    2        2.619         0.03091           42
    3        9.859         0.04072           71
    4       20.795         0.09158           66
    5       29.916         0.00157           79
    6       40.213        -0.00842           63
    7       50.433         0.20140           55
    8       60.780         0.06432           91
    9       70.458         0.10017           84
   10       79.572         0.36272           75
   11       89.978         0.15825          101
   12      100.487         0.19317          101
   13      109.632        -0.04080          128
   14      120.189         0.21230          137
   15      129.901         0.27404          150
   16      140.015         0.12007          182
   17      150.094         0.04352          188
   18      160.032         0.15022          190
   19      169.831         0.03991          211
   20      179.961         0.02162          196
   21      189.742         0.03262          198
   22      200.203        -0.02817          236
Variogram for As & Cu: Direction n°1 (azm = 0; dip = 0; nlag = 21; tail = 4; head = 1)
    1        0.000         0.00000         1649
    2       16.131         0.00392           28
    3       31.727         0.01125           82
    4       46.140         0.02262          225
    5       60.416         0.06731          371
    6       75.326         0.07403          576
    7       90.799         0.08035         1051
    8      105.396         0.04079         1632
    9      120.213         0.15748         2390
   10      135.026         0.03434         2298
   11      149.982         0.07570         2577
   12      165.266         0.07165         2978
   13      180.220         0.11869         3376
   14      195.113         0.12226         3818
   15      210.270         0.12784         4838
   16      225.036         0.10171         4778
   17      240.072         0.06307         4283
   18      255.056         0.08739         4316
   19      270.091         0.05240         4544
   20      285.378         0.07768         5345
   21      300.047         0.09699         6045
Variogram for As & Cu: Direction n°2 (azm = 0; dip = 90; nlag = 22; tail = 4; head = 1)
    1        0.000         0.00000         1649
    2        2.585         0.04981           41
    3        9.859         0.06967           71
    4       20.795         0.13275           66
    5       29.914         0.28185           77
    6       40.220         0.04898           61
    7       50.433         0.17811           55
    8       60.780         0.09357           91
    9       70.458         0.04083           84
   10       79.572         0.04917           75
   11       89.978         0.11997          101
   12      100.452         0.10038          100
   13      109.607         0.06016          125
   14      120.210         0.23289          134
   15      129.869         0.18529          147
   16      140.050         0.22784          172
   17      150.125         0.02804          179
   18      160.128         0.08460          179
   19      169.798        -0.05594          201
   20      179.946        -0.01373          186
   21      189.803         0.02472          190
   22      200.192        -0.08508          229
Variogram for As & Au: Direction n°1 (azm = 0; dip = 0; nlag = 21; tail = 4; head = 2)
    1        0.000         0.00000         1649
    2       16.131        -0.06446           28
    3       31.727         0.09273           82
    4       46.140         0.11784          225
    5       60.416         0.13914          371
    6       75.326         0.08667          576
    7       90.799         0.08700         1051
    8      105.396         0.12265         1632
    9      120.213         0.13455         2390
   10      135.026         0.07538         2298
   11      149.982         0.16690         2577
   12      165.266         0.11697         2978
   13      180.220         0.14958         3376
   14      195.113         0.13637         3818
   15      210.270         0.16202         4838
   16      225.036         0.09981         4778
   17      240.072         0.09738         4283
   18      255.056         0.10491         4316
   19      270.091         0.09307         4544
   20      285.378         0.08935         5345
   21      300.047         0.09378         6045
Variogram for As & Au: Direction n°2 (azm = 0; dip = 90; nlag = 22; tail = 4; head = 2)
    1        0.000         0.00000         1649
    2        2.585         0.04140           41
    3        9.859         0.04630           71
    4       20.795         0.07242           66
    5       29.914         0.04322           77
    6       40.220         0.01146           61
    7       50.433         0.02512           55
    8       60.780         0.16350           91
    9       70.458         0.11075           84
   10       79.572         0.09563           75
   11       89.978         0.15022          101
   12      100.452         0.06703          100
   13      109.607         0.03461          125
   14      120.210         0.11531          134
   15      129.869         0.14216          147
   16      140.050         0.10827          172
   17      150.125         0.01658          179
   18      160.128         0.19370          179
   19      169.798         0.05005          201
   20      179.946        -0.04618          186
   21      189.803        -0.01431          190
   22      200.192        -0.04076          229
Variogram for As & Mo: Direction n°1 (azm = 0; dip = 0; nlag = 21; tail = 4; head = 3)
    1        0.000         0.00000         1649
    2       16.131         0.08959           28
    3       31.727         0.04163           82
    4       46.140         0.12669          225
    5       60.416         0.15541          371
    6       75.326         0.18303          576
    7       90.799         0.15763         1051
    8      105.396         0.16945         1632
    9      120.213         0.18553         2390
   10      135.026         0.16907         2298
   11      149.982         0.17160         2577
   12      165.266         0.19264         2978
   13      180.220         0.17884         3376
   14      195.113         0.16273         3818
   15      210.270         0.18818         4838
   16      225.036         0.17181         4778
   17      240.072         0.16193         4283
   18      255.056         0.13706         4316
   19      270.091         0.09646         4544
   20      285.378         0.10919         5345
   21      300.047         0.09103         6045
Variogram for As & Mo: Direction n°2 (azm = 0; dip = 90; nlag = 22; tail = 4; head = 3)
    1        0.000         0.00000         1649
    2        2.585        -0.00878           41
    3        9.859         0.02558           71
    4       20.795         0.06848           66
    5       29.914         0.29308           77
    6       40.220         0.10542           61
    7       50.433         0.21873           55
    8       60.780         0.21586           91
    9       70.458         0.06797           84
   10       79.572         0.24795           75
   11       89.978         0.09865          101
   12      100.452         0.13943          100
   13      109.607         0.18597          125
   14      120.210         0.27665          134
   15      129.869         0.29247          147
   16      140.050         0.17055          172
   17      150.125         0.14856          179
   18      160.128         0.24746          179
   19      169.798         0.19213          201
   20      179.946         0.11955          186
   21      189.803         0.15028          190
   22      200.192         0.09664          229
Variogram for As & As: Direction n°1 (azm = 0; dip = 0; nlag = 21; tail = 4; head = 4)
    1        0.000         0.00000         1649
    2       16.131         0.29008           28
    3       31.727         0.60977           82
    4       46.140         0.85250          225
    5       60.416         0.83021          371
    6       75.326         0.92187          576
    7       90.799         0.77591         1051
    8      105.396         0.77945         1632
    9      120.213         0.83533         2390
   10      135.026         0.80446         2298
   11      149.982         0.81156         2577
   12      165.266         0.76535         2978
   13      180.220         0.82525         3376
   14      195.113         0.81267         3818
   15      210.270         0.84943         4838
   16      225.036         0.81346         4778
   17      240.072         0.77186         4283
   18      255.056         0.78191         4316
   19      270.091         0.76749         4544
   20      285.378         0.77803         5345
   21      300.047         0.75287         6045
Variogram for As & As: Direction n°2 (azm = 0; dip = 90; nlag = 22; tail = 4; head = 4)
    1        0.000         0.00000         1649
    2        2.585         0.25971           41
    3        9.859         0.40056           71
    4       20.795         0.50360           66
    5       29.914         1.11734           77
    6       40.220         0.56533           61
    7       50.433         0.71486           55
    8       60.780         0.97389           91
    9       70.458         0.60263           84
   10       79.572         0.52067           75
   11       89.978         0.63252          101
   12      100.452         0.93524          100
   13      109.607         0.61024          125
   14      120.210         0.84791          134
   15      129.869         0.80041          147
   16      140.050         0.70759          172
   17      150.125         0.74142          179
   18      160.128         0.76616          179
   19      169.798         0.84052          201
   20      179.946         0.83215          186
   21      189.803         0.84628          190
   22      200.192         0.54860          229
Variogram for As & Bn: Direction n°1 (azm = 0; dip = 0; nlag = 21; tail = 4; head = 5)
    1        0.000         0.00000         1649
    2       16.131         0.10190           28
    3       31.727         0.23816           82
    4       46.140         0.16870          225
    5       60.416         0.07582          371
    6       75.326         0.19469          576
    7       90.799         0.15381         1051
    8      105.396         0.17160         1632
    9      120.213         0.23974         2390
   10      135.026         0.17429         2298
   11      149.982         0.20771         2577
   12      165.266         0.19145         2978
   13      180.220         0.19173         3376
   14      195.113         0.25381         3818
   15      210.270         0.22261         4838
   16      225.036         0.20283         4778
   17      240.072         0.19635         4283
   18      255.056         0.18478         4316
   19      270.091         0.20083         4544
   20      285.378         0.17227         5345
   21      300.047         0.14893         6045
Variogram for As & Bn: Direction n°2 (azm = 0; dip = 90; nlag = 22; tail = 4; head = 5)
    1        0.000         0.00000         1649
    2        2.585        -0.02056           41
    3        9.859        -0.01215           71
    4       20.795         0.00597           66
    5       29.914         0.16501           77
    6       40.220        -0.10023           61
    7       50.433         0.08656           55
    8       60.780         0.09561           91
    9       70.458         0.07425           84
   10       79.572         0.13938           75
   11       89.978         0.24898          101
   12      100.452         0.10265          100
   13      109.607         0.20643          125
   14      120.210         0.38381          134
   15      129.869         0.17732          147
   16      140.050         0.24374          172
   17      150.125         0.26762          179
   18      160.128         0.32061          179
   19      169.798         0.32452          201
   20      179.946         0.34228          186
   21      189.803         0.21250          190
   22      200.192         0.08616          229
Variogram for As & Cp: Direction n°1 (azm = 0; dip = 0; nlag = 21; tail = 4; head = 6)
    1        0.000         0.00000         1649
    2       16.131        -0.08199           28
    3       31.727        -0.29621           82
    4       46.140        -0.29464          225
    5       60.416        -0.19915          371
    6       75.326        -0.26885          576
    7       90.799        -0.24225         1051
    8      105.396        -0.26450         1632
    9      120.213        -0.22608         2390
   10      135.026        -0.31974         2298
   11      149.982        -0.21221         2577
   12      165.266        -0.21018         2978
   13      180.220        -0.23902         3376
   14      195.113        -0.29579         3818
   15      210.270        -0.27051         4838
   16      225.036        -0.29630         4778
   17      240.072        -0.28064         4283
   18      255.056        -0.26898         4316
   19      270.091        -0.25283         4544
   20      285.378        -0.24063         5345
   21      300.047        -0.23236         6045
Variogram for As & Cp: Direction n°2 (azm = 0; dip = 90; nlag = 22; tail = 4; head = 6)
    1        0.000         0.00000         1649
    2        2.585         0.03908           41
    3        9.859        -0.01124           71
    4       20.795        -0.01522           66
    5       29.914        -0.01177           77
    6       40.220         0.03860           61
    7       50.433        -0.26606           55
    8       60.780        -0.25643           91
    9       70.458        -0.12372           84
   10       79.572        -0.17722           75
   11       89.978        -0.07860          101
   12      100.452        -0.14979          100
   13      109.607        -0.16706          125
   14      120.210        -0.23739          134
   15      129.869        -0.25577          147
   16      140.050        -0.29726          172
   17      150.125        -0.29114          179
   18      160.128        -0.34281          179
   19      169.798        -0.43933          201
   20      179.946        -0.49589          186
   21      189.803        -0.34069          190
   22      200.192        -0.26835          229
Variogram for As & Cc: Direction n°1 (azm = 0; dip = 0; nlag = 21; tail = 4; head = 7)
    1        0.000         0.00000         1649
    2       16.131         0.05489           28
    3       31.727         0.08909           82
    4       46.140         0.15989          225
    5       60.416         0.09389          371
    6       75.326         0.08121          576
    7       90.799         0.05384         1051
    8      105.396         0.10635         1632
    9      120.213         0.06392         2390
   10      135.026         0.12740         2298
   11      149.982         0.18803         2577
   12      165.266         0.10583         2978
   13      180.220         0.18399         3376
   14      195.113         0.12980         3818
   15      210.270         0.07624         4838
   16      225.036         0.14259         4778
   17      240.072         0.15761         4283
   18      255.056         0.11794         4316
   19      270.091         0.15109         4544
   20      285.378         0.12867         5345
   21      300.047         0.08736         6045
Variogram for As & Cc: Direction n°2 (azm = 0; dip = 90; nlag = 22; tail = 4; head = 7)
    1        0.000         0.00000         1649
    2        2.585        -0.01345           41
    3        9.859         0.03910           71
    4       20.795         0.05045           66
    5       29.914         0.16486           77
    6       40.220        -0.04333           61
    7       50.433        -0.10462           55
    8       60.780         0.15306           91
    9       70.458         0.15041           84
   10       79.572         0.00962           75
   11       89.978         0.26966          101
   12      100.452        -0.02442          100
   13      109.607         0.14945          125
   14      120.210         0.11239          134
   15      129.869         0.08532          147
   16      140.050         0.10757          172
   17      150.125         0.14847          179
   18      160.128         0.07106          179
   19      169.798         0.26164          201
   20      179.946         0.20251          186
   21      189.803         0.24591          190
   22      200.192         0.06318          229
Variogram for As & Cv: Direction n°1 (azm = 0; dip = 0; nlag = 21; tail = 4; head = 8)
    1        0.000         0.00000         1649
    2       16.131         0.08255           28
    3       31.727         0.05022           82
    4       46.140        -0.04625          225
    5       60.416        -0.01531          371
    6       75.326         0.00446          576
    7       90.799         0.04511         1051
    8      105.396         0.07431         1632
    9      120.213         0.02320         2390
   10      135.026         0.05512         2298
   11      149.982         0.11028         2577
   12      165.266         0.06649         2978
   13      180.220         0.16183         3376
   14      195.113         0.06255         3818
   15      210.270        -0.02118         4838
   16      225.036         0.02619         4778
   17      240.072         0.05671         4283
   18      255.056         0.03911         4316
   19      270.091         0.06111         4544
   20      285.378         0.01502         5345
   21      300.047         0.02656         6045
Variogram for As & Cv: Direction n°2 (azm = 0; dip = 90; nlag = 22; tail = 4; head = 8)
    1        0.000         0.00000         1649
    2        2.585        -0.02350           41
    3        9.859        -0.02895           71
    4       20.795        -0.12183           66
    5       29.914         0.09999           77
    6       40.220        -0.16320           61
    7       50.433        -0.00487           55
    8       60.780         0.33519           91
    9       70.458         0.13044           84
   10       79.572        -0.06442           75
   11       89.978         0.17995          101
   12      100.452        -0.12505          100
   13      109.607         0.14580          125
   14      120.210         0.31527          134
   15      129.869         0.16306          147
   16      140.050         0.24190          172
   17      150.125         0.11592          179
   18      160.128        -0.09084          179
   19      169.798         0.01174          201
   20      179.946         0.02626          186
   21      189.803         0.11544          190
   22      200.192         0.00073          229
Variogram for As & En: Direction n°1 (azm = 0; dip = 0; nlag = 21; tail = 4; head = 9)
    1        0.000         0.00000         1649
    2       16.131         0.09148           28
    3       31.727         0.11746           82
    4       46.140         0.08806          225
    5       60.416         0.20772          371
    6       75.326         0.22482          576
    7       90.799         0.07041         1051
    8      105.396         0.25341         1632
    9      120.213         0.12845         2390
   10      135.026         0.12277         2298
   11      149.982         0.17392         2577
   12      165.266         0.13595         2978
   13      180.220         0.19492         3376
   14      195.113         0.14326         3818
   15      210.270         0.10325         4838
   16      225.036         0.09895         4778
   17      240.072         0.13260         4283
   18      255.056         0.11070         4316
   19      270.091         0.14887         4544
   20      285.378         0.16493         5345
   21      300.047         0.13241         6045
Variogram for As & En: Direction n°2 (azm = 0; dip = 90; nlag = 22; tail = 4; head = 9)
    1        0.000         0.00000         1649
    2        2.585        -0.02597           41
    3        9.859        -0.02929           71
    4       20.795        -0.11021           66
    5       29.914         0.08947           77
    6       40.220        -0.14693           61
    7       50.433        -0.14932           55
    8       60.780         0.04912           91
    9       70.458         0.19833           84
   10       79.572        -0.06553           75
   11       89.978         0.14490          101
   12      100.452        -0.03699          100
   13      109.607         0.09392          125
   14      120.210         0.36665          134
   15      129.869         0.23448          147
   16      140.050         0.29563          172
   17      150.125         0.22270          179
   18      160.128         0.05333          179
   19      169.798         0.13358          201
   20      179.946         0.20007          186
   21      189.803         0.19552          190
   22      200.192         0.07009          229
Variogram for As & Py: Direction n°1 (azm = 0; dip = 0; nlag = 21; tail = 4; head = 10)
    1        0.000         0.00000         1649
    2       16.131         0.08664           28
    3       31.727         0.07695           82
    4       46.140         0.15603          225
    5       60.416         0.05713          371
    6       75.326         0.06234          576
    7       90.799         0.08091         1051
    8      105.396         0.08720         1632
    9      120.213         0.08176         2390
   10      135.026         0.10080         2298
   11      149.982         0.07048         2577
   12      165.266         0.05369         2978
   13      180.220         0.07348         3376
   14      195.113         0.07986         3818
   15      210.270         0.09709         4838
   16      225.036         0.10626         4778
   17      240.072         0.09948         4283
   18      255.056         0.10432         4316
   19      270.091         0.10271         4544
   20      285.378         0.08375         5345
   21      300.047         0.07469         6045
Variogram for As & Py: Direction n°2 (azm = 0; dip = 90; nlag = 22; tail = 4; head = 10)
    1        0.000         0.00000         1649
    2        2.585        -0.01625           41
    3        9.859        -0.00641           71
    4       20.795        -0.03326           66
    5       29.914        -0.02431           77
    6       40.220        -0.01947           61
    7       50.433         0.01290           55
    8       60.780         0.07449           91
    9       70.458         0.05975           84
   10       79.572         0.05864           75
   11       89.978         0.00853          101
   12      100.452         0.04748          100
   13      109.607         0.11696          125
   14      120.210         0.16282          134
   15      129.869         0.29745          147
   16      140.050         0.24425          172
   17      150.125         0.16110          179
   18      160.128         0.02288          179
   19      169.798         0.17325          201
   20      179.946         0.20265          186
   21      189.803         0.31075          190
   22      200.192         0.17817          229
Variogram for As & Pyr: Direction n°1 (azm = 0; dip = 0; nlag = 21; tail = 4; head = 11)
    1        0.000         0.00000         1649
    2       16.131         0.08312           28
    3       31.727         0.01221           82
    4       46.140        -0.03859          225
    5       60.416        -0.01636          371
    6       75.326        -0.01239          576
    7       90.799        -0.05236         1051
    8      105.396        -0.00299         1632
    9      120.213        -0.03144         2390
   10      135.026        -0.04764         2298
   11      149.982         0.04635         2577
   12      165.266         0.01139         2978
   13      180.220         0.07204         3376
   14      195.113        -0.02057         3818
   15      210.270        -0.05660         4838
   16      225.036        -0.04764         4778
   17      240.072         0.00161         4283
   18      255.056        -0.00309         4316
   19      270.091         0.02916         4544
   20      285.378        -0.00903         5345
   21      300.047        -0.02996         6045
Variogram for As & Pyr: Direction n°2 (azm = 0; dip = 90; nlag = 22; tail = 4; head = 11)
    1        0.000         0.00000         1649
    2        2.585        -0.02060           41
    3        9.859        -0.02693           71
    4       20.795        -0.14366           66
    5       29.914         0.12560           77
    6       40.220        -0.18810           61
    7       50.433        -0.17606           55
    8       60.780         0.04909           91
    9       70.458         0.07959           84
   10       79.572        -0.07866           75
   11       89.978         0.14389          101
   12      100.452        -0.15909          100
   13      109.607         0.02305          125
   14      120.210         0.07442          134
   15      129.869        -0.01449          147
   16      140.050         0.04702          172
   17      150.125        -0.00911          179
   18      160.128        -0.11862          179
   19      169.798        -0.04570          201
   20      179.946        -0.01828          186
   21      189.803         0.07556          190
   22      200.192        -0.07974          229
Variogram for As & Mol: Direction n°1 (azm = 0; dip = 0; nlag = 21; tail = 4; head = 12)
    1        0.000         0.00000         1649
    2       16.131         0.07802           28
    3       31.727         0.18374           82
    4       46.140        -0.01092          225
    5       60.416        -0.01000          371
    6       75.326         0.02585          576
    7       90.799         0.01229         1051
    8      105.396         0.05150         1632
    9      120.213         0.00947         2390
   10      135.026        -0.02512         2298
   11      149.982         0.05822         2577
   12      165.266         0.04169         2978
   13      180.220         0.07830         3376
   14      195.113         0.00397         3818
   15      210.270        -0.02554         4838
   16      225.036        -0.01120         4778
   17      240.072         0.02716         4283
   18      255.056         0.01211         4316
   19      270.091         0.03668         4544
   20      285.378         0.00835         5345
   21      300.047        -0.02097         6045
Variogram for As & Mol: Direction n°2 (azm = 0; dip = 90; nlag = 22; tail = 4; head = 12)
    1        0.000         0.00000         1649
    2        2.585        -0.02996           41
    3        9.859        -0.03243           71
    4       20.795        -0.08183           66
    5       29.914         0.04282           77
    6       40.220        -0.11426           61
    7       50.433        -0.17770           55
    8       60.780         0.06498           91
    9       70.458         0.15579           84
   10       79.572        -0.01551           75
   11       89.978         0.13475          101
   12      100.452        -0.05600          100
   13      109.607         0.01478          125
   14      120.210         0.10594          134
   15      129.869        -0.02082          147
   16      140.050         0.05488          172
   17      150.125        -0.00495          179
   18      160.128        -0.09750          179
   19      169.798        -0.04929          201
   20      179.946        -0.02161          186
   21      189.803         0.06875          190
   22      200.192        -0.08331          229
Variogram for As & Ga: Direction n°1 (azm = 0; dip = 0; nlag = 21; tail = 4; head = 13)
    1        0.000         0.00000         1649
    2       16.131         0.08293           28
    3       31.727         0.01201           82
    4       46.140        -0.03938          225
    5       60.416        -0.01618          371
    6       75.326        -0.01251          576
    7       90.799        -0.05161         1051
    8      105.396        -0.00291         1632
    9      120.213        -0.03136         2390
   10      135.026        -0.04726         2298
   11      149.982         0.04622         2577
   12      165.266         0.01191         2978
   13      180.220         0.07077         3376
   14      195.113        -0.02023         3818
   15      210.270        -0.05656         4838
   16      225.036        -0.04740         4778
   17      240.072         0.00136         4283
   18      255.056        -0.00350         4316
   19      270.091         0.02909         4544
   20      285.378        -0.00891         5345
   21      300.047        -0.02994         6045
Variogram for As & Ga: Direction n°2 (azm = 0; dip = 90; nlag = 22; tail = 4; head = 13)
    1        0.000         0.00000         1649
    2        2.585        -0.02105           41
    3        9.859        -0.02746           71
    4       20.795        -0.13546           66
    5       29.914         0.11803           77
    6       40.220        -0.17911           61
    7       50.433        -0.17526           55
    8       60.780         0.04833           91
    9       70.458         0.07831           84
   10       79.572        -0.07837           75
   11       89.978         0.14320          101
   12      100.452        -0.14847          100
   13      109.607         0.02231          125
   14      120.210         0.07308          134
   15      129.869        -0.01557          147
   16      140.050         0.04688          172
   17      150.125        -0.00917          179
   18      160.128        -0.11876          179
   19      169.798        -0.04581          201
   20      179.946        -0.01843          186
   21      189.803         0.07527          190
   22      200.192        -0.07998          229
Variogram for As & Sph: Direction n°1 (azm = 0; dip = 0; nlag = 21; tail = 4; head = 14)
    1        0.000         0.00000         1649
    2       16.131         0.08312           28
    3       31.727         0.01221           82
    4       46.140        -0.03859          225
    5       60.416        -0.01636          371
    6       75.326        -0.01239          576
    7       90.799        -0.05236         1051
    8      105.396        -0.00299         1632
    9      120.213        -0.03144         2390
   10      135.026        -0.04764         2298
   11      149.982         0.04635         2577
   12      165.266         0.01139         2978
   13      180.220         0.07204         3376
   14      195.113        -0.02057         3818
   15      210.270        -0.05660         4838
   16      225.036        -0.04764         4778
   17      240.072         0.00161         4283
   18      255.056        -0.00309         4316
   19      270.091         0.02916         4544
   20      285.378        -0.00903         5345
   21      300.047        -0.02996         6045
Variogram for As & Sph: Direction n°2 (azm = 0; dip = 90; nlag = 22; tail = 4; head = 14)
    1        0.000         0.00000         1649
    2        2.585        -0.02060           41
    3        9.859        -0.02693           71
    4       20.795        -0.14366           66
    5       29.914         0.12560           77
    6       40.220        -0.18810           61
    7       50.433        -0.17606           55
    8       60.780         0.04909           91
    9       70.458         0.07959           84
   10       79.572        -0.07866           75
   11       89.978         0.14389          101
   12      100.452        -0.15909          100
   13      109.607         0.02305          125
   14      120.210         0.07442          134
   15      129.869        -0.01449          147
   16      140.050         0.04702          172
   17      150.125        -0.00911          179
   18      160.128        -0.11862          179
   19      169.798        -0.04570          201
   20      179.946        -0.01828          186
   21      189.803         0.07556          190
   22      200.192        -0.07974          229
Variogram for As & TS: Direction n°1 (azm = 0; dip = 0; nlag = 21; tail = 4; head = 15)
    1        0.000         0.00000         1649
    2       16.131        -0.04444           28
    3       31.727         0.07242           82
    4       46.140         0.01596          225
    5       60.416        -0.02157          371
    6       75.326        -0.00288          576
    7       90.799        -0.00318         1051
    8      105.396         0.04972         1632
    9      120.213         0.15727         2390
   10      135.026         0.05825         2298
   11      149.982         0.12697         2577
   12      165.266         0.14200         2978
   13      180.220         0.15110         3376
   14      195.113         0.11732         3818
   15      210.270         0.11385         4838
   16      225.036         0.12624         4778
   17      240.072         0.11708         4283
   18      255.056         0.09783         4316
   19      270.091         0.08872         4544
   20      285.378         0.11843         5345
   21      300.047         0.09308         6045
Variogram for As & TS: Direction n°2 (azm = 0; dip = 90; nlag = 22; tail = 4; head = 15)
    1        0.000         0.00000         1649
    2        2.585         0.01185           41
    3        9.859         0.00798           71
    4       20.795         0.10333           66
    5       29.914         0.10096           77
    6       40.220         0.20478           61
    7       50.433        -0.03135           55
    8       60.780         0.05607           91
    9       70.458         0.14727           84
   10       79.572         0.21973           75
   11       89.978         0.11971          101
   12      100.452         0.39573          100
   13      109.607         0.19649          125
   14      120.210         0.31881          134
   15      129.869         0.30235          147
   16      140.050         0.29845          172
   17      150.125         0.19771          179
   18      160.128         0.18032          179
   19      169.798         0.17597          201
   20      179.946         0.13862          186
   21      189.803         0.06994          190
   22      200.192         0.08856          229
Variogram for Bn & Cu: Direction n°1 (azm = 0; dip = 0; nlag = 21; tail = 5; head = 1)
    1        0.000         0.00000         1690
    2       15.524         0.11357           31
    3       31.782         0.10061           83
    4       46.125         0.08807          231
    5       60.329         0.12912          384
    6       75.319         0.13293          577
    7       90.842         0.20840         1079
    8      105.373         0.18082         1731
    9      120.188         0.24240         2452
   10      134.995         0.23516         2367
   11      150.026         0.24525         2662
   12      165.261         0.30149         3047
   13      180.200         0.32677         3427
   14      195.121         0.34491         3901
   15      210.306         0.30910         5007
   16      225.019         0.30367         4899
   17      240.117         0.34386         4474
   18      255.038         0.33487         4456
   19      270.066         0.31214         4638
   20      285.375         0.34634         5439
   21      300.065         0.34663         6259
Variogram for Bn & Cu: Direction n°2 (azm = 0; dip = 90; nlag = 22; tail = 5; head = 1)
    1        0.000         0.00000         1690
    2        2.619         0.00615           42
    3        9.859         0.00074           71
    4       20.795         0.01383           66
    5       29.916         0.07415           79
    6       40.213         0.04737           63
    7       50.433         0.11246           55
    8       60.780         0.08491           91
    9       70.458         0.01172           84
   10       79.572         0.07459           75
   11       90.024         0.14362          102
   12      100.487         0.11979          101
   13      109.616         0.04972          129
   14      120.207         0.32224          138
   15      129.901         0.15519          150
   16      139.993         0.16847          183
   17      150.094         0.11607          188
   18      160.032         0.20951          192
   19      169.835         0.22343          213
   20      179.961         0.29890          199
   21      189.742         0.41290          198
   22      200.187         0.34976          237
Variogram for Bn & Au: Direction n°1 (azm = 0; dip = 0; nlag = 21; tail = 5; head = 2)
    1        0.000         0.00000         1690
    2       15.524         0.28455           31
    3       31.782         0.13246           83
    4       46.125         0.08102          231
    5       60.329         0.05616          384
    6       75.319         0.05199          577
    7       90.842         0.17136         1079
    8      105.373         0.19226         1731
    9      120.188         0.16650         2452
   10      134.995         0.16557         2367
   11      150.026         0.18460         2662
   12      165.261         0.14606         3047
   13      180.200         0.20935         3427
   14      195.121         0.18864         3901
   15      210.306         0.20045         5007
   16      225.019         0.18743         4899
   17      240.117         0.20647         4474
   18      255.038         0.17334         4456
   19      270.066         0.17138         4638
   20      285.375         0.17258         5439
   21      300.065         0.15041         6259
Variogram for Bn & Au: Direction n°2 (azm = 0; dip = 90; nlag = 22; tail = 5; head = 2)
    1        0.000         0.00000         1690
    2        2.619         0.06511           42
    3        9.859        -0.00163           71
    4       20.795         0.01074           66
    5       29.916        -0.03079           79
    6       40.213        -0.02611           63
    7       50.433         0.08712           55
    8       60.780        -0.01897           91
    9       70.458         0.11141           84
   10       79.572         0.05193           75
   11       90.024         0.20423          102
   12      100.487         0.14736          101
   13      109.616         0.01212          129
   14      120.207         0.16833          138
   15      129.901         0.07718          150
   16      139.993         0.04725          183
   17      150.094         0.14223          188
   18      160.032         0.15325          192
   19      169.835         0.29446          213
   20      179.961         0.15113          199
   21      189.742         0.20165          198
   22      200.187         0.16065          237
Variogram for Bn & Mo: Direction n°1 (azm = 0; dip = 0; nlag = 21; tail = 5; head = 3)
    1        0.000         0.00000         1683
    2       15.524        -0.09461           31
    3       31.782        -0.05076           83
    4       46.085         0.01936          229
    5       60.386         0.01452          375
    6       75.319        -0.04645          577
    7       90.813         0.03414         1072
    8      105.414        -0.04022         1686
    9      120.189        -0.00399         2449
   10      135.000        -0.00953         2356
   11      150.020        -0.01765         2645
   12      165.257        -0.02957         3024
   13      180.208         0.02927         3415
   14      195.119        -0.04727         3877
   15      210.308        -0.00000         4975
   16      225.021         0.00122         4878
   17      240.112        -0.01361         4440
   18      255.035        -0.01684         4429
   19      270.076        -0.05652         4619
   20      285.372        -0.06402         5417
   21      300.056        -0.04454         6235
Variogram for Bn & Mo: Direction n°2 (azm = 0; dip = 90; nlag = 22; tail = 5; head = 3)
    1        0.000         0.00000         1683
    2        2.619         0.03208           42
    3        9.859         0.04211           71
    4       20.795        -0.03451           66
    5       29.916         0.08930           79
    6       40.213         0.06431           63
    7       50.433         0.06299           55
    8       60.780         0.04557           91
    9       70.458        -0.02139           84
   10       79.572         0.12204           75
   11       89.978         0.18855          101
   12      100.487         0.03367          101
   13      109.632         0.04272          128
   14      120.189         0.18797          137
   15      129.901        -0.02516          150
   16      140.015         0.19311          182
   17      150.094         0.18327          188
   18      160.032         0.08768          190
   19      169.831         0.24110          211
   20      179.961         0.16893          196
   21      189.742         0.16131          198
   22      200.203         0.12370          236
Variogram for Bn & As: Direction n°1 (azm = 0; dip = 0; nlag = 21; tail = 5; head = 4)
    1        0.000         0.00000         1649
    2       16.131         0.10190           28
    3       31.727         0.23816           82
    4       46.140         0.16870          225
    5       60.416         0.07582          371
    6       75.326         0.19469          576
    7       90.799         0.15381         1051
    8      105.396         0.17160         1632
    9      120.213         0.23974         2390
   10      135.026         0.17429         2298
   11      149.982         0.20771         2577
   12      165.266         0.19145         2978
   13      180.220         0.19173         3376
   14      195.113         0.25381         3818
   15      210.270         0.22261         4838
   16      225.036         0.20283         4778
   17      240.072         0.19635         4283
   18      255.056         0.18478         4316
   19      270.091         0.20083         4544
   20      285.378         0.17227         5345
   21      300.047         0.14893         6045
Variogram for Bn & As: Direction n°2 (azm = 0; dip = 90; nlag = 22; tail = 5; head = 4)
    1        0.000         0.00000         1649
    2        2.585        -0.02056           41
    3        9.859        -0.01215           71
    4       20.795         0.00597           66
    5       29.914         0.16501           77
    6       40.220        -0.10023           61
    7       50.433         0.08656           55
    8       60.780         0.09561           91
    9       70.458         0.07425           84
   10       79.572         0.13938           75
   11       89.978         0.24898          101
   12      100.452         0.10265          100
   13      109.607         0.20643          125
   14      120.210         0.38381          134
   15      129.869         0.17732          147
   16      140.050         0.24374          172
   17      150.125         0.26762          179
   18      160.128         0.32061          179
   19      169.798         0.32452          201
   20      179.946         0.34228          186
   21      189.803         0.21250          190
   22      200.192         0.08616          229
Variogram for Bn & Bn: Direction n°1 (azm = 0; dip = 0; nlag = 22; tail = 5; head = 5)
    1        0.000         0.00000         1874
    2        6.588         2.24720            1
    3       15.072         0.62204           34
    4       31.837         0.98101           89
    5       46.050         0.79433          236
    6       60.324         0.69553          394
    7       75.340         0.94241          594
    8       90.833         1.02573         1125
    9      105.350         0.98216         1794
   10      120.238         0.96745         2572
   11      134.957         0.99464         2585
   12      150.061         1.02891         2888
   13      165.257         1.02572         3289
   14      180.207         1.03617         3649
   15      195.154         1.09366         4131
   16      210.287         1.05133         5235
   17      225.064         1.03305         5213
   18      240.141         1.07032         4904
   19      255.025         1.06376         4928
   20      270.074         1.05788         5131
   21      285.376         1.04179         6128
   22      300.087         1.05200         6977
Variogram for Bn & Bn: Direction n°2 (azm = 0; dip = 90; nlag = 22; tail = 5; head = 5)
    1        0.000         0.00000         1874
    2        2.682         0.10634           44
    3        9.780         0.20507           73
    4       20.739         0.22399           71
    5       29.873         0.44103           83
    6       40.339         0.62742           69
    7       50.278         0.69727           57
    8       60.760         0.53360           96
    9       70.429         0.60636           93
   10       79.713         0.72690           83
   11       90.056         0.63362          109
   12      100.512         0.93024          109
   13      109.659         0.69954          135
   14      120.198         1.05640          145
   15      129.877         0.89504          153
   16      139.973         0.95023          190
   17      150.090         1.11219          195
   18      160.025         1.36002          195
   19      169.873         1.25166          224
   20      179.920         1.49313          207
   21      189.842         1.17555          212
   22      200.226         1.15430          248
Variogram for Bn & Cp: Direction n°1 (azm = 0; dip = 0; nlag = 22; tail = 5; head = 6)
    1        0.000         0.00000         1874
    2        6.588         1.40344            1
    3       15.072        -0.25527           34
    4       31.837        -0.31394           89
    5       46.050        -0.24431          236
    6       60.324        -0.12004          394
    7       75.340        -0.35841          594
    8       90.833        -0.22925         1125
    9      105.350        -0.13880         1794
   10      120.238        -0.19992         2572
   11      134.957        -0.23640         2585
   12      150.061        -0.21811         2888
   13      165.257        -0.16401         3289
   14      180.207        -0.15976         3649
   15      195.154        -0.25045         4131
   16      210.287        -0.24694         5235
   17      225.064        -0.16529         5213
   18      240.141        -0.21966         4904
   19      255.025        -0.20881         4928
   20      270.074        -0.21186         5131
   21      285.376        -0.12701         6128
   22      300.087        -0.11641         6977
Variogram for Bn & Cp: Direction n°2 (azm = 0; dip = 90; nlag = 22; tail = 5; head = 6)
    1        0.000         0.00000         1874
    2        2.682         0.00860           44
    3        9.780         0.00084           73
    4       20.739        -0.00457           71
    5       29.873        -0.03170           83
    6       40.339        -0.02543           69
    7       50.278        -0.13072           57
    8       60.760         0.00559           96
    9       70.429        -0.13161           93
   10       79.713        -0.07608           83
   11       90.056        -0.09406          109
   12      100.512        -0.04643          109
   13      109.659        -0.21194          135
   14      120.198        -0.29905          145
   15      129.877        -0.14631          153
   16      139.973        -0.27095          190
   17      150.090        -0.35485          195
   18      160.025        -0.31754          195
   19      169.873        -0.30620          224
   20      179.920        -0.29933          207
   21      189.842        -0.25951          212
   22      200.226        -0.27209          248
Variogram for Bn & Cc: Direction n°1 (azm = 0; dip = 0; nlag = 22; tail = 5; head = 7)
    1        0.000         0.00000         1874
    2        6.588         0.09116            1
    3       15.072         0.00381           34
    4       31.837         0.33238           89
    5       46.050         0.21968          236
    6       60.324         0.22991          394
    7       75.340         0.32789          594
    8       90.833         0.29385         1125
    9      105.350         0.22164         1794
   10      120.238         0.28385         2572
   11      134.957         0.31341         2585
   12      150.061         0.40848         2888
   13      165.257         0.35244         3289
   14      180.207         0.35530         3649
   15      195.154         0.36115         4131
   16      210.287         0.32318         5235
   17      225.064         0.29647         5213
   18      240.141         0.31463         4904
   19      255.025         0.39748         4928
   20      270.074         0.47071         5131
   21      285.376         0.36805         6128
   22      300.087         0.34049         6977
Variogram for Bn & Cc: Direction n°2 (azm = 0; dip = 90; nlag = 22; tail = 5; head = 7)
    1        0.000         0.00000         1874
    2        2.682         0.09946           44
    3        9.780         0.17505           73
    4       20.739         0.19536           71
    5       29.873         0.24553           83
    6       40.339         0.32874           69
    7       50.278         0.31992           57
    8       60.760         0.35724           96
    9       70.429         0.43818           93
   10       79.713         0.43552           83
   11       90.056         0.34823          109
   12      100.512         0.59440          109
   13      109.659         0.17901          135
   14      120.198         0.33929          145
   15      129.877         0.24351          153
   16      139.973         0.34861          190
   17      150.090         0.34486          195
   18      160.025         0.49650          195
   19      169.873         0.35871          224
   20      179.920         0.55992          207
   21      189.842         0.57720          212
   22      200.226         0.42290          248
Variogram for Bn & Cv: Direction n°1 (azm = 0; dip = 0; nlag = 22; tail = 5; head = 8)
    1        0.000         0.00000         1874
    2        6.588         0.10282            1
    3       15.072         0.07433           34
    4       31.837         0.37329           89
    5       46.050         0.21873          236
    6       60.324         0.28096          394
    7       75.340         0.31423          594
    8       90.833         0.18527         1125
    9      105.350         0.19710         1794
   10      120.238         0.22586         2572
   11      134.957         0.27659         2585
   12      150.061         0.37411         2888
   13      165.257         0.33613         3289
   14      180.207         0.30530         3649
   15      195.154         0.29046         4131
   16      210.287         0.22258         5235
   17      225.064         0.24703         5213
   18      240.141         0.26291         4904
   19      255.025         0.35252         4928
   20      270.074         0.39047         5131
   21      285.376         0.36717         6128
   22      300.087         0.32077         6977
Variogram for Bn & Cv: Direction n°2 (azm = 0; dip = 90; nlag = 22; tail = 5; head = 8)
    1        0.000         0.00000         1874
    2        2.682         0.10941           44
    3        9.780         0.17219           73
    4       20.739         0.15264           71
    5       29.873         0.25086           83
    6       40.339         0.16976           69
    7       50.278         0.32374           57
    8       60.760         0.26872           96
    9       70.429         0.38469           93
   10       79.713         0.39745           83
   11       90.056         0.33841          109
   12      100.512         0.59590          109
   13      109.659         0.30285          135
   14      120.198         0.46187          145
   15      129.877         0.40030          153
   16      139.973         0.35205          190
   17      150.090         0.30454          195
   18      160.025         0.34126          195
   19      169.873         0.15781          224
   20      179.920         0.31249          207
   21      189.842         0.33507          212
   22      200.226         0.33288          248
Variogram for Bn & En: Direction n°1 (azm = 0; dip = 0; nlag = 22; tail = 5; head = 9)
    1        0.000         0.00000         1874
    2        6.588         0.10282            1
    3       15.072         0.07190           34
    4       31.837         0.23786           89
    5       46.050         0.29711          236
    6       60.324         0.22959          394
    7       75.340         0.31725          594
    8       90.833         0.29192         1125
    9      105.350         0.33917         1794
   10      120.238         0.28231         2572
   11      134.957         0.30392         2585
   12      150.061         0.32576         2888
   13      165.257         0.27261         3289
   14      180.207         0.30180         3649
   15      195.154         0.28702         4131
   16      210.287         0.27778         5235
   17      225.064         0.29752         5213
   18      240.141         0.28221         4904
   19      255.025         0.33193         4928
   20      270.074         0.36832         5131
   21      285.376         0.33207         6128
   22      300.087         0.32662         6977
Variogram for Bn & En: Direction n°2 (azm = 0; dip = 90; nlag = 22; tail = 5; head = 9)
    1        0.000         0.00000         1874
    2        2.682         0.10571           44
    3        9.780         0.16377           73
    4       20.739         0.14423           71
    5       29.873         0.23968           83
    6       40.339         0.33794           69
    7       50.278         0.31964           57
    8       60.760         0.31158           96
    9       70.429         0.42980           93
   10       79.713         0.40135           83
   11       90.056         0.36672          109
   12      100.512         0.53482          109
   13      109.659         0.19835          135
   14      120.198         0.42847          145
   15      129.877         0.32052          153
   16      139.973         0.32386          190
   17      150.090         0.33151          195
   18      160.025         0.43130          195
   19      169.873         0.21554          224
   20      179.920         0.39377          207
   21      189.842         0.35142          212
   22      200.226         0.31102          248
Variogram for Bn & Py: Direction n°1 (azm = 0; dip = 0; nlag = 22; tail = 5; head = 10)
    1        0.000         0.00000         1874
    2        6.588        -1.67798            1
    3       15.072        -0.33888           34
    4       31.837        -0.19321           89
    5       46.050        -0.16890          236
    6       60.324        -0.12020          394
    7       75.340        -0.13217          594
    8       90.833        -0.24051         1125
    9      105.350        -0.18613         1794
   10      120.238        -0.19924         2572
   11      134.957        -0.20751         2585
   12      150.061        -0.21122         2888
   13      165.257        -0.27570         3289
   14      180.207        -0.26754         3649
   15      195.154        -0.24049         4131
   16      210.287        -0.23317         5235
   17      225.064        -0.24322         5213
   18      240.141        -0.27002         4904
   19      255.025        -0.25210         4928
   20      270.074        -0.26947         5131
   21      285.376        -0.28087         6128
   22      300.087        -0.34402         6977
Variogram for Bn & Py: Direction n°2 (azm = 0; dip = 90; nlag = 22; tail = 5; head = 10)
    1        0.000         0.00000         1874
    2        2.682        -0.00310           44
    3        9.780         0.01079           73
    4       20.739         0.01685           71
    5       29.873        -0.01476           83
    6       40.339        -0.18679           69
    7       50.278        -0.10291           57
    8       60.760        -0.09185           96
    9       70.429        -0.09131           93
   10       79.713        -0.15269           83
   11       90.056        -0.12440          109
   12      100.512        -0.18230          109
   13      109.659        -0.04902          135
   14      120.198        -0.10067          145
   15      129.877        -0.17001          153
   16      139.973        -0.15399          190
   17      150.090        -0.22655          195
   18      160.025        -0.19011          195
   19      169.873        -0.17840          224
   20      179.920        -0.27339          207
   21      189.842        -0.14002          212
   22      200.226        -0.18345          248
Variogram for Bn & Pyr: Direction n°1 (azm = 0; dip = 0; nlag = 22; tail = 5; head = 11)
    1        0.000         0.00000         1874
    2        6.588         0.10600            1
    3       15.072         0.07560           34
    4       31.837         0.25274           89
    5       46.050         0.24547          236
    6       60.324         0.28809          394
    7       75.340         0.31963          594
    8       90.833         0.26120         1125
    9      105.350         0.30141         1794
   10      120.238         0.26240         2572
   11      134.957         0.33395         2585
   12      150.061         0.38855         2888
   13      165.257         0.35936         3289
   14      180.207         0.36885         3649
   15      195.154         0.33527         4131
   16      210.287         0.27682         5235
   17      225.064         0.31860         5213
   18      240.141         0.33059         4904
   19      255.025         0.40724         4928
   20      270.074         0.42881         5131
   21      285.376         0.39544         6128
   22      300.087         0.36863         6977
Variogram for Bn & Pyr: Direction n°2 (azm = 0; dip = 90; nlag = 22; tail = 5; head = 11)
    1        0.000         0.00000         1874
    2        2.682         0.11052           44
    3        9.780         0.18627           73
    4       20.739         0.15704           71
    5       29.873         0.25375           83
    6       40.339         0.36654           69
    7       50.278         0.34395           57
    8       60.760         0.31995           96
    9       70.429         0.40899           93
   10       79.713         0.41896           83
   11       90.056         0.34400          109
   12      100.512         0.61104          109
   13      109.659         0.19018          135
   14      120.198         0.37579          145
   15      129.877         0.36707          153
   16      139.973         0.32999          190
   17      150.090         0.29044          195
   18      160.025         0.39196          195
   19      169.873         0.25683          224
   20      179.920         0.43117          207
   21      189.842         0.40665          212
   22      200.226         0.35086          248
Variogram for Bn & Mol: Direction n°1 (azm = 0; dip = 0; nlag = 22; tail = 5; head = 12)
    1        0.000         0.00000         1874
    2        6.588         0.10706            1
    3       15.072         0.07393           34
    4       31.837         0.18072           89
    5       46.050         0.21066          236
    6       60.324         0.24695          394
    7       75.340         0.25465          594
    8       90.833         0.20068         1125
    9      105.350         0.24601         1794
   10      120.238         0.22894         2572
   11      134.957         0.30147         2585
   12      150.061         0.35650         2888
   13      165.257         0.31163         3289
   14      180.207         0.32631         3649
   15      195.154         0.28803         4131
   16      210.287         0.23243         5235
   17      225.064         0.27044         5213
   18      240.141         0.28058         4904
   19      255.025         0.35583         4928
   20      270.074         0.38452         5131
   21      285.376         0.35533         6128
   22      300.087         0.33069         6977
Variogram for Bn & Mol: Direction n°2 (azm = 0; dip = 90; nlag = 22; tail = 5; head = 12)
    1        0.000         0.00000         1874
    2        2.682         0.09665           44
    3        9.780         0.15691           73
    4       20.739         0.13602           71
    5       29.873         0.16632           83
    6       40.339         0.32854           69
    7       50.278         0.31416           57
    8       60.760         0.30405           96
    9       70.429         0.31876           93
   10       79.713         0.38976           83
   11       90.056         0.31722          109
   12      100.512         0.54798          109
   13      109.659         0.17617          135
   14      120.198         0.34499          145
   15      129.877         0.33523          153
   16      139.973         0.30053          190
   17      150.090         0.26334          195
   18      160.025         0.33331          195
   19      169.873         0.23632          224
   20      179.920         0.40545          207
   21      189.842         0.38590          212
   22      200.226         0.33015          248
Variogram for Bn & Ga: Direction n°1 (azm = 0; dip = 0; nlag = 22; tail = 5; head = 13)
    1        0.000         0.00000         1874
    2        6.588         0.10600            1
    3       15.072         0.07556           34
    4       31.837         0.25222           89
    5       46.050         0.24415          236
    6       60.324         0.28679          394
    7       75.340         0.31859          594
    8       90.833         0.25994         1125
    9      105.350         0.30042         1794
   10      120.238         0.26133         2572
   11      134.957         0.33243         2585
   12      150.061         0.38863         2888
   13      165.257         0.36037         3289
   14      180.207         0.36813         3649
   15      195.154         0.33269         4131
   16      210.287         0.27529         5235
   17      225.064         0.31655         5213
   18      240.141         0.32915         4904
   19      255.025         0.40490         4928
   20      270.074         0.42735         5131
   21      285.376         0.39382         6128
   22      300.087         0.36917         6977
Variogram for Bn & Ga: Direction n°2 (azm = 0; dip = 90; nlag = 22; tail = 5; head = 13)
    1        0.000         0.00000         1874
    2        2.682         0.11042           44
    3        9.780         0.18093           73
    4       20.739         0.15624           71
    5       29.873         0.25335           83
    6       40.339         0.36177           69
    7       50.278         0.34320           57
    8       60.760         0.31945           96
    9       70.429         0.40446           93
   10       79.713         0.41791           83
   11       90.056         0.34269          109
   12      100.512         0.59955          109
   13      109.659         0.18950          135
   14      120.198         0.37143          145
   15      129.877         0.36374          153
   16      139.973         0.32815          190
   17      150.090         0.28942          195
   18      160.025         0.38779          195
   19      169.873         0.25515          224
   20      179.920         0.42986          207
   21      189.842         0.40479          212
   22      200.226         0.34846          248
Variogram for Bn & Sph: Direction n°1 (azm = 0; dip = 0; nlag = 22; tail = 5; head = 14)
    1        0.000         0.00000         1874
    2        6.588         0.10600            1
    3       15.072         0.07560           34
    4       31.837         0.25274           89
    5       46.050         0.24547          236
    6       60.324         0.28809          394
    7       75.340         0.31963          594
    8       90.833         0.26120         1125
    9      105.350         0.30141         1794
   10      120.238         0.26240         2572
   11      134.957         0.33395         2585
   12      150.061         0.38855         2888
   13      165.257         0.35936         3289
   14      180.207         0.36885         3649
   15      195.154         0.33527         4131
   16      210.287         0.27682         5235
   17      225.064         0.31860         5213
   18      240.141         0.33059         4904
   19      255.025         0.40724         4928
   20      270.074         0.42881         5131
   21      285.376         0.39544         6128
   22      300.087         0.36863         6977
Variogram for Bn & Sph: Direction n°2 (azm = 0; dip = 90; nlag = 22; tail = 5; head = 14)
    1        0.000         0.00000         1874
    2        2.682         0.11052           44
    3        9.780         0.18627           73
    4       20.739         0.15704           71
    5       29.873         0.25375           83
    6       40.339         0.36654           69
    7       50.278         0.34395           57
    8       60.760         0.31995           96
    9       70.429         0.40899           93
   10       79.713         0.41896           83
   11       90.056         0.34400          109
   12      100.512         0.61104          109
   13      109.659         0.19018          135
   14      120.198         0.37579          145
   15      129.877         0.36707          153
   16      139.973         0.32999          190
   17      150.090         0.29044          195
   18      160.025         0.39196          195
   19      169.873         0.25683          224
   20      179.920         0.43117          207
   21      189.842         0.40665          212
   22      200.226         0.35086          248
Variogram for Bn & TS: Direction n°1 (azm = 0; dip = 0; nlag = 22; tail = 5; head = 15)
    1        0.000         0.00000         1874
    2        6.588        -1.36104            1
    3       15.072        -0.18917           34
    4       31.837         0.04099           89
    5       46.050        -0.08937          236
    6       60.324         0.05964          394
    7       75.340        -0.16878          594
    8       90.833        -0.05917         1125
    9      105.350        -0.00863         1794
   10      120.238         0.00480         2572
   11      134.957        -0.01778         2585
   12      150.061        -0.06950         2888
   13      165.257        -0.08403         3289
   14      180.207         0.00328         3649
   15      195.154        -0.01234         4131
   16      210.287        -0.02442         5235
   17      225.064        -0.01905         5213
   18      240.141        -0.02778         4904
   19      255.025        -0.04807         4928
   20      270.074        -0.07389         5131
   21      285.376         0.01693         6128
   22      300.087        -0.03242         6977
Variogram for Bn & TS: Direction n°2 (azm = 0; dip = 90; nlag = 22; tail = 5; head = 15)
    1        0.000         0.00000         1874
    2        2.682         0.02252           44
    3        9.780        -0.01395           73
    4       20.739         0.02189           71
    5       29.873        -0.00681           83
    6       40.339        -0.23366           69
    7       50.278        -0.28447           57
    8       60.760         0.07016           96
    9       70.429        -0.09540           93
   10       79.713        -0.11180           83
   11       90.056        -0.02739          109
   12      100.512        -0.17345          109
   13      109.659        -0.09277          135
   14      120.198        -0.11815          145
   15      129.877        -0.16294          153
   16      139.973        -0.05526          190
   17      150.090        -0.02738          195
   18      160.025        -0.00840          195
   19      169.873         0.04205          224
   20      179.920         0.10799          207
   21      189.842         0.08703          212
   22      200.226         0.00981          248
Variogram for Cp & Cu: Direction n°1 (azm = 0; dip = 0; nlag = 21; tail = 6; head = 1)
    1        0.000         0.00000         1690
    2       15.524        -0.07166           31
    3       31.782         0.11959           83
    4       46.125         0.06980          231
    5       60.329         0.12432          384
    6       75.319         0.06837          577
    7       90.842         0.11922         1079
    8      105.373         0.20300         1731
    9      120.188         0.13755         2452
   10      134.995         0.14758         2367
   11      150.026         0.14777         2662
   12      165.261         0.17975         3047
   13      180.200         0.14974         3427
   14      195.121         0.15783         3901
   15      210.306         0.10597         5007
   16      225.019         0.17543         4899
   17      240.117         0.16737         4474
   18      255.038         0.13952         4456
   19      270.066         0.12972         4638
   20      285.375         0.21163         5439
   21      300.065         0.20932         6259
Variogram for Cp & Cu: Direction n°2 (azm = 0; dip = 90; nlag = 22; tail = 6; head = 1)
    1        0.000         0.00000         1690
    2        2.619         0.02163           42
    3        9.859        -0.03423           71
    4       20.795         0.09111           66
    5       29.916         0.01119           79
    6       40.213        -0.08056           63
    7       50.433         0.03414           55
    8       60.780         0.09080           91
    9       70.458         0.09914           84
   10       79.572         0.08820           75
   11       90.024         0.06367          102
   12      100.487         0.10910          101
   13      109.616         0.18763          129
   14      120.207         0.12175          138
   15      129.901         0.19333          150
   16      139.993         0.13093          183
   17      150.094         0.19475          188
   18      160.032         0.23688          192
   19      169.835         0.31897          213
   20      179.961         0.27461          199
   21      189.742         0.29133          198
   22      200.187         0.15639          237
Variogram for Cp & Au: Direction n°1 (azm = 0; dip = 0; nlag = 21; tail = 6; head = 2)
    1        0.000         0.00000         1690
    2       15.524        -0.04641           31
    3       31.782        -0.08979           83
    4       46.125         0.02497          231
    5       60.329         0.04123          384
    6       75.319         0.03356          577
    7       90.842         0.09905         1079
    8      105.373         0.11959         1731
    9      120.188         0.09005         2452
   10      134.995         0.03437         2367
   11      150.026         0.09167         2662
   12      165.261         0.10449         3047
   13      180.200         0.09557         3427
   14      195.121         0.05272         3901
   15      210.306         0.04942         5007
   16      225.019         0.13137         4899
   17      240.117         0.11918         4474
   18      255.038         0.10835         4456
   19      270.066         0.08024         4638
   20      285.375         0.18119         5439
   21      300.065         0.15937         6259
Variogram for Cp & Au: Direction n°2 (azm = 0; dip = 90; nlag = 22; tail = 6; head = 2)
    1        0.000         0.00000         1690
    2        2.619         0.04129           42
    3        9.859         0.00195           71
    4       20.795         0.15080           66
    5       29.916         0.06175           79
    6       40.213        -0.07750           63
    7       50.433         0.02801           55
    8       60.780         0.06459           91
    9       70.458         0.00670           84
   10       79.572         0.13880           75
   11       90.024         0.05107          102
   12      100.487         0.09347          101
   13      109.616         0.06589          129
   14      120.207         0.02446          138
   15      129.901         0.20634          150
   16      139.993        -0.01662          183
   17      150.094         0.15564          188
   18      160.032         0.11064          192
   19      169.835         0.22800          213
   20      179.961         0.16652          199
   21      189.742         0.06407          198
   22      200.187         0.09962          237
Variogram for Cp & Mo: Direction n°1 (azm = 0; dip = 0; nlag = 21; tail = 6; head = 3)
    1        0.000         0.00000         1683
    2       15.524        -0.12619           31
    3       31.782        -0.22926           83
    4       46.085        -0.00305          229
    5       60.386         0.01063          375
    6       75.319        -0.02819          577
    7       90.813        -0.02194         1072
    8      105.414        -0.02499         1686
    9      120.189        -0.03460         2449
   10      135.000        -0.04379         2356
   11      150.020        -0.00995         2645
   12      165.257        -0.02671         3024
   13      180.208        -0.02452         3415
   14      195.119        -0.06485         3877
   15      210.308        -0.02265         4975
   16      225.021        -0.03480         4878
   17      240.112        -0.01131         4440
   18      255.035         0.00566         4429
   19      270.076        -0.01471         4619
   20      285.372         0.01327         5417
   21      300.056         0.06497         6235
Variogram for Cp & Mo: Direction n°2 (azm = 0; dip = 90; nlag = 22; tail = 6; head = 3)
    1        0.000         0.00000         1683
    2        2.619         0.04949           42
    3        9.859        -0.01302           71
    4       20.795         0.06149           66
    5       29.916        -0.02733           79
    6       40.213        -0.07559           63
    7       50.433        -0.10951           55
    8       60.780        -0.08527           91
    9       70.458         0.00443           84
   10       79.572        -0.08185           75
   11       89.978         0.03219          101
   12      100.487         0.02110          101
   13      109.632        -0.02894          128
   14      120.189        -0.07425          137
   15      129.901        -0.02878          150
   16      140.015        -0.12317          182
   17      150.094        -0.05222          188
   18      160.032         0.00326          190
   19      169.831        -0.07770          211
   20      179.961        -0.05332          196
   21      189.742        -0.11818          198
   22      200.203         0.06217          236
Variogram for Cp & As: Direction n°1 (azm = 0; dip = 0; nlag = 21; tail = 6; head = 4)
    1        0.000         0.00000         1649
    2       16.131        -0.08199           28
    3       31.727        -0.29621           82
    4       46.140        -0.29464          225
    5       60.416        -0.19915          371
    6       75.326        -0.26885          576
    7       90.799        -0.24225         1051
    8      105.396        -0.26450         1632
    9      120.213        -0.22608         2390
   10      135.026        -0.31974         2298
   11      149.982        -0.21221         2577
   12      165.266        -0.21018         2978
   13      180.220        -0.23902         3376
   14      195.113        -0.29579         3818
   15      210.270        -0.27051         4838
   16      225.036        -0.29630         4778
   17      240.072        -0.28064         4283
   18      255.056        -0.26898         4316
   19      270.091        -0.25283         4544
   20      285.378        -0.24063         5345
   21      300.047        -0.23236         6045
Variogram for Cp & As: Direction n°2 (azm = 0; dip = 90; nlag = 22; tail = 6; head = 4)
    1        0.000         0.00000         1649
    2        2.585         0.03908           41
    3        9.859        -0.01124           71
    4       20.795        -0.01522           66
    5       29.914        -0.01177           77
    6       40.220         0.03860           61
    7       50.433        -0.26606           55
    8       60.780        -0.25643           91
    9       70.458        -0.12372           84
   10       79.572        -0.17722           75
   11       89.978        -0.07860          101
   12      100.452        -0.14979          100
   13      109.607        -0.16706          125
   14      120.210        -0.23739          134
   15      129.869        -0.25577          147
   16      140.050        -0.29726          172
   17      150.125        -0.29114          179
   18      160.128        -0.34281          179
   19      169.798        -0.43933          201
   20      179.946        -0.49589          186
   21      189.803        -0.34069          190
   22      200.192        -0.26835          229
Variogram for Cp & Bn: Direction n°1 (azm = 0; dip = 0; nlag = 22; tail = 6; head = 5)
    1        0.000         0.00000         1874
    2        6.588         1.40344            1
    3       15.072        -0.25527           34
    4       31.837        -0.31394           89
    5       46.050        -0.24431          236
    6       60.324        -0.12004          394
    7       75.340        -0.35841          594
    8       90.833        -0.22925         1125
    9      105.350        -0.13880         1794
   10      120.238        -0.19992         2572
   11      134.957        -0.23640         2585
   12      150.061        -0.21811         2888
   13      165.257        -0.16401         3289
   14      180.207        -0.15976         3649
   15      195.154        -0.25045         4131
   16      210.287        -0.24694         5235
   17      225.064        -0.16529         5213
   18      240.141        -0.21966         4904
   19      255.025        -0.20881         4928
   20      270.074        -0.21186         5131
   21      285.376        -0.12701         6128
   22      300.087        -0.11641         6977
Variogram for Cp & Bn: Direction n°2 (azm = 0; dip = 90; nlag = 22; tail = 6; head = 5)
    1        0.000         0.00000         1874
    2        2.682         0.00860           44
    3        9.780         0.00084           73
    4       20.739        -0.00457           71
    5       29.873        -0.03170           83
    6       40.339        -0.02543           69
    7       50.278        -0.13072           57
    8       60.760         0.00559           96
    9       70.429        -0.13161           93
   10       79.713        -0.07608           83
   11       90.056        -0.09406          109
   12      100.512        -0.04643          109
   13      109.659        -0.21194          135
   14      120.198        -0.29905          145
   15      129.877        -0.14631          153
   16      139.973        -0.27095          190
   17      150.090        -0.35485          195
   18      160.025        -0.31754          195
   19      169.873        -0.30620          224
   20      179.920        -0.29933          207
   21      189.842        -0.25951          212
   22      200.226        -0.27209          248
Variogram for Cp & Cp: Direction n°1 (azm = 0; dip = 0; nlag = 22; tail = 6; head = 6)
    1        0.000         0.00000         1874
    2        6.588         0.87649            1
    3       15.072         0.70493           34
    4       31.837         1.05678           89
    5       46.050         0.76306          236
    6       60.324         0.78352          394
    7       75.340         0.86673          594
    8       90.833         0.92384         1125
    9      105.350         0.96050         1794
   10      120.238         0.93637         2572
   11      134.957         0.93500         2585
   12      150.061         0.85739         2888
   13      165.257         0.84595         3289
   14      180.207         0.86088         3649
   15      195.154         0.96595         4131
   16      210.287         0.97805         5235
   17      225.064         0.98096         5213
   18      240.141         1.01151         4904
   19      255.025         0.97080         4928
   20      270.074         0.95692         5131
   21      285.376         0.98417         6128
   22      300.087         1.02973         6977
Variogram for Cp & Cp: Direction n°2 (azm = 0; dip = 90; nlag = 22; tail = 6; head = 6)
    1        0.000         0.00000         1874
    2        2.682         0.09770           44
    3        9.780         0.13503           73
    4       20.739         0.19091           71
    5       29.873         0.26669           83
    6       40.339         0.25663           69
    7       50.278         0.54876           57
    8       60.760         0.65765           96
    9       70.429         0.55932           93
   10       79.713         0.51199           83
   11       90.056         0.54300          109
   12      100.512         0.48213          109
   13      109.659         0.71411          135
   14      120.198         0.81034          145
   15      129.877         0.78887          153
   16      139.973         0.87098          190
   17      150.090         0.88260          195
   18      160.025         0.85492          195
   19      169.873         0.99966          224
   20      179.920         1.15180          207
   21      189.842         1.03376          212
   22      200.226         1.06387          248
Variogram for Cp & Cc: Direction n°1 (azm = 0; dip = 0; nlag = 22; tail = 6; head = 7)
    1        0.000         0.00000         1874
    2        6.588         0.05693            1
    3       15.072         0.25202           34
    4       31.837         0.20157           89
    5       46.050         0.03450          236
    6       60.324         0.00553          394
    7       75.340         0.02186          594
    8       90.833         0.05005         1125
    9      105.350        -0.02344         1794
   10      120.238         0.06279         2572
   11      134.957         0.01360         2585
   12      150.061        -0.00594         2888
   13      165.257         0.03690         3289
   14      180.207         0.07923         3649
   15      195.154         0.01166         4131
   16      210.287         0.07272         5235
   17      225.064         0.00829         5213
   18      240.141         0.05917         4904
   19      255.025         0.02767         4928
   20      270.074         0.04338         5131
   21      285.376         0.12069         6128
   22      300.087         0.09446         6977
Variogram for Cp & Cc: Direction n°2 (azm = 0; dip = 90; nlag = 22; tail = 6; head = 7)
    1        0.000         0.00000         1874
    2        2.682         0.01913           44
    3        9.780        -0.03630           73
    4       20.739         0.02553           71
    5       29.873        -0.01948           83
    6       40.339         0.12305           69
    7       50.278         0.02575           57
    8       60.760        -0.02556           96
    9       70.429        -0.07546           93
   10       79.713         0.05185           83
   11       90.056         0.04696          109
   12      100.512         0.04350          109
   13      109.659         0.08579          135
   14      120.198         0.11085          145
   15      129.877         0.16501          153
   16      139.973         0.16316          190
   17      150.090         0.13705          195
   18      160.025        -0.05063          195
   19      169.873        -0.19692          224
   20      179.920        -0.08533          207
   21      189.842        -0.02403          212
   22      200.226        -0.00769          248
Variogram for Cp & Cv: Direction n°1 (azm = 0; dip = 0; nlag = 22; tail = 6; head = 8)
    1        0.000         0.00000         1874
    2        6.588         0.06421            1
    3       15.072         0.25441           34
    4       31.837         0.31115           89
    5       46.050         0.15017          236
    6       60.324         0.17300          394
    7       75.340         0.12054          594
    8       90.833         0.11280         1125
    9      105.350         0.06735         1794
   10      120.238         0.16984         2572
   11      134.957         0.11496         2585
   12      150.061         0.10791         2888
   13      165.257         0.12998         3289
   14      180.207         0.13351         3649
   15      195.154         0.13074         4131
   16      210.287         0.22672         5235
   17      225.064         0.12091         5213
   18      240.141         0.17481         4904
   19      255.025         0.12046         4928
   20      270.074         0.19259         5131
   21      285.376         0.20983         6128
   22      300.087         0.18500         6977
Variogram for Cp & Cv: Direction n°2 (azm = 0; dip = 90; nlag = 22; tail = 6; head = 8)
    1        0.000         0.00000         1874
    2        2.682         0.02150           44
    3        9.780         0.05321           73
    4       20.739         0.00604           71
    5       29.873         0.07859           83
    6       40.339         0.05973           69
    7       50.278        -0.04600           57
    8       60.760        -0.14068           96
    9       70.429         0.07171           93
   10       79.713         0.12031           83
   11       90.056         0.10611          109
   12      100.512         0.10657          109
   13      109.659         0.11589          135
   14      120.198         0.10985          145
   15      129.877         0.19041          153
   16      139.973         0.22036          190
   17      150.090         0.14154          195
   18      160.025         0.04768          195
   19      169.873         0.01161          224
   20      179.920         0.08516          207
   21      189.842         0.15744          212
   22      200.226         0.09495          248
Variogram for Cp & En: Direction n°1 (azm = 0; dip = 0; nlag = 22; tail = 6; head = 9)
    1        0.000         0.00000         1874
    2        6.588         0.06421            1
    3       15.072         0.18367           34
    4       31.837         0.18653           89
    5       46.050        -0.02654          236
    6       60.324         0.02966          394
    7       75.340        -0.03401          594
    8       90.833         0.11680         1125
    9      105.350        -0.01674         1794
   10      120.238         0.09502         2572
   11      134.957         0.04454         2585
   12      150.061         0.03441         2888
   13      165.257         0.01360         3289
   14      180.207         0.05211         3649
   15      195.154         0.02519         4131
   16      210.287         0.12467         5235
   17      225.064         0.09562         5213
   18      240.141         0.08453         4904
   19      255.025         0.04811         4928
   20      270.074         0.08034         5131
   21      285.376         0.03885         6128
   22      300.087         0.08504         6977
Variogram for Cp & En: Direction n°2 (azm = 0; dip = 90; nlag = 22; tail = 6; head = 9)
    1        0.000         0.00000         1874
    2        2.682         0.02126           44
    3        9.780         0.04983           73
    4       20.739         0.00599           71
    5       29.873         0.07268           83
    6       40.339         0.07050           69
    7       50.278         0.06371           57
    8       60.760         0.15402           96
    9       70.429        -0.00257           93
   10       79.713         0.16172           83
   11       90.056         0.07046          109
   12      100.512         0.09142          109
   13      109.659        -0.01881          135
   14      120.198        -0.14679          145
   15      129.877        -0.02600          153
   16      139.973        -0.09053          190
   17      150.090        -0.05086          195
   18      160.025        -0.10105          195
   19      169.873        -0.12541          224
   20      179.920        -0.17646          207
   21      189.842         0.08905          212
   22      200.226         0.05009          248
Variogram for Cp & Py: Direction n°1 (azm = 0; dip = 0; nlag = 22; tail = 6; head = 10)
    1        0.000         0.00000         1874
    2        6.588        -1.04795            1
    3       15.072        -0.03663           34
    4       31.837        -0.18625           89
    5       46.050        -0.24761          236
    6       60.324        -0.32210          394
    7       75.340        -0.26858          594
    8       90.833        -0.27399         1125
    9      105.350        -0.29368         1794
   10      120.238        -0.27530         2572
   11      134.957        -0.30096         2585
   12      150.061        -0.28324         2888
   13      165.257        -0.32007         3289
   14      180.207        -0.32743         3649
   15      195.154        -0.31668         4131
   16      210.287        -0.27231         5235
   17      225.064        -0.33610         5213
   18      240.141        -0.36830         4904
   19      255.025        -0.36219         4928
   20      270.074        -0.33804         5131
   21      285.376        -0.38697         6128
   22      300.087        -0.39537         6977
Variogram for Cp & Py: Direction n°2 (azm = 0; dip = 90; nlag = 22; tail = 6; head = 10)
    1        0.000         0.00000         1874
    2        2.682        -0.06817           44
    3        9.780         0.01136           73
    4       20.739        -0.14117           71
    5       29.873        -0.12512           83
    6       40.339        -0.07166           69
    7       50.278        -0.22360           57
    8       60.760        -0.35060           96
    9       70.429        -0.19954           93
   10       79.713        -0.19337           83
   11       90.056        -0.26018          109
   12      100.512        -0.17503          109
   13      109.659        -0.19722          135
   14      120.198        -0.08269          145
   15      129.877        -0.22616          153
   16      139.973        -0.15275          190
   17      150.090        -0.13511          195
   18      160.025        -0.16095          195
   19      169.873        -0.37296          224
   20      179.920        -0.37261          207
   21      189.842        -0.24226          212
   22      200.226        -0.27133          248
Variogram for Cp & Pyr: Direction n°1 (azm = 0; dip = 0; nlag = 22; tail = 6; head = 11)
    1        0.000         0.00000         1874
    2        6.588         0.06620            1
    3       15.072         0.25671           34
    4       31.837         0.30491           89
    5       46.050         0.15448          236
    6       60.324         0.17289          394
    7       75.340         0.14492          594
    8       90.833         0.21892         1125
    9      105.350         0.18584         1794
   10      120.238         0.22728         2572
   11      134.957         0.19642         2585
   12      150.061         0.16977         2888
   13      165.257         0.17106         3289
   14      180.207         0.21136         3649
   15      195.154         0.19687         4131
   16      210.287         0.27173         5235
   17      225.064         0.23857         5213
   18      240.141         0.23954         4904
   19      255.025         0.19086         4928
   20      270.074         0.22773         5131
   21      285.376         0.25560         6128
   22      300.087         0.25868         6977
Variogram for Cp & Pyr: Direction n°2 (azm = 0; dip = 90; nlag = 22; tail = 6; head = 11)
    1        0.000         0.00000         1874
    2        2.682         0.02167           44
    3        9.780         0.05781           73
    4       20.739         0.00616           71
    5       29.873         0.07930           83
    6       40.339         0.08136           69
    7       50.278         0.09579           57
    8       60.760         0.15154           96
    9       70.429         0.12587           93
   10       79.713         0.16884           83
   11       90.056         0.12282          109
   12      100.512         0.13996          109
   13      109.659         0.09360          135
   14      120.198         0.16925          145
   15      129.877         0.19510          153
   16      139.973         0.19471          190
   17      150.090         0.19899          195
   18      160.025         0.10181          195
   19      169.873         0.07956          224
   20      179.920         0.17844          207
   21      189.842         0.18641          212
   22      200.226         0.22289          248
Variogram for Cp & Mol: Direction n°1 (azm = 0; dip = 0; nlag = 22; tail = 6; head = 12)
    1        0.000         0.00000         1874
    2        6.588         0.06686            1
    3       15.072         0.24623           34
    4       31.837         0.26326           89
    5       46.050         0.17273          236
    6       60.324         0.15414          394
    7       75.340         0.13467          594
    8       90.833         0.21425         1125
    9      105.350         0.17688         1794
   10      120.238         0.22704         2572
   11      134.957         0.19010         2585
   12      150.061         0.17172         2888
   13      165.257         0.17208         3289
   14      180.207         0.20149         3649
   15      195.154         0.19319         4131
   16      210.287         0.25791         5235
   17      225.064         0.22995         5213
   18      240.141         0.24109         4904
   19      255.025         0.19472         4928
   20      270.074         0.23037         5131
   21      285.376         0.24516         6128
   22      300.087         0.25146         6977
Variogram for Cp & Mol: Direction n°2 (azm = 0; dip = 90; nlag = 22; tail = 6; head = 12)
    1        0.000         0.00000         1874
    2        2.682         0.01874           44
    3        9.780         0.04711           73
    4       20.739        -0.00512           71
    5       29.873         0.04932           83
    6       40.339         0.07797           69
    7       50.278         0.11090           57
    8       60.760         0.15056           96
    9       70.429         0.11065           93
   10       79.713         0.16124           83
   11       90.056         0.13393          109
   12      100.512         0.11969          109
   13      109.659         0.09448          135
   14      120.198         0.16739          145
   15      129.877         0.18740          153
   16      139.973         0.19340          190
   17      150.090         0.19300          195
   18      160.025         0.12713          195
   19      169.873         0.08863          224
   20      179.920         0.18118          207
   21      189.842         0.19116          212
   22      200.226         0.21704          248
Variogram for Cp & Ga: Direction n°1 (azm = 0; dip = 0; nlag = 22; tail = 6; head = 13)
    1        0.000         0.00000         1874
    2        6.588         0.06620            1
    3       15.072         0.25629           34
    4       31.837         0.30475           89
    5       46.050         0.15424          236
    6       60.324         0.17286          394
    7       75.340         0.14475          594
    8       90.833         0.21835         1125
    9      105.350         0.18581         1794
   10      120.238         0.22615         2572
   11      134.957         0.19615         2585
   12      150.061         0.17138         2888
   13      165.257         0.16957         3289
   14      180.207         0.21119         3649
   15      195.154         0.19604         4131
   16      210.287         0.27161         5235
   17      225.064         0.23872         5213
   18      240.141         0.23948         4904
   19      255.025         0.19093         4928
   20      270.074         0.22737         5131
   21      285.376         0.25596         6128
   22      300.087         0.25787         6977
Variogram for Cp & Ga: Direction n°2 (azm = 0; dip = 90; nlag = 22; tail = 6; head = 13)
    1        0.000         0.00000         1874
    2        2.682         0.02163           44
    3        9.780         0.05597           73
    4       20.739         0.00611           71
    5       29.873         0.07911           83
    6       40.339         0.08023           69
    7       50.278         0.09637           57
    8       60.760         0.15170           96
    9       70.429         0.12464           93
   10       79.713         0.16862           83
   11       90.056         0.12268          109
   12      100.512         0.13948          109
   13      109.659         0.09364          135
   14      120.198         0.16950          145
   15      129.877         0.19489          153
   16      139.973         0.19432          190
   17      150.090         0.19885          195
   18      160.025         0.10217          195
   19      169.873         0.07984          224
   20      179.920         0.17850          207
   21      189.842         0.18631          212
   22      200.226         0.22272          248
Variogram for Cp & Sph: Direction n°1 (azm = 0; dip = 0; nlag = 22; tail = 6; head = 14)
    1        0.000         0.00000         1874
    2        6.588         0.06620            1
    3       15.072         0.25671           34
    4       31.837         0.30491           89
    5       46.050         0.15448          236
    6       60.324         0.17289          394
    7       75.340         0.14492          594
    8       90.833         0.21892         1125
    9      105.350         0.18584         1794
   10      120.238         0.22728         2572
   11      134.957         0.19642         2585
   12      150.061         0.16977         2888
   13      165.257         0.17106         3289
   14      180.207         0.21136         3649
   15      195.154         0.19687         4131
   16      210.287         0.27173         5235
   17      225.064         0.23857         5213
   18      240.141         0.23954         4904
   19      255.025         0.19086         4928
   20      270.074         0.22773         5131
   21      285.376         0.25560         6128
   22      300.087         0.25868         6977
Variogram for Cp & Sph: Direction n°2 (azm = 0; dip = 90; nlag = 22; tail = 6; head = 14)
    1        0.000         0.00000         1874
    2        2.682         0.02167           44
    3        9.780         0.05781           73
    4       20.739         0.00616           71
    5       29.873         0.07930           83
    6       40.339         0.08136           69
    7       50.278         0.09579           57
    8       60.760         0.15154           96
    9       70.429         0.12587           93
   10       79.713         0.16884           83
   11       90.056         0.12282          109
   12      100.512         0.13996          109
   13      109.659         0.09360          135
   14      120.198         0.16925          145
   15      129.877         0.19510          153
   16      139.973         0.19471          190
   17      150.090         0.19899          195
   18      160.025         0.10181          195
   19      169.873         0.07956          224
   20      179.920         0.17844          207
   21      189.842         0.18641          212
   22      200.226         0.22289          248
Variogram for Cp & TS: Direction n°1 (azm = 0; dip = 0; nlag = 22; tail = 6; head = 15)
    1        0.000         0.00000         1874
    2        6.588        -0.85001            1
    3       15.072         0.18338           34
    4       31.837         0.05949           89
    5       46.050         0.03018          236
    6       60.324         0.06752          394
    7       75.340         0.04365          594
    8       90.833         0.14579         1125
    9      105.350         0.10822         1794
   10      120.238         0.09572         2572
   11      134.957         0.07809         2585
   12      150.061         0.09526         2888
   13      165.257         0.13644         3289
   14      180.207         0.11061         3649
   15      195.154         0.10204         4131
   16      210.287         0.08108         5235
   17      225.064         0.08731         5213
   18      240.141         0.05137         4904
   19      255.025         0.12479         4928
   20      270.074         0.14227         5131
   21      285.376         0.14817         6128
   22      300.087         0.14345         6977
Variogram for Cp & TS: Direction n°2 (azm = 0; dip = 90; nlag = 22; tail = 6; head = 15)
    1        0.000         0.00000         1874
    2        2.682         0.03156           44
    3        9.780        -0.00001           73
    4       20.739         0.07795           71
    5       29.873         0.04428           83
    6       40.339        -0.07331           69
    7       50.278         0.02577           57
    8       60.760         0.02863           96
    9       70.429         0.04834           93
   10       79.713        -0.04432           83
   11       90.056         0.11045          109
   12      100.512         0.02932          109
   13      109.659         0.02802          135
   14      120.198         0.11860          145
   15      129.877         0.08638          153
   16      139.973         0.08286          190
   17      150.090         0.16188          195
   18      160.025         0.22429          195
   19      169.873         0.23938          224
   20      179.920         0.21311          207
   21      189.842         0.23243          212
   22      200.226         0.09320          248
Variogram for Cc & Cu: Direction n°1 (azm = 0; dip = 0; nlag = 21; tail = 7; head = 1)
    1        0.000         0.00000         1690
    2       15.524         0.02283           31
    3       31.782         0.07326           83
    4       46.125        -0.00913          231
    5       60.329         0.01545          384
    6       75.319         0.04428          577
    7       90.842         0.15277         1079
    8      105.373         0.07425         1731
    9      120.188         0.08398         2452
   10      134.995         0.05973         2367
   11      150.026         0.04513         2662
   12      165.261         0.01601         3047
   13      180.200         0.11009         3427
   14      195.121         0.05833         3901
   15      210.306         0.01941         5007
   16      225.019         0.05622         4899
   17      240.117         0.03693         4474
   18      255.038         0.00604         4456
   19      270.066         0.04984         4638
   20      285.375         0.08324         5439
   21      300.065         0.04142         6259
Variogram for Cc & Cu: Direction n°2 (azm = 0; dip = 90; nlag = 22; tail = 7; head = 1)
    1        0.000         0.00000         1690
    2        2.619        -0.00312           42
    3        9.859         0.08151           71
    4       20.795        -0.01009           66
    5       29.916         0.05638           79
    6       40.213        -0.10482           63
    7       50.433        -0.00676           55
    8       60.780         0.02071           91
    9       70.458         0.07465           84
   10       79.572         0.13222           75
   11       90.024         0.11405          102
   12      100.487         0.10751          101
   13      109.616         0.04085          129
   14      120.207         0.04017          138
   15      129.901         0.11714          150
   16      139.993         0.02699          183
   17      150.094         0.04159          188
   18      160.032        -0.12889          192
   19      169.835         0.01977          213
   20      179.961         0.13617          199
   21      189.742         0.08801          198
   22      200.187         0.09023          237
Variogram for Cc & Au: Direction n°1 (azm = 0; dip = 0; nlag = 21; tail = 7; head = 2)
    1        0.000         0.00000         1690
    2       15.524        -0.41716           31
    3       31.782         0.00685           83
    4       46.125        -0.02107          231
    5       60.329         0.06284          384
    6       75.319        -0.02994          577
    7       90.842         0.13229         1079
    8      105.373         0.03349         1731
    9      120.188         0.00383         2452
   10      134.995         0.01216         2367
   11      150.026         0.05816         2662
   12      165.261         0.03623         3047
   13      180.200         0.14185         3427
   14      195.121         0.03661         3901
   15      210.306        -0.00144         5007
   16      225.019         0.03789         4899
   17      240.117         0.02689         4474
   18      255.038        -0.00561         4456
   19      270.066         0.02560         4638
   20      285.375         0.08775         5439
   21      300.065         0.04948         6259
Variogram for Cc & Au: Direction n°2 (azm = 0; dip = 90; nlag = 22; tail = 7; head = 2)
    1        0.000         0.00000         1690
    2        2.619         0.06290           42
    3        9.859         0.02859           71
    4       20.795         0.04396           66
    5       29.916         0.00281           79
    6       40.213        -0.15034           63
    7       50.433         0.04846           55
    8       60.780        -0.02905           91
    9       70.458         0.07453           84
   10       79.572         0.00193           75
   11       90.024         0.06933          102
   12      100.487         0.13120          101
   13      109.616         0.08668          129
   14      120.207         0.00219          138
   15      129.901        -0.07916          150
   16      139.993        -0.12676          183
   17      150.094         0.04473          188
   18      160.032        -0.19056          192
   19      169.835        -0.08795          213
   20      179.961         0.00400          199
   21      189.742         0.00942          198
   22      200.187        -0.04665          237
Variogram for Cc & Mo: Direction n°1 (azm = 0; dip = 0; nlag = 21; tail = 7; head = 3)
    1        0.000         0.00000         1683
    2       15.524        -0.17183           31
    3       31.782        -0.13043           83
    4       46.085         0.07753          229
    5       60.386         0.02368          375
    6       75.319        -0.05812          577
    7       90.813         0.00391         1072
    8      105.414        -0.00344         1686
    9      120.189        -0.01163         2449
   10      135.000        -0.01797         2356
   11      150.020         0.00611         2645
   12      165.257        -0.00381         3024
   13      180.208         0.05275         3415
   14      195.119        -0.02958         3877
   15      210.308        -0.01413         4975
   16      225.021         0.00211         4878
   17      240.112         0.01212         4440
   18      255.035        -0.02043         4429
   19      270.076        -0.01847         4619
   20      285.372        -0.03224         5417
   21      300.056        -0.01517         6235
Variogram for Cc & Mo: Direction n°2 (azm = 0; dip = 90; nlag = 22; tail = 7; head = 3)
    1        0.000         0.00000         1683
    2        2.619         0.02919           42
    3        9.859         0.01510           71
    4       20.795        -0.02731           66
    5       29.916         0.11383           79
    6       40.213        -0.01215           63
    7       50.433        -0.08634           55
    8       60.780         0.01538           91
    9       70.458         0.03741           84
   10       79.572         0.05010           75
   11       89.978         0.04776          101
   12      100.487         0.04868          101
   13      109.632         0.07913          128
   14      120.189         0.05925          137
   15      129.901         0.05823          150
   16      140.015         0.12461          182
   17      150.094         0.12049          188
   18      160.032         0.03413          190
   19      169.831         0.18393          211
   20      179.961         0.12372          196
   21      189.742         0.16074          198
   22      200.203         0.18352          236
Variogram for Cc & As: Direction n°1 (azm = 0; dip = 0; nlag = 21; tail = 7; head = 4)
    1        0.000         0.00000         1649
    2       16.131         0.05489           28
    3       31.727         0.08909           82
    4       46.140         0.15989          225
    5       60.416         0.09389          371
    6       75.326         0.08121          576
    7       90.799         0.05384         1051
    8      105.396         0.10635         1632
    9      120.213         0.06392         2390
   10      135.026         0.12740         2298
   11      149.982         0.18803         2577
   12      165.266         0.10583         2978
   13      180.220         0.18399         3376
   14      195.113         0.12980         3818
   15      210.270         0.07624         4838
   16      225.036         0.14259         4778
   17      240.072         0.15761         4283
   18      255.056         0.11794         4316
   19      270.091         0.15109         4544
   20      285.378         0.12867         5345
   21      300.047         0.08736         6045
Variogram for Cc & As: Direction n°2 (azm = 0; dip = 90; nlag = 22; tail = 7; head = 4)
    1        0.000         0.00000         1649
    2        2.585        -0.01345           41
    3        9.859         0.03910           71
    4       20.795         0.05045           66
    5       29.914         0.16486           77
    6       40.220        -0.04333           61
    7       50.433        -0.10462           55
    8       60.780         0.15306           91
    9       70.458         0.15041           84
   10       79.572         0.00962           75
   11       89.978         0.26966          101
   12      100.452        -0.02442          100
   13      109.607         0.14945          125
   14      120.210         0.11239          134
   15      129.869         0.08532          147
   16      140.050         0.10757          172
   17      150.125         0.14847          179
   18      160.128         0.07106          179
   19      169.798         0.26164          201
   20      179.946         0.20251          186
   21      189.803         0.24591          190
   22      200.192         0.06318          229
Variogram for Cc & Bn: Direction n°1 (azm = 0; dip = 0; nlag = 22; tail = 7; head = 5)
    1        0.000         0.00000         1874
    2        6.588         0.09116            1
    3       15.072         0.00381           34
    4       31.837         0.33238           89
    5       46.050         0.21968          236
    6       60.324         0.22991          394
    7       75.340         0.32789          594
    8       90.833         0.29385         1125
    9      105.350         0.22164         1794
   10      120.238         0.28385         2572
   11      134.957         0.31341         2585
   12      150.061         0.40848         2888
   13      165.257         0.35244         3289
   14      180.207         0.35530         3649
   15      195.154         0.36115         4131
   16      210.287         0.32318         5235
   17      225.064         0.29647         5213
   18      240.141         0.31463         4904
   19      255.025         0.39748         4928
   20      270.074         0.47071         5131
   21      285.376         0.36805         6128
   22      300.087         0.34049         6977
Variogram for Cc & Bn: Direction n°2 (azm = 0; dip = 90; nlag = 22; tail = 7; head = 5)
    1        0.000         0.00000         1874
    2        2.682         0.09946           44
    3        9.780         0.17505           73
    4       20.739         0.19536           71
    5       29.873         0.24553           83
    6       40.339         0.32874           69
    7       50.278         0.31992           57
    8       60.760         0.35724           96
    9       70.429         0.43818           93
   10       79.713         0.43552           83
   11       90.056         0.34823          109
   12      100.512         0.59440          109
   13      109.659         0.17901          135
   14      120.198         0.33929          145
   15      129.877         0.24351          153
   16      139.973         0.34861          190
   17      150.090         0.34486          195
   18      160.025         0.49650          195
   19      169.873         0.35871          224
   20      179.920         0.55992          207
   21      189.842         0.57720          212
   22      200.226         0.42290          248
Variogram for Cc & Cp: Direction n°1 (azm = 0; dip = 0; nlag = 22; tail = 7; head = 6)
    1        0.000         0.00000         1874
    2        6.588         0.05693            1
    3       15.072         0.25202           34
    4       31.837         0.20157           89
    5       46.050         0.03450          236
    6       60.324         0.00553          394
    7       75.340         0.02186          594
    8       90.833         0.05005         1125
    9      105.350        -0.02344         1794
   10      120.238         0.06279         2572
   11      134.957         0.01360         2585
   12      150.061        -0.00594         2888
   13      165.257         0.03690         3289
   14      180.207         0.07923         3649
   15      195.154         0.01166         4131
   16      210.287         0.07272         5235
   17      225.064         0.00829         5213
   18      240.141         0.05917         4904
   19      255.025         0.02767         4928
   20      270.074         0.04338         5131
   21      285.376         0.12069         6128
   22      300.087         0.09446         6977
Variogram for Cc & Cp: Direction n°2 (azm = 0; dip = 90; nlag = 22; tail = 7; head = 6)
    1        0.000         0.00000         1874
    2        2.682         0.01913           44
    3        9.780        -0.03630           73
    4       20.739         0.02553           71
    5       29.873        -0.01948           83
    6       40.339         0.12305           69
    7       50.278         0.02575           57
    8       60.760        -0.02556           96
    9       70.429        -0.07546           93
   10       79.713         0.05185           83
   11       90.056         0.04696          109
   12      100.512         0.04350          109
   13      109.659         0.08579          135
   14      120.198         0.11085          145
   15      129.877         0.16501          153
   16      139.973         0.16316          190
   17      150.090         0.13705          195
   18      160.025        -0.05063          195
   19      169.873        -0.19692          224
   20      179.920        -0.08533          207
   21      189.842        -0.02403          212
   22      200.226        -0.00769          248
Variogram for Cc & Cc: Direction n°1 (azm = 0; dip = 0; nlag = 22; tail = 7; head = 7)
    1        0.000         0.00000         1874
    2        6.588         0.00370            1
    3       15.072         0.84355           34
    4       31.837         0.77164           89
    5       46.050         0.99588          236
    6       60.324         1.07042          394
    7       75.340         0.70643          594
    8       90.833         0.89801         1125
    9      105.350         0.96628         1794
   10      120.238         0.97834         2572
   11      134.957         0.91243         2585
   12      150.061         0.95604         2888
   13      165.257         0.87283         3289
   14      180.207         0.96923         3649
   15      195.154         0.91563         4131
   16      210.287         0.92134         5235
   17      225.064         0.99926         5213
   18      240.141         1.00509         4904
   19      255.025         0.90547         4928
   20      270.074         0.87485         5131
   21      285.376         0.91068         6128
   22      300.087         0.90227         6977
Variogram for Cc & Cc: Direction n°2 (azm = 0; dip = 90; nlag = 22; tail = 7; head = 7)
    1        0.000         0.00000         1874
    2        2.682         0.10623           44
    3        9.780         0.29637           73
    4       20.739         0.27802           71
    5       29.873         0.49304           83
    6       40.339         0.47877           69
    7       50.278         0.54713           57
    8       60.760         0.74358           96
    9       70.429         0.72254           93
   10       79.713         0.70882           83
   11       90.056         0.71480          109
   12      100.512         1.07063          109
   13      109.659         0.76634          135
   14      120.198         0.72387          145
   15      129.877         0.94913          153
   16      139.973         0.84988          190
   17      150.090         1.04106          195
   18      160.025         1.11197          195
   19      169.873         1.11132          224
   20      179.920         1.16309          207
   21      189.842         1.19710          212
   22      200.226         0.85594          248
Variogram for Cc & Cv: Direction n°1 (azm = 0; dip = 0; nlag = 22; tail = 7; head = 8)
    1        0.000         0.00000         1874
    2        6.588         0.00417            1
    3       15.072         0.28670           34
    4       31.837         0.56834           89
    5       46.050         0.38694          236
    6       60.324         0.39566          394
    7       75.340         0.47853          594
    8       90.833         0.51784         1125
    9      105.350         0.55162         1794
   10      120.238         0.50714         2572
   11      134.957         0.52789         2585
   12      150.061         0.56199         2888
   13      165.257         0.52495         3289
   14      180.207         0.60135         3649
   15      195.154         0.55516         4131
   16      210.287         0.52860         5235
   17      225.064         0.56691         5213
   18      240.141         0.59360         4904
   19      255.025         0.64775         4928
   20      270.074         0.60980         5131
   21      285.376         0.59347         6128
   22      300.087         0.58707         6977
Variogram for Cc & Cv: Direction n°2 (azm = 0; dip = 90; nlag = 22; tail = 7; head = 8)
    1        0.000         0.00000         1874
    2        2.682         0.10898           44
    3        9.780         0.17638           73
    4       20.739         0.19300           71
    5       29.873         0.25546           83
    6       40.339         0.31695           69
    7       50.278         0.38175           57
    8       60.760         0.53407           96
    9       70.429         0.53868           93
   10       79.713         0.44289           83
   11       90.056         0.45982          109
   12      100.512         0.64411          109
   13      109.659         0.34666          135
   14      120.198         0.64548          145
   15      129.877         0.82781          153
   16      139.973         0.70682          190
   17      150.090         0.64732          195
   18      160.025         0.70976          195
   19      169.873         0.42812          224
   20      179.920         0.68836          207
   21      189.842         0.79793          212
   22      200.226         0.58314          248
Variogram for Cc & En: Direction n°1 (azm = 0; dip = 0; nlag = 22; tail = 7; head = 9)
    1        0.000         0.00000         1874
    2        6.588         0.00417            1
    3       15.072         0.26711           34
    4       31.837         0.53486           89
    5       46.050         0.25285          236
    6       60.324         0.19018          394
    7       75.340         0.44084          594
    8       90.833         0.32523         1125
    9      105.350         0.40609         1794
   10      120.238         0.44046         2572
   11      134.957         0.43910         2585
   12      150.061         0.44277         2888
   13      165.257         0.46216         3289
   14      180.207         0.44399         3649
   15      195.154         0.46726         4131
   16      210.287         0.43694         5235
   17      225.064         0.45027         5213
   18      240.141         0.48222         4904
   19      255.025         0.53625         4928
   20      270.074         0.53231         5131
   21      285.376         0.47699         6128
   22      300.087         0.47759         6977
Variogram for Cc & En: Direction n°2 (azm = 0; dip = 90; nlag = 22; tail = 7; head = 9)
    1        0.000         0.00000         1874
    2        2.682         0.10521           44
    3        9.780         0.16397           73
    4       20.739         0.17936           71
    5       29.873         0.24225           83
    6       40.339         0.32632           69
    7       50.278         0.37785           57
    8       60.760         0.47085           96
    9       70.429         0.44666           93
   10       79.713         0.44129           83
   11       90.056         0.41754          109
   12      100.512         0.64568          109
   13      109.659         0.37765          135
   14      120.198         0.55918          145
   15      129.877         0.57672          153
   16      139.973         0.48617          190
   17      150.090         0.55183          195
   18      160.025         0.55075          195
   19      169.873         0.36617          224
   20      179.920         0.46209          207
   21      189.842         0.61259          212
   22      200.226         0.50839          248
Variogram for Cc & Py: Direction n°1 (azm = 0; dip = 0; nlag = 22; tail = 7; head = 10)
    1        0.000         0.00000         1874
    2        6.588        -0.06807            1
    3       15.072        -0.08328           34
    4       31.837         0.02558           89
    5       46.050        -0.01348          236
    6       60.324        -0.12331          394
    7       75.340        -0.01999          594
    8       90.833        -0.06426         1125
    9      105.350         0.02408         1794
   10      120.238        -0.02206         2572
   11      134.957        -0.01984         2585
   12      150.061        -0.03711         2888
   13      165.257        -0.05056         3289
   14      180.207        -0.08325         3649
   15      195.154         0.00751         4131
   16      210.287        -0.03544         5235
   17      225.064        -0.01587         5213
   18      240.141        -0.03320         4904
   19      255.025         0.00176         4928
   20      270.074        -0.04261         5131
   21      285.376        -0.05879         6128
   22      300.087        -0.07177         6977
Variogram for Cc & Py: Direction n°2 (azm = 0; dip = 90; nlag = 22; tail = 7; head = 10)
    1        0.000         0.00000         1874
    2        2.682        -0.00356           44
    3        9.780         0.00274           73
    4       20.739         0.02649           71
    5       29.873        -0.04336           83
    6       40.339        -0.05350           69
    7       50.278        -0.08977           57
    8       60.760         0.01299           96
    9       70.429        -0.01315           93
   10       79.713        -0.09996           83
   11       90.056         0.00684          109
   12      100.512        -0.12693          109
   13      109.659        -0.09860          135
   14      120.198         0.00129          145
   15      129.877         0.09603          153
   16      139.973         0.09433          190
   17      150.090         0.05683          195
   18      160.025         0.13634          195
   19      169.873         0.11485          224
   20      179.920        -0.00557          207
   21      189.842         0.11105          212
   22      200.226         0.04519          248
Variogram for Cc & Pyr: Direction n°1 (azm = 0; dip = 0; nlag = 22; tail = 7; head = 11)
    1        0.000         0.00000         1874
    2        6.588         0.00430            1
    3       15.072         0.29071           34
    4       31.837         0.58739           89
    5       46.050         0.42888          236
    6       60.324         0.40919          394
    7       75.340         0.50691          594
    8       90.833         0.46335         1125
    9      105.350         0.47953         1794
   10      120.238         0.51543         2572
   11      134.957         0.52660         2585
   12      150.061         0.55291         2888
   13      165.257         0.55459         3289
   14      180.207         0.59731         3649
   15      195.154         0.57885         4131
   16      210.287         0.54421         5235
   17      225.064         0.52826         5213
   18      240.141         0.57530         4904
   19      255.025         0.62911         4928
   20      270.074         0.62707         5131
   21      285.376         0.61136         6128
   22      300.087         0.59060         6977
Variogram for Cc & Pyr: Direction n°2 (azm = 0; dip = 90; nlag = 22; tail = 7; head = 11)
    1        0.000         0.00000         1874
    2        2.682         0.11027           44
    3        9.780         0.19924           73
    4       20.739         0.20078           71
    5       29.873         0.26113           83
    6       40.339         0.36309           69
    7       50.278         0.41301           57
    8       60.760         0.49501           96
    9       70.429         0.51667           93
   10       79.713         0.47072           83
   11       90.056         0.47048          109
   12      100.512         0.73139          109
   13      109.659         0.42476          135
   14      120.198         0.65676          145
   15      129.877         0.66454          153
   16      139.973         0.66080          190
   17      150.090         0.65068          195
   18      160.025         0.73622          195
   19      169.873         0.41880          224
   20      179.920         0.58090          207
   21      189.842         0.73778          212
   22      200.226         0.54400          248
Variogram for Cc & Mol: Direction n°1 (azm = 0; dip = 0; nlag = 22; tail = 7; head = 12)
    1        0.000         0.00000         1874
    2        6.588         0.00434            1
    3       15.072         0.27385           34
    4       31.837         0.52709           89
    5       46.050         0.38124          236
    6       60.324         0.29337          394
    7       75.340         0.45228          594
    8       90.833         0.38350         1125
    9      105.350         0.40879         1794
   10      120.238         0.46621         2572
   11      134.957         0.47377         2585
   12      150.061         0.50519         2888
   13      165.257         0.48284         3289
   14      180.207         0.53794         3649
   15      195.154         0.50800         4131
   16      210.287         0.48205         5235
   17      225.064         0.45969         5213
   18      240.141         0.52156         4904
   19      255.025         0.55298         4928
   20      270.074         0.55864         5131
   21      285.376         0.54698         6128
   22      300.087         0.53112         6977
Variogram for Cc & Mol: Direction n°2 (azm = 0; dip = 90; nlag = 22; tail = 7; head = 12)
    1        0.000         0.00000         1874
    2        2.682         0.09501           44
    3        9.780         0.15523           73
    4       20.739         0.17088           71
    5       29.873         0.16560           83
    6       40.339         0.31444           69
    7       50.278         0.36559           57
    8       60.760         0.45933           96
    9       70.429         0.39356           93
   10       79.713         0.43007           83
   11       90.056         0.39450          109
   12      100.512         0.64400          109
   13      109.659         0.40125          135
   14      120.198         0.59926          145
   15      129.877         0.61236          153
   16      139.973         0.61383          190
   17      150.090         0.60603          195
   18      160.025         0.65772          195
   19      169.873         0.38772          224
   20      179.920         0.54704          207
   21      189.842         0.70172          212
   22      200.226         0.51371          248
Variogram for Cc & Ga: Direction n°1 (azm = 0; dip = 0; nlag = 22; tail = 7; head = 13)
    1        0.000         0.00000         1874
    2        6.588         0.00430            1
    3       15.072         0.29003           34
    4       31.837         0.58628           89
    5       46.050         0.42706          236
    6       60.324         0.40678          394
    7       75.340         0.50540          594
    8       90.833         0.46069         1125
    9      105.350         0.47776         1794
   10      120.238         0.51311         2572
   11      134.957         0.52423         2585
   12      150.061         0.55035         2888
   13      165.257         0.55039         3289
   14      180.207         0.59427         3649
   15      195.154         0.57498         4131
   16      210.287         0.54172         5235
   17      225.064         0.52503         5213
   18      240.141         0.57277         4904
   19      255.025         0.62538         4928
   20      270.074         0.62372         5131
   21      285.376         0.60697         6128
   22      300.087         0.58754         6977
Variogram for Cc & Ga: Direction n°2 (azm = 0; dip = 90; nlag = 22; tail = 7; head = 13)
    1        0.000         0.00000         1874
    2        2.682         0.11014           44
    3        9.780         0.19049           73
    4       20.739         0.19915           71
    5       29.873         0.26005           83
    6       40.339         0.35533           69
    7       50.278         0.41127           57
    8       60.760         0.49328           96
    9       70.429         0.50905           93
   10       79.713         0.46878           83
   11       90.056         0.46831          109
   12      100.512         0.71488          109
   13      109.659         0.42352          135
   14      120.198         0.64938          145
   15      129.877         0.65899          153
   16      139.973         0.65777          190
   17      150.090         0.64898          195
   18      160.025         0.73018          195
   19      169.873         0.41614          224
   20      179.920         0.57923          207
   21      189.842         0.73479          212
   22      200.226         0.54040          248
Variogram for Cc & Sph: Direction n°1 (azm = 0; dip = 0; nlag = 22; tail = 7; head = 14)
    1        0.000         0.00000         1874
    2        6.588         0.00430            1
    3       15.072         0.29071           34
    4       31.837         0.58739           89
    5       46.050         0.42888          236
    6       60.324         0.40919          394
    7       75.340         0.50691          594
    8       90.833         0.46335         1125
    9      105.350         0.47953         1794
   10      120.238         0.51543         2572
   11      134.957         0.52660         2585
   12      150.061         0.55291         2888
   13      165.257         0.55459         3289
   14      180.207         0.59731         3649
   15      195.154         0.57885         4131
   16      210.287         0.54421         5235
   17      225.064         0.52826         5213
   18      240.141         0.57530         4904
   19      255.025         0.62911         4928
   20      270.074         0.62707         5131
   21      285.376         0.61136         6128
   22      300.087         0.59060         6977
Variogram for Cc & Sph: Direction n°2 (azm = 0; dip = 90; nlag = 22; tail = 7; head = 14)
    1        0.000         0.00000         1874
    2        2.682         0.11027           44
    3        9.780         0.19924           73
    4       20.739         0.20078           71
    5       29.873         0.26113           83
    6       40.339         0.36309           69
    7       50.278         0.41301           57
    8       60.760         0.49501           96
    9       70.429         0.51667           93
   10       79.713         0.47072           83
   11       90.056         0.47048          109
   12      100.512         0.73139          109
   13      109.659         0.42476          135
   14      120.198         0.65676          145
   15      129.877         0.66454          153
   16      139.973         0.66080          190
   17      150.090         0.65068          195
   18      160.025         0.73622          195
   19      169.873         0.41880          224
   20      179.920         0.58090          207
   21      189.842         0.73778          212
   22      200.226         0.54400          248
Variogram for Cc & TS: Direction n°1 (azm = 0; dip = 0; nlag = 22; tail = 7; head = 15)
    1        0.000         0.00000         1874
    2        6.588        -0.05521            1
    3       15.072         0.12346           34
    4       31.837        -0.01021           89
    5       46.050        -0.11333          236
    6       60.324         0.02290          394
    7       75.340        -0.04814          594
    8       90.833         0.05569         1125
    9      105.350         0.05217         1794
   10      120.238        -0.01410         2572
   11      134.957         0.02051         2585
   12      150.061         0.00175         2888
   13      165.257        -0.05422         3289
   14      180.207         0.04846         3649
   15      195.154         0.00786         4131
   16      210.287        -0.05405         5235
   17      225.064        -0.03987         5213
   18      240.141        -0.01276         4904
   19      255.025        -0.06451         4928
   20      270.074        -0.01403         5131
   21      285.376         0.03235         6128
   22      300.087        -0.05992         6977
Variogram for Cc & TS: Direction n°2 (azm = 0; dip = 90; nlag = 22; tail = 7; head = 15)
    1        0.000         0.00000         1874
    2        2.682         0.02475           44
    3        9.780         0.03328           73
    4       20.739         0.01951           71
    5       29.873         0.02292           83
    6       40.339        -0.14375           69
    7       50.278        -0.33695           57
    8       60.760         0.07519           96
    9       70.429        -0.03948           93
   10       79.713        -0.06220           83
   11       90.056        -0.01314          109
   12      100.512        -0.05248          109
   13      109.659        -0.06247          135
   14      120.198        -0.15110          145
   15      129.877        -0.13530          153
   16      139.973        -0.01295          190
   17      150.090         0.08840          195
   18      160.025        -0.08842          195
   19      169.873        -0.06655          224
   20      179.920         0.01032          207
   21      189.842         0.03099          212
   22      200.226        -0.06158          248
Variogram for Cv & Cu: Direction n°1 (azm = 0; dip = 0; nlag = 21; tail = 8; head = 1)
    1        0.000         0.00000         1690
    2       15.524        -0.04780           31
    3       31.782         0.11062           83
    4       46.125        -0.00320          231
    5       60.329         0.01820          384
    6       75.319        -0.00932          577
    7       90.842         0.07888         1079
    8      105.373         0.03917         1731
    9      120.188         0.01318         2452
   10      134.995         0.03722         2367
   11      150.026         0.01262         2662
   12      165.261        -0.00034         3047
   13      180.200         0.03407         3427
   14      195.121        -0.00839         3901
   15      210.306        -0.03451         5007
   16      225.019        -0.01381         4899
   17      240.117        -0.00285         4474
   18      255.038        -0.03156         4456
   19      270.066        -0.03580         4638
   20      285.375         0.00598         5439
   21      300.065        -0.02419         6259
Variogram for Cv & Cu: Direction n°2 (azm = 0; dip = 90; nlag = 22; tail = 8; head = 1)
    1        0.000         0.00000         1690
    2        2.619        -0.01100           42
    3        9.859         0.00108           71
    4       20.795        -0.04483           66
    5       29.916         0.03704           79
    6       40.213        -0.18891           63
    7       50.433        -0.06601           55
    8       60.780         0.00669           91
    9       70.458         0.06524           84
   10       79.572        -0.03279           75
   11       90.024         0.10241          102
   12      100.487         0.08351          101
   13      109.616         0.07519          129
   14      120.207         0.33807          138
   15      129.901         0.23214          150
   16      139.993         0.19977          183
   17      150.094         0.01232          188
   18      160.032        -0.20333          192
   19      169.835        -0.08072          213
   20      179.961         0.01424          199
   21      189.742        -0.10130          198
   22      200.187        -0.05223          237
Variogram for Cv & Au: Direction n°1 (azm = 0; dip = 0; nlag = 21; tail = 8; head = 2)
    1        0.000         0.00000         1690
    2       15.524        -0.09642           31
    3       31.782         0.03124           83
    4       46.125        -0.08591          231
    5       60.329         0.02122          384
    6       75.319        -0.06353          577
    7       90.842         0.01087         1079
    8      105.373        -0.04174         1731
    9      120.188        -0.04284         2452
   10      134.995        -0.04657         2367
   11      150.026         0.01075         2662
   12      165.261        -0.01012         3047
   13      180.200         0.02741         3427
   14      195.121        -0.05855         3901
   15      210.306        -0.04352         5007
   16      225.019        -0.07379         4899
   17      240.117        -0.01978         4474
   18      255.038        -0.04823         4456
   19      270.066        -0.01359         4638
   20      285.375         0.03298         5439
   21      300.065         0.00022         6259
Variogram for Cv & Au: Direction n°2 (azm = 0; dip = 90; nlag = 22; tail = 8; head = 2)
    1        0.000         0.00000         1690
    2        2.619         0.05207           42
    3        9.859        -0.00848           71
    4       20.795         0.00094           66
    5       29.916         0.01455           79
    6       40.213        -0.11910           63
    7       50.433         0.09601           55
    8       60.780         0.04591           91
    9       70.458         0.07646           84
   10       79.572        -0.04290           75
   11       90.024         0.05407          102
   12      100.487        -0.01320          101
   13      109.616        -0.07051          129
   14      120.207        -0.07252          138
   15      129.901         0.00389          150
   16      139.993        -0.08104          183
   17      150.094         0.01080          188
   18      160.032        -0.20887          192
   19      169.835        -0.11943          213
   20      179.961        -0.03648          199
   21      189.742        -0.10857          198
   22      200.187        -0.08541          237
Variogram for Cv & Mo: Direction n°1 (azm = 0; dip = 0; nlag = 21; tail = 8; head = 3)
    1        0.000         0.00000         1683
    2       15.524        -0.09379           31
    3       31.782        -0.27958           83
    4       46.085        -0.01704          229
    5       60.386        -0.05357          375
    6       75.319        -0.05691          577
    7       90.813        -0.02087         1072
    8      105.414        -0.01034         1686
    9      120.189        -0.05099         2449
   10      135.000        -0.02676         2356
   11      150.020        -0.03593         2645
   12      165.257        -0.02427         3024
   13      180.208         0.03725         3415
   14      195.119        -0.04536         3877
   15      210.308        -0.06900         4975
   16      225.021        -0.05947         4878
   17      240.112        -0.04407         4440
   18      255.035        -0.05845         4429
   19      270.076        -0.06961         4619
   20      285.372        -0.08527         5417
   21      300.056        -0.03736         6235
Variogram for Cv & Mo: Direction n°2 (azm = 0; dip = 90; nlag = 22; tail = 8; head = 3)
    1        0.000         0.00000         1683
    2        2.619         0.03623           42
    3        9.859        -0.01597           71
    4       20.795        -0.06361           66
    5       29.916         0.06810           79
    6       40.213        -0.09755           63
    7       50.433        -0.00652           55
    8       60.780         0.13888           91
    9       70.458         0.00000           84
   10       79.572        -0.01333           75
   11       89.978         0.10133          101
   12      100.487         0.15821          101
   13      109.632         0.10521          128
   14      120.189         0.22000          137
   15      129.901         0.11292          150
   16      140.015         0.20446          182
   17      150.094         0.11713          188
   18      160.032        -0.00716          190
   19      169.831         0.09042          211
   20      179.961         0.08014          196
   21      189.742         0.07270          198
   22      200.203         0.18405          236
Variogram for Cv & As: Direction n°1 (azm = 0; dip = 0; nlag = 21; tail = 8; head = 4)
    1        0.000         0.00000         1649
    2       16.131         0.08255           28
    3       31.727         0.05022           82
    4       46.140        -0.04625          225
    5       60.416        -0.01531          371
    6       75.326         0.00446          576
    7       90.799         0.04511         1051
    8      105.396         0.07431         1632
    9      120.213         0.02320         2390
   10      135.026         0.05512         2298
   11      149.982         0.11028         2577
   12      165.266         0.06649         2978
   13      180.220         0.16183         3376
   14      195.113         0.06255         3818
   15      210.270        -0.02118         4838
   16      225.036         0.02619         4778
   17      240.072         0.05671         4283
   18      255.056         0.03911         4316
   19      270.091         0.06111         4544
   20      285.378         0.01502         5345
   21      300.047         0.02656         6045
Variogram for Cv & As: Direction n°2 (azm = 0; dip = 90; nlag = 22; tail = 8; head = 4)
    1        0.000         0.00000         1649
    2        2.585        -0.02350           41
    3        9.859        -0.02895           71
    4       20.795        -0.12183           66
    5       29.914         0.09999           77
    6       40.220        -0.16320           61
    7       50.433        -0.00487           55
    8       60.780         0.33519           91
    9       70.458         0.13044           84
   10       79.572        -0.06442           75
   11       89.978         0.17995          101
   12      100.452        -0.12505          100
   13      109.607         0.14580          125
   14      120.210         0.31527          134
   15      129.869         0.16306          147
   16      140.050         0.24190          172
   17      150.125         0.11592          179
   18      160.128        -0.09084          179
   19      169.798         0.01174          201
   20      179.946         0.02626          186
   21      189.803         0.11544          190
   22      200.192         0.00073          229
Variogram for Cv & Bn: Direction n°1 (azm = 0; dip = 0; nlag = 22; tail = 8; head = 5)
    1        0.000         0.00000         1874
    2        6.588         0.10282            1
    3       15.072         0.07433           34
    4       31.837         0.37329           89
    5       46.050         0.21873          236
    6       60.324         0.28096          394
    7       75.340         0.31423          594
    8       90.833         0.18527         1125
    9      105.350         0.19710         1794
   10      120.238         0.22586         2572
   11      134.957         0.27659         2585
   12      150.061         0.37411         2888
   13      165.257         0.33613         3289
   14      180.207         0.30530         3649
   15      195.154         0.29046         4131
   16      210.287         0.22258         5235
   17      225.064         0.24703         5213
   18      240.141         0.26291         4904
   19      255.025         0.35252         4928
   20      270.074         0.39047         5131
   21      285.376         0.36717         6128
   22      300.087         0.32077         6977
Variogram for Cv & Bn: Direction n°2 (azm = 0; dip = 90; nlag = 22; tail = 8; head = 5)
    1        0.000         0.00000         1874
    2        2.682         0.10941           44
    3        9.780         0.17219           73
    4       20.739         0.15264           71
    5       29.873         0.25086           83
    6       40.339         0.16976           69
    7       50.278         0.32374           57
    8       60.760         0.26872           96
    9       70.429         0.38469           93
   10       79.713         0.39745           83
   11       90.056         0.33841          109
   12      100.512         0.59590          109
   13      109.659         0.30285          135
   14      120.198         0.46187          145
   15      129.877         0.40030          153
   16      139.973         0.35205          190
   17      150.090         0.30454          195
   18      160.025         0.34126          195
   19      169.873         0.15781          224
   20      179.920         0.31249          207
   21      189.842         0.33507          212
   22      200.226         0.33288          248
Variogram for Cv & Cp: Direction n°1 (azm = 0; dip = 0; nlag = 22; tail = 8; head = 6)
    1        0.000         0.00000         1874
    2        6.588         0.06421            1
    3       15.072         0.25441           34
    4       31.837         0.31115           89
    5       46.050         0.15017          236
    6       60.324         0.17300          394
    7       75.340         0.12054          594
    8       90.833         0.11280         1125
    9      105.350         0.06735         1794
   10      120.238         0.16984         2572
   11      134.957         0.11496         2585
   12      150.061         0.10791         2888
   13      165.257         0.12998         3289
   14      180.207         0.13351         3649
   15      195.154         0.13074         4131
   16      210.287         0.22672         5235
   17      225.064         0.12091         5213
   18      240.141         0.17481         4904
   19      255.025         0.12046         4928
   20      270.074         0.19259         5131
   21      285.376         0.20983         6128
   22      300.087         0.18500         6977
Variogram for Cv & Cp: Direction n°2 (azm = 0; dip = 90; nlag = 22; tail = 8; head = 6)
    1        0.000         0.00000         1874
    2        2.682         0.02150           44
    3        9.780         0.05321           73
    4       20.739         0.00604           71
    5       29.873         0.07859           83
    6       40.339         0.05973           69
    7       50.278        -0.04600           57
    8       60.760        -0.14068           96
    9       70.429         0.07171           93
   10       79.713         0.12031           83
   11       90.056         0.10611          109
   12      100.512         0.10657          109
   13      109.659         0.11589          135
   14      120.198         0.10985          145
   15      129.877         0.19041          153
   16      139.973         0.22036          190
   17      150.090         0.14154          195
   18      160.025         0.04768          195
   19      169.873         0.01161          224
   20      179.920         0.08516          207
   21      189.842         0.15744          212
   22      200.226         0.09495          248
Variogram for Cv & Cc: Direction n°1 (azm = 0; dip = 0; nlag = 22; tail = 8; head = 7)
    1        0.000         0.00000         1874
    2        6.588         0.00417            1
    3       15.072         0.28670           34
    4       31.837         0.56834           89
    5       46.050         0.38694          236
    6       60.324         0.39566          394
    7       75.340         0.47853          594
    8       90.833         0.51784         1125
    9      105.350         0.55162         1794
   10      120.238         0.50714         2572
   11      134.957         0.52789         2585
   12      150.061         0.56199         2888
   13      165.257         0.52495         3289
   14      180.207         0.60135         3649
   15      195.154         0.55516         4131
   16      210.287         0.52860         5235
   17      225.064         0.56691         5213
   18      240.141         0.59360         4904
   19      255.025         0.64775         4928
   20      270.074         0.60980         5131
   21      285.376         0.59347         6128
   22      300.087         0.58707         6977
Variogram for Cv & Cc: Direction n°2 (azm = 0; dip = 90; nlag = 22; tail = 8; head = 7)
    1        0.000         0.00000         1874
    2        2.682         0.10898           44
    3        9.780         0.17638           73
    4       20.739         0.19300           71
    5       29.873         0.25546           83
    6       40.339         0.31695           69
    7       50.278         0.38175           57
    8       60.760         0.53407           96
    9       70.429         0.53868           93
   10       79.713         0.44289           83
   11       90.056         0.45982          109
   12      100.512         0.64411          109
   13      109.659         0.34666          135
   14      120.198         0.64548          145
   15      129.877         0.82781          153
   16      139.973         0.70682          190
   17      150.090         0.64732          195
   18      160.025         0.70976          195
   19      169.873         0.42812          224
   20      179.920         0.68836          207
   21      189.842         0.79793          212
   22      200.226         0.58314          248
Variogram for Cv & Cv: Direction n°1 (azm = 0; dip = 0; nlag = 22; tail = 8; head = 8)
    1        0.000         0.00000         1874
    2        6.588         0.00470            1
    3       15.072         0.29321           34
    4       31.837         0.77513           89
    5       46.050         0.48532          236
    6       60.324         0.52873          394
    7       75.340         0.61423          594
    8       90.833         0.80950         1125
    9      105.350         0.80376         1794
   10      120.238         0.71462         2572
   11      134.957         0.78031         2585
   12      150.061         0.76456         2888
   13      165.257         0.75155         3289
   14      180.207         0.82690         3649
   15      195.154         0.88676         4131
   16      210.287         0.75531         5235
   17      225.064         0.83839         5213
   18      240.141         0.84926         4904
   19      255.025         0.88916         4928
   20      270.074         0.83064         5131
   21      285.376         0.81830         6128
   22      300.087         0.80402         6977
Variogram for Cv & Cv: Direction n°2 (azm = 0; dip = 90; nlag = 22; tail = 8; head = 8)
    1        0.000         0.00000         1874
    2        2.682         0.12519           44
    3        9.780         0.24030           73
    4       20.739         0.31157           71
    5       29.873         0.31430           83
    6       40.339         0.69732           69
    7       50.278         0.67518           57
    8       60.760         0.86018           96
    9       70.429         0.64121           93
   10       79.713         0.75657           83
   11       90.056         0.62108          109
   12      100.512         1.16578          109
   13      109.659         0.86044          135
   14      120.198         1.18838          145
   15      129.877         1.06144          153
   16      139.973         1.07811          190
   17      150.090         0.90016          195
   18      160.025         0.88512          195
   19      169.873         0.75627          224
   20      179.920         0.76047          207
   21      189.842         0.89116          212
   22      200.226         0.79073          248
Variogram for Cv & En: Direction n°1 (azm = 0; dip = 0; nlag = 22; tail = 8; head = 9)
    1        0.000         0.00000         1874
    2        6.588         0.00470            1
    3       15.072         0.27238           34
    4       31.837         0.53481           89
    5       46.050         0.36517          236
    6       60.324         0.43964          394
    7       75.340         0.46046          594
    8       90.833         0.38270         1125
    9      105.350         0.46715         1794
   10      120.238         0.45336         2572
   11      134.957         0.47484         2585
   12      150.061         0.51415         2888
   13      165.257         0.49954         3289
   14      180.207         0.50415         3649
   15      195.154         0.56143         4131
   16      210.287         0.52727         5235
   17      225.064         0.50763         5213
   18      240.141         0.57311         4904
   19      255.025         0.64128         4928
   20      270.074         0.62951         5131
   21      285.376         0.57683         6128
   22      300.087         0.57093         6977
Variogram for Cv & En: Direction n°2 (azm = 0; dip = 90; nlag = 22; tail = 8; head = 9)
    1        0.000         0.00000         1874
    2        2.682         0.12080           44
    3        9.780         0.22414           73
    4       20.739         0.28204           71
    5       29.873         0.29741           83
    6       40.339         0.43211           69
    7       50.278         0.41614           57
    8       60.760         0.47639           96
    9       70.429         0.53280           93
   10       79.713         0.63481           83
   11       90.056         0.41575          109
   12      100.512         0.50804          109
   13      109.659         0.34592          135
   14      120.198         0.58283          145
   15      129.877         0.59582          153
   16      139.973         0.50883          190
   17      150.090         0.55744          195
   18      160.025         0.65259          195
   19      169.873         0.46212          224
   20      179.920         0.49631          207
   21      189.842         0.72228          212
   22      200.226         0.55492          248
Variogram for Cv & Py: Direction n°1 (azm = 0; dip = 0; nlag = 22; tail = 8; head = 10)
    1        0.000         0.00000         1874
    2        6.588        -0.07678            1
    3       15.072        -0.05965           34
    4       31.837        -0.05114           89
    5       46.050        -0.04624          236
    6       60.324        -0.00594          394
    7       75.340        -0.02014          594
    8       90.833         0.01461         1125
    9      105.350         0.04744         1794
   10      120.238         0.00837         2572
   11      134.957         0.01455         2585
   12      150.061        -0.00045         2888
   13      165.257        -0.03753         3289
   14      180.207        -0.03807         3649
   15      195.154         0.01962         4131
   16      210.287        -0.01189         5235
   17      225.064         0.02863         5213
   18      240.141        -0.01458         4904
   19      255.025         0.02102         4928
   20      270.074        -0.02426         5131
   21      285.376        -0.04294         6128
   22      300.087        -0.04054         6977
Variogram for Cv & Py: Direction n°2 (azm = 0; dip = 90; nlag = 22; tail = 8; head = 10)
    1        0.000         0.00000         1874
    2        2.682        -0.00259           44
    3        9.780         0.05195           73
    4       20.739         0.09866           71
    5       29.873        -0.00895           83
    6       40.339         0.01677           69
    7       50.278         0.03986           57
    8       60.760         0.13713           96
    9       70.429         0.03254           93
   10       79.713         0.01610           83
   11       90.056         0.04539          109
   12      100.512        -0.02826          109
   13      109.659         0.09444          135
   14      120.198         0.13881          145
   15      129.877         0.09949          153
   16      139.973         0.29038          190
   17      150.090         0.13783          195
   18      160.025         0.15377          195
   19      169.873         0.11340          224
   20      179.920         0.01736          207
   21      189.842         0.11328          212
   22      200.226        -0.02394          248
Variogram for Cv & Pyr: Direction n°1 (azm = 0; dip = 0; nlag = 22; tail = 8; head = 11)
    1        0.000         0.00000         1874
    2        6.588         0.00485            1
    3       15.072         0.29761           34
    4       31.837         0.58881           89
    5       46.050         0.46403          236
    6       60.324         0.54518          394
    7       75.340         0.55070          594
    8       90.833         0.54784         1125
    9      105.350         0.55943         1794
   10      120.238         0.55970         2572
   11      134.957         0.59993         2585
   12      150.061         0.63310         2888
   13      165.257         0.63399         3289
   14      180.207         0.65526         3649
   15      195.154         0.68203         4131
   16      210.287         0.65594         5235
   17      225.064         0.62247         5213
   18      240.141         0.66837         4904
   19      255.025         0.75207         4928
   20      270.074         0.74620         5131
   21      285.376         0.73117         6128
   22      300.087         0.69858         6977
Variogram for Cv & Pyr: Direction n°2 (azm = 0; dip = 90; nlag = 22; tail = 8; head = 11)
    1        0.000         0.00000         1874
    2        2.682         0.12682           44
    3        9.780         0.26829           73
    4       20.739         0.34893           71
    5       29.873         0.32294           83
    6       40.339         0.51576           69
    7       50.278         0.45773           57
    8       60.760         0.50907           96
    9       70.429         0.61737           93
   10       79.713         0.68490           83
   11       90.056         0.54944          109
   12      100.512         0.88655          109
   13      109.659         0.46858          135
   14      120.198         0.72836          145
   15      129.877         0.75624          153
   16      139.973         0.73045          190
   17      150.090         0.71310          195
   18      160.025         0.81856          195
   19      169.873         0.56857          224
   20      179.920         0.60288          207
   21      189.842         0.81827          212
   22      200.226         0.63513          248
Variogram for Cv & Mol: Direction n°1 (azm = 0; dip = 0; nlag = 22; tail = 8; head = 12)
    1        0.000         0.00000         1874
    2        6.588         0.00490            1
    3       15.072         0.27868           34
    4       31.837         0.52650           89
    5       46.050         0.40626          236
    6       60.324         0.45987          394
    7       75.340         0.49148          594
    8       90.833         0.46222         1125
    9      105.350         0.47944         1794
   10      120.238         0.51390         2572
   11      134.957         0.53511         2585
   12      150.061         0.57661         2888
   13      165.257         0.55069         3289
   14      180.207         0.58843         3649
   15      195.154         0.60441         4131
   16      210.287         0.58502         5235
   17      225.064         0.55138         5213
   18      240.141         0.61214         4904
   19      255.025         0.66922         4928
   20      270.074         0.66407         5131
   21      285.376         0.65588         6128
   22      300.087         0.63183         6977
Variogram for Cv & Mol: Direction n°2 (azm = 0; dip = 90; nlag = 22; tail = 8; head = 12)
    1        0.000         0.00000         1874
    2        2.682         0.10971           44
    3        9.780         0.21534           73
    4       20.739         0.27269           71
    5       29.873         0.21930           83
    6       40.339         0.41494           69
    7       50.278         0.40456           57
    8       60.760         0.46352           96
    9       70.429         0.47937           93
   10       79.713         0.61920           83
   11       90.056         0.49786          109
   12      100.512         0.77577          109
   13      109.659         0.43104          135
   14      120.198         0.65692          145
   15      129.877         0.69615          153
   16      139.973         0.67770          190
   17      150.090         0.65179          195
   18      160.025         0.72870          195
   19      169.873         0.52243          224
   20      179.920         0.56501          207
   21      189.842         0.77428          212
   22      200.226         0.59745          248
Variogram for Cv & Ga: Direction n°1 (azm = 0; dip = 0; nlag = 22; tail = 8; head = 13)
    1        0.000         0.00000         1874
    2        6.588         0.00485            1
    3       15.072         0.29684           34
    4       31.837         0.58764           89
    5       46.050         0.46173          236
    6       60.324         0.54226          394
    7       75.340         0.54901          594
    8       90.833         0.54467         1125
    9      105.350         0.55731         1794
   10      120.238         0.55691         2572
   11      134.957         0.59681         2585
   12      150.061         0.63001         2888
   13      165.257         0.62881         3289
   14      180.207         0.65161         3649
   15      195.154         0.67738         4131
   16      210.287         0.65268         5235
   17      225.064         0.61835         5213
   18      240.141         0.66528         4904
   19      255.025         0.74745         4928
   20      270.074         0.74209         5131
   21      285.376         0.72525         6128
   22      300.087         0.69489         6977
Variogram for Cv & Ga: Direction n°2 (azm = 0; dip = 90; nlag = 22; tail = 8; head = 13)
    1        0.000         0.00000         1874
    2        2.682         0.12662           44
    3        9.780         0.25759           73
    4       20.739         0.33527           71
    5       29.873         0.32106           83
    6       40.339         0.49640           69
    7       50.278         0.45564           57
    8       60.760         0.50643           96
    9       70.429         0.60744           93
   10       79.713         0.68137           83
   11       90.056         0.54663          109
   12      100.512         0.86668          109
   13      109.659         0.46634          135
   14      120.198         0.71927          145
   15      129.877         0.74967          153
   16      139.973         0.72690          190
   17      150.090         0.70893          195
   18      160.025         0.81152          195
   19      169.873         0.56374          224
   20      179.920         0.60100          207
   21      189.842         0.81468          212
   22      200.226         0.63080          248
Variogram for Cv & Sph: Direction n°1 (azm = 0; dip = 0; nlag = 22; tail = 8; head = 14)
    1        0.000         0.00000         1874
    2        6.588         0.00485            1
    3       15.072         0.29761           34
    4       31.837         0.58881           89
    5       46.050         0.46403          236
    6       60.324         0.54518          394
    7       75.340         0.55070          594
    8       90.833         0.54784         1125
    9      105.350         0.55943         1794
   10      120.238         0.55970         2572
   11      134.957         0.59993         2585
   12      150.061         0.63310         2888
   13      165.257         0.63399         3289
   14      180.207         0.65526         3649
   15      195.154         0.68203         4131
   16      210.287         0.65594         5235
   17      225.064         0.62247         5213
   18      240.141         0.66837         4904
   19      255.025         0.75207         4928
   20      270.074         0.74620         5131
   21      285.376         0.73117         6128
   22      300.087         0.69858         6977
Variogram for Cv & Sph: Direction n°2 (azm = 0; dip = 90; nlag = 22; tail = 8; head = 14)
    1        0.000         0.00000         1874
    2        2.682         0.12682           44
    3        9.780         0.26829           73
    4       20.739         0.34893           71
    5       29.873         0.32294           83
    6       40.339         0.51576           69
    7       50.278         0.45773           57
    8       60.760         0.50907           96
    9       70.429         0.61737           93
   10       79.713         0.68490           83
   11       90.056         0.54944          109
   12      100.512         0.88655          109
   13      109.659         0.46858          135
   14      120.198         0.72836          145
   15      129.877         0.75624          153
   16      139.973         0.73045          190
   17      150.090         0.71310          195
   18      160.025         0.81856          195
   19      169.873         0.56857          224
   20      179.920         0.60288          207
   21      189.842         0.81827          212
   22      200.226         0.63513          248
Variogram for Cv & TS: Direction n°1 (azm = 0; dip = 0; nlag = 22; tail = 8; head = 15)
    1        0.000         0.00000         1874
    2        6.588        -0.06227            1
    3       15.072         0.10191           34
    4       31.837         0.06020           89
    5       46.050         0.02451          236
    6       60.324         0.06782          394
    7       75.340        -0.10089          594
    8       90.833        -0.03408         1125
    9      105.350         0.02326         1794
   10      120.238        -0.03659         2572
   11      134.957        -0.05410         2585
   12      150.061        -0.05320         2888
   13      165.257        -0.09179         3289
   14      180.207        -0.03885         3649
   15      195.154        -0.11912         4131
   16      210.287        -0.09481         5235
   17      225.064        -0.09161         5213
   18      240.141        -0.09507         4904
   19      255.025        -0.11715         4928
   20      270.074        -0.08297         5131
   21      285.376        -0.05452         6128
   22      300.087        -0.11966         6977
Variogram for Cv & TS: Direction n°2 (azm = 0; dip = 90; nlag = 22; tail = 8; head = 15)
    1        0.000         0.00000         1874
    2        2.682         0.02754           44
    3        9.780         0.00090           73
    4       20.739        -0.16581           71
    5       29.873         0.00459           83
    6       40.339        -0.30045           69
    7       50.278        -0.40365           57
    8       60.760        -0.08875           96
    9       70.429        -0.04094           93
   10       79.713        -0.25825           83
   11       90.056        -0.06883          109
   12      100.512        -0.26485          109
   13      109.659        -0.13148          135
   14      120.198        -0.03163          145
   15      129.877        -0.05597          153
   16      139.973         0.10794          190
   17      150.090        -0.04022          195
   18      160.025        -0.15990          195
   19      169.873        -0.17222          224
   20      179.920        -0.05226          207
   21      189.842        -0.09166          212
   22      200.226        -0.19300          248
Variogram for En & Cu: Direction n°1 (azm = 0; dip = 0; nlag = 21; tail = 9; head = 1)
    1        0.000         0.00000         1690
    2       15.524        -0.01648           31
    3       31.782         0.05686           83
    4       46.125        -0.02243          231
    5       60.329         0.01595          384
    6       75.319        -0.02937          577
    7       90.842        -0.05203         1079
    8      105.373        -0.01976         1731
    9      120.188        -0.01102         2452
   10      134.995        -0.04082         2367
   11      150.026        -0.05789         2662
   12      165.261        -0.07984         3047
   13      180.200        -0.03506         3427
   14      195.121        -0.03789         3901
   15      210.306        -0.01966         5007
   16      225.019        -0.04456         4899
   17      240.117        -0.06370         4474
   18      255.038        -0.10157         4456
   19      270.066        -0.08406         4638
   20      285.375        -0.07294         5439
   21      300.065        -0.06176         6259
Variogram for En & Cu: Direction n°2 (azm = 0; dip = 90; nlag = 22; tail = 9; head = 1)
    1        0.000         0.00000         1690
    2        2.619        -0.01058           42
    3        9.859         0.00009           71
    4       20.795        -0.04059           66
    5       29.916         0.02875           79
    6       40.213        -0.08113           63
    7       50.433        -0.04674           55
    8       60.780         0.04110           91
    9       70.458         0.05753           84
   10       79.572         0.00273           75
   11       90.024        -0.00562          102
   12      100.487        -0.13415          101
   13      109.616        -0.16761          129
   14      120.207        -0.03962          138
   15      129.901        -0.01570          150
   16      139.993        -0.05085          183
   17      150.094        -0.09777          188
   18      160.032        -0.22542          192
   19      169.835        -0.17326          213
   20      179.961        -0.06944          199
   21      189.742        -0.06252          198
   22      200.187        -0.06400          237
Variogram for En & Au: Direction n°1 (azm = 0; dip = 0; nlag = 21; tail = 9; head = 2)
    1        0.000         0.00000         1690
    2       15.524        -0.18941           31
    3       31.782         0.02138           83
    4       46.125        -0.06481          231
    5       60.329         0.00264          384
    6       75.319        -0.02223          577
    7       90.842         0.07799         1079
    8      105.373         0.04637         1731
    9      120.188        -0.02235         2452
   10      134.995        -0.05493         2367
   11      150.026        -0.00199         2662
   12      165.261        -0.00188         3047
   13      180.200         0.05552         3427
   14      195.121        -0.03347         3901
   15      210.306        -0.02008         5007
   16      225.019        -0.04021         4899
   17      240.117        -0.04557         4474
   18      255.038        -0.05585         4456
   19      270.066        -0.04357         4638
   20      285.375        -0.02784         5439
   21      300.065        -0.00195         6259
Variogram for En & Au: Direction n°2 (azm = 0; dip = 90; nlag = 22; tail = 9; head = 2)
    1        0.000         0.00000         1690
    2        2.619         0.04991           42
    3        9.859        -0.00838           71
    4       20.795         0.00169           66
    5       29.916        -0.00571           79
    6       40.213        -0.07345           63
    7       50.433        -0.05286           55
    8       60.780        -0.03353           91
    9       70.458         0.03337           84
   10       79.572         0.00362           75
   11       90.024         0.05326          102
   12      100.487         0.07044          101
   13      109.616         0.05418          129
   14      120.207        -0.03664          138
   15      129.901        -0.04749          150
   16      139.993        -0.08823          183
   17      150.094         0.01843          188
   18      160.032        -0.25557          192
   19      169.835        -0.25303          213
   20      179.961        -0.08812          199
   21      189.742        -0.04678          198
   22      200.187        -0.16438          237
Variogram for En & Mo: Direction n°1 (azm = 0; dip = 0; nlag = 21; tail = 9; head = 3)
    1        0.000         0.00000         1683
    2       15.524        -0.06751           31
    3       31.782        -0.10982           83
    4       46.085        -0.03016          229
    5       60.386         0.05718          375
    6       75.319         0.01012          577
    7       90.813        -0.06106         1072
    8      105.414         0.02382         1686
    9      120.189        -0.05670         2449
   10      135.000        -0.05956         2356
   11      150.020        -0.02321         2645
   12      165.257        -0.00786         3024
   13      180.208         0.04393         3415
   14      195.119        -0.02214         3877
   15      210.308        -0.00991         4975
   16      225.021        -0.02126         4878
   17      240.112        -0.04471         4440
   18      255.035        -0.05373         4429
   19      270.076        -0.05135         4619
   20      285.372        -0.06253         5417
   21      300.056        -0.00896         6235
Variogram for En & Mo: Direction n°2 (azm = 0; dip = 90; nlag = 22; tail = 9; head = 3)
    1        0.000         0.00000         1683
    2        2.619         0.03478           42
    3        9.859        -0.00954           71
    4       20.795        -0.05694           66
    5       29.916         0.06708           79
    6       40.213        -0.04986           63
    7       50.433        -0.06867           55
    8       60.780        -0.04790           91
    9       70.458        -0.08911           84
   10       79.572        -0.02031           75
   11       89.978         0.04937          101
   12      100.487        -0.00822          101
   13      109.632         0.09592          128
   14      120.189         0.19120          137
   15      129.901         0.17662          150
   16      140.015         0.09527          182
   17      150.094         0.13132          188
   18      160.032         0.01926          190
   19      169.831         0.09158          211
   20      179.961         0.07473          196
   21      189.742         0.00342          198
   22      200.203         0.14327          236
Variogram for En & As: Direction n°1 (azm = 0; dip = 0; nlag = 21; tail = 9; head = 4)
    1        0.000         0.00000         1649
    2       16.131         0.09148           28
    3       31.727         0.11746           82
    4       46.140         0.08806          225
    5       60.416         0.20772          371
    6       75.326         0.22482          576
    7       90.799         0.07041         1051
    8      105.396         0.25341         1632
    9      120.213         0.12845         2390
   10      135.026         0.12277         2298
   11      149.982         0.17392         2577
   12      165.266         0.13595         2978
   13      180.220         0.19492         3376
   14      195.113         0.14326         3818
   15      210.270         0.10325         4838
   16      225.036         0.09895         4778
   17      240.072         0.13260         4283
   18      255.056         0.11070         4316
   19      270.091         0.14887         4544
   20      285.378         0.16493         5345
   21      300.047         0.13241         6045
Variogram for En & As: Direction n°2 (azm = 0; dip = 90; nlag = 22; tail = 9; head = 4)
    1        0.000         0.00000         1649
    2        2.585        -0.02597           41
    3        9.859        -0.02929           71
    4       20.795        -0.11021           66
    5       29.914         0.08947           77
    6       40.220        -0.14693           61
    7       50.433        -0.14932           55
    8       60.780         0.04912           91
    9       70.458         0.19833           84
   10       79.572        -0.06553           75
   11       89.978         0.14490          101
   12      100.452        -0.03699          100
   13      109.607         0.09392          125
   14      120.210         0.36665          134
   15      129.869         0.23448          147
   16      140.050         0.29563          172
   17      150.125         0.22270          179
   18      160.128         0.05333          179
   19      169.798         0.13358          201
   20      179.946         0.20007          186
   21      189.803         0.19552          190
   22      200.192         0.07009          229
Variogram for En & Bn: Direction n°1 (azm = 0; dip = 0; nlag = 22; tail = 9; head = 5)
    1        0.000         0.00000         1874
    2        6.588         0.10282            1
    3       15.072         0.07190           34
    4       31.837         0.23786           89
    5       46.050         0.29711          236
    6       60.324         0.22959          394
    7       75.340         0.31725          594
    8       90.833         0.29192         1125
    9      105.350         0.33917         1794
   10      120.238         0.28231         2572
   11      134.957         0.30392         2585
   12      150.061         0.32576         2888
   13      165.257         0.27261         3289
   14      180.207         0.30180         3649
   15      195.154         0.28702         4131
   16      210.287         0.27778         5235
   17      225.064         0.29752         5213
   18      240.141         0.28221         4904
   19      255.025         0.33193         4928
   20      270.074         0.36832         5131
   21      285.376         0.33207         6128
   22      300.087         0.32662         6977
Variogram for En & Bn: Direction n°2 (azm = 0; dip = 90; nlag = 22; tail = 9; head = 5)
    1        0.000         0.00000         1874
    2        2.682         0.10571           44
    3        9.780         0.16377           73
    4       20.739         0.14423           71
    5       29.873         0.23968           83
    6       40.339         0.33794           69
    7       50.278         0.31964           57
    8       60.760         0.31158           96
    9       70.429         0.42980           93
   10       79.713         0.40135           83
   11       90.056         0.36672          109
   12      100.512         0.53482          109
   13      109.659         0.19835          135
   14      120.198         0.42847          145
   15      129.877         0.32052          153
   16      139.973         0.32386          190
   17      150.090         0.33151          195
   18      160.025         0.43130          195
   19      169.873         0.21554          224
   20      179.920         0.39377          207
   21      189.842         0.35142          212
   22      200.226         0.31102          248
Variogram for En & Cp: Direction n°1 (azm = 0; dip = 0; nlag = 22; tail = 9; head = 6)
    1        0.000         0.00000         1874
    2        6.588         0.06421            1
    3       15.072         0.18367           34
    4       31.837         0.18653           89
    5       46.050        -0.02654          236
    6       60.324         0.02966          394
    7       75.340        -0.03401          594
    8       90.833         0.11680         1125
    9      105.350        -0.01674         1794
   10      120.238         0.09502         2572
   11      134.957         0.04454         2585
   12      150.061         0.03441         2888
   13      165.257         0.01360         3289
   14      180.207         0.05211         3649
   15      195.154         0.02519         4131
   16      210.287         0.12467         5235
   17      225.064         0.09562         5213
   18      240.141         0.08453         4904
   19      255.025         0.04811         4928
   20      270.074         0.08034         5131
   21      285.376         0.03885         6128
   22      300.087         0.08504         6977
Variogram for En & Cp: Direction n°2 (azm = 0; dip = 90; nlag = 22; tail = 9; head = 6)
    1        0.000         0.00000         1874
    2        2.682         0.02126           44
    3        9.780         0.04983           73
    4       20.739         0.00599           71
    5       29.873         0.07268           83
    6       40.339         0.07050           69
    7       50.278         0.06371           57
    8       60.760         0.15402           96
    9       70.429        -0.00257           93
   10       79.713         0.16172           83
   11       90.056         0.07046          109
   12      100.512         0.09142          109
   13      109.659        -0.01881          135
   14      120.198        -0.14679          145
   15      129.877        -0.02600          153
   16      139.973        -0.09053          190
   17      150.090        -0.05086          195
   18      160.025        -0.10105          195
   19      169.873        -0.12541          224
   20      179.920        -0.17646          207
   21      189.842         0.08905          212
   22      200.226         0.05009          248
Variogram for En & Cc: Direction n°1 (azm = 0; dip = 0; nlag = 22; tail = 9; head = 7)
    1        0.000         0.00000         1874
    2        6.588         0.00417            1
    3       15.072         0.26711           34
    4       31.837         0.53486           89
    5       46.050         0.25285          236
    6       60.324         0.19018          394
    7       75.340         0.44084          594
    8       90.833         0.32523         1125
    9      105.350         0.40609         1794
   10      120.238         0.44046         2572
   11      134.957         0.43910         2585
   12      150.061         0.44277         2888
   13      165.257         0.46216         3289
   14      180.207         0.44399         3649
   15      195.154         0.46726         4131
   16      210.287         0.43694         5235
   17      225.064         0.45027         5213
   18      240.141         0.48222         4904
   19      255.025         0.53625         4928
   20      270.074         0.53231         5131
   21      285.376         0.47699         6128
   22      300.087         0.47759         6977
Variogram for En & Cc: Direction n°2 (azm = 0; dip = 90; nlag = 22; tail = 9; head = 7)
    1        0.000         0.00000         1874
    2        2.682         0.10521           44
    3        9.780         0.16397           73
    4       20.739         0.17936           71
    5       29.873         0.24225           83
    6       40.339         0.32632           69
    7       50.278         0.37785           57
    8       60.760         0.47085           96
    9       70.429         0.44666           93
   10       79.713         0.44129           83
   11       90.056         0.41754          109
   12      100.512         0.64568          109
   13      109.659         0.37765          135
   14      120.198         0.55918          145
   15      129.877         0.57672          153
   16      139.973         0.48617          190
   17      150.090         0.55183          195
   18      160.025         0.55075          195
   19      169.873         0.36617          224
   20      179.920         0.46209          207
   21      189.842         0.61259          212
   22      200.226         0.50839          248
Variogram for En & Cv: Direction n°1 (azm = 0; dip = 0; nlag = 22; tail = 9; head = 8)
    1        0.000         0.00000         1874
    2        6.588         0.00470            1
    3       15.072         0.27238           34
    4       31.837         0.53481           89
    5       46.050         0.36517          236
    6       60.324         0.43964          394
    7       75.340         0.46046          594
    8       90.833         0.38270         1125
    9      105.350         0.46715         1794
   10      120.238         0.45336         2572
   11      134.957         0.47484         2585
   12      150.061         0.51415         2888
   13      165.257         0.49954         3289
   14      180.207         0.50415         3649
   15      195.154         0.56143         4131
   16      210.287         0.52727         5235
   17      225.064         0.50763         5213
   18      240.141         0.57311         4904
   19      255.025         0.64128         4928
   20      270.074         0.62951         5131
   21      285.376         0.57683         6128
   22      300.087         0.57093         6977
Variogram for En & Cv: Direction n°2 (azm = 0; dip = 90; nlag = 22; tail = 9; head = 8)
    1        0.000         0.00000         1874
    2        2.682         0.12080           44
    3        9.780         0.22414           73
    4       20.739         0.28204           71
    5       29.873         0.29741           83
    6       40.339         0.43211           69
    7       50.278         0.41614           57
    8       60.760         0.47639           96
    9       70.429         0.53280           93
   10       79.713         0.63481           83
   11       90.056         0.41575          109
   12      100.512         0.50804          109
   13      109.659         0.34592          135
   14      120.198         0.58283          145
   15      129.877         0.59582          153
   16      139.973         0.50883          190
   17      150.090         0.55744          195
   18      160.025         0.65259          195
   19      169.873         0.46212          224
   20      179.920         0.49631          207
   21      189.842         0.72228          212
   22      200.226         0.55492          248
Variogram for En & En: Direction n°1 (azm = 0; dip = 0; nlag = 22; tail = 9; head = 9)
    1        0.000         0.00000         1874
    2        6.588         0.00470            1
    3       15.072         0.38990           34
    4       31.837         0.69619           89
    5       46.050         0.61849          236
    6       60.324         0.81757          394
    7       75.340         0.84544          594
    8       90.833         0.94658         1125
    9      105.350         1.05510         1794
   10      120.238         0.92899         2572
   11      134.957         0.81939         2585
   12      150.061         0.86442         2888
   13      165.257         0.84723         3289
   14      180.207         0.88930         3649
   15      195.154         0.87790         4131
   16      210.287         0.87538         5235
   17      225.064         0.87090         5213
   18      240.141         0.90181         4904
   19      255.025         0.89144         4928
   20      270.074         0.89402         5131
   21      285.376         0.91592         6128
   22      300.087         0.87261         6977
Variogram for En & En: Direction n°2 (azm = 0; dip = 90; nlag = 22; tail = 9; head = 9)
    1        0.000         0.00000         1874
    2        2.682         0.11675           44
    3        9.780         0.21041           73
    4       20.739         0.28324           71
    5       29.873         0.29121           83
    6       40.339         0.45414           69
    7       50.278         0.57944           57
    8       60.760         0.51954           96
    9       70.429         0.81888           93
   10       79.713         0.62205           83
   11       90.056         0.57628          109
   12      100.512         0.91784          109
   13      109.659         0.71094          135
   14      120.198         1.01633          145
   15      129.877         0.89309          153
   16      139.973         1.26101          190
   17      150.090         1.12832          195
   18      160.025         1.41213          195
   19      169.873         0.95099          224
   20      179.920         1.34338          207
   21      189.842         1.09241          212
   22      200.226         0.92972          248
Variogram for En & Py: Direction n°1 (azm = 0; dip = 0; nlag = 22; tail = 9; head = 10)
    1        0.000         0.00000         1874
    2        6.588        -0.07678            1
    3       15.072        -0.04205           34
    4       31.837         0.04562           89
    5       46.050         0.00317          236
    6       60.324         0.03205          394
    7       75.340        -0.00233          594
    8       90.833        -0.00004         1125
    9      105.350         0.03402         1794
   10      120.238         0.03278         2572
   11      134.957         0.04101         2585
   12      150.061         0.05180         2888
   13      165.257         0.03969         3289
   14      180.207        -0.02955         3649
   15      195.154         0.04999         4131
   16      210.287         0.04154         5235
   17      225.064         0.04725         5213
   18      240.141         0.02942         4904
   19      255.025         0.06302         4928
   20      270.074         0.02724         5131
   21      285.376         0.01251         6128
   22      300.087        -0.01918         6977
Variogram for En & Py: Direction n°2 (azm = 0; dip = 90; nlag = 22; tail = 9; head = 10)
    1        0.000         0.00000         1874
    2        2.682        -0.00267           44
    3        9.780         0.04579           73
    4       20.739         0.04608           71
    5       29.873        -0.01016           83
    6       40.339        -0.03667           69
    7       50.278        -0.05667           57
    8       60.760         0.00298           96
    9       70.429         0.01533           93
   10       79.713         0.00992           83
   11       90.056         0.05598          109
   12      100.512         0.02210          109
   13      109.659         0.02937          135
   14      120.198         0.03532          145
   15      129.877         0.00963          153
   16      139.973         0.07528          190
   17      150.090         0.00665          195
   18      160.025         0.11499          195
   19      169.873         0.14807          224
   20      179.920         0.10973          207
   21      189.842         0.15252          212
   22      200.226         0.02312          248
Variogram for En & Pyr: Direction n°1 (azm = 0; dip = 0; nlag = 22; tail = 9; head = 11)
    1        0.000         0.00000         1874
    2        6.588         0.00485            1
    3       15.072         0.27608           34
    4       31.837         0.55472           89
    5       46.050         0.37940          236
    6       60.324         0.45393          394
    7       75.340         0.48702          594
    8       90.833         0.51934         1125
    9      105.350         0.50218         1794
   10      120.238         0.52007         2572
   11      134.957         0.54682         2585
   12      150.061         0.56080         2888
   13      165.257         0.53638         3289
   14      180.207         0.54789         3649
   15      195.154         0.58918         4131
   16      210.287         0.56523         5235
   17      225.064         0.56660         5213
   18      240.141         0.60376         4904
   19      255.025         0.65595         4928
   20      270.074         0.65945         5131
   21      285.376         0.60535         6128
   22      300.087         0.60469         6977
Variogram for En & Pyr: Direction n°2 (azm = 0; dip = 90; nlag = 22; tail = 9; head = 11)
    1        0.000         0.00000         1874
    2        2.682         0.12219           44
    3        9.780         0.24737           73
    4       20.739         0.31079           71
    5       29.873         0.30327           83
    6       40.339         0.49845           69
    7       50.278         0.44841           57
    8       60.760         0.54772           96
    9       70.429         0.56676           93
   10       79.713         0.66715           83
   11       90.056         0.49351          109
   12      100.512         0.75219          109
   13      109.659         0.45139          135
   14      120.198         0.55244          145
   15      129.877         0.57024          153
   16      139.973         0.55169          190
   17      150.090         0.62220          195
   18      160.025         0.67842          195
   19      169.873         0.48284          224
   20      179.920         0.47854          207
   21      189.842         0.76360          212
   22      200.226         0.59676          248
Variogram for En & Mol: Direction n°1 (azm = 0; dip = 0; nlag = 22; tail = 9; head = 12)
    1        0.000         0.00000         1874
    2        6.588         0.00490            1
    3       15.072         0.25890           34
    4       31.837         0.49437           89
    5       46.050         0.32852          236
    6       60.324         0.37808          394
    7       75.340         0.43261          594
    8       90.833         0.44366         1125
    9      105.350         0.42854         1794
   10      120.238         0.47864         2572
   11      134.957         0.48939         2585
   12      150.061         0.51023         2888
   13      165.257         0.46176         3289
   14      180.207         0.49117         3649
   15      195.154         0.52245         4131
   16      210.287         0.50283         5235
   17      225.064         0.50398         5213
   18      240.141         0.55352         4904
   19      255.025         0.58302         4928
   20      270.074         0.58771         5131
   21      285.376         0.53859         6128
   22      300.087         0.54420         6977
Variogram for En & Mol: Direction n°2 (azm = 0; dip = 90; nlag = 22; tail = 9; head = 12)
    1        0.000         0.00000         1874
    2        2.682         0.10569           44
    3        9.780         0.20194           73
    4       20.739         0.24886           71
    5       29.873         0.20646           83
    6       40.339         0.41415           69
    7       50.278         0.39920           57
    8       60.760         0.50680           96
    9       70.429         0.44474           93
   10       79.713         0.60779           83
   11       90.056         0.44752          109
   12      100.512         0.65613          109
   13      109.659         0.41940          135
   14      120.198         0.49554          145
   15      129.877         0.52081          153
   16      139.973         0.50555          190
   17      150.090         0.56889          195
   18      160.025         0.59737          195
   19      169.873         0.44360          224
   20      179.920         0.44446          207
   21      189.842         0.72516          212
   22      200.226         0.56136          248
Variogram for En & Ga: Direction n°1 (azm = 0; dip = 0; nlag = 22; tail = 9; head = 13)
    1        0.000         0.00000         1874
    2        6.588         0.00485            1
    3       15.072         0.27538           34
    4       31.837         0.55360           89
    5       46.050         0.37745          236
    6       60.324         0.45149          394
    7       75.340         0.48552          594
    8       90.833         0.51665         1125
    9      105.350         0.50028         1794
   10      120.238         0.51756         2572
   11      134.957         0.54411         2585
   12      150.061         0.55810         2888
   13      165.257         0.53190         3289
   14      180.207         0.54498         3649
   15      195.154         0.58530         4131
   16      210.287         0.56250         5235
   17      225.064         0.56313         5213
   18      240.141         0.60111         4904
   19      255.025         0.65205         4928
   20      270.074         0.65595         5131
   21      285.376         0.60072         6128
   22      300.087         0.60148         6977
Variogram for En & Ga: Direction n°2 (azm = 0; dip = 90; nlag = 22; tail = 9; head = 13)
    1        0.000         0.00000         1874
    2        2.682         0.12202           44
    3        9.780         0.23848           73
    4       20.739         0.30011           71
    5       29.873         0.30217           83
    6       40.339         0.48291           69
    7       50.278         0.44655           57
    8       60.760         0.54577           96
    9       70.429         0.55915           93
   10       79.713         0.66438           83
   11       90.056         0.49115          109
   12      100.512         0.73520          109
   13      109.659         0.44965          135
   14      120.198         0.54511          145
   15      129.877         0.56477          153
   16      139.973         0.54865          190
   17      150.090         0.61865          195
   18      160.025         0.67225          195
   19      169.873         0.47882          224
   20      179.920         0.47683          207
   21      189.842         0.76049          212
   22      200.226         0.59290          248
Variogram for En & Sph: Direction n°1 (azm = 0; dip = 0; nlag = 22; tail = 9; head = 14)
    1        0.000         0.00000         1874
    2        6.588         0.00485            1
    3       15.072         0.27608           34
    4       31.837         0.55472           89
    5       46.050         0.37940          236
    6       60.324         0.45393          394
    7       75.340         0.48702          594
    8       90.833         0.51934         1125
    9      105.350         0.50218         1794
   10      120.238         0.52007         2572
   11      134.957         0.54682         2585
   12      150.061         0.56080         2888
   13      165.257         0.53638         3289
   14      180.207         0.54789         3649
   15      195.154         0.58918         4131
   16      210.287         0.56523         5235
   17      225.064         0.56660         5213
   18      240.141         0.60376         4904
   19      255.025         0.65595         4928
   20      270.074         0.65945         5131
   21      285.376         0.60535         6128
   22      300.087         0.60469         6977
Variogram for En & Sph: Direction n°2 (azm = 0; dip = 90; nlag = 22; tail = 9; head = 14)
    1        0.000         0.00000         1874
    2        2.682         0.12219           44
    3        9.780         0.24737           73
    4       20.739         0.31079           71
    5       29.873         0.30327           83
    6       40.339         0.49845           69
    7       50.278         0.44841           57
    8       60.760         0.54772           96
    9       70.429         0.56676           93
   10       79.713         0.66715           83
   11       90.056         0.49351          109
   12      100.512         0.75219          109
   13      109.659         0.45139          135
   14      120.198         0.55244          145
   15      129.877         0.57024          153
   16      139.973         0.55169          190
   17      150.090         0.62220          195
   18      160.025         0.67842          195
   19      169.873         0.48284          224
   20      179.920         0.47854          207
   21      189.842         0.76360          212
   22      200.226         0.59676          248
Variogram for En & TS: Direction n°1 (azm = 0; dip = 0; nlag = 22; tail = 9; head = 15)
    1        0.000         0.00000         1874
    2        6.588        -0.06227            1
    3       15.072         0.17370           34
    4       31.837         0.14747           89
    5       46.050         0.03283          236
    6       60.324         0.10502          394
    7       75.340        -0.03848          594
    8       90.833         0.01221         1125
    9      105.350         0.03040         1794
   10      120.238         0.02128         2572
   11      134.957        -0.02731         2585
   12      150.061        -0.01914         2888
   13      165.257        -0.05835         3289
   14      180.207        -0.01294         3649
   15      195.154        -0.05051         4131
   16      210.287        -0.01085         5235
   17      225.064        -0.04950         5213
   18      240.141        -0.08633         4904
   19      255.025        -0.09876         4928
   20      270.074        -0.06490         5131
   21      285.376        -0.03815         6128
   22      300.087        -0.09173         6977
Variogram for En & TS: Direction n°2 (azm = 0; dip = 90; nlag = 22; tail = 9; head = 15)
    1        0.000         0.00000         1874
    2        2.682         0.02670           44
    3        9.780         0.00047           73
    4       20.739        -0.14678           71
    5       29.873        -0.00197           83
    6       40.339        -0.32163           69
    7       50.278        -0.32784           57
    8       60.760         0.00668           96
    9       70.429         0.06221           93
   10       79.713        -0.27956           83
   11       90.056        -0.06659          109
   12      100.512        -0.18618          109
   13      109.659        -0.16970          135
   14      120.198        -0.11243          145
   15      129.877        -0.15622          153
   16      139.973        -0.16325          190
   17      150.090        -0.11253          195
   18      160.025        -0.18416          195
   19      169.873        -0.11399          224
   20      179.920        -0.08898          207
   21      189.842        -0.06520          212
   22      200.226        -0.13207          248
Variogram for Py & Cu: Direction n°1 (azm = 0; dip = 0; nlag = 21; tail = 10; head = 1)
    1        0.000         0.00000         1690
    2       15.524        -0.07401           31
    3       31.782        -0.16028           83
    4       46.125        -0.10113          231
    5       60.329        -0.17832          384
    6       75.319        -0.19966          577
    7       90.842        -0.20077         1079
    8      105.373        -0.18263         1731
    9      120.188        -0.17866         2452
   10      134.995        -0.22634         2367
   11      150.026        -0.23851         2662
   12      165.261        -0.27617         3047
   13      180.200        -0.29440         3427
   14      195.121        -0.27557         3901
   15      210.306        -0.19489         5007
   16      225.019        -0.27178         4899
   17      240.117        -0.36219         4474
   18      255.038        -0.31933         4456
   19      270.066        -0.31085         4638
   20      285.375        -0.33789         5439
   21      300.065        -0.33789         6259
Variogram for Py & Cu: Direction n°2 (azm = 0; dip = 90; nlag = 22; tail = 10; head = 1)
    1        0.000         0.00000         1690
    2        2.619        -0.04296           42
    3        9.859        -0.02842           71
    4       20.795        -0.11882           66
    5       29.916        -0.03963           79
    6       40.213        -0.03087           63
    7       50.433        -0.13753           55
    8       60.780        -0.15069           91
    9       70.458        -0.09112           84
   10       79.572        -0.17155           75
   11       90.024        -0.16630          102
   12      100.487        -0.19196          101
   13      109.616        -0.07702          129
   14      120.207         0.05576          138
   15      129.901         0.08787          150
   16      139.993         0.04647          183
   17      150.094        -0.14074          188
   18      160.032        -0.11808          192
   19      169.835        -0.17762          213
   20      179.961        -0.16451          199
   21      189.742        -0.13225          198
   22      200.187        -0.13039          237
Variogram for Py & Au: Direction n°1 (azm = 0; dip = 0; nlag = 21; tail = 10; head = 2)
    1        0.000         0.00000         1690
    2       15.524        -0.16796           31
    3       31.782         0.00432           83
    4       46.125        -0.09237          231
    5       60.329        -0.05553          384
    6       75.319        -0.09557          577
    7       90.842        -0.17757         1079
    8      105.373        -0.15025         1731
    9      120.188        -0.15433         2452
   10      134.995        -0.13524         2367
   11      150.026        -0.15203         2662
   12      165.261        -0.14857         3047
   13      180.200        -0.16492         3427
   14      195.121        -0.13488         3901
   15      210.306        -0.14147         5007
   16      225.019        -0.20959         4899
   17      240.117        -0.20303         4474
   18      255.038        -0.18921         4456
   19      270.066        -0.16348         4638
   20      285.375        -0.19351         5439
   21      300.065        -0.17766         6259
Variogram for Py & Au: Direction n°2 (azm = 0; dip = 90; nlag = 22; tail = 10; head = 2)
    1        0.000         0.00000         1690
    2        2.619        -0.05454           42
    3        9.859         0.02127           71
    4       20.795        -0.13505           66
    5       29.916        -0.03239           79
    6       40.213        -0.00411           63
    7       50.433        -0.02019           55
    8       60.780        -0.11729           91
    9       70.458        -0.11059           84
   10       79.572        -0.18447           75
   11       90.024        -0.21655          102
   12      100.487        -0.26017          101
   13      109.616        -0.13175          129
   14      120.207        -0.17817          138
   15      129.901        -0.16608          150
   16      139.993        -0.06711          183
   17      150.094        -0.20228          188
   18      160.032        -0.19855          192
   19      169.835        -0.24923          213
   20      179.961        -0.21828          199
   21      189.742        -0.13606          198
   22      200.187        -0.18788          237
Variogram for Py & Mo: Direction n°1 (azm = 0; dip = 0; nlag = 21; tail = 10; head = 3)
    1        0.000         0.00000         1683
    2       15.524         0.16559           31
    3       31.782         0.01788           83
    4       46.085        -0.02538          229
    5       60.386        -0.09498          375
    6       75.319         0.01501          577
    7       90.813        -0.03190         1072
    8      105.414         0.01203         1686
    9      120.189         0.01971         2449
   10      135.000        -0.01641         2356
   11      150.020        -0.01388         2645
   12      165.257         0.00448         3024
   13      180.208        -0.02130         3415
   14      195.119         0.04417         3877
   15      210.308         0.03236         4975
   16      225.021         0.00648         4878
   17      240.112        -0.01447         4440
   18      255.035        -0.01317         4429
   19      270.076         0.01088         4619
   20      285.372         0.00690         5417
   21      300.056        -0.02126         6235
Variogram for Py & Mo: Direction n°2 (azm = 0; dip = 90; nlag = 22; tail = 10; head = 3)
    1        0.000         0.00000         1683
    2        2.619        -0.04282           42
    3        9.859        -0.05581           71
    4       20.795        -0.09804           66
    5       29.916        -0.05867           79
    6       40.213        -0.01049           63
    7       50.433        -0.15412           55
    8       60.780        -0.04370           91
    9       70.458        -0.06826           84
   10       79.572        -0.11834           75
   11       89.978        -0.15352          101
   12      100.487        -0.07510          101
   13      109.632        -0.00827          128
   14      120.189         0.07953          137
   15      129.901         0.17406          150
   16      140.015        -0.07955          182
   17      150.094        -0.09592          188
   18      160.032        -0.12655          190
   19      169.831        -0.07198          211
   20      179.961        -0.00940          196
   21      189.742        -0.02206          198
   22      200.203        -0.10199          236
Variogram for Py & As: Direction n°1 (azm = 0; dip = 0; nlag = 21; tail = 10; head = 4)
    1        0.000         0.00000         1649
    2       16.131         0.08664           28
    3       31.727         0.07695           82
    4       46.140         0.15603          225
    5       60.416         0.05713          371
    6       75.326         0.06234          576
    7       90.799         0.08091         1051
    8      105.396         0.08720         1632
    9      120.213         0.08176         2390
   10      135.026         0.10080         2298
   11      149.982         0.07048         2577
   12      165.266         0.05369         2978
   13      180.220         0.07348         3376
   14      195.113         0.07986         3818
   15      210.270         0.09709         4838
   16      225.036         0.10626         4778
   17      240.072         0.09948         4283
   18      255.056         0.10432         4316
   19      270.091         0.10271         4544
   20      285.378         0.08375         5345
   21      300.047         0.07469         6045
Variogram for Py & As: Direction n°2 (azm = 0; dip = 90; nlag = 22; tail = 10; head = 4)
    1        0.000         0.00000         1649
    2        2.585        -0.01625           41
    3        9.859        -0.00641           71
    4       20.795        -0.03326           66
    5       29.914        -0.02431           77
    6       40.220        -0.01947           61
    7       50.433         0.01290           55
    8       60.780         0.07449           91
    9       70.458         0.05975           84
   10       79.572         0.05864           75
   11       89.978         0.00853          101
   12      100.452         0.04748          100
   13      109.607         0.11696          125
   14      120.210         0.16282          134
   15      129.869         0.29745          147
   16      140.050         0.24425          172
   17      150.125         0.16110          179
   18      160.128         0.02288          179
   19      169.798         0.17325          201
   20      179.946         0.20265          186
   21      189.803         0.31075          190
   22      200.192         0.17817          229
Variogram for Py & Bn: Direction n°1 (azm = 0; dip = 0; nlag = 22; tail = 10; head = 5)
    1        0.000         0.00000         1874
    2        6.588        -1.67798            1
    3       15.072        -0.33888           34
    4       31.837        -0.19321           89
    5       46.050        -0.16890          236
    6       60.324        -0.12020          394
    7       75.340        -0.13217          594
    8       90.833        -0.24051         1125
    9      105.350        -0.18613         1794
   10      120.238        -0.19924         2572
   11      134.957        -0.20751         2585
   12      150.061        -0.21122         2888
   13      165.257        -0.27570         3289
   14      180.207        -0.26754         3649
   15      195.154        -0.24049         4131
   16      210.287        -0.23317         5235
   17      225.064        -0.24322         5213
   18      240.141        -0.27002         4904
   19      255.025        -0.25210         4928
   20      270.074        -0.26947         5131
   21      285.376        -0.28087         6128
   22      300.087        -0.34402         6977
Variogram for Py & Bn: Direction n°2 (azm = 0; dip = 90; nlag = 22; tail = 10; head = 5)
    1        0.000         0.00000         1874
    2        2.682        -0.00310           44
    3        9.780         0.01079           73
    4       20.739         0.01685           71
    5       29.873        -0.01476           83
    6       40.339        -0.18679           69
    7       50.278        -0.10291           57
    8       60.760        -0.09185           96
    9       70.429        -0.09131           93
   10       79.713        -0.15269           83
   11       90.056        -0.12440          109
   12      100.512        -0.18230          109
   13      109.659        -0.04902          135
   14      120.198        -0.10067          145
   15      129.877        -0.17001          153
   16      139.973        -0.15399          190
   17      150.090        -0.22655          195
   18      160.025        -0.19011          195
   19      169.873        -0.17840          224
   20      179.920        -0.27339          207
   21      189.842        -0.14002          212
   22      200.226        -0.18345          248
Variogram for Py & Cp: Direction n°1 (azm = 0; dip = 0; nlag = 22; tail = 10; head = 6)
    1        0.000         0.00000         1874
    2        6.588        -1.04795            1
    3       15.072        -0.03663           34
    4       31.837        -0.18625           89
    5       46.050        -0.24761          236
    6       60.324        -0.32210          394
    7       75.340        -0.26858          594
    8       90.833        -0.27399         1125
    9      105.350        -0.29368         1794
   10      120.238        -0.27530         2572
   11      134.957        -0.30096         2585
   12      150.061        -0.28324         2888
   13      165.257        -0.32007         3289
   14      180.207        -0.32743         3649
   15      195.154        -0.31668         4131
   16      210.287        -0.27231         5235
   17      225.064        -0.33610         5213
   18      240.141        -0.36830         4904
   19      255.025        -0.36219         4928
   20      270.074        -0.33804         5131
   21      285.376        -0.38697         6128
   22      300.087        -0.39537         6977
Variogram for Py & Cp: Direction n°2 (azm = 0; dip = 90; nlag = 22; tail = 10; head = 6)
    1        0.000         0.00000         1874
    2        2.682        -0.06817           44
    3        9.780         0.01136           73
    4       20.739        -0.14117           71
    5       29.873        -0.12512           83
    6       40.339        -0.07166           69
    7       50.278        -0.22360           57
    8       60.760        -0.35060           96
    9       70.429        -0.19954           93
   10       79.713        -0.19337           83
   11       90.056        -0.26018          109
   12      100.512        -0.17503          109
   13      109.659        -0.19722          135
   14      120.198        -0.08269          145
   15      129.877        -0.22616          153
   16      139.973        -0.15275          190
   17      150.090        -0.13511          195
   18      160.025        -0.16095          195
   19      169.873        -0.37296          224
   20      179.920        -0.37261          207
   21      189.842        -0.24226          212
   22      200.226        -0.27133          248
Variogram for Py & Cc: Direction n°1 (azm = 0; dip = 0; nlag = 22; tail = 10; head = 7)
    1        0.000         0.00000         1874
    2        6.588        -0.06807            1
    3       15.072        -0.08328           34
    4       31.837         0.02558           89
    5       46.050        -0.01348          236
    6       60.324        -0.12331          394
    7       75.340        -0.01999          594
    8       90.833        -0.06426         1125
    9      105.350         0.02408         1794
   10      120.238        -0.02206         2572
   11      134.957        -0.01984         2585
   12      150.061        -0.03711         2888
   13      165.257        -0.05056         3289
   14      180.207        -0.08325         3649
   15      195.154         0.00751         4131
   16      210.287        -0.03544         5235
   17      225.064        -0.01587         5213
   18      240.141        -0.03320         4904
   19      255.025         0.00176         4928
   20      270.074        -0.04261         5131
   21      285.376        -0.05879         6128
   22      300.087        -0.07177         6977
Variogram for Py & Cc: Direction n°2 (azm = 0; dip = 90; nlag = 22; tail = 10; head = 7)
    1        0.000         0.00000         1874
    2        2.682        -0.00356           44
    3        9.780         0.00274           73
    4       20.739         0.02649           71
    5       29.873        -0.04336           83
    6       40.339        -0.05350           69
    7       50.278        -0.08977           57
    8       60.760         0.01299           96
    9       70.429        -0.01315           93
   10       79.713        -0.09996           83
   11       90.056         0.00684          109
   12      100.512        -0.12693          109
   13      109.659        -0.09860          135
   14      120.198         0.00129          145
   15      129.877         0.09603          153
   16      139.973         0.09433          190
   17      150.090         0.05683          195
   18      160.025         0.13634          195
   19      169.873         0.11485          224
   20      179.920        -0.00557          207
   21      189.842         0.11105          212
   22      200.226         0.04519          248
Variogram for Py & Cv: Direction n°1 (azm = 0; dip = 0; nlag = 22; tail = 10; head = 8)
    1        0.000         0.00000         1874
    2        6.588        -0.07678            1
    3       15.072        -0.05965           34
    4       31.837        -0.05114           89
    5       46.050        -0.04624          236
    6       60.324        -0.00594          394
    7       75.340        -0.02014          594
    8       90.833         0.01461         1125
    9      105.350         0.04744         1794
   10      120.238         0.00837         2572
   11      134.957         0.01455         2585
   12      150.061        -0.00045         2888
   13      165.257        -0.03753         3289
   14      180.207        -0.03807         3649
   15      195.154         0.01962         4131
   16      210.287        -0.01189         5235
   17      225.064         0.02863         5213
   18      240.141        -0.01458         4904
   19      255.025         0.02102         4928
   20      270.074        -0.02426         5131
   21      285.376        -0.04294         6128
   22      300.087        -0.04054         6977
Variogram for Py & Cv: Direction n°2 (azm = 0; dip = 90; nlag = 22; tail = 10; head = 8)
    1        0.000         0.00000         1874
    2        2.682        -0.00259           44
    3        9.780         0.05195           73
    4       20.739         0.09866           71
    5       29.873        -0.00895           83
    6       40.339         0.01677           69
    7       50.278         0.03986           57
    8       60.760         0.13713           96
    9       70.429         0.03254           93
   10       79.713         0.01610           83
   11       90.056         0.04539          109
   12      100.512        -0.02826          109
   13      109.659         0.09444          135
   14      120.198         0.13881          145
   15      129.877         0.09949          153
   16      139.973         0.29038          190
   17      150.090         0.13783          195
   18      160.025         0.15377          195
   19      169.873         0.11340          224
   20      179.920         0.01736          207
   21      189.842         0.11328          212
   22      200.226        -0.02394          248
Variogram for Py & En: Direction n°1 (azm = 0; dip = 0; nlag = 22; tail = 10; head = 9)
    1        0.000         0.00000         1874
    2        6.588        -0.07678            1
    3       15.072        -0.04205           34
    4       31.837         0.04562           89
    5       46.050         0.00317          236
    6       60.324         0.03205          394
    7       75.340        -0.00233          594
    8       90.833        -0.00004         1125
    9      105.350         0.03402         1794
   10      120.238         0.03278         2572
   11      134.957         0.04101         2585
   12      150.061         0.05180         2888
   13      165.257         0.03969         3289
   14      180.207        -0.02955         3649
   15      195.154         0.04999         4131
   16      210.287         0.04154         5235
   17      225.064         0.04725         5213
   18      240.141         0.02942         4904
   19      255.025         0.06302         4928
   20      270.074         0.02724         5131
   21      285.376         0.01251         6128
   22      300.087        -0.01918         6977
Variogram for Py & En: Direction n°2 (azm = 0; dip = 90; nlag = 22; tail = 10; head = 9)
    1        0.000         0.00000         1874
    2        2.682        -0.00267           44
    3        9.780         0.04579           73
    4       20.739         0.04608           71
    5       29.873        -0.01016           83
    6       40.339        -0.03667           69
    7       50.278        -0.05667           57
    8       60.760         0.00298           96
    9       70.429         0.01533           93
   10       79.713         0.00992           83
   11       90.056         0.05598          109
   12      100.512         0.02210          109
   13      109.659         0.02937          135
   14      120.198         0.03532          145
   15      129.877         0.00963          153
   16      139.973         0.07528          190
   17      150.090         0.00665          195
   18      160.025         0.11499          195
   19      169.873         0.14807          224
   20      179.920         0.10973          207
   21      189.842         0.15252          212
   22      200.226         0.02312          248
Variogram for Py & Py: Direction n°1 (azm = 0; dip = 0; nlag = 22; tail = 10; head = 10)
    1        0.000         0.00000         1874
    2        6.588         1.25294            1
    3       15.072         0.39810           34
    4       31.837         0.44673           89
    5       46.050         0.37119          236
    6       60.324         0.51321          394
    7       75.340         0.41417          594
    8       90.833         0.54747         1125
    9      105.350         0.50482         1794
   10      120.238         0.56193         2572
   11      134.957         0.56990         2585
   12      150.061         0.56482         2888
   13      165.257         0.61822         3289
   14      180.207         0.59156         3649
   15      195.154         0.62335         4131
   16      210.287         0.59188         5235
   17      225.064         0.66198         5213
   18      240.141         0.70870         4904
   19      255.025         0.65505         4928
   20      270.074         0.63740         5131
   21      285.376         0.68595         6128
   22      300.087         0.71911         6977
Variogram for Py & Py: Direction n°2 (azm = 0; dip = 90; nlag = 22; tail = 10; head = 10)
    1        0.000         0.00000         1874
    2        2.682         0.06969           44
    3        9.780         0.11698           73
    4       20.739         0.30041           71
    5       29.873         0.14783           83
    6       40.339         0.26699           69
    7       50.278         0.39778           57
    8       60.760         0.40766           96
    9       70.429         0.37441           93
   10       79.713         0.50438           83
   11       90.056         0.51095          109
   12      100.512         0.49071          109
   13      109.659         0.44096          135
   14      120.198         0.60009          145
   15      129.877         0.64823          153
   16      139.973         0.84684          190
   17      150.090         0.57693          195
   18      160.025         0.62853          195
   19      169.873         0.68917          224
   20      179.920         0.68712          207
   21      189.842         0.66371          212
   22      200.226         0.61474          248
Variogram for Py & Pyr: Direction n°1 (azm = 0; dip = 0; nlag = 22; tail = 10; head = 11)
    1        0.000         0.00000         1874
    2        6.588        -0.07915            1
    3       15.072        -0.06076           34
    4       31.837        -0.00383           89
    5       46.050        -0.04627          236
    6       60.324        -0.00502          394
    7       75.340        -0.02505          594
    8       90.833        -0.00523         1125
    9      105.350         0.01815         1794
   10      120.238        -0.00427         2572
   11      134.957        -0.00199         2585
   12      150.061        -0.00600         2888
   13      165.257        -0.03557         3289
   14      180.207        -0.06445         3649
   15      195.154         0.00648         4131
   16      210.287        -0.02335         5235
   17      225.064        -0.00442         5213
   18      240.141        -0.02212         4904
   19      255.025         0.00467         4928
   20      270.074        -0.02981         5131
   21      285.376        -0.04300         6128
   22      300.087        -0.06799         6977
Variogram for Py & Pyr: Direction n°2 (azm = 0; dip = 90; nlag = 22; tail = 10; head = 11)
    1        0.000         0.00000         1874
    2        2.682        -0.00260           44
    3        9.780         0.06600           73
    4       20.739         0.12764           71
    5       29.873        -0.00832           83
    6       40.339         0.02682           69
    7       50.278        -0.00080           57
    8       60.760         0.02949           96
    9       70.429         0.02144           93
   10       79.713         0.02894           83
   11       90.056         0.06309          109
   12      100.512         0.02928          109
   13      109.659         0.00377          135
   14      120.198         0.01939          145
   15      129.877        -0.05957          153
   16      139.973         0.08855          190
   17      150.090         0.04497          195
   18      160.025         0.14302          195
   19      169.873         0.08091          224
   20      179.920        -0.05271          207
   21      189.842         0.09037          212
   22      200.226        -0.05931          248
Variogram for Py & Mol: Direction n°1 (azm = 0; dip = 0; nlag = 22; tail = 10; head = 12)
    1        0.000         0.00000         1874
    2        6.588        -0.07994            1
    3       15.072        -0.05899           34
    4       31.837         0.01609           89
    5       46.050        -0.07585          236
    6       60.324         0.00763          394
    7       75.340        -0.00198          594
    8       90.833        -0.01130         1125
    9      105.350         0.01047         1794
   10      120.238        -0.01456         2572
   11      134.957        -0.00912         2585
   12      150.061        -0.02182         2888
   13      165.257        -0.06233         3289
   14      180.207        -0.06777         3649
   15      195.154        -0.00786         4131
   16      210.287        -0.02928         5235
   17      225.064        -0.00882         5213
   18      240.141        -0.03180         4904
   19      255.025        -0.01923         4928
   20      270.074        -0.05657         5131
   21      285.376        -0.05721         6128
   22      300.087        -0.07738         6977
Variogram for Py & Mol: Direction n°2 (azm = 0; dip = 90; nlag = 22; tail = 10; head = 12)
    1        0.000         0.00000         1874
    2        2.682        -0.00252           44
    3        9.780         0.04490           73
    4       20.739         0.08949           71
    5       29.873        -0.00195           83
    6       40.339        -0.02680           69
    7       50.278        -0.03555           57
    8       60.760         0.00130           96
    9       70.429        -0.01369           93
   10       79.713         0.00854           83
   11       90.056         0.03275          109
   12      100.512         0.00377          109
   13      109.659        -0.00633          135
   14      120.198        -0.00528          145
   15      129.877        -0.06739          153
   16      139.973         0.07530          190
   17      150.090         0.03249          195
   18      160.025         0.09659          195
   19      169.873         0.06150          224
   20      179.920        -0.05761          207
   21      189.842         0.07498          212
   22      200.226        -0.06412          248
Variogram for Py & Ga: Direction n°1 (azm = 0; dip = 0; nlag = 22; tail = 10; head = 13)
    1        0.000         0.00000         1874
    2        6.588        -0.07915            1
    3       15.072        -0.06069           34
    4       31.837        -0.00397           89
    5       46.050        -0.04601          236
    6       60.324        -0.00521          394
    7       75.340        -0.02502          594
    8       90.833        -0.00535         1125
    9      105.350         0.01767         1794
   10      120.238        -0.00409         2572
   11      134.957        -0.00223         2585
   12      150.061        -0.00924         2888
   13      165.257        -0.03755         3289
   14      180.207        -0.06582         3649
   15      195.154         0.00657         4131
   16      210.287        -0.02473         5235
   17      225.064        -0.00625         5213
   18      240.141        -0.02310         4904
   19      255.025         0.00306         4928
   20      270.074        -0.03112         5131
   21      285.376        -0.04438         6128
   22      300.087        -0.06908         6977
Variogram for Py & Ga: Direction n°2 (azm = 0; dip = 90; nlag = 22; tail = 10; head = 13)
    1        0.000         0.00000         1874
    2        2.682        -0.00260           44
    3        9.780         0.06015           73
    4       20.739         0.11640           71
    5       29.873        -0.00840           83
    6       40.339         0.01317           69
    7       50.278        -0.00218           57
    8       60.760         0.02577           96
    9       70.429         0.01626           93
   10       79.713         0.02594           83
   11       90.056         0.06199          109
   12      100.512         0.02037          109
   13      109.659         0.00262          135
   14      120.198         0.01510          145
   15      129.877        -0.06278          153
   16      139.973         0.08744          190
   17      150.090         0.04360          195
   18      160.025         0.13985          195
   19      169.873         0.07862          224
   20      179.920        -0.05288          207
   21      189.842         0.08918          212
   22      200.226        -0.06111          248
Variogram for Py & Sph: Direction n°1 (azm = 0; dip = 0; nlag = 22; tail = 10; head = 14)
    1        0.000         0.00000         1874
    2        6.588        -0.07915            1
    3       15.072        -0.06076           34
    4       31.837        -0.00383           89
    5       46.050        -0.04627          236
    6       60.324        -0.00502          394
    7       75.340        -0.02505          594
    8       90.833        -0.00523         1125
    9      105.350         0.01815         1794
   10      120.238        -0.00427         2572
   11      134.957        -0.00199         2585
   12      150.061        -0.00600         2888
   13      165.257        -0.03557         3289
   14      180.207        -0.06445         3649
   15      195.154         0.00648         4131
   16      210.287        -0.02335         5235
   17      225.064        -0.00442         5213
   18      240.141        -0.02212         4904
   19      255.025         0.00467         4928
   20      270.074        -0.02981         5131
   21      285.376        -0.04300         6128
   22      300.087        -0.06799         6977
Variogram for Py & Sph: Direction n°2 (azm = 0; dip = 90; nlag = 22; tail = 10; head = 14)
    1        0.000         0.00000         1874
    2        2.682        -0.00260           44
    3        9.780         0.06600           73
    4       20.739         0.12764           71
    5       29.873        -0.00832           83
    6       40.339         0.02682           69
    7       50.278        -0.00080           57
    8       60.760         0.02949           96
    9       70.429         0.02144           93
   10       79.713         0.02894           83
   11       90.056         0.06309          109
   12      100.512         0.02928          109
   13      109.659         0.00377          135
   14      120.198         0.01939          145
   15      129.877        -0.05957          153
   16      139.973         0.08855          190
   17      150.090         0.04497          195
   18      160.025         0.14302          195
   19      169.873         0.08091          224
   20      179.920        -0.05271          207
   21      189.842         0.09037          212
   22      200.226        -0.05931          248
Variogram for Py & TS: Direction n°1 (azm = 0; dip = 0; nlag = 22; tail = 10; head = 15)
    1        0.000         0.00000         1874
    2        6.588         1.01629            1
    3       15.072         0.08898           34
    4       31.837         0.07102           89
    5       46.050         0.06559          236
    6       60.324         0.02383          394
    7       75.340         0.05219          594
    8       90.833         0.04356         1125
    9      105.350         0.05517         1794
   10      120.238         0.07566         2572
   11      134.957         0.07749         2585
   12      150.061         0.06761         2888
   13      165.257         0.03756         3289
   14      180.207         0.02583         3649
   15      195.154         0.06048         4131
   16      210.287         0.11997         5235
   17      225.064         0.08518         5213
   18      240.141         0.07748         4904
   19      255.025         0.01282         4928
   20      270.074         0.02121         5131
   21      285.376         0.01291         6128
   22      300.087         0.04015         6977
Variogram for Py & TS: Direction n°2 (azm = 0; dip = 90; nlag = 22; tail = 10; head = 15)
    1        0.000         0.00000         1874
    2        2.682        -0.02741           44
    3        9.780         0.01847           73
    4       20.739        -0.13750           71
    5       29.873         0.00706           83
    6       40.339        -0.00313           69
    7       50.278         0.01485           57
    8       60.760        -0.05850           96
    9       70.429         0.02782           93
   10       79.713        -0.05135           83
   11       90.056        -0.12256          109
   12      100.512        -0.01945          109
   13      109.659         0.15392          135
   14      120.198         0.20661          145
   15      129.877         0.35381          153
   16      139.973         0.25034          190
   17      150.090         0.09368          195
   18      160.025         0.12337          195
   19      169.873         0.02709          224
   20      179.920         0.04188          207
   21      189.842         0.13429          212
   22      200.226         0.18674          248
Variogram for Pyr & Cu: Direction n°1 (azm = 0; dip = 0; nlag = 21; tail = 11; head = 1)
    1        0.000         0.00000         1690
    2       15.524        -0.04747           31
    3       31.782         0.06749           83
    4       46.125         0.00298          231
    5       60.329         0.01867          384
    6       75.319        -0.00809          577
    7       90.842         0.03316         1079
    8      105.373         0.01857         1731
    9      120.188         0.00427         2452
   10      134.995         0.02793         2367
   11      150.026        -0.00069         2662
   12      165.261         0.00803         3047
   13      180.200         0.05016         3427
   14      195.121         0.00806         3901
   15      210.306        -0.02506         5007
   16      225.019        -0.00552         4899
   17      240.117         0.00241         4474
   18      255.038        -0.04079         4456
   19      270.066        -0.02550         4638
   20      285.375         0.00318         5439
   21      300.065        -0.01698         6259
Variogram for Pyr & Cu: Direction n°2 (azm = 0; dip = 90; nlag = 22; tail = 11; head = 1)
    1        0.000         0.00000         1690
    2        2.619        -0.01154           42
    3        9.859         0.00717           71
    4       20.795        -0.04977           66
    5       29.916         0.05017           79
    6       40.213        -0.09906           63
    7       50.433        -0.05614           55
    8       60.780         0.03503           91
    9       70.458         0.07280           84
   10       79.572        -0.00557           75
   11       90.024         0.04979          102
   12      100.487        -0.02545          101
   13      109.616        -0.07783          129
   14      120.207         0.06776          138
   15      129.901         0.00798          150
   16      139.993        -0.05043          183
   17      150.094        -0.07517          188
   18      160.032        -0.18934          192
   19      169.835        -0.05442          213
   20      179.961         0.03287          199
   21      189.742        -0.05527          198
   22      200.187        -0.00390          237
Variogram for Pyr & Au: Direction n°1 (azm = 0; dip = 0; nlag = 21; tail = 11; head = 2)
    1        0.000         0.00000         1690
    2       15.524        -0.09725           31
    3       31.782         0.01866           83
    4       46.125        -0.07935          231
    5       60.329         0.02025          384
    6       75.319        -0.03961          577
    7       90.842         0.04399         1079
    8      105.373         0.02808         1731
    9      120.188        -0.00755         2452
   10      134.995        -0.00855         2367
   11      150.026         0.04092         2662
   12      165.261         0.04059         3047
   13      180.200         0.09137         3427
   14      195.121         0.00396         3901
   15      210.306        -0.01236         5007
   16      225.019         0.00261         4899
   17      240.117         0.03899         4474
   18      255.038        -0.00566         4456
   19      270.066         0.01623         4638
   20      285.375         0.06271         5439
   21      300.065         0.04078         6259
Variogram for Pyr & Au: Direction n°2 (azm = 0; dip = 90; nlag = 22; tail = 11; head = 2)
    1        0.000         0.00000         1690
    2        2.619         0.05294           42
    3        9.859        -0.00538           71
    4       20.795        -0.00443           66
    5       29.916         0.02719           79
    6       40.213        -0.08410           63
    7       50.433         0.04704           55
    8       60.780        -0.04226           91
    9       70.458         0.05487           84
   10       79.572        -0.00251           75
   11       90.024         0.04934          102
   12      100.487         0.01604          101
   13      109.616         0.07225          129
   14      120.207         0.01231          138
   15      129.901        -0.03839          150
   16      139.993        -0.09385          183
   17      150.094         0.04989          188
   18      160.032        -0.20182          192
   19      169.835        -0.07475          213
   20      179.961         0.02611          199
   21      189.742        -0.03923          198
   22      200.187        -0.01816          237
Variogram for Pyr & Mo: Direction n°1 (azm = 0; dip = 0; nlag = 21; tail = 11; head = 3)
    1        0.000         0.00000         1683
    2       15.524        -0.09344           31
    3       31.782        -0.14712           83
    4       46.085        -0.01358          229
    5       60.386        -0.05623          375
    6       75.319        -0.04623          577
    7       90.813        -0.06391         1072
    8      105.414        -0.04129         1686
    9      120.189        -0.08433         2449
   10      135.000        -0.09267         2356
   11      150.020        -0.06044         2645
   12      165.257        -0.05194         3024
   13      180.208         0.01719         3415
   14      195.119        -0.07748         3877
   15      210.308        -0.07994         4975
   16      225.021        -0.07333         4878
   17      240.112        -0.06926         4440
   18      255.035        -0.06962         4429
   19      270.076        -0.07559         4619
   20      285.372        -0.08863         5417
   21      300.056        -0.04042         6235
Variogram for Pyr & Mo: Direction n°2 (azm = 0; dip = 90; nlag = 22; tail = 11; head = 3)
    1        0.000         0.00000         1683
    2        2.619         0.03678           42
    3        9.859        -0.02792           71
    4       20.795        -0.07478           66
    5       29.916         0.08030           79
    6       40.213        -0.05278           63
    7       50.433        -0.13585           55
    8       60.780        -0.05324           91
    9       70.458        -0.03175           84
   10       79.572        -0.04722           75
   11       89.978         0.05150          101
   12      100.487         0.04165          101
   13      109.632         0.02355          128
   14      120.189         0.03362          137
   15      129.901         0.02385          150
   16      140.015         0.10498          182
   17      150.094         0.05714          188
   18      160.032        -0.01331          190
   19      169.831         0.06348          211
   20      179.961         0.06497          196
   21      189.742         0.02240          198
   22      200.203         0.17459          236
Variogram for Pyr & As: Direction n°1 (azm = 0; dip = 0; nlag = 21; tail = 11; head = 4)
    1        0.000         0.00000         1649
    2       16.131         0.08312           28
    3       31.727         0.01221           82
    4       46.140        -0.03859          225
    5       60.416        -0.01636          371
    6       75.326        -0.01239          576
    7       90.799        -0.05236         1051
    8      105.396        -0.00299         1632
    9      120.213        -0.03144         2390
   10      135.026        -0.04764         2298
   11      149.982         0.04635         2577
   12      165.266         0.01139         2978
   13      180.220         0.07204         3376
   14      195.113        -0.02057         3818
   15      210.270        -0.05660         4838
   16      225.036        -0.04764         4778
   17      240.072         0.00161         4283
   18      255.056        -0.00309         4316
   19      270.091         0.02916         4544
   20      285.378        -0.00903         5345
   21      300.047        -0.02996         6045
Variogram for Pyr & As: Direction n°2 (azm = 0; dip = 90; nlag = 22; tail = 11; head = 4)
    1        0.000         0.00000         1649
    2        2.585        -0.02060           41
    3        9.859        -0.02693           71
    4       20.795        -0.14366           66
    5       29.914         0.12560           77
    6       40.220        -0.18810           61
    7       50.433        -0.17606           55
    8       60.780         0.04909           91
    9       70.458         0.07959           84
   10       79.572        -0.07866           75
   11       89.978         0.14389          101
   12      100.452        -0.15909          100
   13      109.607         0.02305          125
   14      120.210         0.07442          134
   15      129.869        -0.01449          147
   16      140.050         0.04702          172
   17      150.125        -0.00911          179
   18      160.128        -0.11862          179
   19      169.798        -0.04570          201
   20      179.946        -0.01828          186
   21      189.803         0.07556          190
   22      200.192        -0.07974          229
Variogram for Pyr & Bn: Direction n°1 (azm = 0; dip = 0; nlag = 22; tail = 11; head = 5)
    1        0.000         0.00000         1874
    2        6.588         0.10600            1
    3       15.072         0.07560           34
    4       31.837         0.25274           89
    5       46.050         0.24547          236
    6       60.324         0.28809          394
    7       75.340         0.31963          594
    8       90.833         0.26120         1125
    9      105.350         0.30141         1794
   10      120.238         0.26240         2572
   11      134.957         0.33395         2585
   12      150.061         0.38855         2888
   13      165.257         0.35936         3289
   14      180.207         0.36885         3649
   15      195.154         0.33527         4131
   16      210.287         0.27682         5235
   17      225.064         0.31860         5213
   18      240.141         0.33059         4904
   19      255.025         0.40724         4928
   20      270.074         0.42881         5131
   21      285.376         0.39544         6128
   22      300.087         0.36863         6977
Variogram for Pyr & Bn: Direction n°2 (azm = 0; dip = 90; nlag = 22; tail = 11; head = 5)
    1        0.000         0.00000         1874
    2        2.682         0.11052           44
    3        9.780         0.18627           73
    4       20.739         0.15704           71
    5       29.873         0.25375           83
    6       40.339         0.36654           69
    7       50.278         0.34395           57
    8       60.760         0.31995           96
    9       70.429         0.40899           93
   10       79.713         0.41896           83
   11       90.056         0.34400          109
   12      100.512         0.61104          109
   13      109.659         0.19018          135
   14      120.198         0.37579          145
   15      129.877         0.36707          153
   16      139.973         0.32999          190
   17      150.090         0.29044          195
   18      160.025         0.39196          195
   19      169.873         0.25683          224
   20      179.920         0.43117          207
   21      189.842         0.40665          212
   22      200.226         0.35086          248
Variogram for Pyr & Cp: Direction n°1 (azm = 0; dip = 0; nlag = 22; tail = 11; head = 6)
    1        0.000         0.00000         1874
    2        6.588         0.06620            1
    3       15.072         0.25671           34
    4       31.837         0.30491           89
    5       46.050         0.15448          236
    6       60.324         0.17289          394
    7       75.340         0.14492          594
    8       90.833         0.21892         1125
    9      105.350         0.18584         1794
   10      120.238         0.22728         2572
   11      134.957         0.19642         2585
   12      150.061         0.16977         2888
   13      165.257         0.17106         3289
   14      180.207         0.21136         3649
   15      195.154         0.19687         4131
   16      210.287         0.27173         5235
   17      225.064         0.23857         5213
   18      240.141         0.23954         4904
   19      255.025         0.19086         4928
   20      270.074         0.22773         5131
   21      285.376         0.25560         6128
   22      300.087         0.25868         6977
Variogram for Pyr & Cp: Direction n°2 (azm = 0; dip = 90; nlag = 22; tail = 11; head = 6)
    1        0.000         0.00000         1874
    2        2.682         0.02167           44
    3        9.780         0.05781           73
    4       20.739         0.00616           71
    5       29.873         0.07930           83
    6       40.339         0.08136           69
    7       50.278         0.09579           57
    8       60.760         0.15154           96
    9       70.429         0.12587           93
   10       79.713         0.16884           83
   11       90.056         0.12282          109
   12      100.512         0.13996          109
   13      109.659         0.09360          135
   14      120.198         0.16925          145
   15      129.877         0.19510          153
   16      139.973         0.19471          190
   17      150.090         0.19899          195
   18      160.025         0.10181          195
   19      169.873         0.07956          224
   20      179.920         0.17844          207
   21      189.842         0.18641          212
   22      200.226         0.22289          248
Variogram for Pyr & Cc: Direction n°1 (azm = 0; dip = 0; nlag = 22; tail = 11; head = 7)
    1        0.000         0.00000         1874
    2        6.588         0.00430            1
    3       15.072         0.29071           34
    4       31.837         0.58739           89
    5       46.050         0.42888          236
    6       60.324         0.40919          394
    7       75.340         0.50691          594
    8       90.833         0.46335         1125
    9      105.350         0.47953         1794
   10      120.238         0.51543         2572
   11      134.957         0.52660         2585
   12      150.061         0.55291         2888
   13      165.257         0.55459         3289
   14      180.207         0.59731         3649
   15      195.154         0.57885         4131
   16      210.287         0.54421         5235
   17      225.064         0.52826         5213
   18      240.141         0.57530         4904
   19      255.025         0.62911         4928
   20      270.074         0.62707         5131
   21      285.376         0.61136         6128
   22      300.087         0.59060         6977
Variogram for Pyr & Cc: Direction n°2 (azm = 0; dip = 90; nlag = 22; tail = 11; head = 7)
    1        0.000         0.00000         1874
    2        2.682         0.11027           44
    3        9.780         0.19924           73
    4       20.739         0.20078           71
    5       29.873         0.26113           83
    6       40.339         0.36309           69
    7       50.278         0.41301           57
    8       60.760         0.49501           96
    9       70.429         0.51667           93
   10       79.713         0.47072           83
   11       90.056         0.47048          109
   12      100.512         0.73139          109
   13      109.659         0.42476          135
   14      120.198         0.65676          145
   15      129.877         0.66454          153
   16      139.973         0.66080          190
   17      150.090         0.65068          195
   18      160.025         0.73622          195
   19      169.873         0.41880          224
   20      179.920         0.58090          207
   21      189.842         0.73778          212
   22      200.226         0.54400          248
Variogram for Pyr & Cv: Direction n°1 (azm = 0; dip = 0; nlag = 22; tail = 11; head = 8)
    1        0.000         0.00000         1874
    2        6.588         0.00485            1
    3       15.072         0.29761           34
    4       31.837         0.58881           89
    5       46.050         0.46403          236
    6       60.324         0.54518          394
    7       75.340         0.55070          594
    8       90.833         0.54784         1125
    9      105.350         0.55943         1794
   10      120.238         0.55970         2572
   11      134.957         0.59993         2585
   12      150.061         0.63310         2888
   13      165.257         0.63399         3289
   14      180.207         0.65526         3649
   15      195.154         0.68203         4131
   16      210.287         0.65594         5235
   17      225.064         0.62247         5213
   18      240.141         0.66837         4904
   19      255.025         0.75207         4928
   20      270.074         0.74620         5131
   21      285.376         0.73117         6128
   22      300.087         0.69858         6977
Variogram for Pyr & Cv: Direction n°2 (azm = 0; dip = 90; nlag = 22; tail = 11; head = 8)
    1        0.000         0.00000         1874
    2        2.682         0.12682           44
    3        9.780         0.26829           73
    4       20.739         0.34893           71
    5       29.873         0.32294           83
    6       40.339         0.51576           69
    7       50.278         0.45773           57
    8       60.760         0.50907           96
    9       70.429         0.61737           93
   10       79.713         0.68490           83
   11       90.056         0.54944          109
   12      100.512         0.88655          109
   13      109.659         0.46858          135
   14      120.198         0.72836          145
   15      129.877         0.75624          153
   16      139.973         0.73045          190
   17      150.090         0.71310          195
   18      160.025         0.81856          195
   19      169.873         0.56857          224
   20      179.920         0.60288          207
   21      189.842         0.81827          212
   22      200.226         0.63513          248
Variogram for Pyr & En: Direction n°1 (azm = 0; dip = 0; nlag = 22; tail = 11; head = 9)
    1        0.000         0.00000         1874
    2        6.588         0.00485            1
    3       15.072         0.27608           34
    4       31.837         0.55472           89
    5       46.050         0.37940          236
    6       60.324         0.45393          394
    7       75.340         0.48702          594
    8       90.833         0.51934         1125
    9      105.350         0.50218         1794
   10      120.238         0.52007         2572
   11      134.957         0.54682         2585
   12      150.061         0.56080         2888
   13      165.257         0.53638         3289
   14      180.207         0.54789         3649
   15      195.154         0.58918         4131
   16      210.287         0.56523         5235
   17      225.064         0.56660         5213
   18      240.141         0.60376         4904
   19      255.025         0.65595         4928
   20      270.074         0.65945         5131
   21      285.376         0.60535         6128
   22      300.087         0.60469         6977
Variogram for Pyr & En: Direction n°2 (azm = 0; dip = 90; nlag = 22; tail = 11; head = 9)
    1        0.000         0.00000         1874
    2        2.682         0.12219           44
    3        9.780         0.24737           73
    4       20.739         0.31079           71
    5       29.873         0.30327           83
    6       40.339         0.49845           69
    7       50.278         0.44841           57
    8       60.760         0.54772           96
    9       70.429         0.56676           93
   10       79.713         0.66715           83
   11       90.056         0.49351          109
   12      100.512         0.75219          109
   13      109.659         0.45139          135
   14      120.198         0.55244          145
   15      129.877         0.57024          153
   16      139.973         0.55169          190
   17      150.090         0.62220          195
   18      160.025         0.67842          195
   19      169.873         0.48284          224
   20      179.920         0.47854          207
   21      189.842         0.76360          212
   22      200.226         0.59676          248
Variogram for Pyr & Py: Direction n°1 (azm = 0; dip = 0; nlag = 22; tail = 11; head = 10)
    1        0.000         0.00000         1874
    2        6.588        -0.07915            1
    3       15.072        -0.06076           34
    4       31.837        -0.00383           89
    5       46.050        -0.04627          236
    6       60.324        -0.00502          394
    7       75.340        -0.02505          594
    8       90.833        -0.00523         1125
    9      105.350         0.01815         1794
   10      120.238        -0.00427         2572
   11      134.957        -0.00199         2585
   12      150.061        -0.00600         2888
   13      165.257        -0.03557         3289
   14      180.207        -0.06445         3649
   15      195.154         0.00648         4131
   16      210.287        -0.02335         5235
   17      225.064        -0.00442         5213
   18      240.141        -0.02212         4904
   19      255.025         0.00467         4928
   20      270.074        -0.02981         5131
   21      285.376        -0.04300         6128
   22      300.087        -0.06799         6977
Variogram for Pyr & Py: Direction n°2 (azm = 0; dip = 90; nlag = 22; tail = 11; head = 10)
    1        0.000         0.00000         1874
    2        2.682        -0.00260           44
    3        9.780         0.06600           73
    4       20.739         0.12764           71
    5       29.873        -0.00832           83
    6       40.339         0.02682           69
    7       50.278        -0.00080           57
    8       60.760         0.02949           96
    9       70.429         0.02144           93
   10       79.713         0.02894           83
   11       90.056         0.06309          109
   12      100.512         0.02928          109
   13      109.659         0.00377          135
   14      120.198         0.01939          145
   15      129.877        -0.05957          153
   16      139.973         0.08855          190
   17      150.090         0.04497          195
   18      160.025         0.14302          195
   19      169.873         0.08091          224
   20      179.920        -0.05271          207
   21      189.842         0.09037          212
   22      200.226        -0.05931          248
Variogram for Pyr & Pyr: Direction n°1 (azm = 0; dip = 0; nlag = 22; tail = 11; head = 11)
    1        0.000         0.00000         1874
    2        6.588         0.00500            1
    3       15.072         0.30232           34
    4       31.837         0.60900           89
    5       46.050         0.48259          236
    6       60.324         0.56378          394
    7       75.340         0.58125          594
    8       90.833         0.60823         1125
    9      105.350         0.60904         1794
   10      120.238         0.60145         2572
   11      134.957         0.66946         2585
   12      150.061         0.67373         2888
   13      165.257         0.67652         3289
   14      180.207         0.70781         3649
   15      195.154         0.73491         4131
   16      210.287         0.70051         5235
   17      225.064         0.69409         5213
   18      240.141         0.71876         4904
   19      255.025         0.79312         4928
   20      270.074         0.79482         5131
   21      285.376         0.77869         6128
   22      300.087         0.74481         6977
Variogram for Pyr & Pyr: Direction n°2 (azm = 0; dip = 90; nlag = 22; tail = 11; head = 11)
    1        0.000         0.00000         1874
    2        2.682         0.12869           44
    3        9.780         0.30685           73
    4       20.739         0.40267           71
    5       29.873         0.33822           83
    6       40.339         0.61642           69
    7       50.278         0.49317           57
    8       60.760         0.58857           96
    9       70.429         0.67290           93
   10       79.713         0.72776           83
   11       90.056         0.56601          109
   12      100.512         0.94241          109
   13      109.659         0.51647          135
   14      120.198         0.75332          145
   15      129.877         0.73734          153
   16      139.973         0.71417          190
   17      150.090         0.78337          195
   18      160.025         0.85194          195
   19      169.873         0.59624          224
   20      179.920         0.61476          207
   21      189.842         0.86403          212
   22      200.226         0.70506          248
Variogram for Pyr & Mol: Direction n°1 (azm = 0; dip = 0; nlag = 22; tail = 11; head = 12)
    1        0.000         0.00000         1874
    2        6.588         0.00505            1
    3       15.072         0.28243           34
    4       31.837         0.54600           89
    5       46.050         0.41920          236
    6       60.324         0.47280          394
    7       75.340         0.52047          594
    8       90.833         0.51534         1125
    9      105.350         0.52445         1794
   10      120.238         0.55248         2572
   11      134.957         0.59819         2585
   12      150.061         0.61249         2888
   13      165.257         0.58490         3289
   14      180.207         0.63433         3649
   15      195.154         0.64991         4131
   16      210.287         0.62267         5235
   17      225.064         0.61613         5213
   18      240.141         0.65690         4904
   19      255.025         0.70103         4928
   20      270.074         0.70326         5131
   21      285.376         0.69477         6128
   22      300.087         0.67277         6977
Variogram for Pyr & Mol: Direction n°2 (azm = 0; dip = 90; nlag = 22; tail = 11; head = 12)
    1        0.000         0.00000         1874
    2        2.682         0.11106           44
    3        9.780         0.23782           73
    4       20.739         0.30234           71
    5       29.873         0.22439           83
    6       40.339         0.48098           69
    7       50.278         0.43566           57
    8       60.760         0.53427           96
    9       70.429         0.51294           93
   10       79.713         0.65233           83
   11       90.056         0.50926          109
   12      100.512         0.80601          109
   13      109.659         0.47374          135
   14      120.198         0.66963          145
   15      129.877         0.66876          153
   16      139.973         0.65810          190
   17      150.090         0.71589          195
   18      160.025         0.75539          195
   19      169.873         0.54256          224
   20      179.920         0.57514          207
   21      189.842         0.81621          212
   22      200.226         0.66074          248
Variogram for Pyr & Ga: Direction n°1 (azm = 0; dip = 0; nlag = 22; tail = 11; head = 13)
    1        0.000         0.00000         1874
    2        6.588         0.00500            1
    3       15.072         0.30151           34
    4       31.837         0.60780           89
    5       46.050         0.47989          236
    6       60.324         0.56048          394
    7       75.340         0.57950          594
    8       90.833         0.60463         1125
    9      105.350         0.60672         1794
   10      120.238         0.59840         2572
   11      134.957         0.66590         2585
   12      150.061         0.67022         2888
   13      165.257         0.67045         3289
   14      180.207         0.70336         3649
   15      195.154         0.72943         4131
   16      210.287         0.69654         5235
   17      225.064         0.68907         5213
   18      240.141         0.71510         4904
   19      255.025         0.78755         4928
   20      270.074         0.78993         5131
   21      285.376         0.77206         6128
   22      300.087         0.74066         6977
Variogram for Pyr & Ga: Direction n°2 (azm = 0; dip = 90; nlag = 22; tail = 11; head = 13)
    1        0.000         0.00000         1874
    2        2.682         0.12844           44
    3        9.780         0.29205           73
    4       20.739         0.38221           71
    5       29.873         0.33436           83
    6       40.339         0.58809           69
    7       50.278         0.49081           57
    8       60.760         0.58363           96
    9       70.429         0.65814           93
   10       79.713         0.72158           83
   11       90.056         0.56260          109
   12      100.512         0.91667          109
   13      109.659         0.51340          135
   14      120.198         0.74180          145
   15      129.877         0.72880          153
   16      139.973         0.71007          190
   17      150.090         0.77847          195
   18      160.025         0.84351          195
   19      169.873         0.59020          224
   20      179.920         0.61278          207
   21      189.842         0.85990          212
   22      200.226         0.69957          248
Variogram for Pyr & Sph: Direction n°1 (azm = 0; dip = 0; nlag = 22; tail = 11; head = 14)
    1        0.000         0.00000         1874
    2        6.588         0.00500            1
    3       15.072         0.30232           34
    4       31.837         0.60900           89
    5       46.050         0.48259          236
    6       60.324         0.56378          394
    7       75.340         0.58125          594
    8       90.833         0.60823         1125
    9      105.350         0.60904         1794
   10      120.238         0.60145         2572
   11      134.957         0.66946         2585
   12      150.061         0.67373         2888
   13      165.257         0.67652         3289
   14      180.207         0.70781         3649
   15      195.154         0.73491         4131
   16      210.287         0.70051         5235
   17      225.064         0.69409         5213
   18      240.141         0.71876         4904
   19      255.025         0.79312         4928
   20      270.074         0.79482         5131
   21      285.376         0.77869         6128
   22      300.087         0.74481         6977
Variogram for Pyr & Sph: Direction n°2 (azm = 0; dip = 90; nlag = 22; tail = 11; head = 14)
    1        0.000         0.00000         1874
    2        2.682         0.12869           44
    3        9.780         0.30685           73
    4       20.739         0.40267           71
    5       29.873         0.33822           83
    6       40.339         0.61642           69
    7       50.278         0.49317           57
    8       60.760         0.58857           96
    9       70.429         0.67290           93
   10       79.713         0.72776           83
   11       90.056         0.56601          109
   12      100.512         0.94241          109
   13      109.659         0.51647          135
   14      120.198         0.75332          145
   15      129.877         0.73734          153
   16      139.973         0.71417          190
   17      150.090         0.78337          195
   18      160.025         0.85194          195
   19      169.873         0.59624          224
   20      179.920         0.61476          207
   21      189.842         0.86403          212
   22      200.226         0.70506          248
Variogram for Pyr & TS: Direction n°1 (azm = 0; dip = 0; nlag = 22; tail = 11; head = 15)
    1        0.000         0.00000         1874
    2        6.588        -0.06420            1
    3       15.072         0.11100           34
    4       31.837         0.09731           89
    5       46.050         0.01247          236
    6       60.324         0.07399          394
    7       75.340        -0.09612          594
    8       90.833        -0.01733         1125
    9      105.350         0.01187         1794
   10      120.238        -0.01851         2572
   11      134.957        -0.00632         2585
   12      150.061        -0.04727         2888
   13      165.257        -0.08573         3289
   14      180.207         0.00088         3649
   15      195.154        -0.07876         4131
   16      210.287        -0.08362         5235
   17      225.064        -0.08076         5213
   18      240.141        -0.08897         4904
   19      255.025        -0.11076         4928
   20      270.074        -0.07510         5131
   21      285.376        -0.05066         6128
   22      300.087        -0.10862         6977
Variogram for Pyr & TS: Direction n°2 (azm = 0; dip = 90; nlag = 22; tail = 11; head = 15)
    1        0.000         0.00000         1874
    2        2.682         0.02800           44
    3        9.780         0.00118           73
    4       20.739        -0.19956           71
    5       29.873         0.00534           83
    6       40.339        -0.43492           69
    7       50.278        -0.36912           57
    8       60.760        -0.02083           96
    9       70.429        -0.05457           93
   10       79.713        -0.32202           83
   11       90.056        -0.08084          109
   12      100.512        -0.25360          109
   13      109.659        -0.20164          135
   14      120.198        -0.25291          145
   15      129.877        -0.23706          153
   16      139.973        -0.10841          190
   17      150.090        -0.10009          195
   18      160.025        -0.15263          195
   19      169.873        -0.16942          224
   20      179.920        -0.05094          207
   21      189.842        -0.10685          212
   22      200.226        -0.15922          248
Variogram for Mol & Cu: Direction n°1 (azm = 0; dip = 0; nlag = 21; tail = 12; head = 1)
    1        0.000         0.00000         1690
    2       15.524        -0.04557           31
    3       31.782         0.08192           83
    4       46.125         0.01727          231
    5       60.329         0.00079          384
    6       75.319        -0.02163          577
    7       90.842         0.03022         1079
    8      105.373         0.01617         1731
    9      120.188         0.01869         2452
   10      134.995         0.03358         2367
   11      150.026         0.00903         2662
   12      165.261         0.02095         3047
   13      180.200         0.04710         3427
   14      195.121         0.01108         3901
   15      210.306        -0.01898         5007
   16      225.019        -0.00032         4899
   17      240.117         0.01096         4474
   18      255.038        -0.03261         4456
   19      270.066        -0.01639         4638
   20      285.375         0.00419         5439
   21      300.065        -0.01001         6259
Variogram for Mol & Cu: Direction n°2 (azm = 0; dip = 90; nlag = 22; tail = 12; head = 1)
    1        0.000         0.00000         1690
    2        2.619        -0.01027           42
    3        9.859         0.00040           71
    4       20.795        -0.04859           66
    5       29.916         0.00799           79
    6       40.213        -0.07532           63
    7       50.433        -0.01608           55
    8       60.780         0.04461           91
    9       70.458         0.12248           84
   10       79.572         0.00922           75
   11       90.024         0.04388          102
   12      100.487         0.01721          101
   13      109.616        -0.07091          129
   14      120.207         0.07800          138
   15      129.901         0.00738          150
   16      139.993        -0.03982          183
   17      150.094        -0.06503          188
   18      160.032        -0.15290          192
   19      169.835        -0.03594          213
   20      179.961         0.04807          199
   21      189.742        -0.04257          198
   22      200.187         0.00151          237
Variogram for Mol & Au: Direction n°1 (azm = 0; dip = 0; nlag = 21; tail = 12; head = 2)
    1        0.000         0.00000         1690
    2       15.524        -0.08838           31
    3       31.782         0.01312           83
    4       46.125        -0.02121          231
    5       60.329         0.01745          384
    6       75.319        -0.05518          577
    7       90.842         0.03918         1079
    8      105.373         0.03718         1731
    9      120.188         0.00010         2452
   10      134.995        -0.00082         2367
   11      150.026         0.06236         2662
   12      165.261         0.05805         3047
   13      180.200         0.09117         3427
   14      195.121         0.01170         3901
   15      210.306         0.00251         5007
   16      225.019         0.00488         4899
   17      240.117         0.05759         4474
   18      255.038         0.00468         4456
   19      270.066         0.03676         4638
   20      285.375         0.06582         5439
   21      300.065         0.05471         6259
Variogram for Mol & Au: Direction n°2 (azm = 0; dip = 90; nlag = 22; tail = 12; head = 2)
    1        0.000         0.00000         1690
    2        2.619         0.05215           42
    3        9.859        -0.01503           71
    4       20.795        -0.01222           66
    5       29.916         0.06989           79
    6       40.213        -0.02467           63
    7       50.433         0.09741           55
    8       60.780        -0.03494           91
    9       70.458         0.12771           84
   10       79.572         0.03170           75
   11       90.024         0.06009          102
   12      100.487         0.04099          101
   13      109.616         0.07093          129
   14      120.207         0.03838          138
   15      129.901        -0.03197          150
   16      139.993        -0.07042          183
   17      150.094         0.07317          188
   18      160.032        -0.13890          192
   19      169.835        -0.04664          213
   20      179.961         0.04798          199
   21      189.742        -0.03207          198
   22      200.187        -0.01017          237
Variogram for Mol & Mo: Direction n°1 (azm = 0; dip = 0; nlag = 21; tail = 12; head = 3)
    1        0.000         0.00000         1683
    2       15.524        -0.09432           31
    3       31.782        -0.09361           83
    4       46.085         0.01555          229
    5       60.386        -0.03606          375
    6       75.319        -0.03718          577
    7       90.813        -0.05639         1072
    8      105.414        -0.01156         1686
    9      120.189        -0.06772         2449
   10      135.000        -0.07091         2356
   11      150.020        -0.04894         2645
   12      165.257        -0.03181         3024
   13      180.208         0.02119         3415
   14      195.119        -0.06000         3877
   15      210.308        -0.06038         4975
   16      225.021        -0.05561         4878
   17      240.112        -0.03810         4440
   18      255.035        -0.04337         4429
   19      270.076        -0.06014         4619
   20      285.372        -0.06347         5417
   21      300.056        -0.02853         6235
Variogram for Mol & Mo: Direction n°2 (azm = 0; dip = 90; nlag = 22; tail = 12; head = 3)
    1        0.000         0.00000         1683
    2        2.619         0.05093           42
    3        9.859        -0.00752           71
    4       20.795        -0.05058           66
    5       29.916         0.01224           79
    6       40.213        -0.04047           63
    7       50.433        -0.10032           55
    8       60.780        -0.03918           91
    9       70.458         0.04414           84
   10       79.572         0.00128           75
   11       89.978         0.07160          101
   12      100.487         0.09368          101
   13      109.632         0.01950          128
   14      120.189         0.04229          137
   15      129.901         0.02403          150
   16      140.015         0.09731          182
   17      150.094         0.06609          188
   18      160.032        -0.00630          190
   19      169.831         0.05909          211
   20      179.961         0.06573          196
   21      189.742         0.02478          198
   22      200.203         0.16920          236
Variogram for Mol & As: Direction n°1 (azm = 0; dip = 0; nlag = 21; tail = 12; head = 4)
    1        0.000         0.00000         1649
    2       16.131         0.07802           28
    3       31.727         0.18374           82
    4       46.140        -0.01092          225
    5       60.416        -0.01000          371
    6       75.326         0.02585          576
    7       90.799         0.01229         1051
    8      105.396         0.05150         1632
    9      120.213         0.00947         2390
   10      135.026        -0.02512         2298
   11      149.982         0.05822         2577
   12      165.266         0.04169         2978
   13      180.220         0.07830         3376
   14      195.113         0.00397         3818
   15      210.270        -0.02554         4838
   16      225.036        -0.01120         4778
   17      240.072         0.02716         4283
   18      255.056         0.01211         4316
   19      270.091         0.03668         4544
   20      285.378         0.00835         5345
   21      300.047        -0.02097         6045
Variogram for Mol & As: Direction n°2 (azm = 0; dip = 90; nlag = 22; tail = 12; head = 4)
    1        0.000         0.00000         1649
    2        2.585        -0.02996           41
    3        9.859        -0.03243           71
    4       20.795        -0.08183           66
    5       29.914         0.04282           77
    6       40.220        -0.11426           61
    7       50.433        -0.17770           55
    8       60.780         0.06498           91
    9       70.458         0.15579           84
   10       79.572        -0.01551           75
   11       89.978         0.13475          101
   12      100.452        -0.05600          100
   13      109.607         0.01478          125
   14      120.210         0.10594          134
   15      129.869        -0.02082          147
   16      140.050         0.05488          172
   17      150.125        -0.00495          179
   18      160.128        -0.09750          179
   19      169.798        -0.04929          201
   20      179.946        -0.02161          186
   21      189.803         0.06875          190
   22      200.192        -0.08331          229
Variogram for Mol & Bn: Direction n°1 (azm = 0; dip = 0; nlag = 22; tail = 12; head = 5)
    1        0.000         0.00000         1874
    2        6.588         0.10706            1
    3       15.072         0.07393           34
    4       31.837         0.18072           89
    5       46.050         0.21066          236
    6       60.324         0.24695          394
    7       75.340         0.25465          594
    8       90.833         0.20068         1125
    9      105.350         0.24601         1794
   10      120.238         0.22894         2572
   11      134.957         0.30147         2585
   12      150.061         0.35650         2888
   13      165.257         0.31163         3289
   14      180.207         0.32631         3649
   15      195.154         0.28803         4131
   16      210.287         0.23243         5235
   17      225.064         0.27044         5213
   18      240.141         0.28058         4904
   19      255.025         0.35583         4928
   20      270.074         0.38452         5131
   21      285.376         0.35533         6128
   22      300.087         0.33069         6977
Variogram for Mol & Bn: Direction n°2 (azm = 0; dip = 90; nlag = 22; tail = 12; head = 5)
    1        0.000         0.00000         1874
    2        2.682         0.09665           44
    3        9.780         0.15691           73
    4       20.739         0.13602           71
    5       29.873         0.16632           83
    6       40.339         0.32854           69
    7       50.278         0.31416           57
    8       60.760         0.30405           96
    9       70.429         0.31876           93
   10       79.713         0.38976           83
   11       90.056         0.31722          109
   12      100.512         0.54798          109
   13      109.659         0.17617          135
   14      120.198         0.34499          145
   15      129.877         0.33523          153
   16      139.973         0.30053          190
   17      150.090         0.26334          195
   18      160.025         0.33331          195
   19      169.873         0.23632          224
   20      179.920         0.40545          207
   21      189.842         0.38590          212
   22      200.226         0.33015          248
Variogram for Mol & Cp: Direction n°1 (azm = 0; dip = 0; nlag = 22; tail = 12; head = 6)
    1        0.000         0.00000         1874
    2        6.588         0.06686            1
    3       15.072         0.24623           34
    4       31.837         0.26326           89
    5       46.050         0.17273          236
    6       60.324         0.15414          394
    7       75.340         0.13467          594
    8       90.833         0.21425         1125
    9      105.350         0.17688         1794
   10      120.238         0.22704         2572
   11      134.957         0.19010         2585
   12      150.061         0.17172         2888
   13      165.257         0.17208         3289
   14      180.207         0.20149         3649
   15      195.154         0.19319         4131
   16      210.287         0.25791         5235
   17      225.064         0.22995         5213
   18      240.141         0.24109         4904
   19      255.025         0.19472         4928
   20      270.074         0.23037         5131
   21      285.376         0.24516         6128
   22      300.087         0.25146         6977
Variogram for Mol & Cp: Direction n°2 (azm = 0; dip = 90; nlag = 22; tail = 12; head = 6)
    1        0.000         0.00000         1874
    2        2.682         0.01874           44
    3        9.780         0.04711           73
    4       20.739        -0.00512           71
    5       29.873         0.04932           83
    6       40.339         0.07797           69
    7       50.278         0.11090           57
    8       60.760         0.15056           96
    9       70.429         0.11065           93
   10       79.713         0.16124           83
   11       90.056         0.13393          109
   12      100.512         0.11969          109
   13      109.659         0.09448          135
   14      120.198         0.16739          145
   15      129.877         0.18740          153
   16      139.973         0.19340          190
   17      150.090         0.19300          195
   18      160.025         0.12713          195
   19      169.873         0.08863          224
   20      179.920         0.18118          207
   21      189.842         0.19116          212
   22      200.226         0.21704          248
Variogram for Mol & Cc: Direction n°1 (azm = 0; dip = 0; nlag = 22; tail = 12; head = 7)
    1        0.000         0.00000         1874
    2        6.588         0.00434            1
    3       15.072         0.27385           34
    4       31.837         0.52709           89
    5       46.050         0.38124          236
    6       60.324         0.29337          394
    7       75.340         0.45228          594
    8       90.833         0.38350         1125
    9      105.350         0.40879         1794
   10      120.238         0.46621         2572
   11      134.957         0.47377         2585
   12      150.061         0.50519         2888
   13      165.257         0.48284         3289
   14      180.207         0.53794         3649
   15      195.154         0.50800         4131
   16      210.287         0.48205         5235
   17      225.064         0.45969         5213
   18      240.141         0.52156         4904
   19      255.025         0.55298         4928
   20      270.074         0.55864         5131
   21      285.376         0.54698         6128
   22      300.087         0.53112         6977
Variogram for Mol & Cc: Direction n°2 (azm = 0; dip = 90; nlag = 22; tail = 12; head = 7)
    1        0.000         0.00000         1874
    2        2.682         0.09501           44
    3        9.780         0.15523           73
    4       20.739         0.17088           71
    5       29.873         0.16560           83
    6       40.339         0.31444           69
    7       50.278         0.36559           57
    8       60.760         0.45933           96
    9       70.429         0.39356           93
   10       79.713         0.43007           83
   11       90.056         0.39450          109
   12      100.512         0.64400          109
   13      109.659         0.40125          135
   14      120.198         0.59926          145
   15      129.877         0.61236          153
   16      139.973         0.61383          190
   17      150.090         0.60603          195
   18      160.025         0.65772          195
   19      169.873         0.38772          224
   20      179.920         0.54704          207
   21      189.842         0.70172          212
   22      200.226         0.51371          248
Variogram for Mol & Cv: Direction n°1 (azm = 0; dip = 0; nlag = 22; tail = 12; head = 8)
    1        0.000         0.00000         1874
    2        6.588         0.00490            1
    3       15.072         0.27868           34
    4       31.837         0.52650           89
    5       46.050         0.40626          236
    6       60.324         0.45987          394
    7       75.340         0.49148          594
    8       90.833         0.46222         1125
    9      105.350         0.47944         1794
   10      120.238         0.51390         2572
   11      134.957         0.53511         2585
   12      150.061         0.57661         2888
   13      165.257         0.55069         3289
   14      180.207         0.58843         3649
   15      195.154         0.60441         4131
   16      210.287         0.58502         5235
   17      225.064         0.55138         5213
   18      240.141         0.61214         4904
   19      255.025         0.66922         4928
   20      270.074         0.66407         5131
   21      285.376         0.65588         6128
   22      300.087         0.63183         6977
Variogram for Mol & Cv: Direction n°2 (azm = 0; dip = 90; nlag = 22; tail = 12; head = 8)
    1        0.000         0.00000         1874
    2        2.682         0.10971           44
    3        9.780         0.21534           73
    4       20.739         0.27269           71
    5       29.873         0.21930           83
    6       40.339         0.41494           69
    7       50.278         0.40456           57
    8       60.760         0.46352           96
    9       70.429         0.47937           93
   10       79.713         0.61920           83
   11       90.056         0.49786          109
   12      100.512         0.77577          109
   13      109.659         0.43104          135
   14      120.198         0.65692          145
   15      129.877         0.69615          153
   16      139.973         0.67770          190
   17      150.090         0.65179          195
   18      160.025         0.72870          195
   19      169.873         0.52243          224
   20      179.920         0.56501          207
   21      189.842         0.77428          212
   22      200.226         0.59745          248
Variogram for Mol & En: Direction n°1 (azm = 0; dip = 0; nlag = 22; tail = 12; head = 9)
    1        0.000         0.00000         1874
    2        6.588         0.00490            1
    3       15.072         0.25890           34
    4       31.837         0.49437           89
    5       46.050         0.32852          236
    6       60.324         0.37808          394
    7       75.340         0.43261          594
    8       90.833         0.44366         1125
    9      105.350         0.42854         1794
   10      120.238         0.47864         2572
   11      134.957         0.48939         2585
   12      150.061         0.51023         2888
   13      165.257         0.46176         3289
   14      180.207         0.49117         3649
   15      195.154         0.52245         4131
   16      210.287         0.50283         5235
   17      225.064         0.50398         5213
   18      240.141         0.55352         4904
   19      255.025         0.58302         4928
   20      270.074         0.58771         5131
   21      285.376         0.53859         6128
   22      300.087         0.54420         6977
Variogram for Mol & En: Direction n°2 (azm = 0; dip = 90; nlag = 22; tail = 12; head = 9)
    1        0.000         0.00000         1874
    2        2.682         0.10569           44
    3        9.780         0.20194           73
    4       20.739         0.24886           71
    5       29.873         0.20646           83
    6       40.339         0.41415           69
    7       50.278         0.39920           57
    8       60.760         0.50680           96
    9       70.429         0.44474           93
   10       79.713         0.60779           83
   11       90.056         0.44752          109
   12      100.512         0.65613          109
   13      109.659         0.41940          135
   14      120.198         0.49554          145
   15      129.877         0.52081          153
   16      139.973         0.50555          190
   17      150.090         0.56889          195
   18      160.025         0.59737          195
   19      169.873         0.44360          224
   20      179.920         0.44446          207
   21      189.842         0.72516          212
   22      200.226         0.56136          248
Variogram for Mol & Py: Direction n°1 (azm = 0; dip = 0; nlag = 22; tail = 12; head = 10)
    1        0.000         0.00000         1874
    2        6.588        -0.07994            1
    3       15.072        -0.05899           34
    4       31.837         0.01609           89
    5       46.050        -0.07585          236
    6       60.324         0.00763          394
    7       75.340        -0.00198          594
    8       90.833        -0.01130         1125
    9      105.350         0.01047         1794
   10      120.238        -0.01456         2572
   11      134.957        -0.00912         2585
   12      150.061        -0.02182         2888
   13      165.257        -0.06233         3289
   14      180.207        -0.06777         3649
   15      195.154        -0.00786         4131
   16      210.287        -0.02928         5235
   17      225.064        -0.00882         5213
   18      240.141        -0.03180         4904
   19      255.025        -0.01923         4928
   20      270.074        -0.05657         5131
   21      285.376        -0.05721         6128
   22      300.087        -0.07738         6977
Variogram for Mol & Py: Direction n°2 (azm = 0; dip = 90; nlag = 22; tail = 12; head = 10)
    1        0.000         0.00000         1874
    2        2.682        -0.00252           44
    3        9.780         0.04490           73
    4       20.739         0.08949           71
    5       29.873        -0.00195           83
    6       40.339        -0.02680           69
    7       50.278        -0.03555           57
    8       60.760         0.00130           96
    9       70.429        -0.01369           93
   10       79.713         0.00854           83
   11       90.056         0.03275          109
   12      100.512         0.00377          109
   13      109.659        -0.00633          135
   14      120.198        -0.00528          145
   15      129.877        -0.06739          153
   16      139.973         0.07530          190
   17      150.090         0.03249          195
   18      160.025         0.09659          195
   19      169.873         0.06150          224
   20      179.920        -0.05761          207
   21      189.842         0.07498          212
   22      200.226        -0.06412          248
Variogram for Mol & Pyr: Direction n°1 (azm = 0; dip = 0; nlag = 22; tail = 12; head = 11)
    1        0.000         0.00000         1874
    2        6.588         0.00505            1
    3       15.072         0.28243           34
    4       31.837         0.54600           89
    5       46.050         0.41920          236
    6       60.324         0.47280          394
    7       75.340         0.52047          594
    8       90.833         0.51534         1125
    9      105.350         0.52445         1794
   10      120.238         0.55248         2572
   11      134.957         0.59819         2585
   12      150.061         0.61249         2888
   13      165.257         0.58490         3289
   14      180.207         0.63433         3649
   15      195.154         0.64991         4131
   16      210.287         0.62267         5235
   17      225.064         0.61613         5213
   18      240.141         0.65690         4904
   19      255.025         0.70103         4928
   20      270.074         0.70326         5131
   21      285.376         0.69477         6128
   22      300.087         0.67277         6977
Variogram for Mol & Pyr: Direction n°2 (azm = 0; dip = 90; nlag = 22; tail = 12; head = 11)
    1        0.000         0.00000         1874
    2        2.682         0.11106           44
    3        9.780         0.23782           73
    4       20.739         0.30234           71
    5       29.873         0.22439           83
    6       40.339         0.48098           69
    7       50.278         0.43566           57
    8       60.760         0.53427           96
    9       70.429         0.51294           93
   10       79.713         0.65233           83
   11       90.056         0.50926          109
   12      100.512         0.80601          109
   13      109.659         0.47374          135
   14      120.198         0.66963          145
   15      129.877         0.66876          153
   16      139.973         0.65810          190
   17      150.090         0.71589          195
   18      160.025         0.75539          195
   19      169.873         0.54256          224
   20      179.920         0.57514          207
   21      189.842         0.81621          212
   22      200.226         0.66074          248
Variogram for Mol & Mol: Direction n°1 (azm = 0; dip = 0; nlag = 22; tail = 12; head = 12)
    1        0.000         0.00000         1874
    2        6.588         0.00510            1
    3       15.072         0.26582           34
    4       31.837         0.70062           89
    5       46.050         0.50532          236
    6       60.324         0.58847          394
    7       75.340         0.57511          594
    8       90.833         0.57464         1125
    9      105.350         0.59103         1794
   10      120.238         0.61721         2572
   11      134.957         0.60742         2585
   12      150.061         0.63264         2888
   13      165.257         0.60366         3289
   14      180.207         0.64094         3649
   15      195.154         0.64391         4131
   16      210.287         0.64498         5235
   17      225.064         0.62905         5213
   18      240.141         0.70316         4904
   19      255.025         0.71669         4928
   20      270.074         0.72328         5131
   21      285.376         0.72714         6128
   22      300.087         0.68152         6977
Variogram for Mol & Mol: Direction n°2 (azm = 0; dip = 90; nlag = 22; tail = 12; head = 12)
    1        0.000         0.00000         1874
    2        2.682         0.13723           44
    3        9.780         0.22118           73
    4       20.739         0.26723           71
    5       29.873         0.49082           83
    6       40.339         0.45422           69
    7       50.278         0.51382           57
    8       60.760         0.51526           96
    9       70.429         0.63560           93
   10       79.713         0.64542           83
   11       90.056         0.51209          109
   12      100.512         0.80327          109
   13      109.659         0.44134          135
   14      120.198         0.63537          145
   15      129.877         0.61621          153
   16      139.973         0.63407          190
   17      150.090         0.69355          195
   18      160.025         0.75537          195
   19      169.873         0.51387          224
   20      179.920         0.55208          207
   21      189.842         0.79014          212
   22      200.226         0.64392          248
Variogram for Mol & Ga: Direction n°1 (azm = 0; dip = 0; nlag = 22; tail = 12; head = 13)
    1        0.000         0.00000         1874
    2        6.588         0.00505            1
    3       15.072         0.28176           34
    4       31.837         0.54490           89
    5       46.050         0.41760          236
    6       60.324         0.47055          394
    7       75.340         0.51898          594
    8       90.833         0.51295         1125
    9      105.350         0.52298         1794
   10      120.238         0.55008         2572
   11      134.957         0.59573         2585
   12      150.061         0.60993         2888
   13      165.257         0.58098         3289
   14      180.207         0.63135         3649
   15      195.154         0.64615         4131
   16      210.287         0.62029         5235
   17      225.064         0.61289         5213
   18      240.141         0.65436         4904
   19      255.025         0.69753         4928
   20      270.074         0.70033         5131
   21      285.376         0.69035         6128
   22      300.087         0.66966         6977
Variogram for Mol & Ga: Direction n°2 (azm = 0; dip = 90; nlag = 22; tail = 12; head = 13)
    1        0.000         0.00000         1874
    2        2.682         0.11096           44
    3        9.780         0.22928           73
    4       20.739         0.29167           71
    5       29.873         0.22335           83
    6       40.339         0.46611           69
    7       50.278         0.43403           57
    8       60.760         0.53242           96
    9       70.429         0.50573           93
   10       79.713         0.64965           83
   11       90.056         0.50696          109
   12      100.512         0.78930          109
   13      109.659         0.47199          135
   14      120.198         0.66209          145
   15      129.877         0.66330          153
   16      139.973         0.65509          190
   17      150.090         0.71235          195
   18      160.025         0.74927          195
   19      169.873         0.53866          224
   20      179.920         0.57344          207
   21      189.842         0.81311          212
   22      200.226         0.65693          248
Variogram for Mol & Sph: Direction n°1 (azm = 0; dip = 0; nlag = 22; tail = 12; head = 14)
    1        0.000         0.00000         1874
    2        6.588         0.00505            1
    3       15.072         0.28243           34
    4       31.837         0.54600           89
    5       46.050         0.41920          236
    6       60.324         0.47280          394
    7       75.340         0.52047          594
    8       90.833         0.51534         1125
    9      105.350         0.52445         1794
   10      120.238         0.55248         2572
   11      134.957         0.59819         2585
   12      150.061         0.61249         2888
   13      165.257         0.58490         3289
   14      180.207         0.63433         3649
   15      195.154         0.64991         4131
   16      210.287         0.62267         5235
   17      225.064         0.61613         5213
   18      240.141         0.65690         4904
   19      255.025         0.70103         4928
   20      270.074         0.70326         5131
   21      285.376         0.69477         6128
   22      300.087         0.67277         6977
Variogram for Mol & Sph: Direction n°2 (azm = 0; dip = 90; nlag = 22; tail = 12; head = 14)
    1        0.000         0.00000         1874
    2        2.682         0.11106           44
    3        9.780         0.23782           73
    4       20.739         0.30234           71
    5       29.873         0.22439           83
    6       40.339         0.48098           69
    7       50.278         0.43566           57
    8       60.760         0.53427           96
    9       70.429         0.51294           93
   10       79.713         0.65233           83
   11       90.056         0.50926          109
   12      100.512         0.80601          109
   13      109.659         0.47374          135
   14      120.198         0.66963          145
   15      129.877         0.66876          153
   16      139.973         0.65810          190
   17      150.090         0.71589          195
   18      160.025         0.75539          195
   19      169.873         0.54256          224
   20      179.920         0.57514          207
   21      189.842         0.81621          212
   22      200.226         0.66074          248
Variogram for Mol & TS: Direction n°1 (azm = 0; dip = 0; nlag = 22; tail = 12; head = 15)
    1        0.000         0.00000         1874
    2        6.588        -0.06484            1
    3       15.072         0.08520           34
    4       31.837         0.14822           89
    5       46.050        -0.03109          236
    6       60.324         0.06712          394
    7       75.340        -0.06066          594
    8       90.833         0.00683         1125
    9      105.350         0.04466         1794
   10      120.238         0.00747         2572
   11      134.957        -0.00389         2585
   12      150.061        -0.02034         2888
   13      165.257        -0.02914         3289
   14      180.207         0.01249         3649
   15      195.154        -0.04984         4131
   16      210.287        -0.04042         5235
   17      225.064        -0.05215         5213
   18      240.141        -0.04818         4904
   19      255.025        -0.07999         4928
   20      270.074        -0.04879         5131
   21      285.376        -0.02555         6128
   22      300.087        -0.07981         6977
Variogram for Mol & TS: Direction n°2 (azm = 0; dip = 90; nlag = 22; tail = 12; head = 15)
    1        0.000         0.00000         1874
    2        2.682         0.01876           44
    3        9.780         0.00390           73
    4       20.739        -0.14505           71
    5       29.873         0.01222           83
    6       40.339        -0.31819           69
    7       50.278        -0.32265           57
    8       60.760         0.01003           96
    9       70.429         0.02340           93
   10       79.713        -0.25521           83
   11       90.056        -0.04459          109
   12      100.512        -0.15748          109
   13      109.659        -0.18104          135
   14      120.198        -0.20970          145
   15      129.877        -0.19975          153
   16      139.973        -0.09113          190
   17      150.090        -0.06313          195
   18      160.025        -0.10299          195
   19      169.873        -0.12627          224
   20      179.920        -0.02892          207
   21      189.842        -0.07752          212
   22      200.226        -0.13736          248
Variogram for Ga & Cu: Direction n°1 (azm = 0; dip = 0; nlag = 21; tail = 13; head = 1)
    1        0.000         0.00000         1690
    2       15.524        -0.04738           31
    3       31.782         0.06757           83
    4       46.125         0.00273          231
    5       60.329         0.01853          384
    6       75.319        -0.00791          577
    7       90.842         0.03275         1079
    8      105.373         0.01866         1731
    9      120.188         0.00472         2452
   10      134.995         0.02805         2367
   11      150.026        -0.00048         2662
   12      165.261         0.00821         3047
   13      180.200         0.04962         3427
   14      195.121         0.00820         3901
   15      210.306        -0.02461         5007
   16      225.019        -0.00489         4899
   17      240.117         0.00260         4474
   18      255.038        -0.04052         4456
   19      270.066        -0.02549         4638
   20      285.375         0.00320         5439
   21      300.065        -0.01696         6259
Variogram for Ga & Cu: Direction n°2 (azm = 0; dip = 90; nlag = 22; tail = 13; head = 1)
    1        0.000         0.00000         1690
    2        2.619        -0.01149           42
    3        9.859         0.00453           71
    4       20.795        -0.04832           66
    5       29.916         0.04620           79
    6       40.213        -0.09615           63
    7       50.433        -0.05467           55
    8       60.780         0.03338           91
    9       70.458         0.07379           84
   10       79.572        -0.00535           75
   11       90.024         0.05038          102
   12      100.487        -0.02405          101
   13      109.616        -0.07756          129
   14      120.207         0.06709          138
   15      129.901         0.00739          150
   16      139.993        -0.05002          183
   17      150.094        -0.07472          188
   18      160.032        -0.18847          192
   19      169.835        -0.05373          213
   20      179.961         0.03324          199
   21      189.742        -0.05469          198
   22      200.187        -0.00454          237
Variogram for Ga & Au: Direction n°1 (azm = 0; dip = 0; nlag = 21; tail = 13; head = 2)
    1        0.000         0.00000         1690
    2       15.524        -0.09689           31
    3       31.782         0.01858           83
    4       46.125        -0.07916          231
    5       60.329         0.02024          384
    6       75.319        -0.03938          577
    7       90.842         0.04352         1079
    8      105.373         0.02819         1731
    9      120.188        -0.00739         2452
   10      134.995        -0.00822         2367
   11      150.026         0.04116         2662
   12      165.261         0.04169         3047
   13      180.200         0.09110         3427
   14      195.121         0.00457         3901
   15      210.306        -0.01150         5007
   16      225.019         0.00382         4899
   17      240.117         0.03930         4474
   18      255.038        -0.00503         4456
   19      270.066         0.01691         4638
   20      285.375         0.06344         5439
   21      300.065         0.04069         6259
Variogram for Ga & Au: Direction n°2 (azm = 0; dip = 90; nlag = 22; tail = 13; head = 2)
    1        0.000         0.00000         1690
    2        2.619         0.05289           42
    3        9.859        -0.00625           71
    4       20.795        -0.00182           66
    5       29.916         0.02328           79
    6       40.213        -0.08036           63
    7       50.433         0.04753           55
    8       60.780        -0.04178           91
    9       70.458         0.05781           84
   10       79.572        -0.00283           75
   11       90.024         0.04937          102
   12      100.487         0.02135          101
   13      109.616         0.07229          129
   14      120.207         0.01584          138
   15      129.901        -0.03650          150
   16      139.993        -0.09355          183
   17      150.094         0.05020          188
   18      160.032        -0.20004          192
   19      169.835        -0.07381          213
   20      179.961         0.02659          199
   21      189.742        -0.03895          198
   22      200.187        -0.01825          237
Variogram for Ga & Mo: Direction n°1 (azm = 0; dip = 0; nlag = 21; tail = 13; head = 3)
    1        0.000         0.00000         1683
    2       15.524        -0.09348           31
    3       31.782        -0.14682           83
    4       46.085        -0.01384          229
    5       60.386        -0.05581          375
    6       75.319        -0.04601          577
    7       90.813        -0.06381         1072
    8      105.414        -0.04104         1686
    9      120.189        -0.08379         2449
   10      135.000        -0.09188         2356
   11      150.020        -0.05981         2645
   12      165.257        -0.05134         3024
   13      180.208         0.01644         3415
   14      195.119        -0.07690         3877
   15      210.308        -0.07935         4975
   16      225.021        -0.07276         4878
   17      240.112        -0.06911         4440
   18      255.035        -0.06901         4429
   19      270.076        -0.07548         4619
   20      285.372        -0.08816         5417
   21      300.056        -0.04028         6235
Variogram for Ga & Mo: Direction n°2 (azm = 0; dip = 90; nlag = 22; tail = 13; head = 3)
    1        0.000         0.00000         1683
    2        2.619         0.03674           42
    3        9.859        -0.02241           71
    4       20.795        -0.07031           66
    5       29.916         0.07699           79
    6       40.213        -0.05136           63
    7       50.433        -0.13361           55
    8       60.780        -0.05615           91
    9       70.458        -0.03183           84
   10       79.572        -0.04576           75
   11       89.978         0.05175          101
   12      100.487         0.04396          101
   13      109.632         0.02309          128
   14      120.189         0.03488          137
   15      129.901         0.02445          150
   16      140.015         0.10488          182
   17      150.094         0.05700          188
   18      160.032        -0.01258          190
   19      169.831         0.06331          211
   20      179.961         0.06499          196
   21      189.742         0.02252          198
   22      200.203         0.17467          236
Variogram for Ga & As: Direction n°1 (azm = 0; dip = 0; nlag = 21; tail = 13; head = 4)
    1        0.000         0.00000         1649
    2       16.131         0.08293           28
    3       31.727         0.01201           82
    4       46.140        -0.03938          225
    5       60.416        -0.01618          371
    6       75.326        -0.01251          576
    7       90.799        -0.05161         1051
    8      105.396        -0.00291         1632
    9      120.213        -0.03136         2390
   10      135.026        -0.04726         2298
   11      149.982         0.04622         2577
   12      165.266         0.01191         2978
   13      180.220         0.07077         3376
   14      195.113        -0.02023         3818
   15      210.270        -0.05656         4838
   16      225.036        -0.04740         4778
   17      240.072         0.00136         4283
   18      255.056        -0.00350         4316
   19      270.091         0.02909         4544
   20      285.378        -0.00891         5345
   21      300.047        -0.02994         6045
Variogram for Ga & As: Direction n°2 (azm = 0; dip = 90; nlag = 22; tail = 13; head = 4)
    1        0.000         0.00000         1649
    2        2.585        -0.02105           41
    3        9.859        -0.02746           71
    4       20.795        -0.13546           66
    5       29.914         0.11803           77
    6       40.220        -0.17911           61
    7       50.433        -0.17526           55
    8       60.780         0.04833           91
    9       70.458         0.07831           84
   10       79.572        -0.07837           75
   11       89.978         0.14320          101
   12      100.452        -0.14847          100
   13      109.607         0.02231          125
   14      120.210         0.07308          134
   15      129.869        -0.01557          147
   16      140.050         0.04688          172
   17      150.125        -0.00917          179
   18      160.128        -0.11876          179
   19      169.798        -0.04581          201
   20      179.946        -0.01843          186
   21      189.803         0.07527          190
   22      200.192        -0.07998          229
Variogram for Ga & Bn: Direction n°1 (azm = 0; dip = 0; nlag = 22; tail = 13; head = 5)
    1        0.000         0.00000         1874
    2        6.588         0.10600            1
    3       15.072         0.07556           34
    4       31.837         0.25222           89
    5       46.050         0.24415          236
    6       60.324         0.28679          394
    7       75.340         0.31859          594
    8       90.833         0.25994         1125
    9      105.350         0.30042         1794
   10      120.238         0.26133         2572
   11      134.957         0.33243         2585
   12      150.061         0.38863         2888
   13      165.257         0.36037         3289
   14      180.207         0.36813         3649
   15      195.154         0.33269         4131
   16      210.287         0.27529         5235
   17      225.064         0.31655         5213
   18      240.141         0.32915         4904
   19      255.025         0.40490         4928
   20      270.074         0.42735         5131
   21      285.376         0.39382         6128
   22      300.087         0.36917         6977
Variogram for Ga & Bn: Direction n°2 (azm = 0; dip = 90; nlag = 22; tail = 13; head = 5)
    1        0.000         0.00000         1874
    2        2.682         0.11042           44
    3        9.780         0.18093           73
    4       20.739         0.15624           71
    5       29.873         0.25335           83
    6       40.339         0.36177           69
    7       50.278         0.34320           57
    8       60.760         0.31945           96
    9       70.429         0.40446           93
   10       79.713         0.41791           83
   11       90.056         0.34269          109
   12      100.512         0.59955          109
   13      109.659         0.18950          135
   14      120.198         0.37143          145
   15      129.877         0.36374          153
   16      139.973         0.32815          190
   17      150.090         0.28942          195
   18      160.025         0.38779          195
   19      169.873         0.25515          224
   20      179.920         0.42986          207
   21      189.842         0.40479          212
   22      200.226         0.34846          248
Variogram for Ga & Cp: Direction n°1 (azm = 0; dip = 0; nlag = 22; tail = 13; head = 6)
    1        0.000         0.00000         1874
    2        6.588         0.06620            1
    3       15.072         0.25629           34
    4       31.837         0.30475           89
    5       46.050         0.15424          236
    6       60.324         0.17286          394
    7       75.340         0.14475          594
    8       90.833         0.21835         1125
    9      105.350         0.18581         1794
   10      120.238         0.22615         2572
   11      134.957         0.19615         2585
   12      150.061         0.17138         2888
   13      165.257         0.16957         3289
   14      180.207         0.21119         3649
   15      195.154         0.19604         4131
   16      210.287         0.27161         5235
   17      225.064         0.23872         5213
   18      240.141         0.23948         4904
   19      255.025         0.19093         4928
   20      270.074         0.22737         5131
   21      285.376         0.25596         6128
   22      300.087         0.25787         6977
Variogram for Ga & Cp: Direction n°2 (azm = 0; dip = 90; nlag = 22; tail = 13; head = 6)
    1        0.000         0.00000         1874
    2        2.682         0.02163           44
    3        9.780         0.05597           73
    4       20.739         0.00611           71
    5       29.873         0.07911           83
    6       40.339         0.08023           69
    7       50.278         0.09637           57
    8       60.760         0.15170           96
    9       70.429         0.12464           93
   10       79.713         0.16862           83
   11       90.056         0.12268          109
   12      100.512         0.13948          109
   13      109.659         0.09364          135
   14      120.198         0.16950          145
   15      129.877         0.19489          153
   16      139.973         0.19432          190
   17      150.090         0.19885          195
   18      160.025         0.10217          195
   19      169.873         0.07984          224
   20      179.920         0.17850          207
   21      189.842         0.18631          212
   22      200.226         0.22272          248
Variogram for Ga & Cc: Direction n°1 (azm = 0; dip = 0; nlag = 22; tail = 13; head = 7)
    1        0.000         0.00000         1874
    2        6.588         0.00430            1
    3       15.072         0.29003           34
    4       31.837         0.58628           89
    5       46.050         0.42706          236
    6       60.324         0.40678          394
    7       75.340         0.50540          594
    8       90.833         0.46069         1125
    9      105.350         0.47776         1794
   10      120.238         0.51311         2572
   11      134.957         0.52423         2585
   12      150.061         0.55035         2888
   13      165.257         0.55039         3289
   14      180.207         0.59427         3649
   15      195.154         0.57498         4131
   16      210.287         0.54172         5235
   17      225.064         0.52503         5213
   18      240.141         0.57277         4904
   19      255.025         0.62538         4928
   20      270.074         0.62372         5131
   21      285.376         0.60697         6128
   22      300.087         0.58754         6977
Variogram for Ga & Cc: Direction n°2 (azm = 0; dip = 90; nlag = 22; tail = 13; head = 7)
    1        0.000         0.00000         1874
    2        2.682         0.11014           44
    3        9.780         0.19049           73
    4       20.739         0.19915           71
    5       29.873         0.26005           83
    6       40.339         0.35533           69
    7       50.278         0.41127           57
    8       60.760         0.49328           96
    9       70.429         0.50905           93
   10       79.713         0.46878           83
   11       90.056         0.46831          109
   12      100.512         0.71488          109
   13      109.659         0.42352          135
   14      120.198         0.64938          145
   15      129.877         0.65899          153
   16      139.973         0.65777          190
   17      150.090         0.64898          195
   18      160.025         0.73018          195
   19      169.873         0.41614          224
   20      179.920         0.57923          207
   21      189.842         0.73479          212
   22      200.226         0.54040          248
Variogram for Ga & Cv: Direction n°1 (azm = 0; dip = 0; nlag = 22; tail = 13; head = 8)
    1        0.000         0.00000         1874
    2        6.588         0.00485            1
    3       15.072         0.29684           34
    4       31.837         0.58764           89
    5       46.050         0.46173          236
    6       60.324         0.54226          394
    7       75.340         0.54901          594
    8       90.833         0.54467         1125
    9      105.350         0.55731         1794
   10      120.238         0.55691         2572
   11      134.957         0.59681         2585
   12      150.061         0.63001         2888
   13      165.257         0.62881         3289
   14      180.207         0.65161         3649
   15      195.154         0.67738         4131
   16      210.287         0.65268         5235
   17      225.064         0.61835         5213
   18      240.141         0.66528         4904
   19      255.025         0.74745         4928
   20      270.074         0.74209         5131
   21      285.376         0.72525         6128
   22      300.087         0.69489         6977
Variogram for Ga & Cv: Direction n°2 (azm = 0; dip = 90; nlag = 22; tail = 13; head = 8)
    1        0.000         0.00000         1874
    2        2.682         0.12662           44
    3        9.780         0.25759           73
    4       20.739         0.33527           71
    5       29.873         0.32106           83
    6       40.339         0.49640           69
    7       50.278         0.45564           57
    8       60.760         0.50643           96
    9       70.429         0.60744           93
   10       79.713         0.68137           83
   11       90.056         0.54663          109
   12      100.512         0.86668          109
   13      109.659         0.46634          135
   14      120.198         0.71927          145
   15      129.877         0.74967          153
   16      139.973         0.72690          190
   17      150.090         0.70893          195
   18      160.025         0.81152          195
   19      169.873         0.56374          224
   20      179.920         0.60100          207
   21      189.842         0.81468          212
   22      200.226         0.63080          248
Variogram for Ga & En: Direction n°1 (azm = 0; dip = 0; nlag = 22; tail = 13; head = 9)
    1        0.000         0.00000         1874
    2        6.588         0.00485            1
    3       15.072         0.27538           34
    4       31.837         0.55360           89
    5       46.050         0.37745          236
    6       60.324         0.45149          394
    7       75.340         0.48552          594
    8       90.833         0.51665         1125
    9      105.350         0.50028         1794
   10      120.238         0.51756         2572
   11      134.957         0.54411         2585
   12      150.061         0.55810         2888
   13      165.257         0.53190         3289
   14      180.207         0.54498         3649
   15      195.154         0.58530         4131
   16      210.287         0.56250         5235
   17      225.064         0.56313         5213
   18      240.141         0.60111         4904
   19      255.025         0.65205         4928
   20      270.074         0.65595         5131
   21      285.376         0.60072         6128
   22      300.087         0.60148         6977
Variogram for Ga & En: Direction n°2 (azm = 0; dip = 90; nlag = 22; tail = 13; head = 9)
    1        0.000         0.00000         1874
    2        2.682         0.12202           44
    3        9.780         0.23848           73
    4       20.739         0.30011           71
    5       29.873         0.30217           83
    6       40.339         0.48291           69
    7       50.278         0.44655           57
    8       60.760         0.54577           96
    9       70.429         0.55915           93
   10       79.713         0.66438           83
   11       90.056         0.49115          109
   12      100.512         0.73520          109
   13      109.659         0.44965          135
   14      120.198         0.54511          145
   15      129.877         0.56477          153
   16      139.973         0.54865          190
   17      150.090         0.61865          195
   18      160.025         0.67225          195
   19      169.873         0.47882          224
   20      179.920         0.47683          207
   21      189.842         0.76049          212
   22      200.226         0.59290          248
Variogram for Ga & Py: Direction n°1 (azm = 0; dip = 0; nlag = 22; tail = 13; head = 10)
    1        0.000         0.00000         1874
    2        6.588        -0.07915            1
    3       15.072        -0.06069           34
    4       31.837        -0.00397           89
    5       46.050        -0.04601          236
    6       60.324        -0.00521          394
    7       75.340        -0.02502          594
    8       90.833        -0.00535         1125
    9      105.350         0.01767         1794
   10      120.238        -0.00409         2572
   11      134.957        -0.00223         2585
   12      150.061        -0.00924         2888
   13      165.257        -0.03755         3289
   14      180.207        -0.06582         3649
   15      195.154         0.00657         4131
   16      210.287        -0.02473         5235
   17      225.064        -0.00625         5213
   18      240.141        -0.02310         4904
   19      255.025         0.00306         4928
   20      270.074        -0.03112         5131
   21      285.376        -0.04438         6128
   22      300.087        -0.06908         6977
Variogram for Ga & Py: Direction n°2 (azm = 0; dip = 90; nlag = 22; tail = 13; head = 10)
    1        0.000         0.00000         1874
    2        2.682        -0.00260           44
    3        9.780         0.06015           73
    4       20.739         0.11640           71
    5       29.873        -0.00840           83
    6       40.339         0.01317           69
    7       50.278        -0.00218           57
    8       60.760         0.02577           96
    9       70.429         0.01626           93
   10       79.713         0.02594           83
   11       90.056         0.06199          109
   12      100.512         0.02037          109
   13      109.659         0.00262          135
   14      120.198         0.01510          145
   15      129.877        -0.06278          153
   16      139.973         0.08744          190
   17      150.090         0.04360          195
   18      160.025         0.13985          195
   19      169.873         0.07862          224
   20      179.920        -0.05288          207
   21      189.842         0.08918          212
   22      200.226        -0.06111          248
Variogram for Ga & Pyr: Direction n°1 (azm = 0; dip = 0; nlag = 22; tail = 13; head = 11)
    1        0.000         0.00000         1874
    2        6.588         0.00500            1
    3       15.072         0.30151           34
    4       31.837         0.60780           89
    5       46.050         0.47989          236
    6       60.324         0.56048          394
    7       75.340         0.57950          594
    8       90.833         0.60463         1125
    9      105.350         0.60672         1794
   10      120.238         0.59840         2572
   11      134.957         0.66590         2585
   12      150.061         0.67022         2888
   13      165.257         0.67045         3289
   14      180.207         0.70336         3649
   15      195.154         0.72943         4131
   16      210.287         0.69654         5235
   17      225.064         0.68907         5213
   18      240.141         0.71510         4904
   19      255.025         0.78755         4928
   20      270.074         0.78993         5131
   21      285.376         0.77206         6128
   22      300.087         0.74066         6977
Variogram for Ga & Pyr: Direction n°2 (azm = 0; dip = 90; nlag = 22; tail = 13; head = 11)
    1        0.000         0.00000         1874
    2        2.682         0.12844           44
    3        9.780         0.29205           73
    4       20.739         0.38221           71
    5       29.873         0.33436           83
    6       40.339         0.58809           69
    7       50.278         0.49081           57
    8       60.760         0.58363           96
    9       70.429         0.65814           93
   10       79.713         0.72158           83
   11       90.056         0.56260          109
   12      100.512         0.91667          109
   13      109.659         0.51340          135
   14      120.198         0.74180          145
   15      129.877         0.72880          153
   16      139.973         0.71007          190
   17      150.090         0.77847          195
   18      160.025         0.84351          195
   19      169.873         0.59020          224
   20      179.920         0.61278          207
   21      189.842         0.85990          212
   22      200.226         0.69957          248
Variogram for Ga & Mol: Direction n°1 (azm = 0; dip = 0; nlag = 22; tail = 13; head = 12)
    1        0.000         0.00000         1874
    2        6.588         0.00505            1
    3       15.072         0.28176           34
    4       31.837         0.54490           89
    5       46.050         0.41760          236
    6       60.324         0.47055          394
    7       75.340         0.51898          594
    8       90.833         0.51295         1125
    9      105.350         0.52298         1794
   10      120.238         0.55008         2572
   11      134.957         0.59573         2585
   12      150.061         0.60993         2888
   13      165.257         0.58098         3289
   14      180.207         0.63135         3649
   15      195.154         0.64615         4131
   16      210.287         0.62029         5235
   17      225.064         0.61289         5213
   18      240.141         0.65436         4904
   19      255.025         0.69753         4928
   20      270.074         0.70033         5131
   21      285.376         0.69035         6128
   22      300.087         0.66966         6977
Variogram for Ga & Mol: Direction n°2 (azm = 0; dip = 90; nlag = 22; tail = 13; head = 12)
    1        0.000         0.00000         1874
    2        2.682         0.11096           44
    3        9.780         0.22928           73
    4       20.739         0.29167           71
    5       29.873         0.22335           83
    6       40.339         0.46611           69
    7       50.278         0.43403           57
    8       60.760         0.53242           96
    9       70.429         0.50573           93
   10       79.713         0.64965           83
   11       90.056         0.50696          109
   12      100.512         0.78930          109
   13      109.659         0.47199          135
   14      120.198         0.66209          145
   15      129.877         0.66330          153
   16      139.973         0.65509          190
   17      150.090         0.71235          195
   18      160.025         0.74927          195
   19      169.873         0.53866          224
   20      179.920         0.57344          207
   21      189.842         0.81311          212
   22      200.226         0.65693          248
Variogram for Ga & Ga: Direction n°1 (azm = 0; dip = 0; nlag = 22; tail = 13; head = 13)
    1        0.000         0.00000         1874
    2        6.588         0.00500            1
    3       15.072         0.30071           34
    4       31.837         0.60661           89
    5       46.050         0.47728          236
    6       60.324         0.55726          394
    7       75.340         0.57776          594
    8       90.833         0.60111         1125
    9      105.350         0.60444         1794
   10      120.238         0.59916         2572
   11      134.957         0.66242         2585
   12      150.061         0.67195         2888
   13      165.257         0.67643         3289
   14      180.207         0.70303         3649
   15      195.154         0.73356         4131
   16      210.287         0.69465         5235
   17      225.064         0.68523         5213
   18      240.141         0.71159         4904
   19      255.025         0.78227         4928
   20      270.074         0.78714         5131
   21      285.376         0.76895         6128
   22      300.087         0.74559         6977
Variogram for Ga & Ga: Direction n°2 (azm = 0; dip = 90; nlag = 22; tail = 13; head = 13)
    1        0.000         0.00000         1874
    2        2.682         0.12820           44
    3        9.780         0.27887           73
    4       20.739         0.36462           71
    5       29.873         0.33111           83
    6       40.339         0.56335           69
    7       50.278         0.48849           57
    8       60.760         0.57971           96
    9       70.429         0.64514           93
   10       79.713         0.71659           83
   11       90.056         0.55934          109
   12      100.512         0.89317          109
   13      109.659         0.51059          135
   14      120.198         0.73116          145
   15      129.877         0.72109          153
   16      139.973         0.70614          190
   17      150.090         0.77378          195
   18      160.025         0.83564          195
   19      169.873         0.58452          224
   20      179.920         0.61082          207
   21      189.842         0.85593          212
   22      200.226         0.69452          248
Variogram for Ga & Sph: Direction n°1 (azm = 0; dip = 0; nlag = 22; tail = 13; head = 14)
    1        0.000         0.00000         1874
    2        6.588         0.00500            1
    3       15.072         0.30151           34
    4       31.837         0.60780           89
    5       46.050         0.47989          236
    6       60.324         0.56048          394
    7       75.340         0.57950          594
    8       90.833         0.60463         1125
    9      105.350         0.60672         1794
   10      120.238         0.59840         2572
   11      134.957         0.66590         2585
   12      150.061         0.67022         2888
   13      165.257         0.67045         3289
   14      180.207         0.70336         3649
   15      195.154         0.72943         4131
   16      210.287         0.69654         5235
   17      225.064         0.68907         5213
   18      240.141         0.71510         4904
   19      255.025         0.78755         4928
   20      270.074         0.78993         5131
   21      285.376         0.77206         6128
   22      300.087         0.74066         6977
Variogram for Ga & Sph: Direction n°2 (azm = 0; dip = 90; nlag = 22; tail = 13; head = 14)
    1        0.000         0.00000         1874
    2        2.682         0.12844           44
    3        9.780         0.29205           73
    4       20.739         0.38221           71
    5       29.873         0.33436           83
    6       40.339         0.58809           69
    7       50.278         0.49081           57
    8       60.760         0.58363           96
    9       70.429         0.65814           93
   10       79.713         0.72158           83
   11       90.056         0.56260          109
   12      100.512         0.91667          109
   13      109.659         0.51340          135
   14      120.198         0.74180          145
   15      129.877         0.72880          153
   16      139.973         0.71007          190
   17      150.090         0.77847          195
   18      160.025         0.84351          195
   19      169.873         0.59020          224
   20      179.920         0.61278          207
   21      189.842         0.85990          212
   22      200.226         0.69957          248
Variogram for Ga & TS: Direction n°1 (azm = 0; dip = 0; nlag = 22; tail = 13; head = 15)
    1        0.000         0.00000         1874
    2        6.588        -0.06420            1
    3       15.072         0.10986           34
    4       31.837         0.09703           89
    5       46.050         0.01108          236
    6       60.324         0.07300          394
    7       75.340        -0.09568          594
    8       90.833        -0.01683         1125
    9      105.350         0.01189         1794
   10      120.238        -0.01807         2572
   11      134.957        -0.00636         2585
   12      150.061        -0.04721         2888
   13      165.257        -0.08851         3289
   14      180.207        -0.00031         3649
   15      195.154        -0.08320         4131
   16      210.287        -0.08253         5235
   17      225.064        -0.07914         5213
   18      240.141        -0.08808         4904
   19      255.025        -0.10973         4928
   20      270.074        -0.07474         5131
   21      285.376        -0.04923         6128
   22      300.087        -0.10966         6977
Variogram for Ga & TS: Direction n°2 (azm = 0; dip = 90; nlag = 22; tail = 13; head = 15)
    1        0.000         0.00000         1874
    2        2.682         0.02789           44
    3        9.780         0.00108           73
    4       20.739        -0.18629           71
    5       29.873         0.00509           83
    6       40.339        -0.40565           69
    7       50.278        -0.36638           57
    8       60.760        -0.01931           96
    9       70.429        -0.04321           93
   10       79.713        -0.32011           83
   11       90.056        -0.07889          109
   12      100.512        -0.24340          109
   13      109.659        -0.20050          135
   14      120.198        -0.24533          145
   15      129.877        -0.23278          153
   16      139.973        -0.10771          190
   17      150.090        -0.09633          195
   18      160.025        -0.14957          195
   19      169.873        -0.16343          224
   20      179.920        -0.04981          207
   21      189.842        -0.10345          212
   22      200.226        -0.15735          248
Variogram for Sph & Cu: Direction n°1 (azm = 0; dip = 0; nlag = 21; tail = 14; head = 1)
    1        0.000         0.00000         1690
    2       15.524        -0.04747           31
    3       31.782         0.06749           83
    4       46.125         0.00298          231
    5       60.329         0.01867          384
    6       75.319        -0.00809          577
    7       90.842         0.03316         1079
    8      105.373         0.01857         1731
    9      120.188         0.00427         2452
   10      134.995         0.02793         2367
   11      150.026        -0.00069         2662
   12      165.261         0.00803         3047
   13      180.200         0.05016         3427
   14      195.121         0.00806         3901
   15      210.306        -0.02506         5007
   16      225.019        -0.00552         4899
   17      240.117         0.00241         4474
   18      255.038        -0.04079         4456
   19      270.066        -0.02550         4638
   20      285.375         0.00318         5439
   21      300.065        -0.01698         6259
Variogram for Sph & Cu: Direction n°2 (azm = 0; dip = 90; nlag = 22; tail = 14; head = 1)
    1        0.000         0.00000         1690
    2        2.619        -0.01154           42
    3        9.859         0.00717           71
    4       20.795        -0.04977           66
    5       29.916         0.05017           79
    6       40.213        -0.09906           63
    7       50.433        -0.05614           55
    8       60.780         0.03503           91
    9       70.458         0.07280           84
   10       79.572        -0.00557           75
   11       90.024         0.04979          102
   12      100.487        -0.02545          101
   13      109.616        -0.07783          129
   14      120.207         0.06776          138
   15      129.901         0.00798          150
   16      139.993        -0.05043          183
   17      150.094        -0.07517          188
   18      160.032        -0.18934          192
   19      169.835        -0.05442          213
   20      179.961         0.03287          199
   21      189.742        -0.05527          198
   22      200.187        -0.00390          237
Variogram for Sph & Au: Direction n°1 (azm = 0; dip = 0; nlag = 21; tail = 14; head = 2)
    1        0.000         0.00000         1690
    2       15.524        -0.09725           31
    3       31.782         0.01866           83
    4       46.125        -0.07935          231
    5       60.329         0.02025          384
    6       75.319        -0.03961          577
    7       90.842         0.04399         1079
    8      105.373         0.02808         1731
    9      120.188        -0.00755         2452
   10      134.995        -0.00855         2367
   11      150.026         0.04092         2662
   12      165.261         0.04059         3047
   13      180.200         0.09137         3427
   14      195.121         0.00396         3901
   15      210.306        -0.01236         5007
   16      225.019         0.00261         4899
   17      240.117         0.03899         4474
   18      255.038        -0.00566         4456
   19      270.066         0.01623         4638
   20      285.375         0.06271         5439
   21      300.065         0.04078         6259
Variogram for Sph & Au: Direction n°2 (azm = 0; dip = 90; nlag = 22; tail = 14; head = 2)
    1        0.000         0.00000         1690
    2        2.619         0.05294           42
    3        9.859        -0.00538           71
    4       20.795        -0.00443           66
    5       29.916         0.02719           79
    6       40.213        -0.08410           63
    7       50.433         0.04704           55
    8       60.780        -0.04226           91
    9       70.458         0.05487           84
   10       79.572        -0.00251           75
   11       90.024         0.04934          102
   12      100.487         0.01604          101
   13      109.616         0.07225          129
   14      120.207         0.01231          138
   15      129.901        -0.03839          150
   16      139.993        -0.09385          183
   17      150.094         0.04989          188
   18      160.032        -0.20182          192
   19      169.835        -0.07475          213
   20      179.961         0.02611          199
   21      189.742        -0.03923          198
   22      200.187        -0.01816          237
Variogram for Sph & Mo: Direction n°1 (azm = 0; dip = 0; nlag = 21; tail = 14; head = 3)
    1        0.000         0.00000         1683
    2       15.524        -0.09344           31
    3       31.782        -0.14712           83
    4       46.085        -0.01358          229
    5       60.386        -0.05623          375
    6       75.319        -0.04623          577
    7       90.813        -0.06391         1072
    8      105.414        -0.04129         1686
    9      120.189        -0.08433         2449
   10      135.000        -0.09267         2356
   11      150.020        -0.06044         2645
   12      165.257        -0.05194         3024
   13      180.208         0.01719         3415
   14      195.119        -0.07748         3877
   15      210.308        -0.07994         4975
   16      225.021        -0.07333         4878
   17      240.112        -0.06926         4440
   18      255.035        -0.06962         4429
   19      270.076        -0.07559         4619
   20      285.372        -0.08863         5417
   21      300.056        -0.04042         6235
Variogram for Sph & Mo: Direction n°2 (azm = 0; dip = 90; nlag = 22; tail = 14; head = 3)
    1        0.000         0.00000         1683
    2        2.619         0.03678           42
    3        9.859        -0.02792           71
    4       20.795        -0.07478           66
    5       29.916         0.08030           79
    6       40.213        -0.05278           63
    7       50.433        -0.13585           55
    8       60.780        -0.05324           91
    9       70.458        -0.03175           84
   10       79.572        -0.04722           75
   11       89.978         0.05150          101
   12      100.487         0.04165          101
   13      109.632         0.02355          128
   14      120.189         0.03362          137
   15      129.901         0.02385          150
   16      140.015         0.10498          182
   17      150.094         0.05714          188
   18      160.032        -0.01331          190
   19      169.831         0.06348          211
   20      179.961         0.06497          196
   21      189.742         0.02240          198
   22      200.203         0.17459          236
Variogram for Sph & As: Direction n°1 (azm = 0; dip = 0; nlag = 21; tail = 14; head = 4)
    1        0.000         0.00000         1649
    2       16.131         0.08312           28
    3       31.727         0.01221           82
    4       46.140        -0.03859          225
    5       60.416        -0.01636          371
    6       75.326        -0.01239          576
    7       90.799        -0.05236         1051
    8      105.396        -0.00299         1632
    9      120.213        -0.03144         2390
   10      135.026        -0.04764         2298
   11      149.982         0.04635         2577
   12      165.266         0.01139         2978
   13      180.220         0.07204         3376
   14      195.113        -0.02057         3818
   15      210.270        -0.05660         4838
   16      225.036        -0.04764         4778
   17      240.072         0.00161         4283
   18      255.056        -0.00309         4316
   19      270.091         0.02916         4544
   20      285.378        -0.00903         5345
   21      300.047        -0.02996         6045
Variogram for Sph & As: Direction n°2 (azm = 0; dip = 90; nlag = 22; tail = 14; head = 4)
    1        0.000         0.00000         1649
    2        2.585        -0.02060           41
    3        9.859        -0.02693           71
    4       20.795        -0.14366           66
    5       29.914         0.12560           77
    6       40.220        -0.18810           61
    7       50.433        -0.17606           55
    8       60.780         0.04909           91
    9       70.458         0.07959           84
   10       79.572        -0.07866           75
   11       89.978         0.14389          101
   12      100.452        -0.15909          100
   13      109.607         0.02305          125
   14      120.210         0.07442          134
   15      129.869        -0.01449          147
   16      140.050         0.04702          172
   17      150.125        -0.00911          179
   18      160.128        -0.11862          179
   19      169.798        -0.04570          201
   20      179.946        -0.01828          186
   21      189.803         0.07556          190
   22      200.192        -0.07974          229
Variogram for Sph & Bn: Direction n°1 (azm = 0; dip = 0; nlag = 22; tail = 14; head = 5)
    1        0.000         0.00000         1874
    2        6.588         0.10600            1
    3       15.072         0.07560           34
    4       31.837         0.25274           89
    5       46.050         0.24547          236
    6       60.324         0.28809          394
    7       75.340         0.31963          594
    8       90.833         0.26120         1125
    9      105.350         0.30141         1794
   10      120.238         0.26240         2572
   11      134.957         0.33395         2585
   12      150.061         0.38855         2888
   13      165.257         0.35936         3289
   14      180.207         0.36885         3649
   15      195.154         0.33527         4131
   16      210.287         0.27682         5235
   17      225.064         0.31860         5213
   18      240.141         0.33059         4904
   19      255.025         0.40724         4928
   20      270.074         0.42881         5131
   21      285.376         0.39544         6128
   22      300.087         0.36863         6977
Variogram for Sph & Bn: Direction n°2 (azm = 0; dip = 90; nlag = 22; tail = 14; head = 5)
    1        0.000         0.00000         1874
    2        2.682         0.11052           44
    3        9.780         0.18627           73
    4       20.739         0.15704           71
    5       29.873         0.25375           83
    6       40.339         0.36654           69
    7       50.278         0.34395           57
    8       60.760         0.31995           96
    9       70.429         0.40899           93
   10       79.713         0.41896           83
   11       90.056         0.34400          109
   12      100.512         0.61104          109
   13      109.659         0.19018          135
   14      120.198         0.37579          145
   15      129.877         0.36707          153
   16      139.973         0.32999          190
   17      150.090         0.29044          195
   18      160.025         0.39196          195
   19      169.873         0.25683          224
   20      179.920         0.43117          207
   21      189.842         0.40665          212
   22      200.226         0.35086          248
Variogram for Sph & Cp: Direction n°1 (azm = 0; dip = 0; nlag = 22; tail = 14; head = 6)
    1        0.000         0.00000         1874
    2        6.588         0.06620            1
    3       15.072         0.25671           34
    4       31.837         0.30491           89
    5       46.050         0.15448          236
    6       60.324         0.17289          394
    7       75.340         0.14492          594
    8       90.833         0.21892         1125
    9      105.350         0.18584         1794
   10      120.238         0.22728         2572
   11      134.957         0.19642         2585
   12      150.061         0.16977         2888
   13      165.257         0.17106         3289
   14      180.207         0.21136         3649
   15      195.154         0.19687         4131
   16      210.287         0.27173         5235
   17      225.064         0.23857         5213
   18      240.141         0.23954         4904
   19      255.025         0.19086         4928
   20      270.074         0.22773         5131
   21      285.376         0.25560         6128
   22      300.087         0.25868         6977
Variogram for Sph & Cp: Direction n°2 (azm = 0; dip = 90; nlag = 22; tail = 14; head = 6)
    1        0.000         0.00000         1874
    2        2.682         0.02167           44
    3        9.780         0.05781           73
    4       20.739         0.00616           71
    5       29.873         0.07930           83
    6       40.339         0.08136           69
    7       50.278         0.09579           57
    8       60.760         0.15154           96
    9       70.429         0.12587           93
   10       79.713         0.16884           83
   11       90.056         0.12282          109
   12      100.512         0.13996          109
   13      109.659         0.09360          135
   14      120.198         0.16925          145
   15      129.877         0.19510          153
   16      139.973         0.19471          190
   17      150.090         0.19899          195
   18      160.025         0.10181          195
   19      169.873         0.07956          224
   20      179.920         0.17844          207
   21      189.842         0.18641          212
   22      200.226         0.22289          248
Variogram for Sph & Cc: Direction n°1 (azm = 0; dip = 0; nlag = 22; tail = 14; head = 7)
    1        0.000         0.00000         1874
    2        6.588         0.00430            1
    3       15.072         0.29071           34
    4       31.837         0.58739           89
    5       46.050         0.42888          236
    6       60.324         0.40919          394
    7       75.340         0.50691          594
    8       90.833         0.46335         1125
    9      105.350         0.47953         1794
   10      120.238         0.51543         2572
   11      134.957         0.52660         2585
   12      150.061         0.55291         2888
   13      165.257         0.55459         3289
   14      180.207         0.59731         3649
   15      195.154         0.57885         4131
   16      210.287         0.54421         5235
   17      225.064         0.52826         5213
   18      240.141         0.57530         4904
   19      255.025         0.62911         4928
   20      270.074         0.62707         5131
   21      285.376         0.61136         6128
   22      300.087         0.59060         6977
Variogram for Sph & Cc: Direction n°2 (azm = 0; dip = 90; nlag = 22; tail = 14; head = 7)
    1        0.000         0.00000         1874
    2        2.682         0.11027           44
    3        9.780         0.19924           73
    4       20.739         0.20078           71
    5       29.873         0.26113           83
    6       40.339         0.36309           69
    7       50.278         0.41301           57
    8       60.760         0.49501           96
    9       70.429         0.51667           93
   10       79.713         0.47072           83
   11       90.056         0.47048          109
   12      100.512         0.73139          109
   13      109.659         0.42476          135
   14      120.198         0.65676          145
   15      129.877         0.66454          153
   16      139.973         0.66080          190
   17      150.090         0.65068          195
   18      160.025         0.73622          195
   19      169.873         0.41880          224
   20      179.920         0.58090          207
   21      189.842         0.73778          212
   22      200.226         0.54400          248
Variogram for Sph & Cv: Direction n°1 (azm = 0; dip = 0; nlag = 22; tail = 14; head = 8)
    1        0.000         0.00000         1874
    2        6.588         0.00485            1
    3       15.072         0.29761           34
    4       31.837         0.58881           89
    5       46.050         0.46403          236
    6       60.324         0.54518          394
    7       75.340         0.55070          594
    8       90.833         0.54784         1125
    9      105.350         0.55943         1794
   10      120.238         0.55970         2572
   11      134.957         0.59993         2585
   12      150.061         0.63310         2888
   13      165.257         0.63399         3289
   14      180.207         0.65526         3649
   15      195.154         0.68203         4131
   16      210.287         0.65594         5235
   17      225.064         0.62247         5213
   18      240.141         0.66837         4904
   19      255.025         0.75207         4928
   20      270.074         0.74620         5131
   21      285.376         0.73117         6128
   22      300.087         0.69858         6977
Variogram for Sph & Cv: Direction n°2 (azm = 0; dip = 90; nlag = 22; tail = 14; head = 8)
    1        0.000         0.00000         1874
    2        2.682         0.12682           44
    3        9.780         0.26829           73
    4       20.739         0.34893           71
    5       29.873         0.32294           83
    6       40.339         0.51576           69
    7       50.278         0.45773           57
    8       60.760         0.50907           96
    9       70.429         0.61737           93
   10       79.713         0.68490           83
   11       90.056         0.54944          109
   12      100.512         0.88655          109
   13      109.659         0.46858          135
   14      120.198         0.72836          145
   15      129.877         0.75624          153
   16      139.973         0.73045          190
   17      150.090         0.71310          195
   18      160.025         0.81856          195
   19      169.873         0.56857          224
   20      179.920         0.60288          207
   21      189.842         0.81827          212
   22      200.226         0.63513          248
Variogram for Sph & En: Direction n°1 (azm = 0; dip = 0; nlag = 22; tail = 14; head = 9)
    1        0.000         0.00000         1874
    2        6.588         0.00485            1
    3       15.072         0.27608           34
    4       31.837         0.55472           89
    5       46.050         0.37940          236
    6       60.324         0.45393          394
    7       75.340         0.48702          594
    8       90.833         0.51934         1125
    9      105.350         0.50218         1794
   10      120.238         0.52007         2572
   11      134.957         0.54682         2585
   12      150.061         0.56080         2888
   13      165.257         0.53638         3289
   14      180.207         0.54789         3649
   15      195.154         0.58918         4131
   16      210.287         0.56523         5235
   17      225.064         0.56660         5213
   18      240.141         0.60376         4904
   19      255.025         0.65595         4928
   20      270.074         0.65945         5131
   21      285.376         0.60535         6128
   22      300.087         0.60469         6977
Variogram for Sph & En: Direction n°2 (azm = 0; dip = 90; nlag = 22; tail = 14; head = 9)
    1        0.000         0.00000         1874
    2        2.682         0.12219           44
    3        9.780         0.24737           73
    4       20.739         0.31079           71
    5       29.873         0.30327           83
    6       40.339         0.49845           69
    7       50.278         0.44841           57
    8       60.760         0.54772           96
    9       70.429         0.56676           93
   10       79.713         0.66715           83
   11       90.056         0.49351          109
   12      100.512         0.75219          109
   13      109.659         0.45139          135
   14      120.198         0.55244          145
   15      129.877         0.57024          153
   16      139.973         0.55169          190
   17      150.090         0.62220          195
   18      160.025         0.67842          195
   19      169.873         0.48284          224
   20      179.920         0.47854          207
   21      189.842         0.76360          212
   22      200.226         0.59676          248
Variogram for Sph & Py: Direction n°1 (azm = 0; dip = 0; nlag = 22; tail = 14; head = 10)
    1        0.000         0.00000         1874
    2        6.588        -0.07915            1
    3       15.072        -0.06076           34
    4       31.837        -0.00383           89
    5       46.050        -0.04627          236
    6       60.324        -0.00502          394
    7       75.340        -0.02505          594
    8       90.833        -0.00523         1125
    9      105.350         0.01815         1794
   10      120.238        -0.00427         2572
   11      134.957        -0.00199         2585
   12      150.061        -0.00600         2888
   13      165.257        -0.03557         3289
   14      180.207        -0.06445         3649
   15      195.154         0.00648         4131
   16      210.287        -0.02335         5235
   17      225.064        -0.00442         5213
   18      240.141        -0.02212         4904
   19      255.025         0.00467         4928
   20      270.074        -0.02981         5131
   21      285.376        -0.04300         6128
   22      300.087        -0.06799         6977
Variogram for Sph & Py: Direction n°2 (azm = 0; dip = 90; nlag = 22; tail = 14; head = 10)
    1        0.000         0.00000         1874
    2        2.682        -0.00260           44
    3        9.780         0.06600           73
    4       20.739         0.12764           71
    5       29.873        -0.00832           83
    6       40.339         0.02682           69
    7       50.278        -0.00080           57
    8       60.760         0.02949           96
    9       70.429         0.02144           93
   10       79.713         0.02894           83
   11       90.056         0.06309          109
   12      100.512         0.02928          109
   13      109.659         0.00377          135
   14      120.198         0.01939          145
   15      129.877        -0.05957          153
   16      139.973         0.08855          190
   17      150.090         0.04497          195
   18      160.025         0.14302          195
   19      169.873         0.08091          224
   20      179.920        -0.05271          207
   21      189.842         0.09037          212
   22      200.226        -0.05931          248
Variogram for Sph & Pyr: Direction n°1 (azm = 0; dip = 0; nlag = 22; tail = 14; head = 11)
    1        0.000         0.00000         1874
    2        6.588         0.00500            1
    3       15.072         0.30232           34
    4       31.837         0.60900           89
    5       46.050         0.48259          236
    6       60.324         0.56378          394
    7       75.340         0.58125          594
    8       90.833         0.60823         1125
    9      105.350         0.60904         1794
   10      120.238         0.60145         2572
   11      134.957         0.66946         2585
   12      150.061         0.67373         2888
   13      165.257         0.67652         3289
   14      180.207         0.70781         3649
   15      195.154         0.73491         4131
   16      210.287         0.70051         5235
   17      225.064         0.69409         5213
   18      240.141         0.71876         4904
   19      255.025         0.79312         4928
   20      270.074         0.79482         5131
   21      285.376         0.77869         6128
   22      300.087         0.74481         6977
Variogram for Sph & Pyr: Direction n°2 (azm = 0; dip = 90; nlag = 22; tail = 14; head = 11)
    1        0.000         0.00000         1874
    2        2.682         0.12869           44
    3        9.780         0.30685           73
    4       20.739         0.40267           71
    5       29.873         0.33822           83
    6       40.339         0.61642           69
    7       50.278         0.49317           57
    8       60.760         0.58857           96
    9       70.429         0.67290           93
   10       79.713         0.72776           83
   11       90.056         0.56601          109
   12      100.512         0.94241          109
   13      109.659         0.51647          135
   14      120.198         0.75332          145
   15      129.877         0.73734          153
   16      139.973         0.71417          190
   17      150.090         0.78337          195
   18      160.025         0.85194          195
   19      169.873         0.59624          224
   20      179.920         0.61476          207
   21      189.842         0.86403          212
   22      200.226         0.70506          248
Variogram for Sph & Mol: Direction n°1 (azm = 0; dip = 0; nlag = 22; tail = 14; head = 12)
    1        0.000         0.00000         1874
    2        6.588         0.00505            1
    3       15.072         0.28243           34
    4       31.837         0.54600           89
    5       46.050         0.41920          236
    6       60.324         0.47280          394
    7       75.340         0.52047          594
    8       90.833         0.51534         1125
    9      105.350         0.52445         1794
   10      120.238         0.55248         2572
   11      134.957         0.59819         2585
   12      150.061         0.61249         2888
   13      165.257         0.58490         3289
   14      180.207         0.63433         3649
   15      195.154         0.64991         4131
   16      210.287         0.62267         5235
   17      225.064         0.61613         5213
   18      240.141         0.65690         4904
   19      255.025         0.70103         4928
   20      270.074         0.70326         5131
   21      285.376         0.69477         6128
   22      300.087         0.67277         6977
Variogram for Sph & Mol: Direction n°2 (azm = 0; dip = 90; nlag = 22; tail = 14; head = 12)
    1        0.000         0.00000         1874
    2        2.682         0.11106           44
    3        9.780         0.23782           73
    4       20.739         0.30234           71
    5       29.873         0.22439           83
    6       40.339         0.48098           69
    7       50.278         0.43566           57
    8       60.760         0.53427           96
    9       70.429         0.51294           93
   10       79.713         0.65233           83
   11       90.056         0.50926          109
   12      100.512         0.80601          109
   13      109.659         0.47374          135
   14      120.198         0.66963          145
   15      129.877         0.66876          153
   16      139.973         0.65810          190
   17      150.090         0.71589          195
   18      160.025         0.75539          195
   19      169.873         0.54256          224
   20      179.920         0.57514          207
   21      189.842         0.81621          212
   22      200.226         0.66074          248
Variogram for Sph & Ga: Direction n°1 (azm = 0; dip = 0; nlag = 22; tail = 14; head = 13)
    1        0.000         0.00000         1874
    2        6.588         0.00500            1
    3       15.072         0.30151           34
    4       31.837         0.60780           89
    5       46.050         0.47989          236
    6       60.324         0.56048          394
    7       75.340         0.57950          594
    8       90.833         0.60463         1125
    9      105.350         0.60672         1794
   10      120.238         0.59840         2572
   11      134.957         0.66590         2585
   12      150.061         0.67022         2888
   13      165.257         0.67045         3289
   14      180.207         0.70336         3649
   15      195.154         0.72943         4131
   16      210.287         0.69654         5235
   17      225.064         0.68907         5213
   18      240.141         0.71510         4904
   19      255.025         0.78755         4928
   20      270.074         0.78993         5131
   21      285.376         0.77206         6128
   22      300.087         0.74066         6977
Variogram for Sph & Ga: Direction n°2 (azm = 0; dip = 90; nlag = 22; tail = 14; head = 13)
    1        0.000         0.00000         1874
    2        2.682         0.12844           44
    3        9.780         0.29205           73
    4       20.739         0.38221           71
    5       29.873         0.33436           83
    6       40.339         0.58809           69
    7       50.278         0.49081           57
    8       60.760         0.58363           96
    9       70.429         0.65814           93
   10       79.713         0.72158           83
   11       90.056         0.56260          109
   12      100.512         0.91667          109
   13      109.659         0.51340          135
   14      120.198         0.74180          145
   15      129.877         0.72880          153
   16      139.973         0.71007          190
   17      150.090         0.77847          195
   18      160.025         0.84351          195
   19      169.873         0.59020          224
   20      179.920         0.61278          207
   21      189.842         0.85990          212
   22      200.226         0.69957          248
Variogram for Sph & Sph: Direction n°1 (azm = 0; dip = 0; nlag = 22; tail = 14; head = 14)
    1        0.000         0.00000         1874
    2        6.588         0.00500            1
    3       15.072         0.30232           34
    4       31.837         0.60900           89
    5       46.050         0.48259          236
    6       60.324         0.56378          394
    7       75.340         0.58125          594
    8       90.833         0.60823         1125
    9      105.350         0.60904         1794
   10      120.238         0.60145         2572
   11      134.957         0.66946         2585
   12      150.061         0.67373         2888
   13      165.257         0.67652         3289
   14      180.207         0.70781         3649
   15      195.154         0.73491         4131
   16      210.287         0.70051         5235
   17      225.064         0.69409         5213
   18      240.141         0.71876         4904
   19      255.025         0.79312         4928
   20      270.074         0.79482         5131
   21      285.376         0.77869         6128
   22      300.087         0.74481         6977
Variogram for Sph & Sph: Direction n°2 (azm = 0; dip = 90; nlag = 22; tail = 14; head = 14)
    1        0.000         0.00000         1874
    2        2.682         0.12869           44
    3        9.780         0.30685           73
    4       20.739         0.40267           71
    5       29.873         0.33822           83
    6       40.339         0.61642           69
    7       50.278         0.49317           57
    8       60.760         0.58857           96
    9       70.429         0.67290           93
   10       79.713         0.72776           83
   11       90.056         0.56601          109
   12      100.512         0.94241          109
   13      109.659         0.51647          135
   14      120.198         0.75332          145
   15      129.877         0.73734          153
   16      139.973         0.71417          190
   17      150.090         0.78337          195
   18      160.025         0.85194          195
   19      169.873         0.59624          224
   20      179.920         0.61476          207
   21      189.842         0.86403          212
   22      200.226         0.70506          248
Variogram for Sph & TS: Direction n°1 (azm = 0; dip = 0; nlag = 22; tail = 14; head = 15)
    1        0.000         0.00000         1874
    2        6.588        -0.06420            1
    3       15.072         0.11100           34
    4       31.837         0.09731           89
    5       46.050         0.01247          236
    6       60.324         0.07399          394
    7       75.340        -0.09612          594
    8       90.833        -0.01733         1125
    9      105.350         0.01187         1794
   10      120.238        -0.01851         2572
   11      134.957        -0.00632         2585
   12      150.061        -0.04727         2888
   13      165.257        -0.08573         3289
   14      180.207         0.00088         3649
   15      195.154        -0.07876         4131
   16      210.287        -0.08362         5235
   17      225.064        -0.08076         5213
   18      240.141        -0.08897         4904
   19      255.025        -0.11076         4928
   20      270.074        -0.07510         5131
   21      285.376        -0.05066         6128
   22      300.087        -0.10862         6977
Variogram for Sph & TS: Direction n°2 (azm = 0; dip = 90; nlag = 22; tail = 14; head = 15)
    1        0.000         0.00000         1874
    2        2.682         0.02800           44
    3        9.780         0.00118           73
    4       20.739        -0.19956           71
    5       29.873         0.00534           83
    6       40.339        -0.43492           69
    7       50.278        -0.36912           57
    8       60.760        -0.02083           96
    9       70.429        -0.05457           93
   10       79.713        -0.32202           83
   11       90.056        -0.08084          109
   12      100.512        -0.25360          109
   13      109.659        -0.20164          135
   14      120.198        -0.25291          145
   15      129.877        -0.23706          153
   16      139.973        -0.10841          190
   17      150.090        -0.10009          195
   18      160.025        -0.15263          195
   19      169.873        -0.16942          224
   20      179.920        -0.05094          207
   21      189.842        -0.10685          212
   22      200.226        -0.15922          248
Variogram for TS & Cu: Direction n°1 (azm = 0; dip = 0; nlag = 21; tail = 15; head = 1)
    1        0.000         0.00000         1690
    2       15.524         0.00693           31
    3       31.782         0.11498           83
    4       46.125         0.16246          231
    5       60.329         0.19809          384
    6       75.319         0.21347          577
    7       90.842         0.30543         1079
    8      105.373         0.34032         1731
    9      120.188         0.32823         2452
   10      134.995         0.31419         2367
   11      150.026         0.32794         2662
   12      165.261         0.31393         3047
   13      180.200         0.34688         3427
   14      195.121         0.35711         3901
   15      210.306         0.33231         5007
   16      225.019         0.33935         4899
   17      240.117         0.28870         4474
   18      255.038         0.31804         4456
   19      270.066         0.30544         4638
   20      285.375         0.36484         5439
   21      300.065         0.36501         6259
Variogram for TS & Cu: Direction n°2 (azm = 0; dip = 90; nlag = 22; tail = 15; head = 1)
    1        0.000         0.00000         1690
    2        2.619         0.03345           42
    3        9.859         0.03098           71
    4       20.795         0.10539           66
    5       29.916         0.05710           79
    6       40.213         0.16976           63
    7       50.433         0.08228           55
    8       60.780         0.24382           91
    9       70.458         0.15528           84
   10       79.572         0.21795           75
   11       90.024         0.22010          102
   12      100.487         0.36692          101
   13      109.616         0.29259          129
   14      120.207         0.41711          138
   15      129.901         0.45947          150
   16      139.993         0.59837          183
   17      150.094         0.35026          188
   18      160.032         0.52711          192
   19      169.835         0.46256          213
   20      179.961         0.52754          199
   21      189.742         0.60603          198
   22      200.187         0.41351          237
Variogram for TS & Au: Direction n°1 (azm = 0; dip = 0; nlag = 21; tail = 15; head = 2)
    1        0.000         0.00000         1690
    2       15.524        -0.08597           31
    3       31.782         0.09795           83
    4       46.125         0.06386          231
    5       60.329         0.18045          384
    6       75.319         0.14512          577
    7       90.842         0.24062         1079
    8      105.373         0.20267         1731
    9      120.188         0.23069         2452
   10      134.995         0.24513         2367
   11      150.026         0.24859         2662
   12      165.261         0.22222         3047
   13      180.200         0.31640         3427
   14      195.121         0.28886         3901
   15      210.306         0.20870         5007
   16      225.019         0.21468         4899
   17      240.117         0.20334         4474
   18      255.038         0.20297         4456
   19      270.066         0.20824         4638
   20      285.375         0.26814         5439
   21      300.065         0.25537         6259
Variogram for TS & Au: Direction n°2 (azm = 0; dip = 90; nlag = 22; tail = 15; head = 2)
    1        0.000         0.00000         1690
    2        2.619         0.06520           42
    3        9.859         0.02606           71
    4       20.795         0.09185           66
    5       29.916         0.11803           79
    6       40.213         0.14324           63
    7       50.433         0.05576           55
    8       60.780         0.15928           91
    9       70.458         0.15377           84
   10       79.572         0.20144           75
   11       90.024         0.26943          102
   12      100.487         0.08942          101
   13      109.616         0.06808          129
   14      120.207         0.17679          138
   15      129.901         0.26535          150
   16      139.993         0.26421          183
   17      150.094         0.24187          188
   18      160.032         0.33646          192
   19      169.835         0.43708          213
   20      179.961         0.34271          199
   21      189.742         0.33352          198
   22      200.187         0.18443          237
Variogram for TS & Mo: Direction n°1 (azm = 0; dip = 0; nlag = 21; tail = 15; head = 3)
    1        0.000         0.00000         1683
    2       15.524         0.01229           31
    3       31.782         0.03534           83
    4       46.085         0.04102          229
    5       60.386        -0.01247          375
    6       75.319         0.01609          577
    7       90.813         0.04487         1072
    8      105.414         0.03537         1686
    9      120.189         0.08474         2449
   10      135.000         0.01079         2356
   11      150.020         0.06196         2645
   12      165.257         0.08436         3024
   13      180.208         0.01929         3415
   14      195.119         0.03914         3877
   15      210.308         0.04439         4975
   16      225.021         0.07151         4878
   17      240.112         0.06775         4440
   18      255.035         0.08550         4429
   19      270.076         0.08678         4619
   20      285.372         0.06979         5417
   21      300.056         0.05349         6235
Variogram for TS & Mo: Direction n°2 (azm = 0; dip = 90; nlag = 22; tail = 15; head = 3)
    1        0.000         0.00000         1683
    2        2.619         0.03091           42
    3        9.859         0.04072           71
    4       20.795         0.09158           66
    5       29.916         0.00157           79
    6       40.213        -0.00842           63
    7       50.433         0.20140           55
    8       60.780         0.06432           91
    9       70.458         0.10017           84
   10       79.572         0.36272           75
   11       89.978         0.15825          101
   12      100.487         0.19317          101
   13      109.632        -0.04080          128
   14      120.189         0.21230          137
   15      129.901         0.27404          150
   16      140.015         0.12007          182
   17      150.094         0.04352          188
   18      160.032         0.15022          190
   19      169.831         0.03991          211
   20      179.961         0.02162          196
   21      189.742         0.03262          198
   22      200.203        -0.02817          236
Variogram for TS & As: Direction n°1 (azm = 0; dip = 0; nlag = 21; tail = 15; head = 4)
    1        0.000         0.00000         1649
    2       16.131        -0.04444           28
    3       31.727         0.07242           82
    4       46.140         0.01596          225
    5       60.416        -0.02157          371
    6       75.326        -0.00288          576
    7       90.799        -0.00318         1051
    8      105.396         0.04972         1632
    9      120.213         0.15727         2390
   10      135.026         0.05825         2298
   11      149.982         0.12697         2577
   12      165.266         0.14200         2978
   13      180.220         0.15110         3376
   14      195.113         0.11732         3818
   15      210.270         0.11385         4838
   16      225.036         0.12624         4778
   17      240.072         0.11708         4283
   18      255.056         0.09783         4316
   19      270.091         0.08872         4544
   20      285.378         0.11843         5345
   21      300.047         0.09308         6045
Variogram for TS & As: Direction n°2 (azm = 0; dip = 90; nlag = 22; tail = 15; head = 4)
    1        0.000         0.00000         1649
    2        2.585         0.01185           41
    3        9.859         0.00798           71
    4       20.795         0.10333           66
    5       29.914         0.10096           77
    6       40.220         0.20478           61
    7       50.433        -0.03135           55
    8       60.780         0.05607           91
    9       70.458         0.14727           84
   10       79.572         0.21973           75
   11       89.978         0.11971          101
   12      100.452         0.39573          100
   13      109.607         0.19649          125
   14      120.210         0.31881          134
   15      129.869         0.30235          147
   16      140.050         0.29845          172
   17      150.125         0.19771          179
   18      160.128         0.18032          179
   19      169.798         0.17597          201
   20      179.946         0.13862          186
   21      189.803         0.06994          190
   22      200.192         0.08856          229
Variogram for TS & Bn: Direction n°1 (azm = 0; dip = 0; nlag = 22; tail = 15; head = 5)
    1        0.000         0.00000         1874
    2        6.588        -1.36104            1
    3       15.072        -0.18917           34
    4       31.837         0.04099           89
    5       46.050        -0.08937          236
    6       60.324         0.05964          394
    7       75.340        -0.16878          594
    8       90.833        -0.05917         1125
    9      105.350        -0.00863         1794
   10      120.238         0.00480         2572
   11      134.957        -0.01778         2585
   12      150.061        -0.06950         2888
   13      165.257        -0.08403         3289
   14      180.207         0.00328         3649
   15      195.154        -0.01234         4131
   16      210.287        -0.02442         5235
   17      225.064        -0.01905         5213
   18      240.141        -0.02778         4904
   19      255.025        -0.04807         4928
   20      270.074        -0.07389         5131
   21      285.376         0.01693         6128
   22      300.087        -0.03242         6977
Variogram for TS & Bn: Direction n°2 (azm = 0; dip = 90; nlag = 22; tail = 15; head = 5)
    1        0.000         0.00000         1874
    2        2.682         0.02252           44
    3        9.780        -0.01395           73
    4       20.739         0.02189           71
    5       29.873        -0.00681           83
    6       40.339        -0.23366           69
    7       50.278        -0.28447           57
    8       60.760         0.07016           96
    9       70.429        -0.09540           93
   10       79.713        -0.11180           83
   11       90.056        -0.02739          109
   12      100.512        -0.17345          109
   13      109.659        -0.09277          135
   14      120.198        -0.11815          145
   15      129.877        -0.16294          153
   16      139.973        -0.05526          190
   17      150.090        -0.02738          195
   18      160.025        -0.00840          195
   19      169.873         0.04205          224
   20      179.920         0.10799          207
   21      189.842         0.08703          212
   22      200.226         0.00981          248
Variogram for TS & Cp: Direction n°1 (azm = 0; dip = 0; nlag = 22; tail = 15; head = 6)
    1        0.000         0.00000         1874
    2        6.588        -0.85001            1
    3       15.072         0.18338           34
    4       31.837         0.05949           89
    5       46.050         0.03018          236
    6       60.324         0.06752          394
    7       75.340         0.04365          594
    8       90.833         0.14579         1125
    9      105.350         0.10822         1794
   10      120.238         0.09572         2572
   11      134.957         0.07809         2585
   12      150.061         0.09526         2888
   13      165.257         0.13644         3289
   14      180.207         0.11061         3649
   15      195.154         0.10204         4131
   16      210.287         0.08108         5235
   17      225.064         0.08731         5213
   18      240.141         0.05137         4904
   19      255.025         0.12479         4928
   20      270.074         0.14227         5131
   21      285.376         0.14817         6128
   22      300.087         0.14345         6977
Variogram for TS & Cp: Direction n°2 (azm = 0; dip = 90; nlag = 22; tail = 15; head = 6)
    1        0.000         0.00000         1874
    2        2.682         0.03156           44
    3        9.780        -0.00001           73
    4       20.739         0.07795           71
    5       29.873         0.04428           83
    6       40.339        -0.07331           69
    7       50.278         0.02577           57
    8       60.760         0.02863           96
    9       70.429         0.04834           93
   10       79.713        -0.04432           83
   11       90.056         0.11045          109
   12      100.512         0.02932          109
   13      109.659         0.02802          135
   14      120.198         0.11860          145
   15      129.877         0.08638          153
   16      139.973         0.08286          190
   17      150.090         0.16188          195
   18      160.025         0.22429          195
   19      169.873         0.23938          224
   20      179.920         0.21311          207
   21      189.842         0.23243          212
   22      200.226         0.09320          248
Variogram for TS & Cc: Direction n°1 (azm = 0; dip = 0; nlag = 22; tail = 15; head = 7)
    1        0.000         0.00000         1874
    2        6.588        -0.05521            1
    3       15.072         0.12346           34
    4       31.837        -0.01021           89
    5       46.050        -0.11333          236
    6       60.324         0.02290          394
    7       75.340        -0.04814          594
    8       90.833         0.05569         1125
    9      105.350         0.05217         1794
   10      120.238        -0.01410         2572
   11      134.957         0.02051         2585
   12      150.061         0.00175         2888
   13      165.257        -0.05422         3289
   14      180.207         0.04846         3649
   15      195.154         0.00786         4131
   16      210.287        -0.05405         5235
   17      225.064        -0.03987         5213
   18      240.141        -0.01276         4904
   19      255.025        -0.06451         4928
   20      270.074        -0.01403         5131
   21      285.376         0.03235         6128
   22      300.087        -0.05992         6977
Variogram for TS & Cc: Direction n°2 (azm = 0; dip = 90; nlag = 22; tail = 15; head = 7)
    1        0.000         0.00000         1874
    2        2.682         0.02475           44
    3        9.780         0.03328           73
    4       20.739         0.01951           71
    5       29.873         0.02292           83
    6       40.339        -0.14375           69
    7       50.278        -0.33695           57
    8       60.760         0.07519           96
    9       70.429        -0.03948           93
   10       79.713        -0.06220           83
   11       90.056        -0.01314          109
   12      100.512        -0.05248          109
   13      109.659        -0.06247          135
   14      120.198        -0.15110          145
   15      129.877        -0.13530          153
   16      139.973        -0.01295          190
   17      150.090         0.08840          195
   18      160.025        -0.08842          195
   19      169.873        -0.06655          224
   20      179.920         0.01032          207
   21      189.842         0.03099          212
   22      200.226        -0.06158          248
Variogram for TS & Cv: Direction n°1 (azm = 0; dip = 0; nlag = 22; tail = 15; head = 8)
    1        0.000         0.00000         1874
    2        6.588        -0.06227            1
    3       15.072         0.10191           34
    4       31.837         0.06020           89
    5       46.050         0.02451          236
    6       60.324         0.06782          394
    7       75.340        -0.10089          594
    8       90.833        -0.03408         1125
    9      105.350         0.02326         1794
   10      120.238        -0.03659         2572
   11      134.957        -0.05410         2585
   12      150.061        -0.05320         2888
   13      165.257        -0.09179         3289
   14      180.207        -0.03885         3649
   15      195.154        -0.11912         4131
   16      210.287        -0.09481         5235
   17      225.064        -0.09161         5213
   18      240.141        -0.09507         4904
   19      255.025        -0.11715         4928
   20      270.074        -0.08297         5131
   21      285.376        -0.05452         6128
   22      300.087        -0.11966         6977
Variogram for TS & Cv: Direction n°2 (azm = 0; dip = 90; nlag = 22; tail = 15; head = 8)
    1        0.000         0.00000         1874
    2        2.682         0.02754           44
    3        9.780         0.00090           73
    4       20.739        -0.16581           71
    5       29.873         0.00459           83
    6       40.339        -0.30045           69
    7       50.278        -0.40365           57
    8       60.760        -0.08875           96
    9       70.429        -0.04094           93
   10       79.713        -0.25825           83
   11       90.056        -0.06883          109
   12      100.512        -0.26485          109
   13      109.659        -0.13148          135
   14      120.198        -0.03163          145
   15      129.877        -0.05597          153
   16      139.973         0.10794          190
   17      150.090        -0.04022          195
   18      160.025        -0.15990          195
   19      169.873        -0.17222          224
   20      179.920        -0.05226          207
   21      189.842        -0.09166          212
   22      200.226        -0.19300          248
Variogram for TS & En: Direction n°1 (azm = 0; dip = 0; nlag = 22; tail = 15; head = 9)
    1        0.000         0.00000         1874
    2        6.588        -0.06227            1
    3       15.072         0.17370           34
    4       31.837         0.14747           89
    5       46.050         0.03283          236
    6       60.324         0.10502          394
    7       75.340        -0.03848          594
    8       90.833         0.01221         1125
    9      105.350         0.03040         1794
   10      120.238         0.02128         2572
   11      134.957        -0.02731         2585
   12      150.061        -0.01914         2888
   13      165.257        -0.05835         3289
   14      180.207        -0.01294         3649
   15      195.154        -0.05051         4131
   16      210.287        -0.01085         5235
   17      225.064        -0.04950         5213
   18      240.141        -0.08633         4904
   19      255.025        -0.09876         4928
   20      270.074        -0.06490         5131
   21      285.376        -0.03815         6128
   22      300.087        -0.09173         6977
Variogram for TS & En: Direction n°2 (azm = 0; dip = 90; nlag = 22; tail = 15; head = 9)
    1        0.000         0.00000         1874
    2        2.682         0.02670           44
    3        9.780         0.00047           73
    4       20.739        -0.14678           71
    5       29.873        -0.00197           83
    6       40.339        -0.32163           69
    7       50.278        -0.32784           57
    8       60.760         0.00668           96
    9       70.429         0.06221           93
   10       79.713        -0.27956           83
   11       90.056        -0.06659          109
   12      100.512        -0.18618          109
   13      109.659        -0.16970          135
   14      120.198        -0.11243          145
   15      129.877        -0.15622          153
   16      139.973        -0.16325          190
   17      150.090        -0.11253          195
   18      160.025        -0.18416          195
   19      169.873        -0.11399          224
   20      179.920        -0.08898          207
   21      189.842        -0.06520          212
   22      200.226        -0.13207          248
Variogram for TS & Py: Direction n°1 (azm = 0; dip = 0; nlag = 22; tail = 15; head = 10)
    1        0.000         0.00000         1874
    2        6.588         1.01629            1
    3       15.072         0.08898           34
    4       31.837         0.07102           89
    5       46.050         0.06559          236
    6       60.324         0.02383          394
    7       75.340         0.05219          594
    8       90.833         0.04356         1125
    9      105.350         0.05517         1794
   10      120.238         0.07566         2572
   11      134.957         0.07749         2585
   12      150.061         0.06761         2888
   13      165.257         0.03756         3289
   14      180.207         0.02583         3649
   15      195.154         0.06048         4131
   16      210.287         0.11997         5235
   17      225.064         0.08518         5213
   18      240.141         0.07748         4904
   19      255.025         0.01282         4928
   20      270.074         0.02121         5131
   21      285.376         0.01291         6128
   22      300.087         0.04015         6977
Variogram for TS & Py: Direction n°2 (azm = 0; dip = 90; nlag = 22; tail = 15; head = 10)
    1        0.000         0.00000         1874
    2        2.682        -0.02741           44
    3        9.780         0.01847           73
    4       20.739        -0.13750           71
    5       29.873         0.00706           83
    6       40.339        -0.00313           69
    7       50.278         0.01485           57
    8       60.760        -0.05850           96
    9       70.429         0.02782           93
   10       79.713        -0.05135           83
   11       90.056        -0.12256          109
   12      100.512        -0.01945          109
   13      109.659         0.15392          135
   14      120.198         0.20661          145
   15      129.877         0.35381          153
   16      139.973         0.25034          190
   17      150.090         0.09368          195
   18      160.025         0.12337          195
   19      169.873         0.02709          224
   20      179.920         0.04188          207
   21      189.842         0.13429          212
   22      200.226         0.18674          248
Variogram for TS & Pyr: Direction n°1 (azm = 0; dip = 0; nlag = 22; tail = 15; head = 11)
    1        0.000         0.00000         1874
    2        6.588        -0.06420            1
    3       15.072         0.11100           34
    4       31.837         0.09731           89
    5       46.050         0.01247          236
    6       60.324         0.07399          394
    7       75.340        -0.09612          594
    8       90.833        -0.01733         1125
    9      105.350         0.01187         1794
   10      120.238        -0.01851         2572
   11      134.957        -0.00632         2585
   12      150.061        -0.04727         2888
   13      165.257        -0.08573         3289
   14      180.207         0.00088         3649
   15      195.154        -0.07876         4131
   16      210.287        -0.08362         5235
   17      225.064        -0.08076         5213
   18      240.141        -0.08897         4904
   19      255.025        -0.11076         4928
   20      270.074        -0.07510         5131
   21      285.376        -0.05066         6128
   22      300.087        -0.10862         6977
Variogram for TS & Pyr: Direction n°2 (azm = 0; dip = 90; nlag = 22; tail = 15; head = 11)
    1        0.000         0.00000         1874
    2        2.682         0.02800           44
    3        9.780         0.00118           73
    4       20.739        -0.19956           71
    5       29.873         0.00534           83
    6       40.339        -0.43492           69
    7       50.278        -0.36912           57
    8       60.760        -0.02083           96
    9       70.429        -0.05457           93
   10       79.713        -0.32202           83
   11       90.056        -0.08084          109
   12      100.512        -0.25360          109
   13      109.659        -0.20164          135
   14      120.198        -0.25291          145
   15      129.877        -0.23706          153
   16      139.973        -0.10841          190
   17      150.090        -0.10009          195
   18      160.025        -0.15263          195
   19      169.873        -0.16942          224
   20      179.920        -0.05094          207
   21      189.842        -0.10685          212
   22      200.226        -0.15922          248
Variogram for TS & Mol: Direction n°1 (azm = 0; dip = 0; nlag = 22; tail = 15; head = 12)
    1        0.000         0.00000         1874
    2        6.588        -0.06484            1
    3       15.072         0.08520           34
    4       31.837         0.14822           89
    5       46.050        -0.03109          236
    6       60.324         0.06712          394
    7       75.340        -0.06066          594
    8       90.833         0.00683         1125
    9      105.350         0.04466         1794
   10      120.238         0.00747         2572
   11      134.957        -0.00389         2585
   12      150.061        -0.02034         2888
   13      165.257        -0.02914         3289
   14      180.207         0.01249         3649
   15      195.154        -0.04984         4131
   16      210.287        -0.04042         5235
   17      225.064        -0.05215         5213
   18      240.141        -0.04818         4904
   19      255.025        -0.07999         4928
   20      270.074        -0.04879         5131
   21      285.376        -0.02555         6128
   22      300.087        -0.07981         6977
Variogram for TS & Mol: Direction n°2 (azm = 0; dip = 90; nlag = 22; tail = 15; head = 12)
    1        0.000         0.00000         1874
    2        2.682         0.01876           44
    3        9.780         0.00390           73
    4       20.739        -0.14505           71
    5       29.873         0.01222           83
    6       40.339        -0.31819           69
    7       50.278        -0.32265           57
    8       60.760         0.01003           96
    9       70.429         0.02340           93
   10       79.713        -0.25521           83
   11       90.056        -0.04459          109
   12      100.512        -0.15748          109
   13      109.659        -0.18104          135
   14      120.198        -0.20970          145
   15      129.877        -0.19975          153
   16      139.973        -0.09113          190
   17      150.090        -0.06313          195
   18      160.025        -0.10299          195
   19      169.873        -0.12627          224
   20      179.920        -0.02892          207
   21      189.842        -0.07752          212
   22      200.226        -0.13736          248
Variogram for TS & Ga: Direction n°1 (azm = 0; dip = 0; nlag = 22; tail = 15; head = 13)
    1        0.000         0.00000         1874
    2        6.588        -0.06420            1
    3       15.072         0.10986           34
    4       31.837         0.09703           89
    5       46.050         0.01108          236
    6       60.324         0.07300          394
    7       75.340        -0.09568          594
    8       90.833        -0.01683         1125
    9      105.350         0.01189         1794
   10      120.238        -0.01807         2572
   11      134.957        -0.00636         2585
   12      150.061        -0.04721         2888
   13      165.257        -0.08851         3289
   14      180.207        -0.00031         3649
   15      195.154        -0.08320         4131
   16      210.287        -0.08253         5235
   17      225.064        -0.07914         5213
   18      240.141        -0.08808         4904
   19      255.025        -0.10973         4928
   20      270.074        -0.07474         5131
   21      285.376        -0.04923         6128
   22      300.087        -0.10966         6977
Variogram for TS & Ga: Direction n°2 (azm = 0; dip = 90; nlag = 22; tail = 15; head = 13)
    1        0.000         0.00000         1874
    2        2.682         0.02789           44
    3        9.780         0.00108           73
    4       20.739        -0.18629           71
    5       29.873         0.00509           83
    6       40.339        -0.40565           69
    7       50.278        -0.36638           57
    8       60.760        -0.01931           96
    9       70.429        -0.04321           93
   10       79.713        -0.32011           83
   11       90.056        -0.07889          109
   12      100.512        -0.24340          109
   13      109.659        -0.20050          135
   14      120.198        -0.24533          145
   15      129.877        -0.23278          153
   16      139.973        -0.10771          190
   17      150.090        -0.09633          195
   18      160.025        -0.14957          195
   19      169.873        -0.16343          224
   20      179.920        -0.04981          207
   21      189.842        -0.10345          212
   22      200.226        -0.15735          248
Variogram for TS & Sph: Direction n°1 (azm = 0; dip = 0; nlag = 22; tail = 15; head = 14)
    1        0.000         0.00000         1874
    2        6.588        -0.06420            1
    3       15.072         0.11100           34
    4       31.837         0.09731           89
    5       46.050         0.01247          236
    6       60.324         0.07399          394
    7       75.340        -0.09612          594
    8       90.833        -0.01733         1125
    9      105.350         0.01187         1794
   10      120.238        -0.01851         2572
   11      134.957        -0.00632         2585
   12      150.061        -0.04727         2888
   13      165.257        -0.08573         3289
   14      180.207         0.00088         3649
   15      195.154        -0.07876         4131
   16      210.287        -0.08362         5235
   17      225.064        -0.08076         5213
   18      240.141        -0.08897         4904
   19      255.025        -0.11076         4928
   20      270.074        -0.07510         5131
   21      285.376        -0.05066         6128
   22      300.087        -0.10862         6977
Variogram for TS & Sph: Direction n°2 (azm = 0; dip = 90; nlag = 22; tail = 15; head = 14)
    1        0.000         0.00000         1874
    2        2.682         0.02800           44
    3        9.780         0.00118           73
    4       20.739        -0.19956           71
    5       29.873         0.00534           83
    6       40.339        -0.43492           69
    7       50.278        -0.36912           57
    8       60.760        -0.02083           96
    9       70.429        -0.05457           93
   10       79.713        -0.32202           83
   11       90.056        -0.08084          109
   12      100.512        -0.25360          109
   13      109.659        -0.20164          135
   14      120.198        -0.25291          145
   15      129.877        -0.23706          153
   16      139.973        -0.10841          190
   17      150.090        -0.10009          195
   18      160.025        -0.15263          195
   19      169.873        -0.16942          224
   20      179.920        -0.05094          207
   21      189.842        -0.10685          212
   22      200.226        -0.15922          248
Variogram for TS & TS: Direction n°1 (azm = 0; dip = 0; nlag = 22; tail = 15; head = 15)
    1        0.000         0.00000         1874
    2        6.588         0.82433            1
    3       15.072         0.74522           34
    4       31.837         0.53920           89
    5       46.050         0.65970          236
    6       60.324         0.84806          394
    7       75.340         0.88958          594
    8       90.833         0.92002         1125
    9      105.350         0.80880         1794
   10      120.238         0.80000         2572
   11      134.957         0.82636         2585
   12      150.061         0.86996         2888
   13      165.257         0.80622         3289
   14      180.207         0.89944         3649
   15      195.154         0.91063         4131
   16      210.287         0.92087         5235
   17      225.064         0.87401         5213
   18      240.141         0.79622         4904
   19      255.025         0.84930         4928
   20      270.074         0.83849         5131
   21      285.376         0.89225         6128
   22      300.087         0.86148         6977
Variogram for TS & TS: Direction n°2 (azm = 0; dip = 90; nlag = 22; tail = 15; head = 15)
    1        0.000         0.00000         1874
    2        2.682         0.05022           44
    3        9.780         0.12455           73
    4       20.739         0.48224           71
    5       29.873         0.34831           83
    6       40.339         0.95462           69
    7       50.278         0.69621           57
    8       60.760         0.87426           96
    9       70.429         0.61539           93
   10       79.713         1.12760           83
   11       90.056         0.67987          109
   12      100.512         1.01737          109
   13      109.659         0.89701          135
   14      120.198         1.08944          145
   15      129.877         1.12414          153
   16      139.973         1.02701          190
   17      150.090         0.92840          195
   18      160.025         0.97950          195
   19      169.873         1.03826          224
   20      179.920         0.98977          207
   21      189.842         1.06628          212
   22      200.226         0.81000          248
