Data
34
X
Y
Z
Alteration
Cu
Au
Mo
As
Bn
Cp
Cc
Cv
En
Py
Pyr
Mol
Ga
Sph
TS
Normal scores for Cu
Normal scores for Au
Normal scores for Mo
Normal scores for As
Normal scores for Bn
Normal scores for Cp
Normal scores for Cc
Normal scores for Cv
Normal scores for En
Normal scores for Py
Normal scores for Pyr
Normal scores for Mol
Normal scores for Ga
Normal scores for Sph
Normal scores for TS
  651360.730  4765500.710  711.040  1.000  0.470  0.080  86.000  810.000  10.000  0.000  0.000  0.000  0.000  90.000  0.000  0.000  0.000  0.000  60000.000  -0.266  0.495  0.772  1.687  0.674  -3.463  -3.463  -3.463  -3.463  0.877  -3.463  -3.463  -3.463  -3.463  1.179
  651315.870  4765290.660  904.080  1.000  0.030  0.040  19.000  50.000  0.000  20.000  0.000  0.000  0.000  80.000  0.000  0.000  0.000  0.000  10000.000  -1.693  -0.214  -0.534  -0.954  -3.463  -0.382  -3.156  -3.156  -3.156  0.501  -3.156  -3.156  -3.156  -3.156  -1.735
  651401.210  4765848.600  741.730  1.000  2.680  0.220  21.000  50.000  50.000  50.000  0.000  0.000  0.000  0.000  0.000  0.000  0.000  0.000  30000.000  1.802  1.321  -0.463  -0.951  1.532  0.472  -3.004  -3.004  -3.004  -3.463  -3.004  -3.004  -3.004  -3.004  -0.506
  651231.120  4766406.410  499.000  1.000  0.090  0.000  9.500  203.000  0.000  5.000  0.000  0.000  0.000  95.000  0.000  0.000  0.000  0.000  80000.000  -1.167  -3.435  -1.021  0.993  -3.156  -0.923  -2.900  -2.900  -2.900  1.214  -2.900  -2.900  -2.900  -2.900  1.806
  651322.560  4766503.070  528.250  1.000  -99.000  -99.000  -99.000  -99.000  0.000  20.000  0.000  0.000  0.000  80.000  0.000  0.000  0.000  0.000  20000.000  -99.000  -99.000  -99.000  -99.000  -3.004  -0.380  -2.820  -2.820  -2.820  0.503  -2.820  -2.820  -2.820  -2.820  -1.024
  650923.790  4765379.220  1083.630  1.000  0.310  0.020  102.000  -99.000  0.000  20.000  0.000  0.000  0.000  80.000  0.000  0.000  0.000  0.000  70000.000  -0.520  -0.958  0.944  -99.000  -2.900  -0.379  -2.755  -2.755  -2.755  0.504  -2.755  -2.755  -2.755  -2.755  1.568
  651203.650  4765470.340  814.790  1.000  0.590  0.080  25.000  310.000  35.000  20.000  0.000  0.000  0.000  45.000  0.000  0.000  0.000  0.000  20000.000  -0.060  0.497  -0.299  1.191  1.371  -0.377  -2.700  -2.700  -2.700  -0.339  -2.700  -2.700  -2.700  -2.700  -1.022
  651352.740  4765392.180  589.030  1.000  1.900  0.040  190.000  50.000  0.000  40.000  0.000  0.000  0.000  60.000  0.000  0.000  0.000  0.000  60000.000  1.416  -0.213  1.631  -0.949  -2.820  0.225  -2.652  -2.652  -2.652  -0.084  -2.652  -2.652  -2.652  -2.652  1.181
  651560.850  4765620.220  397.010  1.000  2.420  0.470  800.000  170.000  30.000  50.000  0.000  0.000  0.000  20.000  0.000  0.000  0.000  0.000  50000.000  1.718  1.999  2.866  0.893  1.114  0.474  -2.609  -2.609  -2.609  -1.024  -2.609  -2.609  -2.609  -2.609  0.797
  651313.830  4766507.250  370.550  1.000  -99.000  -99.000  -99.000  -99.000  0.000  40.000  0.000  0.000  0.000  60.000  0.000  0.000  0.000  0.000  30000.000  -99.000  -99.000  -99.000  -99.000  -2.755  0.226  -2.571  -2.571  -2.571  -0.082  -2.571  -2.571  -2.571  -2.571  -0.504
  651467.010  4765927.610  663.380  1.000  3.630  0.520  49.000  110.000  100.000  0.000  0.000  0.000  0.000  0.000  0.000  0.000  0.000  0.000  70000.000  2.253  2.070  0.288  0.609  2.331  -3.156  -2.536  -2.536  -2.536  -3.156  -2.536  -2.536  -2.536  -2.536  1.573
  651013.870  4765382.140  932.330  1.000  -99.000  -99.000  -99.000  -99.000  0.000  6.000  0.000  0.000  1.000  93.000  0.000  0.000  0.000  0.000  35000.000  -99.000  -99.000  -99.000  -99.000  -2.700  -0.788  -2.504  -2.504  1.792  1.198  -2.504  -2.504  -2.504  -2.504  0.151
  651431.240  4765626.380  864.760  1.000  0.130  0.000  27.000  200.000  0.000  20.000  0.000  0.000  0.000  80.000  0.000  0.000  0.000  0.000  30000.000  -1.006  -3.125  -0.215  0.971  -2.652  -0.376  -2.475  -2.475  -2.504  0.506  -2.475  -2.475  -2.475  -2.475  -0.503
  651483.970  4765628.550  490.550  1.000  1.310  0.060  21.000  50.000  0.000  100.000  0.000  0.000  0.000  0.000  0.000  0.000  0.000  0.000  35000.000  0.908  0.233  -0.461  -0.947  -2.609  2.179  -2.447  -2.447  -2.475  -3.004  -2.447  -2.447  -2.447  -2.447  0.152
  651239.860  4765558.780  937.310  1.000  0.740  0.030  42.000  380.000  30.000  10.000  0.000  0.000  20.000  40.000  0.000  0.000  0.000  0.000  30000.000  0.177  -0.517  0.148  1.242  1.117  -0.775  -2.421  -2.421  2.112  -0.536  -2.421  -2.421  -2.421  -2.421  -0.501
  651236.590  4765455.500  939.040  1.000  0.320  0.020  5.000  50.000  10.000  10.000  0.000  0.000  0.000  80.000  0.000  0.000  0.000  0.000  30000.000  -0.508  -0.956  -1.778  -0.944  0.676  -0.774  -2.397  -2.397  -2.447  0.507  -2.397  -2.397  -2.397  -2.397  -0.500
  651254.980  4765435.630  990.140  1.000  0.540  0.060  29.000  190.000  0.000  0.000  0.000  0.000  50.000  50.000  0.000  0.000  0.000  0.000  20000.000  -0.150  0.234  -0.154  0.956  -2.571  -3.004  -2.374  -2.374  3.156  -0.320  -2.374  -2.374  -2.374  -2.374  -1.020
  651342.320  4765511.110  747.330  1.000  2.790  0.100  56.000  220.000  30.000  29.500  0.500  0.000  0.000  40.000  0.000  0.000  0.000  0.000  70000.000  1.833  0.669  0.409  1.018  1.119  -0.070  1.766  -2.352  -2.421  -0.535  -2.352  -2.352  -2.352  -2.352  1.577
  651230.920  4766406.390  445.000  1.000  0.080  0.100  9.080  24.300  0.000  5.000  0.000  0.000  0.000  95.000  0.000  0.000  0.000  0.000  90000.000  -1.244  0.671  -1.039  -1.158  -2.536  -0.921  -2.352  -2.331  -2.397  1.217  -2.331  -2.331  -2.331  -2.331  1.936
  651168.000  4764778.440  1076.200  1.000  0.340  0.040  6.800  89.180  0.000  30.000  0.000  0.000  0.000  70.000  0.000  0.000  0.000  0.000  60000.000  -0.475  -0.211  -1.133  0.564  -2.504  -0.069  -2.331  -2.311  -2.374  0.192  -2.311  -2.311  -2.311  -2.311  1.184
  651318.560  4765528.330  1016.060  1.000  0.000  0.020  26.000  50.000  0.000  0.000  0.000  0.000  0.000  0.000  0.000  0.000  0.000  0.000  0.000  -3.435  -0.954  -0.247  -0.942  -2.475  -2.900  -2.311  -2.292  -2.352  -2.900  -2.292  -2.292  -2.292  -2.292  -3.463
  651486.400  4766715.550  251.480  1.000  0.670  0.040  59.000  50.000  0.000  50.000  0.000  0.000  0.000  50.000  0.000  0.000  0.000  0.000  20000.000  0.060  -0.210  0.455  -0.939  -2.447  0.475  -2.292  -2.274  -2.331  -0.319  -2.274  -2.274  -2.274  -2.274  -1.017
  651432.320  4765647.930  835.950  1.000  0.410  0.000  29.000  480.000  20.000  10.000  0.000  10.000  0.000  60.000  0.000  0.000  0.000  0.000  30000.000  -0.358  -2.972  -0.153  1.395  0.913  -0.772  -2.274  2.397  -2.311  -0.081  -2.257  -2.257  -2.257  -2.257  -0.498
  651314.890  4765297.250  891.760  1.000  0.010  0.020  12.000  50.000  0.000  30.000  0.000  0.000  0.000  70.000  0.000  0.000  0.000  0.000  10000.000  -2.535  -0.951  -0.868  -0.937  -2.421  -0.068  -2.257  -2.257  -2.292  0.193  -2.240  -2.240  -2.240  -2.240  -1.729
  650546.400  4765469.740  606.380  1.000  0.040  0.020  60.100  4.200  0.000  15.000  0.000  0.000  0.000  85.000  0.000  0.000  0.000  0.000  40000.000  -1.549  -0.949  0.486  -2.113  -2.397  -0.458  -2.240  -2.240  -2.274  0.788  -2.224  -2.224  -2.224  -2.224  0.227
  651341.240  4766635.810  304.560  1.000  -99.000  -99.000  -99.000  -99.000  30.000  50.000  0.000  0.000  0.000  20.000  0.000  0.000  0.000  0.000  40000.000  -99.000  -99.000  -99.000  -99.000  1.122  0.477  -2.224  -2.224  -2.257  -1.022  -2.208  -2.208  -2.208  -2.208  0.229
  650583.250  4765471.360  454.810  1.000  0.190  0.070  25.200  30.500  0.000  10.000  0.000  0.000  0.000  90.000  0.000  0.000  0.000  0.000  40000.000  -0.801  0.374  -0.258  -1.062  -2.374  -0.770  -2.208  -2.208  -2.240  0.879  -2.193  -2.193  -2.193  -2.193  0.230
  651399.050  4765470.080  696.660  1.000  2.160  0.070  97.000  1670.000  40.000  10.000  0.000  0.000  0.000  50.000  0.000  0.000  0.000  0.000  60000.000  1.595  0.376  0.901  2.244  1.382  -0.768  -2.193  -2.193  -2.224  -0.318  -2.179  -2.179  -2.179  -2.179  1.187
  651268.210  4765429.990  834.680  1.000  0.990  0.020  30.000  50.000  0.000  40.000  0.000  0.000  0.000  60.000  0.000  0.000  0.000  0.000  70000.000  0.539  -0.947  -0.122  -0.935  -2.352  0.227  -2.179  -2.179  -2.208  -0.080  -2.165  -2.165  -2.165  -2.165  1.582
  650406.960  4765098.430  950.630  1.000  0.050  0.020  5.870  11.000  0.000  10.000  0.000  0.000  0.000  89.000  0.000  1.000  0.000  0.000  45000.000  -1.441  -0.944  -1.179  -1.498  -2.331  -0.766  -2.165  -2.165  -2.193  0.875  -2.151  1.786  -2.151  -2.151  0.745
  651532.880  4765847.770  616.640  1.000  1.600  0.050  37.000  50.000  50.000  50.000  0.000  0.000  0.000  0.000  0.000  0.000  0.000  0.000  50000.000  1.182  0.017  0.045  -0.932  1.537  0.478  -2.151  -2.151  -2.179  -2.820  -2.138  -2.151  -2.138  -2.138  0.799
  650684.110  4765345.760  1063.420  1.000  -99.000  -99.000  -99.000  -99.000  0.000  0.000  0.000  0.000  0.000  100.000  0.000  0.000  0.000  0.000  35000.000  -99.000  -99.000  -99.000  -99.000  -2.311  -2.820  -2.138  -2.138  -2.165  1.491  -2.125  -2.138  -2.125  -2.125  0.154
  651126.920  4765383.700  1072.860  1.000  0.010  0.050  18.000  25.000  0.000  0.000  0.000  0.000  0.000  0.000  0.000  0.000  0.000  0.000  0.000  -2.500  0.019  -0.579  -1.149  -2.292  -2.755  -2.125  -2.125  -2.151  -2.755  -2.112  -2.125  -2.112  -2.112  -3.156
  650611.070  4765753.470  815.410  1.000  0.150  0.030  84.600  66.200  0.000  5.000  0.000  0.000  0.000  95.000  0.000  0.000  0.000  0.000  50000.000  -0.937  -0.515  0.764  0.514  -2.274  -0.919  -2.112  -2.112  -2.138  1.220  -2.100  -2.112  -2.100  -2.100  0.801
  651495.130  4765892.870  774.740  1.000  1.660  0.050  36.000  890.000  0.000  0.000  30.000  15.000  0.000  55.000  0.000  0.000  0.000  0.000  40000.000  1.240  0.020  0.018  1.747  -2.257  -2.700  2.421  2.571  -2.125  -0.119  -2.088  -2.100  -2.088  -2.088  0.231
  651336.690  4766653.870  198.180  1.000  -99.000  -99.000  -99.000  -99.000  0.000  15.000  0.000  0.000  0.000  85.000  0.000  0.000  0.000  0.000  10000.000  -99.000  -99.000  -99.000  -99.000  -2.240  -0.456  -2.100  -2.100  -2.112  0.790  -2.076  -2.088  -2.076  -2.076  -1.723
  651375.080  4766774.960  159.840  1.000  1.350  0.090  105.000  50.000  0.000  90.000  0.000  0.000  0.000  10.000  0.000  0.000  0.000  0.000  30000.000  0.956  0.602  0.951  -0.930  -2.224  1.735  -2.088  -2.088  -2.100  -1.284  -2.065  -2.076  -2.065  -2.065  -0.497
  651281.410  4765419.450  794.050  1.000  1.430  0.020  22.000  50.000  25.000  0.000  0.000  0.000  0.000  75.000  0.000  0.000  0.000  0.000  60000.000  1.029  -0.942  -0.420  -0.928  1.099  -2.652  -2.076  -2.076  -2.088  0.455  -2.054  -2.065  -2.054  -2.054  1.189
  651497.900  4765752.580  802.230  1.000  0.020  0.030  5.000  50.000  0.000  0.000  5.000  0.000  0.000  95.000  0.000  0.000  0.000  0.000  50000.000  -1.833  -0.513  -1.770  -0.925  -2.208  -2.609  1.819  -2.065  -2.076  1.223  -2.043  -2.054  -2.043  -2.043  0.803
  650584.170  4765285.850  1073.980  1.000  -99.000  -99.000  -99.000  -99.000  0.000  2.000  0.000  0.000  0.000  98.000  0.000  0.000  0.000  0.000  25000.000  -99.000  -99.000  -99.000  -99.000  -2.193  -0.946  -2.065  -2.054  -2.065  1.447  -2.032  -2.043  -2.032  -2.032  -0.594
  651543.910  4765507.340  493.030  1.000  0.630  0.000  75.000  150.000  0.000  80.000  0.000  0.000  0.000  20.000  0.000  0.000  0.000  0.000  30000.000  -0.002  -2.867  0.656  0.829  -2.179  1.382  -2.054  -2.043  -2.054  -1.020  -2.022  -2.032  -2.022  -2.022  -0.495
  651067.400  4764681.920  1002.710  1.000  0.390  0.020  65.200  853.000  0.000  15.000  0.000  0.000  0.000  85.000  0.000  0.000  0.000  0.000  60000.000  -0.379  -0.940  0.546  1.733  -2.165  -0.455  -2.043  -2.032  -2.043  0.792  -2.011  -2.022  -2.011  -2.011  1.192
  651372.110  4766661.600  149.500  1.000  -99.000  -99.000  -99.000  -99.000  0.000  5.000  0.000  0.000  0.000  95.000  0.000  0.000  0.000  0.000  10000.000  -99.000  -99.000  -99.000  -99.000  -2.151  -0.917  -2.032  -2.022  -2.032  1.226  -2.001  -2.011  -2.001  -2.001  -1.717
  650775.950  4765256.300  1033.790  1.000  -99.000  -99.000  -99.000  -99.000  0.000  5.000  0.000  0.000  0.000  95.000  0.000  0.000  0.000  0.000  35000.000  -99.000  -99.000  -99.000  -99.000  -2.138  -0.915  -2.022  -2.011  -2.022  1.228  -1.992  -2.001  -1.992  -1.992  0.155
  650923.660  4765267.810  1071.150  1.000  -99.000  -99.000  -99.000  -99.000  0.000  0.000  0.000  0.000  0.000  100.000  0.000  0.000  0.000  0.000  20000.000  -99.000  -99.000  -99.000  -99.000  -2.125  -2.571  -2.011  -2.001  -2.011  1.495  -1.982  -1.992  -1.982  -1.982  -1.015
  650758.700  4764945.230  1135.080  1.000  0.080  0.010  34.720  296.400  0.000  0.000  100.000  0.000  0.000  0.000  0.000  0.000  0.000  0.000  10000.000  -1.240  -1.416  -0.001  1.173  -2.112  -2.536  3.156  -1.992  -2.001  -2.700  -1.972  -1.982  -1.972  -1.972  -1.712
  651532.810  4765977.860  429.390  1.000  0.540  0.040  230.000  430.000  0.000  30.000  0.000  0.000  0.000  70.000  0.000  0.000  0.000  0.000  20000.000  -0.148  -0.208  1.890  1.329  -2.100  -0.066  -2.001  -1.982  -1.992  0.194  -1.963  -1.972  -1.963  -1.963  -1.013
  651130.940  4765573.170  969.780  1.000  0.470  0.020  40.000  50.000  20.000  0.000  10.000  0.000  0.000  70.000  0.000  0.000  0.000  0.000  30000.000  -0.265  -0.937  0.116  -0.923  0.915  -2.504  1.834  -1.972  -1.982  0.196  -1.954  -1.963  -1.954  -1.954  -0.493
  651419.210  4765493.190  863.750  1.000  0.150  0.010  17.000  50.000  0.000  10.000  0.000  0.000  0.000  90.000  0.000  0.000  0.000  0.000  50000.000  -0.935  -1.412  -0.614  -0.921  -2.088  -0.765  -1.992  -1.963  -1.972  0.881  -1.945  -1.954  -1.945  -1.945  0.805
  650572.970  4765757.570  916.380  1.000  0.670  0.000  5.700  10.000  0.000  90.000  0.000  0.000  0.000  10.000  0.000  0.000  0.000  0.000  20000.000  0.062  -2.787  -1.197  -1.557  -2.076  1.741  -1.982  -1.954  -1.963  -1.281  -1.936  -1.945  -1.936  -1.936  -1.011
  651376.080  4765322.140  495.700  1.000  0.870  0.020  115.000  50.000  0.000  70.000  0.000  0.000  0.000  30.000  0.000  0.000  0.000  0.000  25000.000  0.373  -0.935  1.083  -0.918  -2.065  1.020  -1.972  -1.945  -1.954  -0.806  -1.928  -1.936  -1.928  -1.928  -0.593
  651410.600  4765682.250  936.460  1.000  0.000  0.000  21.000  50.000  0.000  0.000  0.000  0.000  0.000  0.000  0.000  0.000  0.000  0.000  0.000  -3.125  -2.721  -0.460  -0.916  -2.054  -2.475  -1.963  -1.936  -1.945  -2.652  -1.919  -1.928  -1.919  -1.919  -3.004
  651352.590  4765480.980  819.560  1.000  0.530  0.030  13.000  210.000  40.000  0.000  0.000  0.000  10.000  50.000  0.000  0.000  0.000  0.000  40000.000  -0.166  -0.512  -0.812  1.000  1.385  -2.447  -1.954  -1.928  1.799  -0.316  -1.911  -1.919  -1.911  -1.911  0.233
  651375.420  4765461.270  383.130  1.000  0.400  0.030  180.000  1150.000  10.000  10.000  10.000  20.000  0.000  50.000  0.000  0.000  0.000  0.000  40000.000  -0.365  -0.510  1.578  1.968  0.678  -0.763  1.841  2.652  -1.936  -0.315  -1.903  -1.911  -1.903  -1.903  0.234
  651307.100  4765494.060  747.040  1.000  2.210  0.050  16.000  50.000  20.000  70.000  0.000  0.000  0.000  10.000  0.000  0.000  0.000  0.000  40000.000  1.622  0.022  -0.651  -0.914  0.917  1.022  -1.945  -1.919  -1.928  -1.278  -1.894  -1.903  -1.894  -1.894  0.236
  651020.780  4765375.350  956.450  1.000  -99.000  -99.000  -99.000  -99.000  0.000  6.000  0.500  0.000  0.500  93.000  0.000  0.000  0.000  0.000  30000.000  -99.000  -99.000  -99.000  -99.000  -2.043  -0.786  1.773  -1.911  1.786  1.200  -1.886  -1.894  -1.886  -1.886  -0.492
  650889.550  4765953.590  742.300  1.000  0.300  0.050  23.000  50.000  0.000  20.000  0.000  0.000  0.000  80.000  0.000  0.000  0.000  0.000  20000.000  -0.544  0.023  -0.378  -0.911  -2.032  -0.374  -1.936  -1.903  -1.919  0.509  -1.879  -1.886  -1.879  -1.879  -1.008
  651293.380  4765876.540  576.420  1.000  0.790  0.080  52.000  670.000  30.000  0.000  0.000  0.000  10.000  60.000  0.000  0.000  0.000  0.000  45000.000  0.256  0.498  0.335  1.542  1.124  -2.421  -1.928  -1.894  1.806  -0.078  -1.871  -1.879  -1.871  -1.871  0.747
  651416.070  4765933.820  838.980  1.000  1.190  0.050  115.000  1050.000  0.000  50.000  0.000  0.000  0.000  50.000  0.000  0.000  0.000  0.000  40000.000  0.767  0.024  1.086  1.872  -2.022  0.480  -1.919  -1.886  -1.911  -0.313  -1.863  -1.871  -1.863  -1.863  0.237
  651325.940  4765980.580  555.910  1.000  0.310  0.070  37.000  50.000  0.000  30.000  0.000  0.000  0.000  70.000  0.000  0.000  0.000  0.000  30000.000  -0.518  0.377  0.046  -0.909  -2.011  -0.065  -1.911  -1.879  -1.903  0.197  -1.856  -1.863  -1.856  -1.856  -0.490
  651220.630  4765573.430  871.620  1.000  0.600  0.080  120.000  500.000  20.000  0.000  0.000  0.000  0.000  80.000  0.000  0.000  0.000  0.000  100000.000  -0.047  0.500  1.127  1.407  0.919  -2.397  -1.903  -1.871  -1.894  0.510  -1.848  -1.856  -1.848  -1.848  1.963
  651844.180  4766190.680  516.600  1.000  0.780  0.000  55.000  160.000  10.000  0.000  10.000  0.000  10.000  70.000  0.000  0.000  0.000  0.000  40000.000  0.231  -2.665  0.394  0.851  0.680  -2.374  1.848  -1.863  1.813  0.199  -1.841  -1.848  -1.841  -1.841  0.238
  650494.910  4765466.230  848.940  1.000  -99.000  -99.000  -99.000  -99.000  0.000  5.000  0.000  0.000  0.000  95.000  0.000  0.000  0.000  0.000  30000.000  -99.000  -99.000  -99.000  -99.000  -2.001  -0.913  -1.894  -1.856  -1.886  1.231  -1.834  -1.841  -1.834  -1.834  -0.489
  651242.590  4765237.440  707.920  1.000  0.530  0.030  230.000  400.000  10.000  30.000  0.000  0.000  0.000  60.000  0.000  0.000  0.000  0.000  50000.000  -0.165  -0.508  1.898  1.290  0.681  -0.064  -1.886  -1.848  -1.879  -0.077  -1.827  -1.834  -1.827  -1.827  0.806
  651211.080  4765584.030  1016.200  1.000  0.220  0.010  100.000  280.000  10.000  0.000  0.000  0.000  40.000  50.000  0.000  0.000  0.000  0.000  30000.000  -0.720  -1.408  0.925  1.135  0.683  -2.352  -1.879  -1.841  2.755  -0.312  -1.819  -1.827  -1.819  -1.819  -0.487
  650657.230  4765371.840  955.750  1.000  -99.000  -99.000  -99.000  -99.000  0.000  0.000  0.000  0.000  0.000  100.000  0.000  0.000  0.000  0.000  20000.000  -99.000  -99.000  -99.000  -99.000  -1.992  -2.331  -1.871  -1.834  -1.871  1.499  -1.813  -1.819  -1.813  -1.813  -1.006
  651398.510  4765949.040  779.340  1.000  1.190  0.030  24.000  170.000  30.000  30.000  0.000  0.000  0.000  40.000  0.000  0.000  0.000  0.000  60000.000  0.769  -0.507  -0.343  0.895  1.127  -0.062  -1.863  -1.827  -1.863  -0.533  -1.806  -1.813  -1.806  -1.806  1.195
  651475.370  4765530.380  700.260  1.000  0.960  0.010  50.000  560.000  20.000  20.000  0.000  0.000  0.000  60.000  0.000  0.000  0.000  0.000  40000.000  0.498  -1.404  0.304  1.480  0.921  -0.373  -1.856  -1.819  -1.856  -0.076  -1.799  -1.806  -1.799  -1.799  0.240
  651481.840  4765653.330  657.510  1.000  1.800  0.040  62.000  280.000  20.000  30.000  0.000  0.000  0.000  50.000  0.000  0.000  0.000  0.000  60000.000  1.354  -0.207  0.503  1.138  0.923  -0.061  -1.848  -1.813  -1.848  -0.311  -1.792  -1.799  -1.792  -1.792  1.198
  651210.630  4765581.150  837.920  1.000  0.720  0.030  33.000  110.000  0.000  25.000  0.000  0.000  10.000  65.000  0.000  0.000  0.000  0.000  50000.000  0.148  -0.505  -0.042  0.610  -1.982  -0.121  -1.841  -1.806  1.819  0.136  -1.786  -1.792  -1.786  -1.786  0.808
  650755.640  4765273.030  922.900  1.000  -99.000  -99.000  -99.000  -99.000  0.000  5.000  0.000  0.000  0.000  95.000  0.000  0.000  0.000  0.000  35000.000  -99.000  -99.000  -99.000  -99.000  -1.972  -0.911  -1.834  -1.799  -1.841  1.234  -1.779  -1.786  -1.779  -1.779  0.156
  651152.210  4765440.670  666.640  1.000  0.470  0.030  120.000  210.000  0.000  0.000  0.000  0.000  0.000  100.000  0.000  0.000  0.000  0.000  40000.000  -0.263  -0.503  1.130  1.003  -1.963  -2.311  -1.827  -1.792  -1.834  1.503  -1.773  -1.779  -1.773  -1.773  0.241
  651449.270  4765797.390  613.490  1.000  3.160  0.130  25.000  130.000  0.000  40.000  0.000  0.000  0.000  60.000  0.000  0.000  0.000  0.000  55000.000  2.083  0.917  -0.298  0.723  -1.954  0.229  -1.819  -1.786  -1.827  -0.074  -1.766  -1.773  -1.766  -1.766  1.163
  651330.320  4765478.100  1013.180  1.000  0.010  0.010  10.000  -99.000  0.000  0.000  0.000  0.000  0.000  0.000  0.000  0.000  0.000  0.000  0.000  -2.467  -1.400  -1.006  -99.000  -1.945  -2.292  -1.813  -1.779  -1.819  -2.609  -1.760  -1.766  -1.760  -1.760  -2.900
  650924.870  4765242.580  1114.300  1.000  0.010  0.000  5.000  50.000  0.000  0.000  0.000  0.000  0.000  100.000  0.000  0.000  0.000  0.000  20000.000  -2.437  -2.617  -1.763  -0.907  -1.936  -2.274  -1.806  -1.773  -1.813  1.507  -1.754  -1.760  -1.754  -1.754  -1.004
  651356.680  4765259.800  676.330  1.000  0.210  0.010  33.000  150.000  0.000  10.000  0.000  0.000  20.000  70.000  0.000  0.000  0.000  0.000  40000.000  -0.747  -1.396  -0.040  0.831  -1.928  -0.761  -1.799  -1.766  2.125  0.200  -1.747  -1.754  -1.747  -1.747  0.242
  650920.900  4765551.130  991.380  1.000  0.220  0.030  46.000  -99.000  0.000  20.000  0.000  0.000  0.000  80.000  0.000  0.000  0.000  0.000  50000.000  -0.718  -0.502  0.233  -99.000  -1.919  -0.372  -1.792  -1.760  -1.806  0.512  -1.741  -1.747  -1.741  -1.741  0.810
  651898.090  4766129.880  458.500  1.000  0.220  0.020  28.000  290.000  0.000  0.000  0.000  0.000  0.000  100.000  0.000  0.000  0.000  0.000  30000.000  -0.716  -0.933  -0.183  1.158  -1.911  -2.257  -1.786  -1.754  -1.799  1.511  -1.735  -1.741  -1.735  -1.735  -0.486
  651404.070  4765944.290  797.960  1.000  1.140  0.050  36.000  50.000  0.000  60.000  0.000  0.000  0.000  40.000  0.000  0.000  0.000  0.000  50000.000  0.695  0.026  0.019  -0.905  -1.903  0.710  -1.779  -1.747  -1.792  -0.532  -1.729  -1.735  -1.729  -1.729  0.812
  651331.080  4765528.820  936.430  1.000  1.160  0.020  39.000  540.000  0.000  0.000  0.000  0.000  0.000  100.000  0.000  0.000  0.000  0.000  20000.000  0.728  -0.931  0.100  1.467  -1.894  -2.240  -1.773  -1.741  -1.786  1.515  -1.723  -1.729  -1.723  -1.723  -1.002
  650809.840  4766125.160  792.750  1.000  0.160  0.040  10.000  360.000  0.000  15.000  0.000  0.000  0.000  85.000  0.000  0.000  0.000  0.000  40000.000  -0.888  -0.205  -1.004  1.220  -1.886  -0.453  -1.766  -1.735  -1.779  0.794  -1.717  -1.723  -1.717  -1.717  0.244
  651310.850  4765458.380  811.760  1.000  1.090  0.040  59.000  2290.000  30.000  0.000  10.000  0.000  0.000  60.000  0.000  0.000  0.000  0.000  30000.000  0.660  -0.204  0.456  2.657  1.129  -2.224  1.856  -1.729  -1.773  -0.073  -1.712  -1.717  -1.712  -1.712  -0.484
  651033.380  4765363.000  1001.100  1.000  -99.000  -99.000  -99.000  -99.000  0.000  4.000  1.000  0.000  0.000  95.000  0.000  0.000  0.000  0.000  45000.000  -99.000  -99.000  -99.000  -99.000  -1.879  -0.927  1.779  -1.723  -1.766  1.237  -1.706  -1.712  -1.706  -1.706  0.749
  651418.970  4765497.610  857.080  1.000  0.220  0.020  11.000  50.000  0.000  30.000  0.000  0.000  0.000  70.000  0.000  0.000  0.000  0.000  40000.000  -0.714  -0.928  -0.930  -0.902  -1.871  -0.060  -1.760  -1.717  -1.760  0.201  -1.700  -1.706  -1.700  -1.700  0.245
  651289.920  4765435.160  619.810  1.000  1.880  0.040  74.000  50.000  0.000  60.000  0.000  0.000  0.000  40.000  0.000  0.000  0.000  0.000  40000.000  1.400  -0.202  0.647  -0.900  -1.863  0.712  -1.754  -1.712  -1.754  -0.530  -1.694  -1.700  -1.694  -1.694  0.247
  651496.940  4765639.350  709.590  1.000  1.700  0.040  16.000  270.000  30.000  10.000  0.000  0.000  0.000  60.000  0.000  0.000  0.000  0.000  40000.000  1.277  -0.201  -0.649  1.109  1.132  -0.759  -1.747  -1.706  -1.747  -0.072  -1.689  -1.694  -1.689  -1.689  0.248
  651331.890  4765548.370  908.640  1.000  0.710  0.000  5.000  50.000  0.000  10.000  0.000  0.000  0.000  90.000  0.000  0.000  0.000  0.000  10000.000  0.127  -2.574  -1.756  -0.898  -1.856  -0.757  -1.741  -1.700  -1.741  0.883  -1.683  -1.689  -1.683  -1.683  -1.706
  651455.180  4766131.140  559.470  1.000  0.910  0.020  88.000  220.000  0.000  60.000  0.000  0.000  0.000  40.000  0.000  0.000  0.000  0.000  40000.000  0.434  -0.926  0.796  1.021  -1.848  0.714  -1.735  -1.694  -1.735  -0.529  -1.678  -1.683  -1.678  -1.678  0.249
  651217.180  4765068.650  641.400  1.000  0.800  0.080  210.000  140.000  0.000  30.000  0.000  0.000  0.000  70.000  0.000  0.000  0.000  0.000  50000.000  0.269  0.502  1.792  0.777  -1.841  -0.058  -1.729  -1.689  -1.729  0.203  -1.672  -1.678  -1.672  -1.672  0.814
  651433.680  4765430.250  815.460  1.000  0.530  0.010  250.000  730.000  0.000  30.000  0.000  0.000  0.000  70.000  0.000  0.000  0.000  0.000  30000.000  -0.163  -1.392  2.020  1.610  -1.834  -0.057  -1.723  -1.683  -1.723  0.204  -1.667  -1.672  -1.667  -1.667  -0.483
  650582.750  4765471.350  456.740  1.000  0.130  0.040  23.600  16.200  0.000  10.000  0.000  0.000  0.000  90.000  0.000  0.000  0.000  0.000  40000.000  -1.004  -0.199  -0.350  -1.344  -1.827  -0.756  -1.717  -1.678  -1.717  0.885  -1.662  -1.667  -1.662  -1.662  0.251
  651243.350  4765561.690  753.530  1.000  1.970  0.050  165.000  170.000  10.000  70.000  0.000  0.000  0.000  20.000  0.000  0.000  0.000  0.000  30000.000  1.453  0.027  1.486  0.898  0.685  1.024  -1.712  -1.672  -1.712  -1.017  -1.656  -1.662  -1.656  -1.656  -0.481
  651546.270  4765877.450  363.490  1.000  0.870  0.040  110.000  170.000  0.000  60.000  0.000  0.000  0.000  40.000  0.000  0.000  0.000  0.000  30000.000  0.374  -0.198  1.026  0.900  -1.819  0.715  -1.706  -1.667  -1.706  -0.527  -1.651  -1.656  -1.651  -1.651  -0.480
  651181.940  4765601.310  913.630  1.000  0.670  0.030  72.000  210.000  30.000  0.000  0.000  0.000  0.000  70.000  0.000  0.000  0.000  0.000  30000.000  0.063  -0.500  0.627  1.005  1.134  -2.208  -1.700  -1.662  -1.700  0.205  -1.646  -1.651  -1.646  -1.646  -0.478
  650236.460  4765247.440  848.410  1.000  0.320  0.080  67.100  235.000  0.000  5.000  0.000  0.000  0.000  95.000  0.000  0.000  0.000  0.000  40000.000  -0.507  0.503  0.567  1.054  -1.813  -0.909  -1.694  -1.656  -1.694  1.240  -1.641  -1.646  -1.641  -1.641  0.252
  650485.610  4765096.360  972.700  1.000  0.040  0.020  30.400  7.580  0.000  5.000  0.000  0.000  0.000  95.000  0.000  0.000  0.000  0.000  20000.000  -1.544  -0.924  -0.095  -1.768  -1.806  -0.907  -1.689  -1.651  -1.689  1.243  -1.636  -1.641  -1.636  -1.636  -1.000
  651323.590  4765499.810  977.420  1.000  0.550  0.000  16.000  550.000  0.000  20.000  0.000  0.000  0.000  80.000  0.000  0.000  0.000  0.000  50000.000  -0.133  -2.535  -0.647  1.471  -1.799  -0.370  -1.683  -1.646  -1.683  0.513  -1.631  -1.636  -1.631  -1.631  0.816
  651429.630  4765687.340  925.720  1.000  0.000  0.010  43.000  50.000  0.000  0.000  0.000  0.000  0.000  0.000  0.000  0.000  0.000  0.000  0.000  -2.972  -1.388  0.175  -0.895  -1.792  -2.193  -1.678  -1.641  -1.678  -2.571  -1.626  -1.631  -1.626  -1.626  -2.820
  650685.070  4765344.850  1067.200  1.000  -99.000  -99.000  -99.000  -99.000  0.000  0.000  0.000  0.000  0.000  100.000  0.000  0.000  0.000  0.000  35000.000  -99.000  -99.000  -99.000  -99.000  -1.786  -2.179  -1.672  -1.636  -1.672  1.520  -1.621  -1.626  -1.621  -1.621  0.158
  650544.200  4765036.910  1081.900  1.000  0.500  0.200  20.350  32.250  0.000  10.000  0.000  0.000  0.000  90.000  0.000  0.000  0.000  0.000  30000.000  -0.224  1.247  -0.468  -1.046  -1.779  -0.754  -1.667  -1.631  -1.667  0.887  -1.616  -1.621  -1.616  -1.616  -0.477
  651433.580  4765670.880  805.690  1.000  0.810  0.020  80.000  390.000  0.000  0.000  0.000  20.000  0.000  80.000  0.000  0.000  0.000  0.000  40000.000  0.293  -0.921  0.711  1.262  -1.773  -2.165  -1.662  2.700  -1.662  0.515  -1.611  -1.616  -1.611  -1.611  0.253
  650894.770  4765951.070  721.070  1.000  0.230  0.040  5.000  50.000  0.000  30.000  0.000  0.000  0.000  70.000  0.000  0.000  0.000  0.000  30000.000  -0.682  -0.196  -1.749  -0.893  -1.766  -0.056  -1.656  -1.626  -1.656  0.207  -1.606  -1.611  -1.606  -1.606  -0.475
  651171.320  4765612.300  705.070  1.000  1.080  0.100  355.000  50.000  10.000  20.000  0.000  0.000  0.000  70.000  0.000  0.000  0.000  0.000  40000.000  0.650  0.673  2.408  -0.891  0.686  -0.369  -1.651  -1.621  -1.651  0.208  -1.601  -1.606  -1.601  -1.601  0.255
  651458.960  4765659.130  829.030  1.000  0.150  0.000  360.000  120.000  0.000  10.000  0.000  0.000  0.000  90.000  0.000  0.000  0.000  0.000  40000.000  -0.933  -2.500  2.436  0.670  -1.760  -0.752  -1.646  -1.616  -1.646  0.889  -1.596  -1.601  -1.596  -1.596  0.256
  650226.290  4765246.920  787.250  1.000  0.110  0.030  10.350  15.100  0.000  5.000  0.000  0.000  0.000  95.000  0.000  0.000  0.000  0.000  35000.000  -1.067  -0.498  -0.951  -1.363  -1.754  -0.905  -1.641  -1.611  -1.641  1.246  -1.591  -1.596  -1.591  -1.591  0.159
  651263.450  4765429.490  1018.260  1.000  0.010  0.000  16.000  50.000  0.000  0.000  0.000  0.000  0.000  0.000  0.000  0.000  0.000  0.000  0.000  -2.409  -2.467  -0.645  -0.889  -1.747  -2.151  -1.636  -1.606  -1.636  -2.536  -1.587  -1.591  -1.587  -1.587  -2.755
  651416.960  4765827.780  678.950  1.000  3.360  0.230  73.000  510.000  30.000  40.000  0.000  0.000  0.000  30.000  0.000  0.000  0.000  0.000  70000.000  2.152  1.373  0.636  1.415  1.137  0.230  -1.631  -1.601  -1.631  -0.805  -1.582  -1.587  -1.582  -1.582  1.587
  650601.120  4765754.540  841.560  1.000  0.060  0.030  12.400  209.000  0.000  0.000  0.000  0.000  0.000  100.000  0.000  0.000  0.000  0.000  40000.000  -1.343  -0.497  -0.840  0.998  -1.741  -2.138  -1.626  -1.596  -1.626  1.524  -1.577  -1.582  -1.577  -1.577  0.258
  651043.260  4765353.960  1036.660  1.000  -99.000  -99.000  -99.000  -99.000  0.000  4.000  1.000  0.000  0.000  95.000  0.000  0.000  0.000  0.000  45000.000  -99.000  -99.000  -99.000  -99.000  -1.735  -0.925  1.786  -1.591  -1.621  1.249  -1.573  -1.577  -1.573  -1.573  0.750
  651414.810  4766173.790  660.690  1.000  1.450  0.060  22.000  380.000  30.000  40.000  0.000  0.000  0.000  30.000  0.000  0.000  0.000  0.000  40000.000  1.047  0.236  -0.419  1.246  1.139  0.231  -1.621  -1.587  -1.616  -0.803  -1.568  -1.573  -1.568  -1.568  0.259
  651166.710  4765611.720  951.360  1.000  1.000  0.040  26.000  50.000  20.000  0.000  0.000  0.000  20.000  60.000  0.000  0.000  0.000  0.000  30000.000  0.560  -0.195  -0.245  -0.886  0.925  -2.125  -1.616  -1.582  2.138  -0.070  -1.564  -1.568  -1.564  -1.564  -0.474
  651361.910  4765980.020  658.510  1.000  1.420  0.140  160.000  50.000  10.000  40.000  10.000  0.000  0.000  40.000  0.000  0.000  0.000  0.000  50000.000  1.011  0.980  1.447  -0.884  0.688  0.233  1.863  -1.577  -1.611  -0.525  -1.559  -1.564  -1.559  -1.559  0.818
  650922.030  4766035.630  901.500  1.000  0.150  0.030  95.000  50.000  0.000  30.000  0.000  0.000  0.000  70.000  0.000  0.000  0.000  0.000  60000.000  -0.931  -0.495  0.878  -0.882  -1.729  -0.054  -1.611  -1.573  -1.606  0.210  -1.555  -1.559  -1.555  -1.555  1.200
  651370.970  4765972.250  688.200  1.000  0.960  0.020  18.000  50.000  0.000  70.000  0.000  0.000  0.000  30.000  0.000  0.000  0.000  0.000  60000.000  0.500  -0.919  -0.577  -0.880  -1.723  1.026  -1.606  -1.568  -1.601  -0.801  -1.550  -1.555  -1.550  -1.550  1.203
  650759.310  4764825.440  1083.220  1.000  0.110  0.020  5.030  317.400  0.000  0.000  0.000  0.000  0.000  100.000  0.000  0.000  0.000  0.000  40000.000  -1.065  -0.917  -1.241  1.201  -1.717  -2.112  -1.601  -1.564  -1.596  1.528  -1.546  -1.550  -1.546  -1.546  0.260
  650667.840  4765361.080  999.200  1.000  -99.000  -99.000  -99.000  -99.000  0.000  0.000  0.000  0.000  0.000  100.000  0.000  0.000  0.000  0.000  35000.000  -99.000  -99.000  -99.000  -99.000  -1.712  -2.100  -1.596  -1.559  -1.591  1.532  -1.541  -1.546  -1.541  -1.541  0.161
  651298.440  4765521.450  885.210  1.000  1.490  0.030  55.000  370.000  30.000  0.000  0.000  0.000  0.000  70.000  0.000  0.000  0.000  0.000  60000.000  1.105  -0.493  0.396  1.236  1.142  -2.088  -1.591  -1.555  -1.587  0.211  -1.537  -1.541  -1.537  -1.537  1.206
  651314.040  4765866.760  601.590  1.000  0.560  0.080  150.000  970.000  20.000  0.000  0.000  0.000  10.000  70.000  0.000  0.000  0.000  0.000  40000.000  -0.105  0.505  1.371  1.806  0.927  -2.076  -1.587  -1.550  1.827  0.212  -1.532  -1.537  -1.532  -1.532  0.262
  650762.750  4765266.860  965.880  1.000  -99.000  -99.000  -99.000  -99.000  0.000  5.000  0.000  0.000  0.000  95.000  0.000  0.000  0.000  0.000  30000.000  -99.000  -99.000  -99.000  -99.000  -1.706  -0.903  -1.582  -1.546  -1.582  1.251  -1.528  -1.532  -1.528  -1.528  -0.472
  650579.300  4765756.890  899.540  1.000  0.690  0.020  4.000  56.700  5.000  55.000  0.000  0.000  0.000  40.000  0.000  0.000  0.000  0.000  30000.000  0.096  -0.915  -1.926  0.492  0.615  0.691  -1.577  -1.541  -1.577  -0.524  -1.524  -1.528  -1.524  -1.524  -0.471
  651385.740  4765601.980  736.730  1.000  3.110  0.230  5.000  50.000  10.000  80.000  10.000  0.000  0.000  0.000  0.000  0.000  0.000  0.000  50000.000  2.057  1.377  -1.743  -0.877  0.690  1.385  1.871  -1.537  -1.573  -2.504  -1.520  -1.524  -1.520  -1.520  0.820
  650491.830  4765466.000  864.640  1.000  -99.000  -99.000  -99.000  -99.000  0.000  5.000  0.000  0.000  0.000  95.000  0.000  0.000  0.000  0.000  35000.000  -99.000  -99.000  -99.000  -99.000  -1.700  -0.901  -1.573  -1.532  -1.568  1.254  -1.515  -1.520  -1.515  -1.515  0.162
  651410.670  4765331.120  754.750  1.000  0.560  0.000  27.000  50.000  0.000  30.000  0.000  0.000  20.000  50.000  0.000  0.000  0.000  0.000  30000.000  -0.103  -2.437  -0.213  -0.875  -1.694  -0.053  -1.568  -1.528  2.151  -0.309  -1.511  -1.515  -1.511  -1.511  -0.469
  651418.870  4765499.820  853.750  1.000  0.350  0.030  21.000  50.000  0.000  15.000  0.000  0.000  0.000  85.000  0.000  0.000  0.000  0.000  60000.000  -0.463  -0.491  -0.458  -0.873  -1.689  -0.452  -1.564  -1.524  -1.564  0.795  -1.507  -1.511  -1.507  -1.507  1.209
  650906.810  4766045.960  947.990  1.000  0.290  0.030  26.000  50.000  0.000  40.000  0.000  0.000  0.000  60.000  0.000  0.000  0.000  0.000  50000.000  -0.565  -0.490  -0.244  -0.871  -1.683  0.234  -1.559  -1.520  -1.559  -0.069  -1.503  -1.507  -1.503  -1.503  0.821
  651389.440  4765482.550  664.290  1.000  1.440  0.030  33.000  170.000  40.000  0.000  0.000  0.000  0.000  60.000  0.000  0.000  0.000  0.000  70000.000  1.034  -0.488  -0.039  0.902  1.389  -2.065  -1.555  -1.515  -1.555  -0.068  -1.499  -1.503  -1.499  -1.499  1.591
  650236.130  4765247.420  846.440  1.000  0.520  0.110  10.000  888.000  0.000  5.000  0.000  0.000  0.000  95.000  0.000  0.000  0.000  0.000  40000.000  -0.193  0.753  -1.001  1.740  -1.678  -0.899  -1.550  -1.511  -1.550  1.257  -1.495  -1.499  -1.495  -1.495  0.263
  651338.220  4765732.940  743.760  1.000  3.870  0.160  20.000  430.000  60.000  0.000  0.000  0.000  0.000  40.000  0.000  0.000  0.000  0.000  60000.000  2.409  1.067  -0.491  1.333  1.712  -2.054  -1.546  -1.507  -1.546  -0.522  -1.491  -1.495  -1.491  -1.491  1.211
  651788.530  4766178.320  573.890  1.000  0.830  0.000  15.000  130.000  0.000  0.000  0.000  30.000  10.000  60.000  0.000  0.000  0.000  0.000  30000.000  0.316  -2.409  -0.701  0.724  -1.672  -2.043  -1.541  2.820  1.834  -0.066  -1.487  -1.491  -1.487  -1.487  -0.468
  651262.880  4765429.900  1016.380  1.000  0.030  0.020  56.000  140.000  0.000  0.000  0.000  0.000  0.000  100.000  0.000  0.000  0.000  0.000  10000.000  -1.686  -0.912  0.410  0.779  -1.667  -2.032  -1.537  -1.503  -1.541  1.537  -1.483  -1.487  -1.483  -1.483  -1.700
  651506.180  4765880.220  817.560  1.000  0.700  0.050  64.000  110.000  0.000  0.000  30.000  0.000  0.000  70.000  0.000  0.000  0.000  0.000  40000.000  0.117  0.029  0.527  0.612  -1.662  -2.022  2.447  -1.499  -1.537  0.214  -1.478  -1.483  -1.478  -1.478  0.265
  651305.650  4766536.470  413.400  1.000  -99.000  -99.000  -99.000  -99.000  0.000  5.000  0.000  0.000  0.000  95.000  0.000  0.000  0.000  0.000  25000.000  -99.000  -99.000  -99.000  -99.000  -1.656  -0.897  -1.532  -1.495  -1.532  1.260  -1.475  -1.478  -1.475  -1.475  -0.591
  651324.520  4765875.570  525.020  1.000  0.800  0.220  125.000  1798.000  0.000  20.000  0.000  0.000  0.000  80.000  0.000  0.000  0.000  0.000  50000.000  0.271  1.325  1.156  2.304  -1.651  -0.367  -1.528  -1.491  -1.528  0.516  -1.471  -1.475  -1.471  -1.471  0.823
  651415.280  4765998.020  439.850  1.000  0.550  0.060  130.000  50.000  0.000  80.000  0.000  0.000  0.000  20.000  0.000  0.000  0.000  0.000  30000.000  -0.132  0.237  1.204  -0.869  -1.646  1.389  -1.524  -1.487  -1.524  -1.015  -1.467  -1.471  -1.467  -1.467  -0.466
  651325.940  4765977.580  561.100  1.000  0.360  0.060  63.000  50.000  0.000  30.000  0.000  0.000  0.000  70.000  0.000  0.000  0.000  0.000  30000.000  -0.440  0.239  0.510  -0.866  -1.641  -0.052  -1.520  -1.483  -1.520  0.215  -1.463  -1.467  -1.463  -1.463  -0.465
  651353.780  4766622.560  387.620  1.000  -99.000  -99.000  -99.000  -99.000  0.000  15.000  0.000  0.000  0.000  85.000  0.000  0.000  0.000  0.000  50000.000  -99.000  -99.000  -99.000  -99.000  -1.636  -0.450  -1.515  -1.478  -1.515  0.797  -1.459  -1.463  -1.459  -1.459  0.825
  651332.780  4765564.740  885.930  1.000  0.980  0.030  19.000  -99.000  0.000  20.000  0.000  0.000  0.000  80.000  0.000  0.000  0.000  0.000  30000.000  0.520  -0.486  -0.532  -99.000  -1.631  -0.366  -1.511  -1.475  -1.511  0.518  -1.455  -1.459  -1.455  -1.455  -0.463
  651350.250  4766614.910  434.880  1.000  -99.000  -99.000  -99.000  -99.000  0.000  5.000  0.000  0.000  0.000  95.000  0.000  0.000  0.000  0.000  50000.000  -99.000  -99.000  -99.000  -99.000  -1.626  -0.895  -1.507  -1.471  -1.507  1.263  -1.451  -1.455  -1.451  -1.451  0.827
  651418.340  4766172.120  612.850  1.000  1.730  0.090  160.000  50.000  0.000  100.000  0.000  0.000  0.000  0.000  0.000  0.000  0.000  0.000  50000.000  1.297  0.604  1.451  -0.864  -1.621  2.193  -1.503  -1.467  -1.503  -2.475  -1.447  -1.451  -1.447  -1.447  0.829
  651209.510  4765582.030  834.180  1.000  0.840  0.010  30.000  50.000  0.000  60.000  0.000  0.000  0.000  40.000  0.000  0.000  0.000  0.000  40000.000  0.332  -1.384  -0.121  -0.862  -1.616  0.717  -1.499  -1.463  -1.499  -0.521  -1.444  -1.447  -1.444  -1.444  0.266
  651129.040  4765546.320  1009.520  1.000  0.670  0.030  59.000  410.000  0.000  0.000  0.000  0.000  20.000  80.000  0.000  0.000  0.000  0.000  40000.000  0.065  -0.485  0.458  1.304  -1.611  -2.011  -1.495  -1.459  2.165  0.519  -1.440  -1.444  -1.440  -1.440  0.267
  651417.450  4765448.240  760.570  1.000  1.180  0.020  38.000  160.000  30.000  0.000  0.000  0.000  0.000  70.000  0.000  0.000  0.000  0.000  50000.000  0.761  -0.910  0.070  0.853  1.145  -2.001  -1.491  -1.455  -1.495  0.216  -1.436  -1.440  -1.436  -1.436  0.831
  651296.600  4765781.450  823.180  1.000  1.230  0.050  45.000  50.000  0.000  25.000  0.000  0.000  0.000  75.000  0.000  0.000  0.000  0.000  45000.000  0.803  0.030  0.212  -0.860  -1.606  -0.120  -1.487  -1.451  -1.491  0.456  -1.432  -1.436  -1.432  -1.432  0.752
  651330.860  4765498.920  757.680  1.000  2.130  0.050  24.000  440.000  40.000  0.000  0.000  0.000  0.000  60.000  0.000  0.000  0.000  0.000  40000.000  1.569  0.032  -0.342  1.352  1.392  -1.992  -1.483  -1.447  -1.487  -0.065  -1.428  -1.432  -1.428  -1.428  0.269
  651257.850  4765558.170  915.510  1.000  1.630  0.080  53.000  3040.000  0.000  0.000  0.000  0.000  40.000  60.000  0.000  0.000  0.000  0.000  120000.000  1.206  0.507  0.354  2.859  -1.601  -1.982  -1.478  -1.444  2.820  -0.064  -1.425  -1.428  -1.425  -1.425  2.292
  651498.000  4765889.500  785.890  1.000  1.470  0.000  57.000  180.000  0.000  0.000  15.000  15.000  0.000  70.000  0.000  0.000  0.000  0.000  40000.000  1.070  -2.383  0.420  0.930  -1.596  -1.972  2.208  2.609  -1.483  0.218  -1.421  -1.425  -1.421  -1.421  0.270
  651432.260  4765646.740  837.550  1.000  0.740  0.010  27.000  510.000  10.000  20.000  0.000  10.000  0.000  60.000  0.000  0.000  0.000  0.000  30000.000  0.178  -1.380  -0.212  1.419  0.691  -0.364  -1.475  2.421  -1.478  -0.062  -1.417  -1.421  -1.417  -1.417  -0.462
  651273.240  4765435.940  828.440  1.000  1.260  0.000  41.000  50.000  20.000  10.000  0.000  0.000  0.000  70.000  0.000  0.000  0.000  0.000  35000.000  0.843  -2.359  0.136  -0.858  0.929  -0.750  -1.471  -1.440  -1.475  0.219  -1.414  -1.417  -1.414  -1.414  0.163
  650657.670  4765371.360  957.640  1.000  -99.000  -99.000  -99.000  -99.000  0.000  0.000  0.000  0.000  0.000  100.000  0.000  0.000  0.000  0.000  20000.000  -99.000  -99.000  -99.000  -99.000  -1.591  -1.963  -1.467  -1.436  -1.471  1.541  -1.410  -1.414  -1.410  -1.410  -0.997
  651781.140  4766184.780  552.000  1.000  1.030  0.010  30.000  50.000  10.000  80.000  0.000  0.000  0.000  10.000  0.000  0.000  0.000  0.000  40000.000  0.593  -1.377  -0.119  -0.855  0.693  1.392  -1.463  -1.432  -1.467  -1.275  -1.407  -1.410  -1.407  -1.407  0.271
  650406.010  4765415.830  839.880  1.000  -99.000  -99.000  -99.000  -99.000  0.000  20.000  0.000  0.000  0.000  80.000  0.000  0.000  0.000  0.000  40000.000  -99.000  -99.000  -99.000  -99.000  -1.587  -0.363  -1.459  -1.428  -1.463  0.521  -1.403  -1.407  -1.403  -1.403  0.273
  651791.000  4766176.170  581.190  1.000  1.400  0.070  37.000  1900.000  10.000  0.000  0.000  0.000  20.000  70.000  0.000  0.000  0.000  0.000  45000.000  0.997  0.379  0.048  2.374  0.695  -1.954  -1.455  -1.425  2.179  0.220  -1.399  -1.403  -1.399  -1.399  0.754
  651366.650  4766650.140  218.340  1.000  -99.000  -99.000  -99.000  -99.000  0.000  5.000  0.000  0.000  0.000  95.000  0.000  0.000  0.000  0.000  20000.000  -99.000  -99.000  -99.000  -99.000  -1.582  -0.893  -1.451  -1.421  -1.459  1.266  -1.396  -1.399  -1.396  -1.396  -0.995
  651292.050  4765471.860  902.010  1.000  1.660  0.050  38.000  390.000  35.000  0.000  0.000  0.000  0.000  65.000  0.000  0.000  0.000  0.000  35000.000  1.244  0.033  0.072  1.266  1.375  -1.945  -1.447  -1.417  -1.455  0.138  -1.392  -1.396  -1.392  -1.392  0.165
  651414.650  4765830.840  688.180  1.000  6.950  0.620  34.000  1180.000  40.000  40.000  0.000  0.000  0.000  20.000  0.000  0.000  0.000  0.000  120000.000  3.435  2.200  -0.025  2.000  1.396  0.236  -1.444  -1.414  -1.451  -1.013  -1.389  -1.392  -1.389  -1.389  2.311
  651505.750  4766125.470  740.060  1.000  1.110  0.040  19.000  50.000  0.000  20.000  0.000  0.000  0.000  80.000  0.000  0.000  0.000  0.000  60000.000  0.676  -0.193  -0.530  -0.853  -1.577  -0.362  -1.440  -1.410  -1.447  0.522  -1.385  -1.389  -1.385  -1.385  1.214
  651231.020  4766406.400  471.000  1.000  0.120  0.020  24.800  12.900  0.000  5.000  0.000  0.000  0.000  95.000  0.000  0.000  0.000  0.000  60000.000  -1.031  -0.908  -0.301  -1.428  -1.573  -0.891  -1.436  -1.407  -1.444  1.269  -1.382  -1.385  -1.382  -1.382  1.217
  651372.790  4765464.090  880.080  1.000  0.010  0.000  28.000  50.000  0.000  0.000  0.000  0.000  0.000  100.000  0.000  0.000  0.000  0.000  10000.000  -2.383  -2.335  -0.181  -0.851  -1.568  -1.936  -1.432  -1.403  -1.440  1.546  -1.378  -1.382  -1.378  -1.378  -1.694
  651412.590  4765680.890  941.950  1.000  0.000  0.010  5.000  50.000  0.000  0.000  0.000  0.000  0.000  0.000  0.000  0.000  0.000  0.000  0.000  -2.867  -1.373  -1.736  -0.849  -1.564  -1.928  -1.428  -1.399  -1.436  -2.447  -1.375  -1.378  -1.375  -1.375  -2.700
  650776.820  4765255.680  1037.650  1.000  -99.000  -99.000  -99.000  -99.000  0.000  5.000  0.000  0.000  0.000  95.000  0.000  0.000  0.000  0.000  35000.000  -99.000  -99.000  -99.000  -99.000  -1.559  -0.889  -1.425  -1.396  -1.432  1.272  -1.371  -1.375  -1.371  -1.371  0.166
  651377.430  4765491.010  678.320  1.000  1.740  0.050  48.000  450.000  20.000  0.000  0.000  0.000  0.000  80.000  0.000  0.000  0.000  0.000  70000.000  1.311  0.035  0.268  1.367  0.931  -1.919  -1.421  -1.392  -1.428  0.524  -1.368  -1.371  -1.368  -1.368  1.596
  651296.180  4765648.320  948.700  1.000  1.290  0.020  27.000  390.000  0.000  0.000  0.000  0.000  20.000  80.000  0.000  0.000  0.000  0.000  50000.000  0.877  -0.906  -0.210  1.269  -1.555  -1.911  -1.417  -1.389  2.193  0.525  -1.365  -1.368  -1.365  -1.365  0.833
  650485.100  4765096.300  970.760  1.000  0.040  0.010  34.300  7.300  0.000  5.000  0.000  0.000  0.000  95.000  0.000  0.000  0.000  0.000  20000.000  -1.540  -1.369  -0.007  -1.798  -1.550  -0.887  -1.414  -1.385  -1.425  1.275  -1.361  -1.365  -1.361  -1.361  -0.993
  651452.620  4765684.150  556.050  1.000  2.000  0.130  25.000  50.000  0.000  90.000  0.000  0.000  0.000  10.000  0.000  0.000  0.000  0.000  40000.000  1.471  0.919  -0.296  -0.847  -1.546  1.747  -1.410  -1.382  -1.421  -1.272  -1.358  -1.361  -1.358  -1.358  0.274
  651354.010  4765728.810  641.950  1.000  4.680  0.260  70.000  230.000  30.000  0.000  70.000  0.000  0.000  0.000  0.000  0.000  0.000  0.000  40000.000  2.665  1.453  0.598  1.041  1.147  -1.903  3.004  -1.378  -1.417  -2.421  -1.355  -1.358  -1.355  -1.355  0.276
  651343.420  4766626.420  361.750  1.000  -99.000  -99.000  -99.000  -99.000  0.000  10.000  0.000  0.000  0.000  90.000  0.000  0.000  0.000  0.000  50000.000  -99.000  -99.000  -99.000  -99.000  -1.541  -0.749  -1.407  -1.375  -1.414  0.891  -1.351  -1.355  -1.351  -1.351  0.835
  651344.250  4765401.530  568.630  1.000  0.670  0.020  73.000  50.000  0.000  30.000  0.000  0.000  0.000  70.000  0.000  0.000  0.000  0.000  60000.000  0.066  -0.903  0.638  -0.844  -1.537  -0.050  -1.403  -1.371  -1.410  0.222  -1.348  -1.351  -1.348  -1.348  1.220
  651245.440  4765706.040  708.760  1.000  0.850  0.060  135.000  50.000  10.000  80.000  0.000  0.000  0.000  10.000  0.000  0.000  0.000  0.000  40000.000  0.349  0.240  1.251  -0.842  0.696  1.396  -1.399  -1.368  -1.407  -1.269  -1.345  -1.348  -1.345  -1.345  0.277
  650914.270  4765599.630  897.370  1.000  0.010  0.010  10.000  50.000  0.000  5.000  0.000  0.000  0.000  95.000  0.000  0.000  0.000  0.000  50000.000  -2.359  -1.365  -0.999  -0.840  -1.532  -0.885  -1.396  -1.365  -1.403  1.278  -1.341  -1.345  -1.341  -1.341  0.836
  651129.520  4766094.990  825.350  1.000  0.270  0.020  50.000  50.000  0.000  30.000  0.000  0.000  0.000  70.000  0.000  0.000  0.000  0.000  60000.000  -0.596  -0.901  0.306  -0.838  -1.528  -0.049  -1.392  -1.361  -1.399  0.223  -1.338  -1.341  -1.338  -1.338  1.223
  651320.780  4766503.960  494.310  1.000  -99.000  -99.000  -99.000  -99.000  0.000  10.000  0.000  0.000  0.000  90.000  0.000  0.000  0.000  0.000  15000.000  -99.000  -99.000  -99.000  -99.000  -1.524  -0.747  -1.389  -1.358  -1.396  0.893  -1.335  -1.338  -1.335  -1.335  -1.152
  651417.100  4765932.920  842.730  1.000  0.980  0.050  46.000  1690.000  0.000  70.000  0.000  0.000  0.000  30.000  0.000  0.000  0.000  0.000  30000.000  0.522  0.036  0.234  2.263  -1.520  1.029  -1.385  -1.355  -1.392  -0.799  -1.331  -1.335  -1.331  -1.331  -0.461
  651303.090  4765871.920  588.260  1.000  0.710  0.100  140.000  2500.000  10.000  0.000  0.000  0.000  10.000  80.000  0.000  0.000  0.000  0.000  45000.000  0.129  0.674  1.281  2.713  0.698  -1.894  -1.382  -1.351  1.841  0.527  -1.328  -1.331  -1.328  -1.328  0.756
  651159.190  4765622.900  661.980  1.000  0.430  0.040  47.000  50.000  0.000  20.000  0.000  0.000  0.000  80.000  0.000  0.000  0.000  0.000  40000.000  -0.327  -0.192  0.254  -0.836  -1.515  -0.360  -1.378  -1.348  -1.389  0.529  -1.325  -1.328  -1.325  -1.325  0.278
  651316.350  4766506.090  414.460  1.000  -99.000  -99.000  -99.000  -99.000  0.000  40.000  0.000  0.000  0.000  60.000  0.000  0.000  0.000  0.000  60000.000  -99.000  -99.000  -99.000  -99.000  -1.511  0.237  -1.375  -1.345  -1.385  -0.061  -1.322  -1.325  -1.322  -1.322  1.226
  651241.890  4765566.810  948.900  1.000  0.690  0.000  140.000  630.000  10.000  0.000  0.000  0.000  30.000  60.000  0.000  0.000  0.000  0.000  30000.000  0.097  -2.313  1.284  1.527  0.700  -1.886  -1.371  -1.341  2.536  -0.060  -1.319  -1.322  -1.319  -1.319  -0.459
  651326.490  4765378.700  654.770  1.000  1.830  0.030  42.000  1150.000  30.000  0.000  0.000  0.000  0.000  70.000  0.000  0.000  0.000  0.000  60000.000  1.380  -0.483  0.149  1.978  1.150  -1.879  -1.368  -1.338  -1.382  0.225  -1.315  -1.319  -1.315  -1.315  1.228
  651344.980  4766619.540  405.180  1.000  -99.000  -99.000  -99.000  -99.000  0.000  40.000  0.000  0.000  0.000  60.000  0.000  0.000  0.000  0.000  20000.000  -99.000  -99.000  -99.000  -99.000  -1.507  0.238  -1.365  -1.335  -1.378  -0.058  -1.312  -1.315  -1.312  -1.312  -0.991
  651351.720  4766618.100  415.190  1.000  -99.000  -99.000  -99.000  -99.000  0.000  5.000  0.000  0.000  0.000  95.000  0.000  0.000  0.000  0.000  50000.000  -99.000  -99.000  -99.000  -99.000  -1.503  -0.883  -1.361  -1.331  -1.375  1.281  -1.309  -1.312  -1.309  -1.309  0.838
  651263.590  4765433.680  849.540  1.000  0.580  0.000  77.000  260.000  0.000  0.000  0.000  30.000  0.000  70.000  0.000  0.000  0.000  0.000  70000.000  -0.076  -2.292  0.679  1.087  -1.499  -1.871  -1.358  2.900  -1.371  0.226  -1.306  -1.309  -1.306  -1.306  1.601
  651322.200  4765744.590  700.030  1.000  1.290  0.040  22.000  50.000  0.000  25.000  0.000  0.000  0.000  75.000  0.000  0.000  0.000  0.000  50000.000  0.879  -0.190  -0.417  -0.834  -1.495  -0.119  -1.355  -1.328  -1.368  0.458  -1.303  -1.306  -1.303  -1.303  0.840
  650492.600  4765466.060  860.720  1.000  -99.000  -99.000  -99.000  -99.000  0.000  3.000  0.000  0.000  0.000  97.000  0.000  0.000  0.000  0.000  20000.000  -99.000  -99.000  -99.000  -99.000  -1.491  -0.940  -1.351  -1.325  -1.365  1.436  -1.300  -1.303  -1.300  -1.300  -0.989
  651419.040  4765992.630  456.610  1.000  0.430  0.030  95.000  50.000  0.000  81.250  0.000  0.000  0.000  18.750  0.000  0.000  0.000  0.000  28800.000  -0.325  -0.481  0.881  -0.831  -1.487  1.717  -1.348  -1.322  -1.361  -1.026  -1.297  -1.300  -1.297  -1.297  -0.510
  651740.930  4766616.850  407.080  1.000  3.030  1.160  44.000  280.000  20.000  30.000  0.000  0.000  0.000  50.000  0.000  0.000  0.000  0.000  40000.000  1.989  2.787  0.198  1.140  0.933  -0.048  -1.345  -1.319  -1.358  -0.308  -1.294  -1.297  -1.294  -1.294  0.280
  651167.980  4764778.950  1094.200  1.000  0.090  0.010  3.510  19.940  0.000  30.000  0.000  0.000  0.000  70.000  0.000  0.000  0.000  0.000  60000.000  -1.164  -1.361  -1.998  -1.239  -1.483  -0.046  -1.341  -1.315  -1.355  0.227  -1.290  -1.294  -1.290  -1.290  1.231
  651021.170  4765268.450  640.350  1.000  0.220  0.030  58.000  50.000  0.000  20.000  0.000  0.000  0.000  80.000  0.000  0.000  0.000  0.000  60000.000  -0.712  -0.480  0.435  -0.829  -1.478  -0.359  -1.338  -1.312  -1.351  0.530  -1.287  -1.290  -1.287  -1.287  1.234
  650513.080  4765100.260  1079.140  1.000  0.040  0.010  3.400  17.500  0.000  5.000  0.000  0.000  0.000  95.000  0.000  0.000  0.000  0.000  40000.000  -1.535  -1.358  -2.009  -1.311  -1.475  -0.881  -1.335  -1.309  -1.348  1.284  -1.284  -1.287  -1.284  -1.284  0.281
  650772.850  4764956.510  1063.350  1.000  0.230  0.030  68.160  151.000  0.000  0.000  1.000  0.000  0.000  99.000  0.000  0.000  0.000  0.000  200000.000  -0.680  -0.478  0.586  0.844  -1.471  -1.863  1.792  -1.306  -1.345  1.463  -1.281  -1.284  -1.281  -1.281  3.156
  650361.890  4765047.970  973.450  1.000  2.070  0.830  23.400  12.400  0.000  55.000  0.000  0.000  0.000  45.000  0.000  0.000  0.000  0.000  40000.000  1.520  2.467  -0.353  -1.440  -1.467  0.693  -1.331  -1.303  -1.341  -0.337  -1.278  -1.281  -1.278  -1.278  0.283
  651897.390  4766130.530  456.740  1.000  0.320  0.010  13.000  390.000  10.000  0.000  0.000  0.000  0.000  90.000  0.000  0.000  0.000  0.000  30000.000  -0.505  -1.354  -0.810  1.273  0.702  -1.856  -1.328  -1.300  -1.338  0.895  -1.275  -1.278  -1.275  -1.275  -0.458
  651086.450  4765197.090  842.360  1.000  0.470  0.040  32.000  440.000  0.000  50.000  0.000  0.000  0.000  50.000  0.000  0.000  0.000  0.000  50000.000  -0.262  -0.189  -0.064  1.356  -1.463  0.481  -1.325  -1.297  -1.335  -0.306  -1.272  -1.275  -1.272  -1.272  0.842
  651128.970  4765545.220  1011.190  1.000  0.730  0.000  44.000  380.000  10.000  10.000  10.000  0.000  20.000  50.000  0.000  0.000  0.000  0.000  30000.000  0.166  -2.272  0.199  1.249  0.703  -0.745  1.879  -1.294  2.208  -0.305  -1.269  -1.272  -1.269  -1.269  -0.456
  651458.490  4765843.220  602.250  1.000  2.020  0.340  35.000  1080.000  30.000  30.000  0.000  0.000  0.000  40.000  0.000  0.000  0.000  0.000  30000.000  1.484  1.686  -0.000  1.917  1.152  -0.045  -1.322  -1.290  -1.331  -0.519  -1.266  -1.269  -1.266  -1.266  -0.455
  651246.260  4765579.520  530.010  1.000  0.080  0.000  49.000  50.000  0.000  10.000  0.000  0.000  0.000  90.000  0.000  0.000  0.000  0.000  20000.000  -1.237  -2.253  0.290  -0.827  -1.459  -0.743  -1.319  -1.287  -1.328  0.897  -1.263  -1.266  -1.263  -1.263  -0.986
  651153.500  4765439.420  670.220  1.000  0.500  0.040  110.000  50.000  0.000  20.000  0.000  0.000  10.000  70.000  0.000  0.000  0.000  0.000  50000.000  -0.222  -0.187  1.029  -0.825  -1.455  -0.357  -1.315  -1.284  1.848  0.229  -1.260  -1.263  -1.260  -1.260  0.844
  651479.130  4765769.030  730.450  1.000  0.220  0.000  14.000  50.000  0.000  0.000  10.000  0.000  0.000  90.000  0.000  0.000  0.000  0.000  40000.000  -0.710  -2.235  -0.752  -0.823  -1.451  -1.848  1.886  -1.281  -1.325  0.899  -1.257  -1.260  -1.257  -1.257  0.284
  651315.170  4765295.370  895.280  1.000  0.030  0.010  11.000  50.000  0.000  40.000  0.000  0.000  0.000  60.000  0.000  0.000  0.000  0.000  10000.000  -1.680  -1.350  -0.928  -0.821  -1.447  0.240  -1.312  -1.278  -1.322  -0.057  -1.254  -1.257  -1.254  -1.254  -1.689
  650853.300  4765966.360  869.960  1.000  0.030  0.000  5.000  50.000  0.000  0.000  0.000  0.000  0.000  100.000  0.000  0.000  0.000  0.000  30000.000  -1.674  -2.217  -1.729  -0.819  -1.444  -1.841  -1.309  -1.275  -1.319  1.550  -1.251  -1.254  -1.251  -1.251  -0.453
  651488.400  4765957.020  450.340  1.000  0.770  0.460  150.000  100.000  0.000  30.000  0.000  0.000  0.000  70.000  0.000  0.000  0.000  0.000  40000.000  0.219  1.978  1.374  0.580  -1.440  -0.043  -1.306  -1.272  -1.315  0.230  -1.249  -1.251  -1.249  -1.249  0.285
  651413.640  4766174.350  676.630  1.000  0.160  0.080  42.000  180.000  0.000  65.000  0.000  0.000  0.000  35.000  0.000  0.000  0.000  0.000  30000.000  -0.886  0.508  0.151  0.932  -1.436  0.986  -1.303  -1.269  -1.312  -0.560  -1.246  -1.249  -1.246  -1.246  -0.452
  651584.290  4765930.400  612.390  1.000  1.220  0.010  56.000  50.000  20.000  10.000  0.000  0.000  0.000  70.000  0.000  0.000  0.000  0.000  30000.000  0.787  -1.347  0.412  -0.817  0.936  -0.742  -1.300  -1.266  -1.309  0.231  -1.243  -1.246  -1.243  -1.243  -0.450
  651369.720  4766656.620  178.990  1.000  -99.000  -99.000  -99.000  -99.000  0.000  5.000  0.000  0.000  0.000  95.000  0.000  0.000  0.000  0.000  20000.000  -99.000  -99.000  -99.000  -99.000  -1.432  -0.879  -1.297  -1.263  -1.306  1.287  -1.240  -1.243  -1.240  -1.240  -0.984
  651456.570  4766746.100  253.820  1.000  -99.000  -99.000  -99.000  -99.000  0.000  60.000  0.000  0.000  0.000  40.000  0.000  0.000  0.000  0.000  30000.000  -99.000  -99.000  -99.000  -99.000  -1.428  0.719  -1.294  -1.260  -1.303  -0.518  -1.237  -1.240  -1.237  -1.237  -0.449
  651310.040  4765466.090  797.770  1.000  1.700  0.030  130.000  940.000  30.000  0.000  10.000  0.000  0.000  60.000  0.000  0.000  0.000  0.000  30000.000  1.280  -0.476  1.207  1.783  1.155  -1.834  1.894  -1.257  -1.300  -0.056  -1.234  -1.237  -1.234  -1.234  -0.447
  651272.550  4765326.350  853.980  1.000  0.660  0.040  41.000  260.000  0.000  50.000  0.000  0.000  0.000  50.000  0.000  0.000  0.000  0.000  40000.000  0.038  -0.186  0.137  1.090  -1.425  0.483  -1.290  -1.254  -1.297  -0.304  -1.231  -1.234  -1.231  -1.231  0.287
  651366.170  4765469.620  859.840  1.000  0.190  0.020  5.000  410.000  0.000  0.000  0.000  0.000  0.000  100.000  0.000  0.000  0.000  0.000  10000.000  -0.799  -0.899  -1.723  1.308  -1.421  -1.827  -1.287  -1.251  -1.294  1.555  -1.228  -1.231  -1.228  -1.228  -1.683
  651304.310  4765871.340  589.750  1.000  0.770  0.050  105.000  1090.000  40.000  0.000  0.000  0.000  20.000  40.000  0.000  0.000  0.000  0.000  20000.000  0.221  0.038  0.953  1.927  1.399  -1.819  -1.284  -1.249  2.224  -0.516  -1.226  -1.228  -1.226  -1.226  -0.982
  651068.590  4764703.970  1049.780  1.000  0.580  0.030  13.800  375.000  10.000  20.000  0.000  0.000  0.000  70.000  0.000  0.000  0.000  0.000  50000.000  -0.075  -0.475  -0.756  1.239  0.705  -0.356  -1.281  -1.246  -1.290  0.233  -1.223  -1.226  -1.223  -1.223  0.846
  651389.330  4765598.110  753.940  1.000  2.860  0.260  43.000  890.000  40.000  30.000  10.000  0.000  0.000  20.000  0.000  0.000  0.000  0.000  50000.000  1.865  1.458  0.177  1.754  1.403  -0.042  1.903  -1.243  -1.287  -1.011  -1.220  -1.223  -1.220  -1.220  0.848
  651499.440  4765887.810  791.470  1.000  1.270  0.020  39.000  520.000  10.000  0.000  20.000  5.000  10.000  55.000  0.000  0.000  0.000  0.000  40000.000  0.858  -0.897  0.101  1.440  0.707  -1.813  2.257  2.352  1.856  -0.117  -1.217  -1.220  -1.217  -1.217  0.288
  651127.530  4765512.820  856.510  1.000  0.200  0.020  104.000  205.000  0.000  0.000  15.000  0.000  0.000  85.000  0.000  0.000  0.000  0.000  40000.000  -0.783  -0.895  0.949  0.995  -1.417  -1.806  2.224  -1.240  -1.284  0.799  -1.214  -1.217  -1.214  -1.214  0.290
  650550.280  4765317.240  931.290  1.000  -99.000  -99.000  -99.000  -99.000  0.000  3.000  0.000  0.000  0.000  97.000  0.000  0.000  0.000  0.000  25000.000  -99.000  -99.000  -99.000  -99.000  -1.414  -0.938  -1.278  -1.237  -1.281  1.440  -1.211  -1.214  -1.211  -1.211  -0.590
  651345.410  4766617.660  417.030  1.000  -99.000  -99.000  -99.000  -99.000  5.000  45.000  0.000  0.000  0.000  50.000  0.000  0.000  0.000  0.000  30000.000  -99.000  -99.000  -99.000  -99.000  0.617  0.441  -1.275  -1.234  -1.278  -0.302  -1.209  -1.211  -1.209  -1.209  -0.446
  651409.960  4765471.990  614.630  1.000  2.080  0.020  36.000  50.000  0.000  70.000  0.000  0.000  0.000  30.000  0.000  0.000  0.000  0.000  40000.000  1.535  -0.892  0.021  -0.814  -1.410  1.031  -1.272  -1.231  -1.275  -0.797  -1.206  -1.209  -1.206  -1.206  0.291
  651311.840  4766528.560  478.630  1.000  -99.000  -99.000  -99.000  -99.000  0.000  5.000  0.000  0.000  0.000  95.000  0.000  0.000  0.000  0.000  15000.000  -99.000  -99.000  -99.000  -99.000  -1.407  -0.877  -1.269  -1.228  -1.272  1.290  -1.203  -1.206  -1.203  -1.203  -1.150
  651432.250  4766666.520  498.010  1.000  -99.000  -99.000  -99.000  -99.000  0.000  90.000  0.000  0.000  0.000  10.000  0.000  0.000  0.000  0.000  20000.000  -99.000  -99.000  -99.000  -99.000  -1.403  1.754  -1.266  -1.226  -1.269  -1.266  -1.200  -1.203  -1.200  -1.200  -0.980
  650553.280  4765314.260  944.640  1.000  -99.000  -99.000  -99.000  -99.000  0.000  0.000  0.000  0.000  0.000  100.000  0.000  0.000  0.000  0.000  15000.000  -99.000  -99.000  -99.000  -99.000  -1.399  -1.799  -1.263  -1.223  -1.266  1.559  -1.198  -1.200  -1.198  -1.198  -1.147
  651363.130  4766642.690  263.590  1.000  -99.000  -99.000  -99.000  -99.000  0.000  30.000  0.000  0.000  0.000  70.000  0.000  0.000  0.000  0.000  20000.000  -99.000  -99.000  -99.000  -99.000  -1.396  -0.041  -1.260  -1.220  -1.263  0.234  -1.195  -1.198  -1.195  -1.195  -0.978
  651227.180  4765363.380  751.540  1.000  1.560  0.030  90.000  50.000  70.000  20.000  0.000  0.000  0.000  10.000  0.000  0.000  0.000  0.000  30000.000  1.158  -0.473  0.817  -0.812  1.792  -0.354  -1.257  -1.217  -1.260  -1.263  -1.192  -1.195  -1.192  -1.192  -0.444
  651236.310  4765370.060  691.950  1.000  1.180  0.020  1370.000  50.000  0.000  0.000  0.000  0.000  0.000  0.000  0.000  0.000  0.000  0.000  0.000  0.763  -0.890  3.434  -0.810  -1.392  -1.792  -1.254  -1.214  -1.257  -2.397  -1.189  -1.192  -1.189  -1.189  -2.652
  651332.150  4765497.820  761.300  1.000  2.760  0.090  130.000  1540.000  60.000  0.000  0.000  0.000  0.000  40.000  0.000  0.000  0.000  0.000  60000.000  1.825  0.605  1.210  2.174  1.717  -1.786  -1.251  -1.211  -1.254  -0.515  -1.187  -1.189  -1.187  -1.187  1.237
  651548.480  4765583.880  704.620  1.000  0.020  0.020  5.000  50.000  0.000  0.000  0.000  0.000  0.000  100.000  0.000  0.000  0.000  0.000  10000.000  -1.825  -0.888  -1.716  -0.808  -1.389  -1.779  -1.249  -1.209  -1.251  1.564  -1.184  -1.187  -1.184  -1.184  -1.678
  651037.930  4765249.400  692.500  1.000  0.170  0.030  25.000  620.000  0.000  10.000  0.000  0.000  10.000  80.000  0.000  0.000  0.000  0.000  60000.000  -0.860  -0.472  -0.295  1.513  -1.385  -0.740  -1.246  -1.206  1.863  0.532  -1.181  -1.184  -1.181  -1.181  1.240
  650151.110  4764900.240  1146.880  1.000  0.030  0.000  5.000  16.900  0.000  0.000  0.000  0.000  0.000  100.000  0.000  0.000  0.000  0.000  10000.000  -1.668  -2.200  -1.710  -1.322  -1.382  -1.773  -1.243  -1.203  -1.249  1.568  -1.179  -1.181  -1.179  -1.179  -1.672
  651736.320  4766618.520  400.760  1.000  1.550  0.070  19.000  110.000  0.000  80.000  0.000  0.000  0.000  20.000  0.000  0.000  0.000  0.000  30000.000  1.150  0.381  -0.529  0.614  -1.378  1.399  -1.240  -1.200  -1.246  -1.008  -1.176  -1.179  -1.176  -1.176  -0.443
  650891.120  4766056.180  994.350  1.000  0.050  0.010  12.000  50.000  0.000  20.000  0.000  0.000  0.000  80.000  0.000  0.000  0.000  0.000  40000.000  -1.436  -1.343  -0.865  -0.806  -1.375  -0.353  -1.237  -1.198  -1.243  0.533  -1.173  -1.176  -1.173  -1.173  0.292
  651432.080  4765643.140  842.350  1.000  0.560  0.000  29.000  960.000  10.000  10.000  0.000  0.000  0.000  80.000  0.000  0.000  0.000  0.000  30000.000  -0.102  -2.184  -0.151  1.798  0.708  -0.738  -1.234  -1.195  -1.240  0.535  -1.171  -1.173  -1.171  -1.171  -0.441
  651142.920  4765142.140  739.630  1.000  0.220  0.020  100.000  300.000  0.000  30.000  0.000  0.000  10.000  60.000  0.000  0.000  0.000  0.000  40000.000  -0.708  -0.886  0.928  1.176  -1.371  -0.039  -1.231  -1.192  1.871  -0.054  -1.168  -1.171  -1.168  -1.168  0.294
  651311.660  4765450.660  825.750  1.000  1.150  0.030  35.000  920.000  30.000  0.000  10.000  0.000  0.000  60.000  0.000  0.000  0.000  0.000  30000.000  0.708  -0.470  0.001  1.768  1.158  -1.766  1.911  -1.189  -1.237  -0.053  -1.165  -1.168  -1.165  -1.165  -0.440
  651337.060  4765514.080  757.700  1.000  3.070  0.000  27.000  740.000  30.000  0.000  20.000  0.000  0.000  50.000  0.000  0.000  0.000  0.000  80000.000  2.033  -2.168  -0.209  1.621  1.160  -1.760  2.274  -1.187  -1.234  -0.301  -1.163  -1.165  -1.163  -1.163  1.813
  650506.050  4765466.920  794.070  1.000  0.210  0.070  13.750  512.000  0.000  20.000  0.000  0.000  0.000  80.000  0.000  0.000  0.000  0.000  35000.000  -0.745  0.382  -0.760  1.436  -1.368  -0.352  -1.228  -1.184  -1.231  0.536  -1.160  -1.163  -1.160  -1.160  0.167
  651275.930  4765423.830  810.630  1.000  1.640  0.010  25.000  580.000  50.000  0.000  0.000  0.000  0.000  50.000  0.000  0.000  0.000  0.000  60000.000  1.228  -1.339  -0.293  1.485  1.541  -1.754  -1.226  -1.181  -1.228  -0.299  -1.158  -1.160  -1.158  -1.158  1.243
  651420.960  4766170.830  578.970  1.000  0.850  0.030  64.000  50.000  0.000  70.000  0.000  0.000  0.000  30.000  0.000  0.000  0.000  0.000  40000.000  0.350  -0.468  0.529  -0.804  -1.365  1.033  -1.223  -1.179  -1.226  -0.795  -1.155  -1.158  -1.155  -1.155  0.295
  650606.810  4765753.930  826.620  1.000  0.170  0.030  14.550  62.000  0.000  5.000  0.000  0.000  0.000  95.000  0.000  0.000  0.000  0.000  50000.000  -0.858  -0.467  -0.722  0.504  -1.361  -0.875  -1.220  -1.176  -1.223  1.294  -1.152  -1.155  -1.152  -1.152  0.850
  651471.170  4765534.880  672.940  1.000  1.470  0.000  30.000  50.000  40.000  0.000  0.000  0.000  0.000  60.000  0.000  0.000  0.000  0.000  50000.000  1.073  -2.152  -0.118  -0.802  1.407  -1.747  -1.217  -1.173  -1.220  -0.052  -1.150  -1.152  -1.150  -1.150  0.852
  651229.450  4765566.680  901.640  1.000  0.960  0.070  45.000  460.000  20.000  10.000  0.000  0.000  0.000  70.000  0.000  0.000  0.000  0.000  30000.000  0.502  0.384  0.213  1.375  0.938  -0.736  -1.214  -1.171  -1.217  0.236  -1.147  -1.150  -1.147  -1.147  -0.438
  651305.370  4765510.450  717.300  1.000  2.990  0.040  27.000  50.000  0.000  100.000  0.000  0.000  0.000  0.000  0.000  0.000  0.000  0.000  40000.000  1.947  -0.184  -0.207  -0.800  -1.358  2.208  -1.211  -1.168  -1.214  -2.374  -1.145  -1.147  -1.145  -1.145  0.297
  651480.610  4765767.710  736.110  1.000  0.280  0.030  31.000  210.000  10.000  0.000  0.000  0.000  0.000  90.000  0.000  0.000  0.000  0.000  50000.000  -0.579  -0.465  -0.089  1.008  0.710  -1.741  -1.209  -1.165  -1.211  0.901  -1.142  -1.145  -1.142  -1.142  0.854
  651418.810  4765500.920  852.080  1.000  0.260  0.040  5.000  50.000  0.000  50.000  0.000  0.000  0.000  50.000  0.000  0.000  0.000  0.000  30000.000  -0.621  -0.183  -1.703  -0.798  -1.355  0.484  -1.206  -1.163  -1.209  -0.298  -1.139  -1.142  -1.139  -1.139  -0.437
  651231.040  4766406.400  477.000  1.000  0.090  0.020  109.000  182.000  0.000  5.000  0.000  0.000  0.000  95.000  0.000  0.000  0.000  0.000  90000.000  -1.161  -0.884  1.021  0.949  -1.351  -0.873  -1.203  -1.160  -1.206  1.297  -1.137  -1.139  -1.137  -1.137  1.945
  651423.830  4765441.030  782.550  1.000  0.530  0.000  30.000  300.000  30.000  10.000  0.000  0.000  0.000  60.000  0.000  0.000  0.000  0.000  40000.000  -0.162  -2.138  -0.116  1.179  1.163  -0.734  -1.200  -1.158  -1.203  -0.050  -1.134  -1.137  -1.134  -1.134  0.298
  651325.940  4765908.580  680.610  1.000  0.180  0.040  67.000  420.000  0.000  30.000  0.000  0.000  0.000  70.000  0.000  0.000  0.000  0.000  40000.000  -0.826  -0.181  0.561  1.318  -1.348  -0.038  -1.198  -1.155  -1.200  0.237  -1.132  -1.134  -1.132  -1.132  0.299
  651459.060  4765803.450  776.660  1.000  0.710  0.020  61.000  820.000  25.000  0.000  0.000  0.000  20.000  55.000  0.000  0.000  0.000  0.000  50000.000  0.130  -0.881  0.488  1.700  1.102  -1.735  -1.195  -1.152  2.240  -0.116  -1.129  -1.132  -1.129  -1.129  0.856
  651278.960  4765421.400  801.410  1.000  2.110  0.060  57.000  2110.000  30.000  0.000  0.000  0.000  0.000  70.000  0.000  0.000  0.000  0.000  70000.000  1.559  0.242  0.422  2.491  1.165  -1.729  -1.192  -1.150  -1.198  0.238  -1.127  -1.129  -1.127  -1.127  1.606
  650809.520  4765966.200  939.290  1.000  0.300  0.020  5.000  100.000  0.000  10.000  0.000  0.000  0.000  90.000  0.000  0.000  0.000  0.000  40000.000  -0.542  -0.879  -1.697  0.581  -1.345  -0.733  -1.189  -1.147  -1.195  0.903  -1.124  -1.127  -1.124  -1.124  0.301
  651239.240  4765564.310  764.490  1.000  0.010  0.090  165.000  1050.000  30.000  50.000  0.000  0.000  0.000  20.000  0.000  0.000  0.000  0.000  40000.000  -2.335  0.607  1.491  1.881  1.168  0.486  -1.187  -1.145  -1.192  -1.006  -1.122  -1.124  -1.122  -1.122  0.302
  651257.230  4765438.750  869.980  1.000  1.540  0.030  44.000  50.000  0.000  80.000  0.000  0.000  0.000  20.000  0.000  0.000  0.000  0.000  60000.000  1.138  -0.463  0.201  -0.796  -1.341  1.403  -1.184  -1.142  -1.189  -1.004  -1.119  -1.122  -1.119  -1.119  1.246
  651398.370  4765852.360  752.770  1.000  2.010  0.130  5.000  50.000  70.000  0.000  0.000  0.000  0.000  30.000  0.000  0.000  0.000  0.000  35000.000  1.479  0.921  -1.691  -0.793  1.799  -1.723  -1.181  -1.139  -1.187  -0.794  -1.117  -1.119  -1.117  -1.117  0.169
  651267.740  4765425.710  807.440  1.000  1.940  0.000  105.000  240.000  40.000  0.000  0.000  0.000  0.000  60.000  0.000  0.000  0.000  0.000  40000.000  1.441  -2.123  0.956  1.060  1.410  -1.717  -1.179  -1.137  -1.184  -0.049  -1.114  -1.117  -1.114  -1.114  0.304
  651268.800  4765429.520  832.820  1.000  1.370  0.030  53.000  140.000  30.000  40.000  0.000  0.000  0.000  30.000  0.000  0.000  0.000  0.000  40000.000  0.968  -0.462  0.356  0.781  1.171  0.241  -1.176  -1.134  -1.181  -0.792  -1.112  -1.114  -1.112  -1.112  0.305
  651430.330  4766166.090  461.440  1.000  2.660  0.240  885.000  390.000  80.000  20.000  0.000  0.000  0.000  0.000  0.000  0.000  0.000  0.000  40000.000  1.787  1.408  2.971  1.276  1.911  -0.350  -1.173  -1.132  -1.179  -2.352  -1.109  -1.112  -1.109  -1.109  0.306
  650433.330  4765386.360  924.850  1.000  -99.000  -99.000  -99.000  -99.000  0.000  5.000  0.000  0.000  0.000  95.000  0.000  0.000  0.000  0.000  20000.000  -99.000  -99.000  -99.000  -99.000  -1.338  -0.871  -1.171  -1.129  -1.176  1.300  -1.107  -1.109  -1.107  -1.107  -0.976
  651219.620  4765459.900  871.670  1.000  1.220  0.050  78.000  1890.000  0.000  70.000  0.000  0.000  0.000  30.000  0.000  0.000  0.000  0.000  30000.000  0.789  0.039  0.690  2.349  -1.335  1.036  -1.168  -1.127  -1.173  -0.790  -1.104  -1.107  -1.104  -1.104  -0.435
  651332.420  4765558.860  894.020  1.000  1.000  0.050  21.000  200.000  0.000  20.000  0.000  0.000  0.000  80.000  0.000  0.000  0.000  0.000  30000.000  0.561  0.041  -0.456  0.973  -1.331  -0.349  -1.165  -1.124  -1.171  0.538  -1.102  -1.104  -1.102  -1.102  -0.434
  651238.870  4765715.550  674.670  1.000  0.590  0.060  71.000  50.000  10.000  20.000  0.000  0.000  0.000  70.000  0.000  0.000  0.000  0.000  30000.000  -0.059  0.243  0.613  -0.791  0.712  -0.347  -1.163  -1.122  -1.168  0.240  -1.099  -1.102  -1.099  -1.099  -0.432
  651175.100  4765609.190  718.190  1.000  1.000  0.050  115.000  1410.000  0.000  10.000  0.000  0.000  0.000  90.000  0.000  0.000  0.000  0.000  50000.000  0.563  0.042  1.089  2.113  -1.328  -0.731  -1.160  -1.119  -1.165  0.905  -1.097  -1.099  -1.097  -1.097  0.858
  651376.850  4765612.010  692.730  1.000  2.420  0.100  48.000  50.000  20.000  80.000  0.000  0.000  0.000  0.000  0.000  0.000  0.000  0.000  60000.000  1.725  0.676  0.270  -0.789  0.940  1.407  -1.158  -1.117  -1.163  -2.331  -1.094  -1.097  -1.094  -1.094  1.249
  651435.950  4765763.230  817.940  1.000  0.120  0.000  53.000  160.000  0.000  10.000  0.000  0.000  10.000  80.000  0.000  0.000  0.000  0.000  20000.000  -1.029  -2.109  0.357  0.855  -1.325  -0.729  -1.155  -1.114  1.879  0.539  -1.092  -1.094  -1.092  -1.092  -0.973
  651868.460  4766160.630  595.670  1.000  0.240  0.010  5.000  600.000  0.000  0.000  0.000  0.000  15.000  85.000  0.000  0.000  0.000  0.000  50000.000  -0.665  -1.336  -1.684  1.503  -1.322  -1.712  -1.152  -1.112  2.088  0.801  -1.090  -1.092  -1.090  -1.090  0.859
  650232.520  4765247.240  824.730  1.000  0.040  0.060  22.000  11.400  0.000  5.000  0.000  0.000  0.000  95.000  0.000  0.000  0.000  0.000  40000.000  -1.530  0.245  -0.415  -1.471  -1.319  -0.869  -1.150  -1.109  -1.160  1.303  -1.087  -1.090  -1.087  -1.087  0.308
  650900.870  4765673.290  749.240  1.000  0.020  0.110  49.000  56.000  0.000  10.000  0.000  0.000  0.000  90.000  0.000  0.000  0.000  0.000  40000.000  -1.817  0.755  0.292  0.488  -1.315  -0.728  -1.147  -1.107  -1.158  0.907  -1.085  -1.087  -1.085  -1.085  0.309
  650518.990  4765101.360  1102.370  1.000  0.020  0.010  3.880  16.400  0.000  5.000  0.000  0.000  0.000  95.000  0.000  0.000  0.000  0.000  40000.000  -1.809  -1.332  -1.936  -1.340  -1.312  -0.867  -1.145  -1.104  -1.155  1.306  -1.082  -1.085  -1.082  -1.082  0.311
  650780.850  4765252.900  1054.970  1.000  -99.000  -99.000  -99.000  -99.000  0.000  5.000  0.000  0.000  0.000  95.000  0.000  0.000  0.000  0.000  30000.000  -99.000  -99.000  -99.000  -99.000  -1.309  -0.865  -1.142  -1.102  -1.152  1.309  -1.080  -1.082  -1.080  -1.080  -0.431
  651330.410  4765491.010  992.950  1.000  0.010  0.070  59.000  -99.000  0.000  0.000  0.000  0.000  0.000  0.000  0.000  0.000  0.000  0.000  0.000  -2.313  0.385  0.460  -99.000  -1.306  -1.706  -1.139  -1.099  -1.150  -2.311  -1.078  -1.080  -1.078  -1.078  -2.609
  651287.710  4765444.610  600.070  1.000  1.020  0.010  190.000  50.000  0.000  60.000  0.000  0.000  0.000  40.000  0.000  0.000  0.000  0.000  20000.000  0.584  -1.328  1.637  -0.787  -1.303  0.721  -1.137  -1.097  -1.147  -0.513  -1.075  -1.078  -1.075  -1.075  -0.971
  651291.280  4765644.490  474.160  1.000  0.930  0.030  350.000  50.000  10.000  10.000  0.000  0.000  0.000  80.000  0.000  0.000  0.000  0.000  30000.000  0.463  -0.460  2.382  -0.785  0.714  -0.726  -1.134  -1.094  -1.145  0.541  -1.073  -1.075  -1.073  -1.073  -0.430
  650441.430  4765377.860  950.270  1.000  -99.000  -99.000  -99.000  -99.000  0.000  5.000  0.000  0.000  0.000  95.000  0.000  0.000  0.000  0.000  20000.000  -99.000  -99.000  -99.000  -99.000  -1.300  -0.863  -1.132  -1.092  -1.142  1.312  -1.070  -1.073  -1.070  -1.070  -0.969
  651284.500  4765416.990  784.860  1.000  1.630  0.040  71.000  2000.000  10.000  30.000  0.000  0.000  20.000  40.000  0.000  0.000  0.000  0.000  40000.000  1.209  -0.180  0.614  2.429  0.715  -0.037  -1.129  -1.090  2.257  -0.512  -1.068  -1.070  -1.068  -1.068  0.312
  651254.350  4765548.180  986.120  1.000  0.630  0.030  150.000  600.000  50.000  20.000  0.000  0.000  0.000  30.000  0.000  0.000  0.000  0.000  30000.000  -0.001  -0.458  1.378  1.508  1.546  -0.346  -1.127  -1.087  -1.139  -0.788  -1.066  -1.068  -1.066  -1.066  -0.428
  651264.340  4765333.140  834.730  1.000  1.180  0.040  19.000  170.000  0.000  70.000  0.000  0.000  0.000  30.000  0.000  0.000  0.000  0.000  30000.000  0.765  -0.178  -0.527  0.905  -1.297  1.038  -1.124  -1.085  -1.137  -0.786  -1.063  -1.066  -1.063  -1.063  -0.427
  650543.390  4765036.840  1080.070  1.000  0.550  0.170  26.750  52.250  0.000  10.000  0.000  0.000  0.000  90.000  0.000  0.000  0.000  0.000  35000.000  -0.130  1.119  -0.216  0.475  -1.294  -0.724  -1.122  -1.082  -1.134  0.909  -1.061  -1.063  -1.061  -1.061  0.170
  651435.520  4765758.420  824.310  1.000  0.280  0.000  78.000  250.000  0.000  30.000  0.000  0.000  0.000  70.000  0.000  0.000  0.000  0.000  20000.000  -0.577  -2.096  0.692  1.079  -1.290  -0.035  -1.119  -1.080  -1.132  0.241  -1.059  -1.061  -1.059  -1.059  -0.967
  651454.080  4765805.330  770.680  1.000  0.790  0.010  46.000  470.000  0.000  0.000  25.000  0.000  10.000  65.000  0.000  0.000  0.000  0.000  50000.000  0.257  -1.325  0.236  1.387  -1.287  -1.700  2.374  -1.078  1.886  0.139  -1.056  -1.059  -1.056  -1.056  0.861
  650921.140  4765041.840  773.610  1.000  0.350  0.020  255.000  -99.000  0.000  20.000  0.000  0.000  0.000  80.000  0.000  0.000  0.000  0.000  50000.000  -0.462  -0.877  2.044  -99.000  -1.284  -0.344  -1.117  -1.075  -1.129  0.542  -1.054  -1.056  -1.054  -1.054  0.863
  651361.140  4766638.490  289.180  1.000  -99.000  -99.000  -99.000  -99.000  0.000  20.000  0.000  0.000  0.000  80.000  0.000  0.000  0.000  0.000  20000.000  -99.000  -99.000  -99.000  -99.000  -1.281  -0.343  -1.114  -1.073  -1.127  0.544  -1.052  -1.054  -1.052  -1.052  -0.965
  651476.450  4766116.980  641.590  1.000  1.580  0.130  13.000  360.000  10.000  40.000  0.000  0.000  0.000  50.000  0.000  0.000  0.000  0.000  50000.000  1.173  0.924  -0.808  1.223  0.717  0.242  -1.112  -1.070  -1.124  -0.297  -1.049  -1.052  -1.049  -1.049  0.865
  651232.030  4765572.260  970.090  1.000  1.010  0.010  51.000  1850.000  10.000  20.000  0.000  0.000  20.000  50.000  0.000  0.000  0.000  0.000  50000.000  0.570  -1.321  0.318  2.326  0.719  -0.342  -1.109  -1.068  2.274  -0.295  -1.047  -1.049  -1.047  -1.047  0.867
  651313.220  4766507.500  360.570  1.000  -99.000  -99.000  -99.000  -99.000  0.000  40.000  0.000  0.000  0.000  60.000  0.000  0.000  0.000  0.000  30000.000  -99.000  -99.000  -99.000  -99.000  -1.278  0.244  -1.107  -1.066  -1.122  -0.048  -1.045  -1.047  -1.045  -1.045  -0.425
  651310.950  4765457.410  813.510  1.000  0.990  0.020  59.000  790.000  30.000  0.000  10.000  0.000  0.000  60.000  0.000  0.000  0.000  0.000  30000.000  0.541  -0.875  0.461  1.662  1.173  -1.694  1.919  -1.063  -1.119  -0.046  -1.042  -1.045  -1.042  -1.042  -0.424
  650574.940  4765471.090  487.770  1.000  0.230  0.050  58.800  51.000  0.000  10.000  0.000  0.000  0.000  90.000  0.000  0.000  0.000  0.000  40000.000  -0.678  0.044  0.453  0.470  -1.275  -0.722  -1.104  -1.061  -1.117  0.911  -1.040  -1.042  -1.040  -1.040  0.313
  650484.150  4765465.450  903.890  1.000  -99.000  -99.000  -99.000  -99.000  0.000  5.000  0.000  0.000  0.000  95.000  0.000  0.000  0.000  0.000  30000.000  -99.000  -99.000  -99.000  -99.000  -1.272  -0.861  -1.102  -1.059  -1.114  1.315  -1.038  -1.040  -1.038  -1.038  -0.422
  651591.390  4765924.970  636.810  1.000  0.790  0.010  48.000  740.000  0.000  0.000  20.000  0.000  0.000  80.000  0.000  0.000  0.000  0.000  40000.000  0.259  -1.318  0.271  1.627  -1.269  -1.689  2.292  -1.056  -1.112  0.546  -1.036  -1.038  -1.036  -1.036  0.315
  650920.810  4765436.930  985.370  1.000  0.500  0.040  86.000  100.000  0.000  40.000  0.000  0.000  0.000  60.000  0.000  0.000  0.000  0.000  40000.000  -0.221  -0.177  0.774  0.583  -1.266  0.245  -1.099  -1.054  -1.109  -0.045  -1.033  -1.036  -1.033  -1.033  0.316
  651126.430  4765415.690  1017.430  1.000  0.140  0.010  92.000  25.000  0.000  30.000  0.000  0.000  0.000  70.000  0.000  0.000  0.000  0.000  30000.000  -0.968  -1.314  0.838  -1.146  -1.263  -0.034  -1.097  -1.052  -1.107  0.242  -1.031  -1.033  -1.031  -1.031  -0.421
  651244.690  4765707.080  704.970  1.000  0.280  0.010  125.000  50.000  0.000  20.000  0.000  0.000  0.000  80.000  0.000  0.000  0.000  0.000  40000.000  -0.575  -1.311  1.159  -0.783  -1.260  -0.340  -1.094  -1.049  -1.104  0.547  -1.029  -1.031  -1.029  -1.029  0.318
  651329.110  4765279.850  752.410  1.000  0.840  0.000  27.000  50.000  0.000  50.000  0.000  0.000  0.000  50.000  0.000  0.000  0.000  0.000  30000.000  0.333  -2.083  -0.205  -0.781  -1.257  0.487  -1.092  -1.047  -1.102  -0.294  -1.026  -1.029  -1.026  -1.026  -0.419
  651428.830  4765677.630  940.850  1.000  0.000  0.040  13.000  50.000  0.000  0.000  0.000  0.000  0.000  0.000  0.000  0.000  0.000  0.000  0.000  -2.787  -0.175  -0.806  -0.779  -1.254  -1.683  -1.090  -1.045  -1.099  -2.292  -1.024  -1.026  -1.024  -1.024  -2.571
  651454.710  4765681.670  563.370  1.000  2.130  0.140  23.000  50.000  0.000  100.000  0.000  0.000  0.000  0.000  0.000  0.000  0.000  0.000  40000.000  1.574  0.982  -0.377  -0.777  -1.251  2.224  -1.087  -1.042  -1.097  -2.274  -1.022  -1.024  -1.022  -1.022  0.319
  650661.240  4765367.490  972.750  1.000  -99.000  -99.000  -99.000  -99.000  0.000  0.000  0.000  0.000  0.000  100.000  0.000  0.000  0.000  0.000  35000.000  -99.000  -99.000  -99.000  -99.000  -1.249  -1.678  -1.085  -1.040  -1.094  1.573  -1.020  -1.022  -1.020  -1.020  0.171
  651130.860  4765572.050  971.430  1.000  0.970  0.030  550.000  130.000  20.000  0.000  10.000  0.000  0.000  70.000  0.000  0.000  0.000  0.000  40000.000  0.508  -0.457  2.664  0.726  0.942  -1.672  1.928  -1.038  -1.092  0.244  -1.017  -1.020  -1.017  -1.017  0.320
  651480.770  4765654.380  653.800  1.000  1.380  0.040  86.000  50.000  0.000  60.000  0.000  0.000  0.000  40.000  0.000  0.000  0.000  0.000  50000.000  0.980  -0.174  0.776  -0.775  -1.246  0.722  -1.082  -1.036  -1.090  -0.510  -1.015  -1.017  -1.015  -1.015  0.869
  651475.240  4765797.650  796.160  1.000  0.210  0.020  125.000  180.000  0.000  0.000  5.000  0.000  30.000  65.000  0.000  0.000  0.000  0.000  30000.000  -0.743  -0.873  1.162  0.935  -1.243  -1.667  1.827  -1.033  2.571  0.140  -1.013  -1.015  -1.013  -1.013  -0.418
  651374.780  4765461.820  384.940  1.000  1.010  0.080  105.000  2280.000  0.000  10.000  10.000  10.000  0.000  70.000  0.000  0.000  0.000  0.000  40000.000  0.572  0.510  0.958  2.565  -1.240  -0.721  1.936  2.447  -1.087  0.245  -1.011  -1.013  -1.011  -1.011  0.322
  651434.080  4765678.300  796.270  1.000  1.220  0.020  43.000  410.000  0.000  0.000  10.000  10.000  0.000  80.000  0.000  0.000  0.000  0.000  30000.000  0.791  -0.871  0.178  1.311  -1.237  -1.662  1.945  2.475  -1.085  0.549  -1.008  -1.011  -1.008  -1.008  -0.416
  651564.570  4765819.690  743.770  1.000  0.020  0.020  76.000  180.000  0.000  0.000  0.000  0.000  0.000  100.000  0.000  0.000  0.000  0.000  10000.000  -1.802  -0.868  0.667  0.937  -1.234  -1.656  -1.080  -1.031  -1.082  1.577  -1.006  -1.008  -1.006  -1.006  -1.667
  651697.430  4766615.350  433.050  1.000  1.110  0.040  24.000  50.000  0.000  50.000  0.000  0.000  0.000  50.000  0.000  0.000  0.000  0.000  50000.000  0.678  -0.172  -0.340  -0.773  -1.231  0.489  -1.078  -1.029  -1.080  -0.292  -1.004  -1.006  -1.004  -1.004  0.871
  651489.820  4765515.230  795.990  1.000  0.540  0.000  25.000  210.000  0.000  30.000  0.000  0.000  10.000  60.000  0.000  0.000  0.000  0.000  50000.000  -0.147  -2.070  -0.292  1.010  -1.228  -0.033  -1.075  -1.026  1.894  -0.043  -1.002  -1.004  -1.002  -1.002  0.873
  650248.960  4765247.910  923.370  1.000  0.310  0.040  40.100  310.000  1.000  3.000  1.000  0.000  0.000  95.000  0.000  0.000  0.000  0.000  150000.000  -0.517  -0.171  0.128  1.195  0.601  -0.936  1.799  -1.024  -1.078  1.319  -1.000  -1.002  -1.000  -1.000  2.352
  650151.110  4764900.270  1138.880  1.000  0.010  0.000  8.690  21.300  0.000  0.000  0.000  0.000  0.000  100.000  0.000  0.000  0.000  0.000  10000.000  -2.292  -2.057  -1.049  -1.210  -1.226  -1.651  -1.073  -1.022  -1.075  1.582  -0.997  -1.000  -0.997  -0.997  -1.662
  651126.360  4765420.690  1008.770  1.000  0.420  0.030  21.000  25.000  0.000  20.000  0.000  0.000  0.000  80.000  0.000  0.000  0.000  0.000  50000.000  -0.343  -0.455  -0.455  -1.143  -1.223  -0.339  -1.070  -1.020  -1.073  0.550  -0.995  -0.997  -0.995  -0.995  0.875
  651125.310  4766088.790  815.980  1.000  0.530  0.060  105.000  50.000  0.000  20.000  0.000  0.000  0.000  80.000  0.000  0.000  0.000  0.000  30000.000  -0.160  0.246  0.960  -0.771  -1.220  -0.337  -1.068  -1.017  -1.070  0.552  -0.993  -0.995  -0.993  -0.993  -0.415
  650559.310  4765470.330  551.890  1.000  0.040  0.000  3.730  8.000  0.000  5.000  0.000  0.000  0.000  95.000  0.000  0.000  0.000  0.000  30000.000  -1.525  -2.045  -1.987  -1.733  -1.217  -0.859  -1.066  -1.015  -1.068  1.322  -0.991  -0.993  -0.991  -0.991  -0.413
  651433.940  4765309.680  826.040  1.000  0.070  0.000  5.000  50.000  0.000  40.000  0.000  0.000  0.000  60.000  0.000  0.000  0.000  0.000  40000.000  -1.280  -2.033  -1.678  -0.769  -1.214  0.247  -1.063  -1.013  -1.066  -0.042  -0.989  -0.991  -0.989  -0.989  0.323
  651130.250  4765564.170  982.990  1.000  0.620  0.010  54.000  50.000  0.000  0.000  10.000  0.000  10.000  80.000  0.000  0.000  0.000  0.000  40000.000  -0.023  -1.307  0.370  -0.767  -1.211  -1.646  1.954  -1.011  1.903  0.553  -0.986  -0.989  -0.986  -0.986  0.325
  650446.050  4765373.110  964.840  1.000  -99.000  -99.000  -99.000  -99.000  0.000  3.500  0.000  0.000  0.000  96.500  0.000  0.000  0.000  0.000  25000.000  -99.000  -99.000  -99.000  -99.000  -1.209  -0.929  -1.061  -1.008  -1.063  1.432  -0.984  -0.986  -0.984  -0.984  -0.588
  651480.910  4765905.680  398.150  1.000  0.530  0.330  655.000  1750.000  0.000  10.000  0.000  0.000  10.000  80.000  0.000  0.000  0.000  0.000  50000.000  -0.159  1.639  2.720  2.283  -1.206  -0.719  -1.059  -1.006  1.911  0.555  -0.982  -0.984  -0.982  -0.982  0.877
  651427.840  4765811.930  632.790  1.000  1.500  0.100  23.000  180.000  20.000  40.000  0.000  0.000  0.000  40.000  0.000  0.000  0.000  0.000  45000.000  1.113  0.678  -0.375  0.939  0.944  0.248  -1.056  -1.004  -1.061  -0.509  -0.980  -0.982  -0.980  -0.980  0.757
  651321.420  4766503.640  506.290  1.000  -99.000  -99.000  -99.000  -99.000  0.000  10.000  0.000  0.000  0.000  90.000  0.000  0.000  0.000  0.000  15000.000  -99.000  -99.000  -99.000  -99.000  -1.203  -0.717  -1.054  -1.002  -1.059  0.913  -0.978  -0.980  -0.978  -0.978  -1.145
  650665.450  4765363.340  989.750  1.000  -99.000  -99.000  -99.000  -99.000  0.000  0.000  0.000  0.000  0.000  100.000  0.000  0.000  0.000  0.000  35000.000  -99.000  -99.000  -99.000  -99.000  -1.200  -1.641  -1.052  -1.000  -1.056  1.587  -0.976  -0.978  -0.976  -0.976  0.173
  651523.100  4766696.450  282.980  1.000  0.300  0.100  67.000  50.000  0.000  60.000  0.000  0.000  0.000  40.000  0.000  0.000  0.000  0.000  30000.000  -0.541  0.680  0.563  -0.765  -1.198  0.724  -1.049  -0.997  -1.054  -0.507  -0.973  -0.976  -0.973  -0.973  -0.412
  651070.710  4764899.440  1047.810  1.000  0.030  0.010  8.310  32.430  0.000  0.000  0.000  0.000  0.000  100.000  0.000  0.000  0.000  0.000  10000.000  -1.662  -1.304  -1.060  -1.044  -1.195  -1.636  -1.047  -0.995  -1.052  1.591  -0.971  -0.973  -0.971  -0.971  -1.656
  650486.110  4765096.420  974.630  1.000  0.010  0.020  24.200  4.930  0.000  5.000  0.000  0.000  0.000  95.000  0.000  0.000  0.000  0.000  20000.000  -2.272  -0.866  -0.310  -1.978  -1.192  -0.858  -1.045  -0.993  -1.049  1.325  -0.969  -0.971  -0.969  -0.969  -0.963
  651473.250  4765661.740  627.850  1.000  1.990  0.070  26.000  160.000  50.000  20.000  0.000  0.000  0.000  30.000  0.000  0.000  0.000  0.000  50000.000  1.458  0.387  -0.242  0.858  1.550  -0.336  -1.042  -0.991  -1.047  -0.784  -0.967  -0.969  -0.967  -0.967  0.879
  651320.990  4766503.850  498.300  1.000  -99.000  -99.000  -99.000  -99.000  0.000  10.000  0.000  0.000  0.000  90.000  0.000  0.000  0.000  0.000  15000.000  -99.000  -99.000  -99.000  -99.000  -1.189  -0.715  -1.040  -0.989  -1.045  0.915  -0.965  -0.967  -0.965  -0.965  -1.142
  651434.340  4765682.010  791.560  1.000  0.890  0.020  38.000  1570.000  0.000  0.000  10.000  10.000  0.000  80.000  0.000  0.000  0.000  0.000  30000.000  0.401  -0.864  0.073  2.190  -1.187  -1.631  1.963  2.504  -1.042  0.556  -0.963  -0.965  -0.963  -0.963  -0.411
  651133.400  4765442.880  562.030  1.000  0.250  0.030  18.000  50.000  0.000  20.000  0.000  0.000  0.000  80.000  0.000  0.000  0.000  0.000  50000.000  -0.643  -0.453  -0.575  -0.763  -1.184  -0.335  -1.038  -0.986  -1.040  0.558  -0.961  -0.963  -0.961  -0.961  0.881
  651311.090  4766529.530  470.730  1.000  -99.000  -99.000  -99.000  -99.000  0.000  8.000  0.000  0.000  0.000  92.000  0.000  0.000  0.000  0.000  15000.000  -99.000  -99.000  -99.000  -99.000  -1.181  -0.779  -1.036  -0.984  -1.038  1.192  -0.959  -0.961  -0.959  -0.959  -1.139
  651417.230  4765677.730  954.770  1.000  0.000  0.030  5.000  50.000  0.000  0.000  0.000  0.000  0.000  0.000  0.000  0.000  0.000  0.000  0.000  -2.721  -0.452  -1.672  -0.761  -1.179  -1.626  -1.033  -0.982  -1.036  -2.257  -0.956  -0.959  -0.956  -0.956  -2.536
  651436.320  4765766.880  813.190  1.000  0.550  0.010  16.000  1460.000  20.000  10.000  0.000  0.000  20.000  50.000  0.000  0.000  0.000  0.000  20000.000  -0.129  -1.300  -0.643  2.128  0.946  -0.714  -1.031  -0.980  2.292  -0.291  -0.954  -0.956  -0.954  -0.954  -0.961
  650512.590  4765100.170  1077.200  1.000  0.030  0.010  11.450  16.950  0.000  5.000  0.000  0.000  0.000  95.000  0.000  0.000  0.000  0.000  40000.000  -1.656  -1.297  -0.876  -1.315  -1.176  -0.856  -1.029  -0.978  -1.033  1.328  -0.952  -0.954  -0.952  -0.952  0.326
  650673.580  4765355.670  1021.860  1.000  -99.000  -99.000  -99.000  -99.000  0.000  0.000  0.000  0.000  0.000  100.000  0.000  0.000  0.000  0.000  35000.000  -99.000  -99.000  -99.000  -99.000  -1.173  -1.621  -1.026  -0.976  -1.031  1.596  -0.950  -0.952  -0.950  -0.950  0.174
  650923.690  4765381.220  1080.170  1.000  0.370  0.020  264.000  -99.000  0.000  20.000  0.000  0.000  0.000  80.000  0.000  0.000  0.000  0.000  60000.000  -0.411  -0.862  2.081  -99.000  -1.171  -0.333  -1.024  -0.973  -1.029  0.560  -0.948  -0.950  -0.948  -0.948  1.251
  651233.260  4765724.230  644.380  1.000  0.040  0.040  130.000  50.000  0.000  5.000  0.000  0.000  0.000  95.000  0.000  0.000  0.000  0.000  50000.000  -1.520  -0.169  1.213  -0.759  -1.168  -0.854  -1.022  -0.971  -1.026  1.331  -0.946  -0.948  -0.946  -0.946  0.883
  651325.940  4765994.580  531.660  1.000  0.640  0.110  170.000  110.000  0.000  65.000  0.000  0.000  0.000  35.000  0.000  0.000  0.000  0.000  30000.000  0.010  0.757  1.528  0.616  -1.165  0.989  -1.020  -0.969  -1.024  -0.558  -0.944  -0.946  -0.944  -0.944  -0.409
  651314.430  4766507.000  380.530  1.000  -99.000  -99.000  -99.000  -99.000  0.000  40.000  0.000  0.000  0.000  60.000  0.000  0.000  0.000  0.000  80000.000  -99.000  -99.000  -99.000  -99.000  -1.163  0.249  -1.017  -0.967  -1.022  -0.041  -0.942  -0.944  -0.942  -0.942  1.819
  651230.890  4766406.390  439.000  1.000  0.410  0.120  29.900  115.000  0.000  6.500  0.000  0.000  0.000  93.500  0.000  0.000  0.000  0.000  84000.000  -0.357  0.834  -0.125  0.663  -1.160  -0.784  -1.015  -0.965  -1.020  1.209  -0.940  -0.942  -0.940  -0.940  1.919
  651590.880  4766420.950  408.070  1.000  0.040  0.000  10.000  50.000  0.000  20.000  0.000  0.000  0.000  80.000  0.000  0.000  0.000  0.000  30000.000  -1.516  -2.022  -0.996  -0.756  -1.158  -0.332  -1.013  -0.963  -1.017  0.561  -0.938  -0.940  -0.938  -0.938  -0.408
  651331.830  4765547.210  910.260  1.000  1.290  0.020  23.000  50.000  0.000  30.000  0.000  0.000  0.000  70.000  0.000  0.000  0.000  0.000  30000.000  0.881  -0.860  -0.373  -0.754  -1.155  -0.031  -1.011  -0.961  -1.015  0.247  -0.936  -0.938  -0.936  -0.936  -0.406
  650889.070  4765953.820  744.230  1.000  0.420  0.040  30.000  50.000  0.000  10.000  0.000  0.000  0.000  90.000  0.000  0.000  0.000  0.000  20000.000  -0.341  -0.168  -0.115  -0.752  -1.152  -0.712  -1.008  -0.959  -1.013  0.917  -0.933  -0.936  -0.933  -0.933  -0.959
  651157.700  4765798.500  688.280  1.000  0.060  0.030  72.000  25.000  0.000  10.000  0.000  0.000  0.000  90.000  0.000  0.000  0.000  0.000  40000.000  -1.339  -0.450  0.629  -1.140  -1.150  -0.710  -1.006  -0.956  -1.011  0.919  -0.931  -0.933  -0.931  -0.931  0.327
  651231.140  4766406.410  505.000  1.000  0.010  0.000  63.100  24.400  0.000  5.000  0.000  0.000  0.000  95.000  0.000  0.000  0.000  0.000  80000.000  -2.253  -2.010  0.525  -1.155  -1.147  -0.852  -1.004  -0.954  -1.008  1.335  -0.929  -0.931  -0.929  -0.929  1.827
  651283.460  4765317.270  880.410  1.000  0.040  0.000  31.000  50.000  0.000  30.000  0.000  0.000  0.000  70.000  0.000  0.000  0.000  0.000  30000.000  -1.511  -1.999  -0.088  -0.750  -1.145  -0.030  -1.002  -0.952  -1.006  0.248  -0.927  -0.929  -0.927  -0.927  -0.405
  651415.280  4766752.450  191.650  1.000  0.710  0.090  67.000  50.000  0.000  70.000  0.000  0.000  0.000  30.000  0.000  0.000  0.000  0.000  30000.000  0.132  0.609  0.565  -0.748  -1.142  1.040  -1.000  -0.950  -1.004  -0.783  -0.925  -0.927  -0.925  -0.925  -0.403
  651663.110  4766629.910  402.820  1.000  2.150  0.760  5.000  50.000  100.000  0.000  0.000  0.000  0.000  0.000  0.000  0.000  0.000  0.000  35000.000  1.590  2.335  -1.666  -0.746  2.352  -1.616  -0.997  -0.948  -1.002  -2.240  -0.923  -0.925  -0.923  -0.923  0.175
  651357.460  4766630.520  338.400  1.000  -99.000  -99.000  -99.000  -99.000  0.000  55.000  0.000  0.000  0.000  45.000  0.000  0.000  0.000  0.000  50000.000  -99.000  -99.000  -99.000  -99.000  -1.139  0.695  -0.995  -0.946  -1.000  -0.336  -0.921  -0.923  -0.921  -0.921  0.885
  651364.810  4766646.260  241.950  1.000  -99.000  -99.000  -99.000  -99.000  0.000  5.000  0.000  0.000  0.000  95.000  0.000  0.000  0.000  0.000  20000.000  -99.000  -99.000  -99.000  -99.000  -1.137  -0.850  -0.993  -0.944  -0.997  1.338  -0.919  -0.921  -0.919  -0.919  -0.956
  651402.480  4765584.330  815.040  1.000  1.150  0.040  71.000  50.000  20.000  20.000  0.000  0.000  0.000  60.000  0.000  0.000  0.000  0.000  40000.000  0.710  -0.166  0.616  -0.744  0.948  -0.330  -0.991  -0.942  -0.995  -0.039  -0.917  -0.919  -0.917  -0.917  0.329
  651261.860  4765435.060  855.120  1.000  0.870  0.010  27.000  50.000  0.000  70.000  0.000  0.000  0.000  30.000  0.000  0.000  0.000  0.000  60000.000  0.376  -1.293  -0.204  -0.742  -1.134  1.042  -0.989  -0.940  -0.993  -0.781  -0.915  -0.917  -0.915  -0.915  1.254
  651418.340  4765515.330  830.440  1.000  0.320  0.010  80.000  50.000  20.000  10.000  0.000  0.000  0.000  70.000  0.000  0.000  0.000  0.000  30000.000  -0.503  -1.290  0.713  -0.740  0.950  -0.708  -0.986  -0.938  -0.991  0.249  -0.913  -0.915  -0.913  -0.913  -0.402
  651243.750  4765555.920  950.460  1.000  0.550  0.020  18.000  300.000  30.000  30.000  0.000  0.000  20.000  20.000  0.000  0.000  0.000  0.000  30000.000  -0.127  -0.858  -0.574  1.182  1.176  -0.029  -0.984  -0.936  2.311  -1.002  -0.911  -0.913  -0.911  -0.911  -0.400
  651310.160  4766530.740  460.840  1.000  -99.000  -99.000  -99.000  -99.000  0.000  10.000  0.000  0.000  0.000  90.000  0.000  0.000  0.000  0.000  15000.000  -99.000  -99.000  -99.000  -99.000  -1.132  -0.707  -0.982  -0.933  -0.989  0.921  -0.909  -0.911  -0.909  -0.909  -1.137
  651240.290  4765713.390  682.240  1.000  1.420  0.040  180.000  3550.000  0.000  20.000  0.000  0.000  0.000  70.000  0.000  10.000  0.000  0.000  150000.000  1.014  -0.165  1.583  2.964  -1.129  -0.329  -0.980  -0.931  -0.986  0.251  -0.907  3.463  -0.907  -0.907  2.374
  651362.790  4765255.380  697.000  1.000  0.060  0.000  20.000  50.000  0.000  10.000  0.000  0.000  20.000  70.000  0.000  0.000  0.000  0.000  30000.000  -1.336  -1.989  -0.490  -0.738  -1.127  -0.705  -0.978  -0.929  2.331  0.252  -0.905  -0.909  -0.905  -0.905  -0.399
  651336.450  4765274.520  770.240  1.000  0.490  0.000  150.000  50.000  0.000  20.000  0.000  0.000  10.000  70.000  0.000  0.000  0.000  0.000  30000.000  -0.239  -1.978  1.382  -0.736  -1.124  -0.327  -0.976  -0.927  1.919  0.253  -0.903  -0.907  -0.903  -0.903  -0.397
  650360.380  4765047.940  969.750  1.000  1.590  0.470  14.350  11.300  0.000  55.000  0.000  0.000  0.000  45.000  0.000  0.000  0.000  0.000  40000.000  1.176  2.010  -0.728  -1.485  -1.122  0.696  -0.973  -0.925  -0.984  -0.335  -0.901  -0.905  -0.901  -0.901  0.330
  651344.630  4765268.770  789.840  1.000  0.210  0.000  63.000  200.000  0.000  0.000  0.000  20.000  20.000  60.000  0.000  0.000  0.000  0.000  30000.000  -0.741  -1.968  0.511  0.976  -1.119  -1.611  -0.971  2.755  2.352  -0.038  -0.899  -0.903  -0.899  -0.899  -0.396
  651294.900  4765649.520  942.960  1.000  1.040  0.010  43.000  530.000  10.000  0.000  0.000  0.000  10.000  80.000  0.000  0.000  0.000  0.000  60000.000  0.604  -1.287  0.180  1.449  0.721  -1.606  -0.969  -0.923  1.928  0.563  -0.897  -0.901  -0.897  -0.897  1.257
  650830.970  4765966.330  905.530  1.000  0.390  0.010  5.000  50.000  0.000  10.000  0.000  0.000  0.000  90.000  0.000  0.000  0.000  0.000  40000.000  -0.377  -1.283  -1.660  -0.734  -1.117  -0.703  -0.967  -0.921  -0.982  0.923  -0.895  -0.899  -0.895  -0.895  0.332
  650553.700  4765313.830  946.540  1.000  -99.000  -99.000  -99.000  -99.000  0.000  0.000  0.000  0.000  0.000  100.000  0.000  0.000  0.000  0.000  15000.000  -99.000  -99.000  -99.000  -99.000  -1.114  -1.601  -0.965  -0.919  -0.980  1.601  -0.893  -0.897  -0.893  -0.893  -1.134
  650976.080  4765420.250  800.870  1.000  -99.000  -99.000  -99.000  -99.000  0.000  7.000  0.000  0.000  0.000  93.000  0.000  0.000  0.000  0.000  45000.000  -99.000  -99.000  -99.000  -99.000  -1.112  -0.783  -0.963  -0.917  -0.978  1.203  -0.891  -0.895  -0.891  -0.891  0.759
  651315.340  4766506.570  396.500  1.000  -99.000  -99.000  -99.000  -99.000  0.000  40.000  0.000  0.000  0.000  60.000  0.000  0.000  0.000  0.000  80000.000  -99.000  -99.000  -99.000  -99.000  -1.109  0.251  -0.961  -0.915  -0.976  -0.037  -0.889  -0.893  -0.889  -0.889  1.834
  651430.490  4766166.010  459.450  1.000  2.990  0.440  320.000  50.000  100.000  0.000  0.000  0.000  0.000  0.000  0.000  0.000  0.000  0.000  40000.000  1.957  1.928  2.334  -0.732  2.374  -1.596  -0.959  -0.913  -0.973  -2.224  -0.887  -0.891  -0.887  -0.887  0.333
  651239.310  4765453.270  929.680  1.000  0.560  0.000  5.000  190.000  40.000  10.000  0.000  0.000  0.000  50.000  0.000  0.000  0.000  0.000  20000.000  -0.100  -1.957  -1.654  0.959  1.414  -0.702  -0.956  -0.911  -0.971  -0.290  -0.885  -0.889  -0.885  -0.885  -0.954
  651325.940  4765997.580  526.460  1.000  0.740  0.130  235.000  50.000  0.000  60.000  0.000  0.000  0.000  40.000  0.000  0.000  0.000  0.000  30000.000  0.180  0.926  1.946  -0.730  -1.107  0.726  -0.954  -0.909  -0.969  -0.506  -0.883  -0.887  -0.883  -0.883  -0.395
  651341.750  4765489.870  788.590  1.000  2.040  0.050  60.000  770.000  50.000  0.000  0.000  0.000  0.000  50.000  0.000  0.000  0.000  0.000  50000.000  1.493  0.045  0.474  1.656  1.555  -1.591  -0.952  -0.907  -0.967  -0.288  -0.881  -0.885  -0.881  -0.881  0.887
  651358.900  4765258.190  683.850  1.000  0.360  0.010  46.000  1040.000  0.000  0.000  10.000  0.000  20.000  70.000  0.000  0.000  0.000  0.000  40000.000  -0.439  -1.280  0.238  1.863  -1.104  -1.587  1.972  -0.905  2.374  0.255  -0.879  -0.883  -0.879  -0.879  0.335
  651409.230  4766063.330  699.200  1.000  1.140  0.080  25.000  3760.000  10.000  0.000  0.000  0.000  20.000  70.000  0.000  0.000  0.000  0.000  45000.000  0.697  0.512  -0.290  3.118  0.722  -1.582  -0.950  -0.903  2.397  0.256  -0.877  -0.881  -0.877  -0.877  0.761
  650756.990  4764943.770  1142.760  1.000  0.070  0.020  55.280  214.400  0.000  0.000  100.000  0.000  0.000  0.000  0.000  0.000  0.000  0.000  10000.000  -1.277  -0.855  0.406  1.015  -1.102  -1.577  3.463  -0.901  -0.965  -2.208  -0.875  -0.879  -0.875  -0.875  -1.651
  651189.850  4765595.950  1064.400  1.000  0.980  0.060  87.000  510.000  30.000  0.000  0.000  10.000  0.000  60.000  0.000  0.000  0.000  0.000  30000.000  0.524  0.248  0.790  1.423  1.179  -1.573  -0.948  2.536  -0.963  -0.035  -0.873  -0.877  -0.873  -0.873  -0.393
  651611.540  4765572.210  618.250  1.000  0.080  0.010  125.000  120.000  0.000  20.000  0.000  0.000  0.000  80.000  0.000  0.000  0.000  0.000  30000.000  -1.234  -1.277  1.165  0.672  -1.099  -0.326  -0.946  -0.899  -0.961  0.564  -0.871  -0.875  -0.871  -0.871  -0.392
  651330.520  4765503.050  974.530  1.000  0.300  0.020  61.000  -99.000  0.000  30.000  0.000  0.000  0.000  70.000  0.000  0.000  0.000  0.000  10000.000  -0.539  -0.853  0.490  -99.000  -1.097  -0.027  -0.944  -0.897  -0.959  0.258  -0.869  -0.873  -0.869  -0.869  -1.646
  651441.220  4765805.340  764.820  1.000  1.170  0.000  28.000  590.000  20.000  0.000  40.000  0.000  0.000  40.000  0.000  0.000  0.000  0.000  30000.000  0.749  -1.947  -0.180  1.494  0.952  -1.568  2.755  -0.895  -0.956  -0.504  -0.867  -0.871  -0.867  -0.867  -0.390
  651264.590  4765428.690  1022.000  1.000  0.010  0.020  66.000  50.000  0.000  0.000  0.000  0.000  0.000  0.000  0.000  0.000  0.000  0.000  0.000  -2.235  -0.851  0.549  -0.728  -1.094  -1.564  -0.942  -0.893  -0.954  -2.193  -0.865  -0.869  -0.865  -0.865  -2.504
  651204.460  4765585.960  817.350  1.000  0.910  0.060  73.000  790.000  20.000  20.000  0.000  0.000  0.000  60.000  0.000  0.000  0.000  0.000  40000.000  0.435  0.250  0.640  1.669  0.954  -0.325  -0.940  -0.891  -0.952  -0.034  -0.863  -0.867  -0.863  -0.863  0.336
  651255.340  4765829.860  678.570  1.000  0.620  0.140  130.000  380.000  0.000  30.000  0.000  0.000  0.000  70.000  0.000  0.000  0.000  0.000  30000.000  -0.022  0.985  1.216  1.252  -1.092  -0.026  -0.938  -0.889  -0.950  0.259  -0.861  -0.865  -0.861  -0.861  -0.389
  651423.450  4766169.590  547.090  1.000  0.360  0.000  10.000  50.000  0.000  60.000  0.000  0.000  0.000  40.000  0.000  0.000  0.000  0.000  30000.000  -0.437  -1.938  -0.994  -0.726  -1.090  0.728  -0.936  -0.887  -0.948  -0.503  -0.859  -0.863  -0.859  -0.859  -0.387
  651238.510  4765716.090  672.770  1.000  0.730  0.130  59.000  50.000  0.000  50.000  0.000  0.000  0.000  50.000  0.000  0.000  0.000  0.000  60000.000  0.168  0.928  0.463  -0.724  -1.087  0.490  -0.933  -0.885  -0.946  -0.287  -0.858  -0.861  -0.858  -0.858  1.260
  650941.080  4766022.190  841.900  1.000  0.080  0.030  5.000  50.000  0.000  20.000  0.000  0.000  0.000  80.000  0.000  0.000  0.000  0.000  60000.000  -1.231  -0.448  -1.649  -0.723  -1.085  -0.323  -0.931  -0.883  -0.944  0.566  -0.856  -0.859  -0.856  -0.856  1.263
  651860.700  4766170.090  570.480  1.000  0.260  0.010  39.000  810.000  0.000  0.000  0.000  0.000  10.000  90.000  0.000  0.000  0.000  0.000  30000.000  -0.620  -1.273  0.103  1.694  -1.082  -1.559  -0.929  -0.881  1.936  0.925  -0.854  -0.858  -0.854  -0.854  -0.386
  651429.010  4765978.540  501.400  1.000  0.580  0.110  130.000  50.000  0.000  30.000  0.000  0.000  0.000  70.000  0.000  0.000  0.000  0.000  50000.000  -0.073  0.759  1.219  -0.721  -1.080  -0.025  -0.927  -0.879  -0.942  0.260  -0.852  -0.856  -0.852  -0.852  0.889
  650759.390  4764827.400  1069.360  1.000  0.150  0.020  8.650  162.800  0.000  0.000  20.000  0.000  0.000  80.000  0.000  0.000  0.000  0.000  40000.000  -0.928  -0.849  -1.054  0.884  -1.078  -1.555  2.311  -0.877  -0.940  0.567  -0.850  -0.854  -0.850  -0.850  0.337
  651215.070  4765581.790  1007.310  1.000  0.550  0.020  195.000  1070.000  30.000  0.000  0.000  0.000  20.000  50.000  0.000  0.000  0.000  0.000  20000.000  -0.126  -0.847  1.678  1.908  1.181  -1.550  -0.925  -0.875  2.421  -0.285  -0.848  -0.852  -0.848  -0.848  -0.952
  651469.350  4765536.830  661.240  1.000  1.120  0.000  60.000  50.000  0.000  50.000  0.000  0.000  0.000  50.000  0.000  0.000  0.000  0.000  40000.000  0.682  -1.928  0.476  -0.719  -1.075  0.492  -0.923  -0.873  -0.938  -0.284  -0.846  -0.850  -0.846  -0.846  0.339
  650219.400  4765246.570  745.820  1.000  0.020  0.010  21.000  17.500  0.000  5.000  0.000  0.000  0.000  95.000  0.000  0.000  0.000  0.000  30000.000  -1.794  -1.270  -0.453  -1.308  -1.073  -0.848  -0.921  -0.871  -0.936  1.341  -0.844  -0.848  -0.844  -0.844  -0.384
  651306.260  4765501.270  961.650  1.000  1.320  0.010  98.000  50.000  20.000  0.000  0.000  0.000  10.000  70.000  0.000  0.000  0.000  0.000  30000.000  0.924  -1.267  0.907  -0.717  0.956  -1.546  -0.919  -0.869  1.945  0.262  -0.842  -0.846  -0.842  -0.842  -0.383
  651831.080  4766613.800  223.040  1.000  0.010  0.020  5.000  50.000  0.000  0.000  0.000  0.000  0.000  0.000  0.000  0.000  0.000  0.000  0.000  -2.217  -0.845  -1.643  -0.715  -1.070  -1.541  -0.917  -0.867  -0.933  -2.179  -0.840  -0.844  -0.840  -0.840  -2.475
  651832.060  4766612.910  228.890  1.000  0.010  0.010  5.000  50.000  0.000  0.000  0.000  0.000  0.000  0.000  0.000  0.000  0.000  0.000  0.000  -2.200  -1.263  -1.637  -0.713  -1.068  -1.537  -0.915  -0.865  -0.931  -2.165  -0.838  -0.842  -0.838  -0.838  -2.447
  651399.130  4765587.780  799.780  1.000  0.940  0.030  38.000  50.000  0.000  30.000  0.000  0.000  0.000  70.000  0.000  0.000  0.000  0.000  50000.000  0.476  -0.447  0.075  -0.711  -1.066  -0.023  -0.913  -0.863  -0.929  0.263  -0.836  -0.840  -0.836  -0.836  0.891
  651472.920  4765919.960  687.510  1.000  3.960  0.230  150.000  310.000  70.000  0.000  10.000  0.000  0.000  20.000  0.000  0.000  0.000  0.000  50000.000  2.467  1.380  1.386  1.198  1.806  -1.532  1.982  -0.861  -0.927  -1.000  -0.835  -0.838  -0.835  -0.835  0.893
  651340.170  4765271.910  779.150  1.000  1.350  0.000  185.000  220.000  0.000  0.000  0.000  50.000  0.000  50.000  0.000  0.000  0.000  0.000  30000.000  0.958  -1.919  1.599  1.023  -1.063  -1.528  -0.911  3.463  -0.925  -0.283  -0.833  -0.836  -0.833  -0.833  -0.382
  651875.770  4766151.950  619.060  1.000  0.770  0.030  230.000  1900.000  0.000  0.000  0.000  0.000  20.000  80.000  0.000  0.000  0.000  0.000  40000.000  0.222  -0.445  1.908  2.400  -1.061  -1.524  -0.909  -0.859  2.447  0.569  -0.831  -0.835  -0.831  -0.831  0.340
  650505.650  4765466.900  796.030  1.000  0.120  0.040  7.370  136.000  0.000  10.000  0.000  0.000  0.000  90.000  0.000  0.000  0.000  0.000  30000.000  -1.026  -0.163  -1.113  0.771  -1.059  -0.700  -0.907  -0.858  -0.923  0.927  -0.829  -0.833  -0.829  -0.829  -0.380
  651021.740  4765267.800  642.150  1.000  0.250  0.030  74.000  50.000  0.000  15.000  0.000  0.000  0.000  85.000  0.000  0.000  0.000  0.000  60000.000  -0.641  -0.444  0.649  -0.709  -1.056  -0.449  -0.905  -0.856  -0.921  0.803  -0.827  -0.831  -0.827  -0.827  1.266
  650887.570  4765232.990  1027.990  1.000  -99.000  -99.000  -99.000  -99.000  0.000  20.000  0.000  0.000  0.000  80.000  0.000  0.000  0.000  0.000  35000.000  -99.000  -99.000  -99.000  -99.000  -1.054  -0.322  -0.903  -0.854  -0.919  0.571  -0.825  -0.829  -0.825  -0.825  0.177
  651291.720  4765427.430  635.970  1.000  1.290  0.020  165.000  50.000  0.000  50.000  0.000  0.000  0.000  50.000  0.000  0.000  0.000  0.000  10000.000  0.884  -0.843  1.495  -0.707  -1.052  0.493  -0.901  -0.852  -0.917  -0.281  -0.823  -0.827  -0.823  -0.823  -1.641
  651366.840  4765562.830  444.240  1.000  1.310  0.040  195.000  50.000  0.000  30.000  0.000  0.000  0.000  70.000  0.000  0.000  0.000  0.000  60000.000  0.910  -0.162  1.684  -0.705  -1.049  -0.022  -0.899  -0.850  -0.915  0.265  -0.821  -0.825  -0.821  -0.821  1.269
  651226.280  4765353.460  656.970  1.000  0.320  0.000  305.000  50.000  0.000  40.000  0.000  0.000  0.000  60.000  0.000  0.000  0.000  0.000  30000.000  -0.502  -1.909  2.271  -0.703  -1.047  0.252  -0.897  -0.848  -0.913  -0.033  -0.820  -0.823  -0.820  -0.820  -0.379
  651237.310  4765371.720  695.450  1.000  1.160  0.000  1280.000  50.000  40.000  20.000  0.000  0.000  0.000  40.000  0.000  0.000  0.000  0.000  15000.000  0.730  -1.900  3.124  -0.701  1.417  -0.320  -0.895  -0.846  -0.911  -0.501  -0.818  -0.821  -0.818  -0.818  -1.132
  650431.590  4765388.210  919.420  1.000  -99.000  -99.000  -99.000  -99.000  0.000  5.000  0.000  0.000  0.000  95.000  0.000  0.000  0.000  0.000  20000.000  -99.000  -99.000  -99.000  -99.000  -1.045  -0.846  -0.893  -0.844  -0.909  1.345  -0.816  -0.820  -0.816  -0.816  -0.950
  651308.670  4766532.680  445.030  1.000  -99.000  -99.000  -99.000  -99.000  0.000  15.000  0.000  0.000  0.000  85.000  0.000  0.000  0.000  0.000  15000.000  -99.000  -99.000  -99.000  -99.000  -1.042  -0.447  -0.891  -0.842  -0.907  0.805  -0.814  -0.818  -0.814  -0.814  -1.129
  650251.590  4765247.980  939.150  1.000  0.030  0.020  98.200  21.600  0.000  0.000  0.000  0.000  0.000  100.000  0.000  0.000  0.000  0.000  7000.000  -1.651  -0.841  0.912  -1.204  -1.040  -1.520  -0.889  -0.840  -0.905  1.606  -0.812  -0.816  -0.812  -0.812  -1.760
  651419.090  4766171.750  602.880  1.000  0.990  0.050  34.000  50.000  0.000  90.000  0.000  0.000  0.000  10.000  0.000  0.000  0.000  0.000  30000.000  0.542  0.047  -0.024  -0.699  -1.038  1.760  -0.887  -0.838  -0.903  -1.260  -0.810  -0.814  -0.810  -0.810  -0.377
  651408.500  4765578.390  841.730  1.000  0.240  0.010  110.000  690.000  0.000  60.000  0.000  0.000  0.000  40.000  0.000  0.000  0.000  0.000  30000.000  -0.663  -1.260  1.031  1.557  -1.036  0.729  -0.885  -0.836  -0.901  -0.500  -0.808  -0.812  -0.808  -0.808  -0.376
  651240.390  4765452.380  925.940  1.000  0.830  0.070  29.000  990.000  30.000  0.000  0.000  0.000  0.000  70.000  0.000  0.000  0.000  0.000  30000.000  0.317  0.389  -0.149  1.846  1.184  -1.515  -0.883  -0.835  -0.899  0.266  -0.806  -0.810  -0.806  -0.806  -0.374
  651127.710  4765523.430  1044.710  1.000  0.590  0.040  66.000  50.000  0.000  30.000  0.000  0.000  0.000  70.000  0.000  0.000  0.000  0.000  30000.000  -0.057  -0.160  0.551  -0.697  -1.033  -0.021  -0.881  -0.833  -0.897  0.267  -0.805  -0.808  -0.805  -0.805  -0.373
  651837.020  4766199.650  493.280  1.000  1.650  0.010  48.000  110.000  10.000  0.000  10.000  0.000  10.000  70.000  0.000  0.000  0.000  0.000  40000.000  1.231  -1.257  0.273  0.618  0.724  -1.511  1.992  -0.831  1.954  0.269  -0.803  -0.806  -0.803  -0.803  0.342
  650921.780  4765418.430  1016.230  1.000  0.850  0.060  37.000  50.000  0.000  40.000  0.000  0.000  0.000  60.000  0.000  0.000  0.000  0.000  60000.000  0.352  0.251  0.049  -0.695  -1.031  0.253  -0.879  -0.829  -0.895  -0.031  -0.801  -0.805  -0.801  -0.801  1.272
  651361.710  4765571.200  434.260  1.000  0.820  0.020  230.000  50.000  0.000  30.000  0.000  0.000  0.000  70.000  0.000  0.000  0.000  0.000  40000.000  0.307  -0.838  1.917  -0.693  -1.029  -0.019  -0.877  -0.827  -0.893  0.270  -0.799  -0.803  -0.799  -0.799  0.343
  651225.330  4765257.980  661.060  1.000  1.070  0.040  31.000  50.000  0.000  30.000  0.000  0.000  0.000  70.000  0.000  0.000  0.000  0.000  70000.000  0.636  -0.159  -0.086  -0.691  -1.026  -0.018  -0.875  -0.825  -0.891  0.271  -0.797  -0.801  -0.797  -0.797  1.611
  651528.190  4765989.320  720.140  1.000  2.420  0.040  30.000  50.000  0.000  70.000  0.000  0.000  0.000  30.000  0.000  0.000  0.000  0.000  50000.000  1.731  -0.157  -0.113  -0.689  -1.024  1.045  -0.873  -0.823  -0.889  -0.779  -0.795  -0.799  -0.795  -0.795  0.895
  651339.830  4765491.440  783.130  1.000  3.110  0.060  150.000  510.000  50.000  0.000  10.000  0.000  0.000  40.000  0.000  0.000  0.000  0.000  50000.000  2.070  0.253  1.390  1.428  1.559  -1.507  2.001  -0.821  -0.887  -0.498  -0.794  -0.797  -0.794  -0.794  0.897
  651477.570  4765914.140  706.070  1.000  3.790  0.630  230.000  50.000  10.000  90.000  0.000  0.000  0.000  0.000  0.000  0.000  0.000  0.000  50000.000  2.359  2.235  1.926  -0.687  0.726  1.766  -0.871  -0.820  -0.885  -2.151  -0.792  -0.795  -0.792  -0.792  0.899
  650914.150  4765600.530  895.580  1.000  0.040  0.010  5.000  50.000  0.000  5.000  0.000  0.000  0.000  95.000  0.000  0.000  0.000  0.000  60000.000  -1.506  -1.253  -1.631  -0.686  -1.022  -0.844  -0.869  -0.818  -0.883  1.348  -0.790  -0.794  -0.790  -0.790  1.275
  651411.720  4765470.960  611.190  1.000  2.810  0.020  525.000  50.000  0.000  100.000  0.000  0.000  0.000  0.000  0.000  0.000  0.000  0.000  50000.000  1.841  -0.836  2.572  -0.684  -1.020  2.240  -0.867  -0.816  -0.881  -2.138  -0.788  -0.792  -0.788  -0.788  0.901
  650572.060  4765296.210  1026.590  1.000  -99.000  -99.000  -99.000  -99.000  0.000  2.000  0.000  0.000  0.000  98.000  0.000  0.000  0.000  0.000  25000.000  -99.000  -99.000  -99.000  -99.000  -1.017  -0.944  -0.865  -0.814  -0.879  1.451  -0.786  -0.790  -0.786  -0.786  -0.586
  651309.630  4765469.950  790.770  1.000  1.690  0.020  135.000  2030.000  30.000  0.000  10.000  0.000  0.000  60.000  0.000  0.000  0.000  0.000  30000.000  1.260  -0.834  1.254  2.459  1.187  -1.503  2.011  -0.812  -0.877  -0.030  -0.784  -0.788  -0.784  -0.784  -0.372
  651227.580  4765713.010  580.790  1.000  0.210  0.030  19.000  100.000  0.000  40.000  0.000  0.000  0.000  60.000  0.000  0.000  0.000  0.000  40000.000  -0.739  -0.442  -0.525  0.585  -1.015  0.255  -0.863  -0.810  -0.875  -0.029  -0.783  -0.786  -0.783  -0.783  0.344
  651355.580  4765739.770  668.880  1.000  4.410  0.200  50.000  50.000  50.000  20.000  0.000  0.000  0.000  30.000  0.000  0.000  0.000  0.000  30000.000  2.617  1.250  0.307  -0.682  1.564  -0.319  -0.861  -0.808  -0.873  -0.777  -0.781  -0.784  -0.781  -0.781  -0.370
  650591.180  4765471.570  423.810  1.000  0.190  0.000  110.500  433.000  0.000  10.000  0.000  0.000  0.000  90.000  0.000  0.000  0.000  0.000  60000.000  -0.797  -1.891  1.070  1.348  -1.013  -0.698  -0.859  -0.806  -0.871  0.929  -0.779  -0.783  -0.779  -0.779  1.278
  651434.620  4765685.750  786.880  1.000  1.600  0.010  40.000  1470.000  0.000  0.000  0.000  30.000  0.000  70.000  0.000  0.000  0.000  0.000  30000.000  1.185  -1.250  0.118  2.143  -1.011  -1.499  -0.858  3.004  -0.869  0.273  -0.777  -0.781  -0.777  -0.777  -0.369
  650865.490  4766099.310  951.000  1.000  0.010  0.010  28.000  50.000  0.000  10.000  0.000  0.000  0.000  90.000  0.000  0.000  0.000  0.000  10000.000  -2.184  -1.247  -0.178  -0.680  -1.008  -0.696  -0.856  -0.805  -0.867  0.931  -0.775  -0.779  -0.775  -0.775  -1.636
  650412.420  4765408.820  859.720  1.000  -99.000  -99.000  -99.000  -99.000  0.000  20.000  0.000  0.000  0.000  80.000  0.000  0.000  0.000  0.000  40000.000  -99.000  -99.000  -99.000  -99.000  -1.006  -0.318  -0.854  -0.803  -0.865  0.572  -0.774  -0.777  -0.774  -0.774  0.346
  651874.640  4766153.270  615.460  1.000  0.370  0.000  15.000  820.000  15.000  0.000  0.000  0.000  15.000  70.000  0.000  0.000  0.000  0.000  40000.000  -0.409  -1.883  -0.699  1.706  0.893  -1.495  -0.852  -0.801  2.100  0.274  -0.772  -0.775  -0.772  -0.772  0.347
  651367.010  4765975.620  675.200  1.000  1.870  0.320  55.000  2190.000  0.000  35.000  35.000  0.000  0.000  30.000  0.000  0.000  0.000  0.000  50000.000  1.396  1.601  0.397  2.526  -1.004  0.165  2.652  -0.799  -0.863  -0.775  -0.770  -0.774  -0.770  -0.770  0.903
  651174.730  4765606.160  931.640  1.000  0.990  0.030  85.000  110.000  20.000  0.000  0.000  0.000  0.000  80.000  0.000  0.000  0.000  0.000  30000.000  0.544  -0.440  0.768  0.620  0.959  -1.491  -0.850  -0.797  -0.861  0.574  -0.768  -0.772  -0.768  -0.768  -0.367
  651333.200  4765371.660  632.830  1.000  1.280  0.070  42.000  50.000  20.000  20.000  0.000  0.000  0.000  60.000  0.000  0.000  0.000  0.000  50000.000  0.868  0.390  0.153  -0.678  0.961  -0.316  -0.848  -0.795  -0.859  -0.027  -0.766  -0.770  -0.766  -0.766  0.905
  651418.760  4765502.030  850.410  1.000  0.160  0.040  15.000  50.000  0.000  30.000  0.000  0.000  0.000  70.000  0.000  0.000  0.000  0.000  40000.000  -0.884  -0.156  -0.698  -0.676  -1.002  -0.017  -0.846  -0.794  -0.858  0.276  -0.765  -0.768  -0.765  -0.765  0.349
  651325.940  4765961.580  588.820  1.000  0.330  0.040  24.000  50.000  0.000  30.000  0.000  0.000  0.000  70.000  0.000  0.000  0.000  0.000  30000.000  -0.490  -0.154  -0.338  -0.674  -1.000  -0.015  -0.844  -0.792  -0.856  0.277  -0.763  -0.766  -0.763  -0.763  -0.366
  650891.750  4766055.770  992.500  1.000  0.030  0.010  22.000  50.000  0.000  20.000  0.000  0.000  0.000  80.000  0.000  0.000  0.000  0.000  30000.000  -1.645  -1.244  -0.414  -0.672  -0.997  -0.315  -0.842  -0.790  -0.854  0.575  -0.761  -0.765  -0.761  -0.761  -0.364
  651325.940  4765943.580  619.990  1.000  0.570  0.030  70.000  50.000  0.000  50.000  0.000  0.000  0.000  50.000  0.000  0.000  0.000  0.000  30000.000  -0.087  -0.439  0.600  -0.670  -0.995  0.495  -0.840  -0.788  -0.852  -0.280  -0.759  -0.763  -0.759  -0.759  -0.363
  651363.360  4765499.220  705.860  1.000  2.310  0.150  105.000  1100.000  60.000  0.000  0.000  0.000  0.000  40.000  0.000  0.000  0.000  0.000  40000.000  1.668  1.019  0.963  1.947  1.723  -1.487  -0.838  -0.786  -0.850  -0.497  -0.757  -0.761  -0.757  -0.757  0.350
  651473.010  4766119.140  628.190  1.000  1.300  0.030  19.000  150.000  10.000  40.000  0.000  0.000  0.000  50.000  0.000  0.000  0.000  0.000  50000.000  0.892  -0.437  -0.523  0.834  0.728  0.256  -0.836  -0.784  -0.848  -0.278  -0.756  -0.759  -0.756  -0.756  0.907
  651358.340  4765258.590  681.970  1.000  0.380  0.010  43.000  720.000  0.000  0.000  0.000  0.000  30.000  70.000  0.000  0.000  0.000  0.000  40000.000  -0.401  -1.240  0.181  1.588  -0.993  -1.483  -0.835  -0.783  2.609  0.278  -0.754  -0.757  -0.754  -0.754  0.352
  651215.880  4765581.340  1005.540  1.000  0.290  0.010  280.000  720.000  20.000  0.000  0.000  0.000  10.000  70.000  0.000  0.000  0.000  0.000  10000.000  -0.563  -1.237  2.166  1.594  0.963  -1.478  -0.833  -0.781  1.963  0.280  -0.752  -0.756  -0.752  -0.752  -1.631
  651355.010  4765261.000  670.700  1.000  0.260  0.020  69.000  50.000  0.000  20.000  0.000  0.000  20.000  60.000  0.000  0.000  0.000  0.000  40000.000  -0.618  -0.832  0.589  -0.668  -0.991  -0.313  -0.831  -0.779  2.475  -0.026  -0.750  -0.754  -0.750  -0.750  0.353
  651432.340  4765973.850  516.330  1.000  0.660  0.060  190.000  200.000  0.000  30.000  0.000  0.000  0.000  70.000  0.000  0.000  0.000  0.000  50000.000  0.039  0.254  1.643  0.978  -0.989  -0.014  -0.829  -0.777  -0.846  0.281  -0.749  -0.752  -0.749  -0.749  0.909
  651389.520  4765956.620  749.580  1.000  0.930  0.030  10.000  160.000  30.000  15.000  25.000  0.000  0.000  30.000  0.000  0.000  0.000  0.000  50000.000  0.465  -0.435  -0.991  0.860  1.189  -0.446  2.397  -0.775  -0.844  -0.774  -0.747  -0.750  -0.747  -0.747  0.911
  651313.180  4765436.200  851.990  1.000  0.980  0.010  110.000  700.000  10.000  0.000  20.000  0.000  0.000  70.000  0.000  0.000  0.000  0.000  30000.000  0.525  -1.234  1.034  1.567  0.729  -1.475  2.331  -0.774  -0.842  0.283  -0.745  -0.749  -0.745  -0.745  -0.362
  651153.860  4765133.030  770.510  1.000  0.200  0.010  64.000  130.000  0.000  50.000  0.000  0.000  0.000  50.000  0.000  0.000  0.000  0.000  30000.000  -0.781  -1.231  0.530  0.728  -0.986  0.497  -0.827  -0.772  -0.840  -0.277  -0.743  -0.747  -0.743  -0.743  -0.360
  650437.980  4765381.420  939.350  1.000  -99.000  -99.000  -99.000  -99.000  0.000  5.000  0.000  0.000  0.000  95.000  0.000  0.000  0.000  0.000  20000.000  -99.000  -99.000  -99.000  -99.000  -0.984  -0.842  -0.825  -0.770  -0.838  1.351  -0.742  -0.745  -0.742  -0.742  -0.948
  651481.860  4765523.580  743.240  1.000  0.480  0.010  42.000  50.000  40.000  0.000  10.000  0.000  0.000  50.000  0.000  0.000  0.000  0.000  40000.000  -0.246  -1.228  0.154  -0.666  1.421  -1.471  2.022  -0.768  -0.836  -0.276  -0.740  -0.743  -0.740  -0.740  0.354
  651377.150  4765967.040  708.660  1.000  1.270  0.100  48.000  50.000  0.000  60.000  0.000  0.000  0.000  40.000  0.000  0.000  0.000  0.000  60000.000  0.860  0.682  0.274  -0.665  -0.982  0.731  -0.823  -0.766  -0.835  -0.495  -0.738  -0.742  -0.738  -0.738  1.281
  651449.120  4765807.270  764.720  1.000  0.760  0.010  32.000  720.000  40.000  0.000  0.000  0.000  0.000  60.000  0.000  0.000  0.000  0.000  50000.000  0.207  -1.225  -0.063  1.599  1.425  -1.467  -0.821  -0.765  -0.833  -0.025  -0.736  -0.740  -0.736  -0.736  0.913
  651395.320  4765474.830  684.040  1.000  1.080  0.030  51.000  280.000  30.000  0.000  0.000  0.000  20.000  50.000  0.000  0.000  0.000  0.000  60000.000  0.652  -0.434  0.320  1.143  1.192  -1.463  -0.820  -0.763  2.504  -0.274  -0.734  -0.738  -0.734  -0.734  1.284
  650219.070  4765246.550  743.850  1.000  0.080  0.030  40.500  23.700  0.000  5.000  0.000  0.000  0.000  95.000  0.000  0.000  0.000  0.000  30000.000  -1.228  -0.432  0.133  -1.167  -0.980  -0.840  -0.818  -0.761  -0.831  1.355  -0.733  -0.736  -0.733  -0.733  -0.359
  651229.580  4765453.280  905.620  1.000  0.430  0.030  34.000  400.000  0.000  40.000  0.000  0.000  0.000  60.000  0.000  0.000  0.000  0.000  40000.000  -0.324  -0.430  -0.022  1.293  -0.978  0.258  -0.816  -0.759  -0.829  -0.023  -0.731  -0.734  -0.731  -0.731  0.356
  651365.890  4766648.520  228.180  1.000  -99.000  -99.000  -99.000  -99.000  0.000  5.000  0.000  0.000  0.000  95.000  0.000  0.000  0.000  0.000  20000.000  -99.000  -99.000  -99.000  -99.000  -0.976  -0.838  -0.814  -0.757  -0.827  1.358  -0.729  -0.733  -0.729  -0.729  -0.946
  651271.740  4765887.380  549.770  1.000  0.550  0.090  110.000  180.000  10.000  10.000  0.000  0.000  0.000  80.000  0.000  0.000  0.000  0.000  40000.000  -0.124  0.611  1.036  0.942  0.731  -0.695  -0.812  -0.756  -0.825  0.577  -0.728  -0.731  -0.728  -0.728  0.357
  651153.060  4765628.720  639.520  1.000  0.520  0.130  53.000  50.000  0.000  10.000  0.000  0.000  0.000  90.000  0.000  0.000  0.000  0.000  30000.000  -0.192  0.931  0.359  -0.663  -0.973  -0.693  -0.810  -0.754  -0.823  0.933  -0.726  -0.729  -0.726  -0.726  -0.357
  651201.190  4765588.710  864.780  1.000  1.100  0.060  49.000  740.000  0.000  40.000  0.000  0.000  0.000  60.000  0.000  0.000  0.000  0.000  30000.000  0.673  0.256  0.293  1.633  -0.971  0.259  -0.808  -0.752  -0.821  -0.022  -0.724  -0.728  -0.724  -0.724  -0.356
  651381.200  4765456.340  366.810  1.000  0.270  0.040  200.000  650.000  10.000  20.000  10.000  0.000  0.000  60.000  0.000  0.000  0.000  0.000  40000.000  -0.595  -0.153  1.756  1.532  0.733  -0.312  2.032  -0.750  -0.820  -0.021  -0.722  -0.726  -0.722  -0.722  0.359
  650666.890  4765361.990  995.420  1.000  -99.000  -99.000  -99.000  -99.000  0.000  0.000  0.000  0.000  0.000  100.000  0.000  0.000  0.000  0.000  35000.000  -99.000  -99.000  -99.000  -99.000  -0.969  -1.459  -0.806  -0.749  -0.818  1.611  -0.721  -0.724  -0.721  -0.721  0.178
  651465.280  4765801.110  784.130  1.000  0.510  0.020  49.000  220.000  20.000  0.000  0.000  0.000  10.000  70.000  0.000  0.000  0.000  0.000  40000.000  -0.204  -0.830  0.295  1.026  0.965  -1.455  -0.805  -0.747  1.972  0.284  -0.719  -0.722  -0.719  -0.719  0.360
  651365.550  4765470.140  858.010  1.000  0.260  0.010  14.000  620.000  0.000  10.000  0.000  0.000  0.000  90.000  0.000  0.000  0.000  0.000  20000.000  -0.616  -1.222  -0.750  1.517  -0.967  -0.691  -0.803  -0.745  -0.816  0.936  -0.717  -0.721  -0.717  -0.717  -0.944
  651341.440  4765511.600  749.060  1.000  2.130  0.070  54.000  980.000  40.000  0.000  10.000  0.000  0.000  50.000  0.000  0.000  0.000  0.000  70000.000  1.580  0.392  0.372  1.814  1.428  -1.451  2.043  -0.743  -0.814  -0.273  -0.715  -0.719  -0.715  -0.715  1.616
  651364.670  4765372.990  443.960  1.000  0.620  0.020  100.000  530.000  0.000  30.000  0.000  0.000  0.000  70.000  0.000  0.000  0.000  0.000  60000.000  -0.020  -0.828  0.930  1.453  -0.965  -0.013  -0.801  -0.742  -0.812  0.285  -0.714  -0.717  -0.714  -0.714  1.287
  651340.830  4765652.380  772.000  1.000  0.920  0.070  140.000  1620.000  50.000  40.000  0.000  0.000  0.000  10.000  0.000  0.000  0.000  0.000  20000.000  0.453  0.393  1.288  2.225  1.568  0.260  -0.799  -0.740  -0.810  -1.257  -0.712  -0.715  -0.712  -0.712  -0.942
  651357.530  4765476.850  834.210  1.000  2.600  0.070  100.000  4990.000  10.000  0.000  0.000  0.000  40.000  50.000  0.000  0.000  0.000  0.000  40000.000  1.758  0.395  0.932  3.429  0.734  -1.447  -0.797  -0.738  2.900  -0.271  -0.710  -0.714  -0.710  -0.710  0.362
  651838.030  4766607.590  263.990  1.000  0.030  0.030  5.000  50.000  0.000  0.000  0.000  0.000  0.000  100.000  0.000  0.000  0.000  0.000  30000.000  -1.639  -0.429  -1.626  -0.661  -0.963  -1.444  -0.795  -0.736  -0.808  1.616  -0.708  -0.712  -0.708  -0.708  -0.354
  651423.050  4765818.940  653.080  1.000  1.780  0.100  42.000  50.000  20.000  30.000  20.000  0.000  0.000  30.000  0.000  0.000  0.000  0.000  30000.000  1.339  0.684  0.156  -0.659  0.967  -0.011  2.352  -0.734  -0.806  -0.772  -0.707  -0.710  -0.707  -0.707  -0.353
  650411.840  4765098.560  976.160  1.000  0.700  0.000  149.500  1240.000  0.000  25.000  0.000  0.000  0.000  75.000  0.000  0.000  0.000  0.000  45000.000  0.118  -1.874  1.363  2.035  -0.961  -0.117  -0.794  -0.733  -0.805  0.459  -0.705  -0.708  -0.705  -0.705  0.763
  651117.980  4765456.050  534.750  1.000  0.180  0.110  28.000  100.000  0.000  20.000  0.000  0.000  0.000  80.000  0.000  0.000  0.000  0.000  40000.000  -0.824  0.761  -0.177  0.587  -0.959  -0.311  -0.792  -0.731  -0.803  0.578  -0.703  -0.707  -0.703  -0.703  0.363
  651405.200  4765685.930  921.850  1.000  0.020  0.000  5.000  50.000  0.000  0.000  0.000  0.000  0.000  0.000  0.000  0.000  0.000  0.000  0.000  -1.787  -1.865  -1.620  -0.657  -0.956  -1.440  -0.790  -0.729  -0.801  -2.125  -0.702  -0.705  -0.702  -0.702  -2.421
  651317.250  4765398.610  920.210  1.000  0.600  0.020  25.000  425.000  0.000  30.000  0.000  0.000  0.000  70.000  0.000  0.000  0.000  0.000  40000.000  -0.045  -0.826  -0.288  1.322  -0.954  -0.010  -0.788  -0.728  -0.799  0.287  -0.700  -0.703  -0.700  -0.700  0.364
  651592.440  4765698.540  630.260  1.000  0.050  0.000  5.000  230.000  0.000  10.000  0.000  0.000  10.000  80.000  0.000  0.000  0.000  0.000  20000.000  -1.432  -1.857  -1.615  1.044  -0.952  -0.690  -0.786  -0.726  1.982  0.580  -0.698  -0.702  -0.698  -0.698  -0.940
  651228.350  4765567.510  897.880  1.000  0.720  0.020  42.000  100.000  30.000  0.000  0.000  0.000  0.000  70.000  0.000  0.000  0.000  0.000  30000.000  0.150  -0.824  0.157  0.589  1.195  -1.436  -0.784  -0.724  -0.797  0.288  -0.696  -0.700  -0.696  -0.696  -0.352
  650997.400  4765398.410  874.810  1.000  -99.000  -99.000  -99.000  -99.000  5.000  55.000  0.000  0.000  0.000  40.000  0.000  0.000  0.000  0.000  30000.000  -99.000  -99.000  -99.000  -99.000  0.618  0.698  -0.783  -0.722  -0.795  -0.493  -0.695  -0.698  -0.695  -0.695  -0.350
  651246.560  4765704.490  714.450  1.000  0.800  0.050  76.000  50.000  80.000  10.000  0.000  0.000  0.000  10.000  0.000  0.000  0.000  0.000  20000.000  0.273  0.048  0.669  -0.655  1.919  -0.688  -0.781  -0.721  -0.794  -1.254  -0.693  -0.696  -0.693  -0.693  -0.938
  651205.740  4765468.960  822.380  1.000  0.520  0.020  11.000  50.000  30.000  30.000  0.000  0.000  0.000  40.000  0.000  0.000  0.000  0.000  20000.000  -0.190  -0.822  -0.925  -0.653  1.198  -0.009  -0.779  -0.719  -0.792  -0.492  -0.691  -0.695  -0.691  -0.691  -0.936
  651287.260  4765462.420  882.720  1.000  1.220  0.030  52.000  1010.000  20.000  0.000  0.000  0.000  0.000  80.000  0.000  0.000  0.000  0.000  30000.000  0.793  -0.427  0.337  1.854  0.969  -1.432  -0.777  -0.717  -0.790  0.582  -0.690  -0.693  -0.690  -0.690  -0.349
  651479.320  4766719.190  245.430  1.000  0.890  0.130  88.000  50.000  0.000  50.000  0.000  0.000  0.000  50.000  0.000  0.000  0.000  0.000  30000.000  0.403  0.933  0.798  -0.651  -0.950  0.498  -0.775  -0.715  -0.788  -0.270  -0.688  -0.691  -0.688  -0.688  -0.347
  651273.220  4765549.800  884.050  1.000  1.090  0.030  33.000  980.000  10.000  20.000  0.000  0.000  0.000  70.000  0.000  0.000  0.000  0.000  50000.000  0.662  -0.426  -0.037  1.822  0.736  -0.309  -0.774  -0.714  -0.786  0.290  -0.686  -0.690  -0.686  -0.686  0.915
  651561.670  4765619.360  400.830  1.000  2.390  0.520  93.000  50.000  60.000  40.000  0.000  0.000  0.000  0.000  0.000  0.000  0.000  0.000  50000.000  1.712  2.083  0.848  -0.649  1.729  0.262  -0.772  -0.712  -0.784  -2.112  -0.685  -0.688  -0.685  -0.685  0.917
  650996.340  4765399.490  871.110  1.000  -99.000  -99.000  -99.000  -99.000  5.000  55.000  0.000  0.000  0.000  40.000  0.000  0.000  0.000  0.000  30000.000  -99.000  -99.000  -99.000  -99.000  0.620  0.700  -0.770  -0.710  -0.783  -0.490  -0.683  -0.686  -0.683  -0.683  -0.346
  650547.740  4765319.720  919.830  1.000  -99.000  -99.000  -99.000  -99.000  0.000  3.000  0.000  0.000  0.000  97.000  0.000  0.000  0.000  0.000  25000.000  -99.000  -99.000  -99.000  -99.000  -0.948  -0.933  -0.768  -0.708  -0.781  1.444  -0.681  -0.685  -0.681  -0.681  -0.585
  650407.170  4765414.530  843.480  1.000  -99.000  -99.000  -99.000  -99.000  0.000  20.000  0.000  0.000  0.000  80.000  0.000  0.000  0.000  0.000  40000.000  -99.000  -99.000  -99.000  -99.000  -0.946  -0.308  -0.766  -0.707  -0.779  0.583  -0.680  -0.683  -0.680  -0.680  0.366
  651435.490  4765812.830  748.360  1.000  1.340  0.040  27.000  710.000  20.000  15.000  0.000  0.000  0.000  65.000  0.000  0.000  0.000  0.000  50000.000  0.944  -0.151  -0.202  1.578  0.971  -0.444  -0.765  -0.705  -0.777  0.142  -0.678  -0.681  -0.678  -0.678  0.919
  651636.100  4765931.580  536.830  1.000  0.170  0.030  40.000  50.000  0.000  20.000  0.000  0.000  0.000  80.000  0.000  0.000  0.000  0.000  30000.000  -0.855  -0.424  0.119  -0.648  -0.944  -0.306  -0.763  -0.703  -0.775  0.585  -0.676  -0.680  -0.676  -0.676  -0.344
  650906.000  4765581.780  739.270  1.000  0.250  0.020  48.000  -99.000  0.000  30.000  0.000  0.000  0.000  70.000  0.000  0.000  0.000  0.000  30000.000  -0.640  -0.820  0.276  -99.000  -0.942  -0.007  -0.761  -0.702  -0.774  0.291  -0.674  -0.678  -0.674  -0.674  -0.343
  651131.970  4765584.500  953.330  1.000  0.660  0.030  170.000  50.000  0.000  50.000  0.000  0.000  0.000  50.000  0.000  0.000  0.000  0.000  30000.000  0.041  -0.422  1.533  -0.646  -0.940  0.500  -0.759  -0.700  -0.772  -0.269  -0.673  -0.676  -0.673  -0.673  -0.342
  651782.360  4766183.700  555.650  1.000  0.900  0.000  5.000  50.000  0.000  40.000  0.000  0.000  0.000  60.000  0.000  0.000  0.000  0.000  60000.000  0.417  -1.849  -1.609  -0.644  -0.938  0.263  -0.757  -0.698  -0.770  -0.019  -0.671  -0.674  -0.671  -0.671  1.290
  651532.290  4765978.450  427.550  1.000  0.460  0.050  300.000  390.000  0.000  20.000  0.000  0.000  0.000  80.000  0.000  0.000  0.000  0.000  20000.000  -0.291  0.050  2.251  1.279  -0.936  -0.305  -0.756  -0.696  -0.768  0.586  -0.669  -0.673  -0.669  -0.669  -0.933
  650419.990  4765400.560  883.190  1.000  -99.000  -99.000  -99.000  -99.000  0.000  20.000  0.000  0.000  0.000  80.000  0.000  0.000  0.000  0.000  40000.000  -99.000  -99.000  -99.000  -99.000  -0.933  -0.304  -0.754  -0.695  -0.766  0.588  -0.668  -0.671  -0.668  -0.668  0.367
  651593.590  4765923.350  644.330  1.000  0.460  0.000  100.000  1500.000  0.000  0.000  0.000  0.000  30.000  70.000  0.000  0.000  0.000  0.000  30000.000  -0.290  -1.841  0.935  2.158  -0.931  -1.428  -0.752  -0.693  2.652  0.292  -0.666  -0.669  -0.666  -0.666  -0.340
  651400.970  4766760.290  180.090  1.000  0.520  0.070  105.000  50.000  0.000  70.000  0.000  0.000  0.000  30.000  0.000  0.000  0.000  0.000  30000.000  -0.189  0.397  0.965  -0.642  -0.929  1.047  -0.750  -0.691  -0.765  -0.770  -0.664  -0.668  -0.664  -0.664  -0.339
  651419.560  4766171.520  596.900  1.000  0.890  0.040  42.000  50.000  0.000  80.000  0.000  0.000  0.000  20.000  0.000  0.000  0.000  0.000  40000.000  0.405  -0.150  0.159  -0.640  -0.927  1.410  -0.749  -0.690  -0.763  -0.997  -0.663  -0.666  -0.663  -0.663  0.369
  651126.830  4765498.890  878.450  1.000  0.690  0.030  103.000  765.000  0.000  0.000  10.000  0.000  0.000  90.000  0.000  0.000  0.000  0.000  50000.000  0.099  -0.421  0.946  1.650  -0.925  -1.425  2.054  -0.688  -0.761  0.938  -0.661  -0.664  -0.661  -0.661  0.921
  651408.320  4765742.260  400.390  1.000  0.330  0.000  52.000  50.000  0.000  30.000  0.000  0.000  0.000  70.000  0.000  0.000  0.000  0.000  30000.000  -0.488  -1.833  0.338  -0.638  -0.923  -0.006  -0.747  -0.686  -0.759  0.294  -0.659  -0.663  -0.659  -0.659  -0.337
  651230.870  4766406.390  433.000  1.000  0.480  0.170  21.200  37.300  0.000  10.000  0.000  0.000  0.000  90.000  0.000  0.000  0.000  0.000  70000.000  -0.245  1.121  -0.428  -1.018  -0.921  -0.686  -0.745  -0.685  -0.757  0.940  -0.658  -0.661  -0.658  -0.658  1.621
  650857.500  4765966.300  863.150  1.000  0.410  0.050  64.000  160.000  0.000  20.000  0.000  0.000  0.000  80.000  0.000  0.000  0.000  0.000  50000.000  -0.355  0.051  0.532  0.862  -0.919  -0.302  -0.743  -0.683  -0.756  0.590  -0.656  -0.659  -0.656  -0.656  0.923
  650402.010  4765098.350  925.100  1.000  0.180  0.020  62.400  30.700  0.000  10.000  0.000  0.000  0.000  90.000  0.000  0.000  0.000  0.000  80000.000  -0.822  -0.818  0.508  -1.060  -0.917  -0.685  -0.742  -0.681  -0.754  0.942  -0.654  -0.658  -0.654  -0.654  1.841
  651325.940  4765931.580  640.780  1.000  0.980  0.140  155.000  240.000  0.000  40.000  0.000  0.000  0.000  60.000  0.000  0.000  0.000  0.000  40000.000  0.527  0.987  1.410  1.062  -0.915  0.265  -0.740  -0.680  -0.752  -0.018  -0.653  -0.656  -0.653  -0.653  0.370
  651417.810  4765548.640  780.540  1.000  0.640  0.010  13.000  110.000  20.000  10.000  0.000  0.000  0.000  70.000  0.000  0.000  0.000  0.000  30000.000  0.011  -1.218  -0.804  0.622  0.973  -0.683  -0.738  -0.678  -0.750  0.295  -0.651  -0.654  -0.651  -0.651  -0.336
  650454.110  4765364.850  990.350  1.000  -99.000  -99.000  -99.000  -99.000  0.000  1.000  0.000  0.000  0.000  99.000  0.000  0.000  0.000  0.000  10000.000  -99.000  -99.000  -99.000  -99.000  -0.913  -0.954  -0.736  -0.676  -0.749  1.467  -0.650  -0.653  -0.650  -0.650  -1.626
  650777.250  4765255.380  1039.580  1.000  -99.000  -99.000  -99.000  -99.000  0.000  5.000  0.000  0.000  0.000  95.000  0.000  0.000  0.000  0.000  35000.000  -99.000  -99.000  -99.000  -99.000  -0.911  -0.836  -0.734  -0.674  -0.747  1.361  -0.648  -0.651  -0.648  -0.648  0.180
  650784.460  4765966.020  977.860  1.000  0.120  0.010  5.000  50.000  0.000  10.000  0.000  0.000  0.000  90.000  0.000  0.000  0.000  0.000  50000.000  -1.024  -1.215  -1.604  -0.636  -0.909  -0.681  -0.733  -0.673  -0.745  0.944  -0.646  -0.650  -0.646  -0.646  0.925
  651335.310  4765515.070  761.160  1.000  1.730  0.020  30.000  280.000  50.000  0.000  0.000  0.000  0.000  50.000  0.000  0.000  0.000  0.000  70000.000  1.300  -0.815  -0.112  1.146  1.573  -1.421  -0.731  -0.671  -0.743  -0.267  -0.645  -0.648  -0.645  -0.645  1.626
  651355.700  4766626.700  362.030  1.000  -99.000  -99.000  -99.000  -99.000  0.000  55.000  0.000  0.000  0.000  45.000  0.000  0.000  0.000  0.000  50000.000  -99.000  -99.000  -99.000  -99.000  -0.907  0.702  -0.729  -0.669  -0.742  -0.333  -0.643  -0.646  -0.643  -0.643  0.927
  651323.070  4765500.230  975.530  1.000  0.650  0.000  27.000  820.000  0.000  20.000  0.000  0.000  10.000  70.000  0.000  0.000  0.000  0.000  50000.000  0.026  -1.825  -0.201  1.713  -0.905  -0.301  -0.728  -0.668  1.992  0.297  -0.641  -0.645  -0.641  -0.641  0.929
  651054.420  4765344.020  1078.040  1.000  -99.000  -99.000  -99.000  -99.000  0.000  5.000  0.000  0.000  0.000  95.000  0.000  0.000  0.000  0.000  45000.000  -99.000  -99.000  -99.000  -99.000  -0.903  -0.835  -0.726  -0.666  -0.740  1.365  -0.640  -0.643  -0.640  -0.640  0.765
  650923.210  4764964.520  924.990  1.000  0.170  0.000  2.500  -99.000  0.000  0.000  0.000  0.000  0.000  100.000  0.000  0.000  0.000  0.000  40000.000  -0.853  -1.817  -2.182  -99.000  -0.901  -1.417  -0.724  -0.664  -0.738  1.621  -0.638  -0.641  -0.638  -0.638  0.372
  651392.120  4765595.100  767.330  1.000  0.640  0.050  150.000  1220.000  30.000  20.000  10.000  0.000  0.000  40.000  0.000  0.000  0.000  0.000  30000.000  0.013  0.053  1.394  2.023  1.200  -0.299  2.065  -0.663  -0.736  -0.489  -0.636  -0.640  -0.636  -0.636  -0.335
  651195.780  4766294.640  600.890  1.000  0.310  0.020  15.000  470.000  0.000  0.000  0.000  0.000  0.000  100.000  0.000  0.000  0.000  0.000  45000.000  -0.515  -0.813  -0.696  1.391  -0.899  -1.414  -0.722  -0.661  -0.734  1.626  -0.635  -0.638  -0.635  -0.635  0.766
  651140.980  4765143.790  734.200  1.000  0.550  0.020  91.000  980.000  0.000  30.000  0.000  0.000  10.000  60.000  0.000  0.000  0.000  0.000  40000.000  -0.123  -0.811  0.829  1.830  -0.897  -0.005  -0.721  -0.659  2.001  -0.017  -0.633  -0.636  -0.633  -0.633  0.373
  651128.900  4765529.330  831.500  1.000  0.350  0.020  36.000  -99.000  0.000  0.000  15.000  0.000  0.000  85.000  0.000  0.000  0.000  0.000  40000.000  -0.460  -0.809  0.022  -99.000  -0.895  -1.410  2.240  -0.658  -0.733  0.806  -0.631  -0.635  -0.631  -0.631  0.374
  650921.120  4765042.770  771.840  1.000  0.330  0.010  155.000  -99.000  0.000  20.000  0.000  0.000  0.000  80.000  0.000  0.000  0.000  0.000  50000.000  -0.486  -1.212  1.414  -99.000  -0.893  -0.298  -0.719  -0.656  -0.731  0.591  -0.630  -0.633  -0.630  -0.630  0.931
  650611.310  4765471.690  346.380  1.000  0.060  0.000  228.000  35.800  0.000  10.000  0.000  0.000  0.000  90.000  0.000  0.000  0.000  0.000  40000.000  -1.332  -1.809  1.881  -1.026  -0.891  -0.680  -0.717  -0.654  -0.729  0.946  -0.628  -0.631  -0.628  -0.628  0.376
  651300.480  4765519.600  892.720  1.000  0.910  0.030  47.000  260.000  30.000  0.000  0.000  0.000  0.000  70.000  0.000  0.000  0.000  0.000  40000.000  0.437  -0.419  0.256  1.092  1.203  -1.407  -0.715  -0.653  -0.728  0.298  -0.627  -0.630  -0.627  -0.627  0.377
  651157.150  4765624.840  654.500  1.000  0.400  0.020  29.000  50.000  0.000  30.000  0.000  0.000  0.000  70.000  0.000  0.000  0.000  0.000  40000.000  -0.363  -0.807  -0.148  -0.634  -0.889  -0.003  -0.714  -0.651  -0.726  0.299  -0.625  -0.628  -0.625  -0.625  0.379
  651358.140  4765476.330  836.040  1.000  0.410  0.040  185.000  1290.000  0.000  0.000  0.000  0.000  40.000  60.000  0.000  0.000  0.000  0.000  40000.000  -0.354  -0.148  1.604  2.086  -0.887  -1.403  -0.712  -0.650  3.004  -0.015  -0.623  -0.627  -0.623  -0.623  0.380
  650231.540  4765247.190  818.820  1.000  0.090  0.070  16.550  9.400  0.000  5.000  0.000  0.000  0.000  95.000  0.000  0.000  0.000  0.000  40000.000  -1.158  0.398  -0.622  -1.588  -0.885  -0.833  -0.710  -0.648  -0.724  1.368  -0.622  -0.625  -0.622  -0.622  0.382
  650894.280  4766054.140  985.090  1.000  0.050  0.000  18.000  50.000  0.000  40.000  0.000  0.000  0.000  60.000  0.000  0.000  0.000  0.000  40000.000  -1.428  -1.802  -0.572  -0.633  -0.883  0.266  -0.708  -0.646  -0.722  -0.014  -0.620  -0.623  -0.620  -0.620  0.383
  651230.950  4766406.400  453.000  1.000  0.110  0.090  26.700  40.700  0.000  5.000  0.000  0.000  0.000  95.000  0.000  0.000  0.000  0.000  70000.000  -1.062  0.612  -0.218  -1.003  -0.881  -0.831  -0.707  -0.645  -0.721  1.371  -0.618  -0.622  -0.618  -0.618  1.631
  651486.380  4765793.820  809.770  1.000  0.030  0.030  5.000  50.000  0.000  0.000  0.000  0.000  0.000  100.000  0.000  0.000  0.000  0.000  20000.000  -1.633  -0.417  -1.599  -0.631  -0.879  -1.399  -0.705  -0.643  -0.719  1.631  -0.617  -0.620  -0.617  -0.617  -0.931
  651343.200  4765510.610  745.610  1.000  2.720  0.070  35.000  50.000  0.000  80.000  0.000  0.000  0.000  20.000  0.000  0.000  0.000  0.000  60000.000  1.817  0.400  0.003  -0.629  -0.877  1.414  -0.703  -0.641  -0.717  -0.995  -0.615  -0.618  -0.615  -0.615  1.294
  651126.710  4766090.860  819.100  1.000  0.920  0.190  145.000  50.000  0.000  40.000  0.000  0.000  0.000  60.000  0.000  0.000  0.000  0.000  40000.000  0.455  1.209  1.323  -0.627  -0.875  0.267  -0.702  -0.640  -0.715  -0.013  -0.614  -0.617  -0.614  -0.614  0.384
  651238.560  4765564.750  766.320  1.000  2.960  0.150  240.000  740.000  20.000  50.000  0.000  0.000  0.000  30.000  0.000  0.000  0.000  0.000  50000.000  1.900  1.021  1.987  1.639  0.976  0.501  -0.700  -0.638  -0.714  -0.768  -0.612  -0.615  -0.612  -0.612  0.933
  651234.930  4765562.520  920.410  1.000  0.950  0.030  86.000  530.000  30.000  0.000  0.000  0.000  10.000  60.000  0.000  0.000  0.000  0.000  40000.000  0.488  -0.416  0.778  1.458  1.206  -1.396  -0.698  -0.636  2.011  -0.011  -0.610  -0.614  -0.610  -0.610  0.386
  651252.660  4765549.400  980.490  1.000  0.580  0.030  38.000  550.000  50.000  20.000  0.000  0.000  10.000  20.000  0.000  0.000  0.000  0.000  30000.000  -0.072  -0.414  0.076  1.475  1.577  -0.297  -0.696  -0.635  2.022  -0.993  -0.609  -0.612  -0.609  -0.609  -0.333
  651409.530  4765939.530  816.600  1.000  0.650  0.090  24.000  130.000  10.000  40.000  0.000  0.000  0.000  50.000  0.000  0.000  0.000  0.000  40000.000  0.027  0.614  -0.337  0.730  0.738  0.269  -0.695  -0.633  -0.712  -0.266  -0.607  -0.610  -0.607  -0.607  0.387
  651534.160  4766107.910  645.810  1.000  1.560  0.070  25.000  50.000  0.000  50.000  0.000  0.000  0.000  50.000  0.000  0.000  0.000  0.000  100000.000  1.161  0.401  -0.287  -0.625  -0.873  0.503  -0.693  -0.631  -0.710  -0.265  -0.606  -0.609  -0.606  -0.606  1.972
  651268.200  4765426.560  809.190  1.000  1.820  0.010  210.000  260.000  50.000  0.000  0.000  0.000  0.000  50.000  0.000  0.000  0.000  0.000  50000.000  1.365  -1.209  1.800  1.095  1.582  -1.392  -0.691  -0.630  -0.708  -0.263  -0.604  -0.607  -0.604  -0.604  0.936
  651325.940  4765906.580  684.080  1.000  1.210  0.050  64.000  270.000  0.000  35.000  0.000  0.000  0.000  65.000  0.000  0.000  0.000  0.000  40000.000  0.783  0.054  0.534  1.112  -0.871  0.166  -0.690  -0.628  -0.707  0.143  -0.602  -0.606  -0.602  -0.602  0.389
  651282.380  4765453.010  863.450  1.000  0.990  0.010  36.000  730.000  10.000  0.000  10.000  0.000  0.000  80.000  0.000  0.000  0.000  0.000  30000.000  0.546  -1.206  0.024  1.616  0.740  -1.389  2.076  -0.627  -0.705  0.593  -0.601  -0.604  -0.601  -0.601  -0.332
  651413.800  4765452.430  747.720  1.000  1.020  0.020  39.000  410.000  20.000  20.000  0.000  0.000  10.000  50.000  0.000  0.000  0.000  0.000  40000.000  0.586  -0.805  0.104  1.315  0.978  -0.295  -0.688  -0.625  2.032  -0.262  -0.599  -0.602  -0.599  -0.599  0.390
  650886.700  4765954.960  753.870  1.000  0.390  0.020  31.000  50.000  0.000  30.000  0.000  0.000  0.000  70.000  0.000  0.000  0.000  0.000  20000.000  -0.376  -0.803  -0.085  -0.623  -0.869  -0.002  -0.686  -0.623  -0.703  0.301  -0.598  -0.601  -0.598  -0.598  -0.929
  651413.860  4766056.960  685.280  1.000  0.140  0.060  24.000  50.000  20.000  0.000  0.000  0.000  10.000  70.000  0.000  0.000  0.000  0.000  40000.000  -0.965  0.257  -0.335  -0.622  0.980  -1.385  -0.685  -0.622  2.043  0.302  -0.596  -0.599  -0.596  -0.596  0.392
  651131.870  4765583.370  954.980  1.000  0.550  0.020  83.000  50.000  0.000  30.000  0.000  0.000  0.000  70.000  0.000  0.000  0.000  0.000  40000.000  -0.121  -0.801  0.738  -0.620  -0.867  -0.001  -0.683  -0.620  -0.702  0.304  -0.594  -0.598  -0.594  -0.594  0.393
  651365.880  4765976.600  671.490  1.000  1.330  0.070  31.000  710.000  0.000  40.000  30.000  0.000  0.000  30.000  0.000  0.000  0.000  0.000  50000.000  0.935  0.403  -0.084  1.583  -0.865  0.270  2.475  -0.618  -0.700  -0.766  -0.593  -0.596  -0.593  -0.593  0.938
  651554.890  4765827.930  705.850  1.000  0.250  0.040  20.000  50.000  0.000  0.000  0.000  0.000  0.000  100.000  0.000  0.000  0.000  0.000  60000.000  -0.638  -0.147  -0.488  -0.618  -0.863  -1.382  -0.681  -0.617  -0.698  1.636  -0.591  -0.594  -0.591  -0.591  1.297
  651778.700  4766186.960  544.690  1.000  1.260  0.000  17.000  200.000  10.000  0.000  0.000  0.000  0.000  90.000  0.000  0.000  0.000  0.000  65000.000  0.845  -1.794  -0.613  0.980  0.742  -1.378  -0.680  -0.615  -0.696  0.948  -0.590  -0.593  -0.590  -0.590  1.546
  651231.140  4766406.410  503.000  1.000  0.030  0.000  24.600  84.200  0.000  5.000  0.000  0.000  0.000  95.000  0.000  0.000  0.000  0.000  80000.000  -1.628  -1.787  -0.304  0.556  -0.861  -0.829  -0.678  -0.614  -0.695  1.375  -0.588  -0.591  -0.588  -0.588  1.848
  651107.780  4765464.750  517.300  1.000  0.160  0.000  5.000  50.000  0.000  10.000  0.000  0.000  0.000  90.000  0.000  0.000  0.000  0.000  40000.000  -0.881  -1.780  -1.593  -0.616  -0.859  -0.678  -0.676  -0.612  -0.693  0.950  -0.586  -0.590  -0.586  -0.586  0.395
  651394.940  4765692.890  894.530  1.000  0.010  0.010  12.000  50.000  0.000  0.000  0.000  0.000  0.000  0.000  0.000  0.000  0.000  0.000  0.000  -2.168  -1.203  -0.863  -0.614  -0.858  -1.375  -0.674  -0.610  -0.691  -2.100  -0.585  -0.588  -0.585  -0.585  -2.397
  651410.990  4766175.610  712.510  1.000  0.060  0.000  21.000  50.000  0.000  60.000  0.000  0.000  0.000  40.000  0.000  0.000  0.000  0.000  20000.000  -1.328  -1.772  -0.451  -0.612  -0.856  0.733  -0.673  -0.609  -0.690  -0.487  -0.583  -0.586  -0.583  -0.583  -0.927
  651161.890  4765431.410  693.490  1.000  1.040  0.060  160.000  460.000  0.000  0.000  0.000  0.000  30.000  70.000  0.000  0.000  0.000  0.000  40000.000  0.605  0.259  1.455  1.379  -0.854  -1.371  -0.671  -0.607  2.700  0.305  -0.582  -0.585  -0.582  -0.582  0.396
  651434.520  4765684.500  788.430  1.000  1.100  0.020  46.000  840.000  0.000  0.000  0.000  30.000  0.000  70.000  0.000  0.000  0.000  0.000  30000.000  0.674  -0.799  0.239  1.726  -0.852  -1.368  -0.669  3.156  -0.688  0.306  -0.580  -0.583  -0.580  -0.580  -0.330
  650580.700  4765756.730  895.800  1.000  0.860  0.040  3.870  248.000  15.000  50.000  0.000  0.000  0.000  35.000  0.000  0.000  0.000  0.000  30000.000  0.358  -0.145  -1.956  1.073  0.895  0.504  -0.668  -0.606  -0.686  -0.556  -0.578  -0.582  -0.578  -0.578  -0.329
  651830.750  4766614.100  221.090  1.000  0.110  0.000  26.000  50.000  0.000  10.000  0.000  0.000  0.000  90.000  0.000  0.000  0.000  0.000  20000.000  -1.060  -1.765  -0.241  -0.610  -0.850  -0.676  -0.666  -0.604  -0.685  0.952  -0.577  -0.580  -0.577  -0.577  -0.925
  650819.540  4764763.600  1045.730  1.000  0.090  0.010  31.550  335.500  3.000  17.000  0.000  0.000  0.000  80.000  0.000  0.000  0.000  0.000  40000.000  -1.155  -1.200  -0.066  1.207  0.607  -0.393  -0.664  -0.602  -0.683  0.594  -0.575  -0.578  -0.575  -0.575  0.397
  651325.940  4766007.580  509.140  1.000  0.690  0.120  99.000  50.000  0.000  40.000  0.000  0.000  0.000  60.000  0.000  0.000  0.000  0.000  30000.000  0.100  0.836  0.916  -0.609  -0.848  0.271  -0.663  -0.601  -0.681  -0.010  -0.574  -0.577  -0.574  -0.574  -0.327
  651370.510  4766658.270  169.160  1.000  -99.000  -99.000  -99.000  -99.000  0.000  5.000  0.000  0.000  0.000  95.000  0.000  0.000  0.000  0.000  20000.000  -99.000  -99.000  -99.000  -99.000  -0.846  -0.827  -0.661  -0.599  -0.680  1.378  -0.572  -0.575  -0.572  -0.572  -0.923
  651784.830  4766181.550  562.950  1.000  3.770  0.040  145.000  690.000  20.000  0.000  30.000  0.000  0.000  50.000  0.000  0.000  0.000  0.000  65000.000  2.335  -0.144  1.326  1.562  0.982  -1.365  2.504  -0.598  -0.678  -0.260  -0.571  -0.574  -0.571  -0.571  1.550
  650613.910  4765753.170  807.940  1.000  0.210  0.110  13.000  65.300  0.000  10.000  0.000  0.000  0.000  90.000  0.000  0.000  0.000  0.000  50000.000  -0.737  0.763  -0.802  0.511  -0.844  -0.674  -0.659  -0.596  -0.676  0.954  -0.569  -0.572  -0.569  -0.569  0.940
  651258.050  4765407.830  770.690  1.000  1.410  0.020  29.000  130.000  0.000  30.000  0.000  0.000  0.000  70.000  0.000  0.000  0.000  0.000  30000.000  1.002  -0.797  -0.146  0.732  -0.842  0.001  -0.658  -0.594  -0.674  0.308  -0.567  -0.571  -0.567  -0.567  -0.326
  651509.800  4766123.160  726.860  1.000  1.300  0.040  5.000  50.000  0.000  40.000  0.000  0.000  0.000  60.000  0.000  0.000  0.000  0.000  60000.000  0.895  -0.142  -1.588  -0.607  -0.840  0.273  -0.656  -0.593  -0.673  -0.009  -0.566  -0.569  -0.566  -0.566  1.300
  651362.480  4765499.720  707.590  1.000  2.040  0.160  215.000  1050.000  50.000  0.000  0.000  0.000  0.000  50.000  0.000  0.000  0.000  0.000  45000.000  1.497  1.070  1.823  1.890  1.587  -1.361  -0.654  -0.591  -0.671  -0.259  -0.564  -0.567  -0.564  -0.564  0.768
  650755.960  4765272.770  924.850  1.000  -99.000  -99.000  -99.000  -99.000  0.000  5.000  0.000  0.000  0.000  95.000  0.000  0.000  0.000  0.000  35000.000  -99.000  -99.000  -99.000  -99.000  -0.838  -0.825  -0.653  -0.590  -0.669  1.382  -0.563  -0.566  -0.563  -0.563  0.181
  651244.300  4765555.510  952.340  1.000  0.540  0.030  17.000  320.000  10.000  30.000  0.000  0.000  10.000  50.000  0.000  0.000  0.000  0.000  40000.000  -0.145  -0.413  -0.611  1.204  0.743  0.002  -0.651  -0.588  2.054  -0.258  -0.561  -0.564  -0.561  -0.561  0.399
  651126.380  4765484.120  902.230  1.000  0.750  0.040  75.000  955.000  20.000  0.000  10.000  0.000  0.000  70.000  0.000  0.000  0.000  0.000  40000.000  0.190  -0.141  0.658  1.790  0.984  -1.358  2.088  -0.586  -0.668  0.309  -0.560  -0.563  -0.560  -0.560  0.400
  650913.070  4765531.160  827.530  2.000  0.460  0.030  46.000  50.000  0.000  60.000  0.000  0.000  0.000  40.000  0.000  0.000  0.000  0.000  40000.000  -0.288  -0.411  0.241  -0.605  -0.836  0.734  -0.650  -0.585  -0.666  -0.486  -0.558  -0.561  -0.558  -0.558  0.402
  651317.640  4765821.330  606.350  2.000  1.410  0.070  96.000  25.000  90.000  10.000  0.000  0.000  0.000  0.000  0.000  0.000  0.000  0.000  15000.000  1.004  0.405  0.887  -1.138  2.065  -0.673  -0.648  -0.583  -0.664  -2.088  -0.556  -0.560  -0.556  -0.556  -1.127
  651436.140  4765799.390  597.890  2.000  3.250  0.220  35.000  50.000  80.000  20.000  0.000  0.000  0.000  0.000  0.000  0.000  0.000  0.000  45000.000  2.109  1.328  0.004  -0.603  1.928  -0.294  -0.646  -0.582  -0.663  -2.076  -0.555  -0.558  -0.555  -0.555  0.770
  651318.840  4765832.320  589.680  2.000  0.780  0.050  56.000  25.000  20.000  80.000  0.000  0.000  0.000  0.000  0.000  0.000  0.000  0.000  20000.000  0.233  0.056  0.414  -1.135  0.986  1.417  -0.645  -0.580  -0.661  -2.065  -0.553  -0.556  -0.553  -0.553  -0.921
  651822.480  4766217.520  446.660  2.000  1.700  0.080  5.000  50.000  80.000  20.000  0.000  0.000  0.000  0.000  0.000  0.000  0.000  0.000  30000.000  1.283  0.513  -1.583  -0.601  1.936  -0.292  -0.643  -0.578  -0.659  -2.054  -0.552  -0.555  -0.552  -0.552  -0.325
  650918.510  4765347.700  932.620  2.000  0.650  0.080  235.000  50.000  0.000  50.000  0.000  0.000  0.000  50.000  0.000  0.000  0.000  0.000  50000.000  0.029  0.515  1.956  -0.600  -0.835  0.506  -0.641  -0.577  -0.658  -0.256  -0.550  -0.553  -0.550  -0.550  0.942
  651384.630  4765870.470  806.130  2.000  1.650  0.030  5.000  50.000  0.000  60.000  0.000  0.000  0.000  40.000  0.000  0.000  0.000  0.000  40000.000  1.234  -0.409  -1.578  -0.598  -0.833  0.736  -0.640  -0.575  -0.656  -0.484  -0.549  -0.552  -0.549  -0.549  0.403
  651731.870  4766628.980  239.780  2.000  3.430  0.310  5.000  50.000  50.000  50.000  0.000  0.000  0.000  0.000  0.000  0.000  0.000  0.000  45000.000  2.217  1.585  -1.572  -0.596  1.591  0.507  -0.638  -0.574  -0.654  -2.043  -0.547  -0.550  -0.547  -0.547  0.772
  650895.570  4765697.570  696.840  2.000  0.290  0.100  51.000  120.000  0.000  10.000  0.000  0.000  0.000  90.000  0.000  0.000  0.000  0.000  30000.000  -0.561  0.686  0.321  0.674  -0.831  -0.671  -0.636  -0.572  -0.653  0.956  -0.546  -0.549  -0.546  -0.546  -0.323
  651322.190  4765756.730  908.020  2.000  1.150  0.010  10.000  140.000  0.000  15.000  0.000  0.000  0.000  85.000  0.000  0.000  0.000  0.000  30000.000  0.712  -1.197  -0.989  0.783  -0.829  -0.443  -0.635  -0.571  -0.651  0.808  -0.544  -0.547  -0.544  -0.544  -0.322
  651720.220  4766624.710  378.710  2.000  1.050  0.040  5.000  50.000  0.000  60.000  0.000  0.000  0.000  40.000  0.000  0.000  0.000  0.000  20000.000  0.612  -0.139  -1.567  -0.594  -0.827  0.738  -0.633  -0.569  -0.650  -0.483  -0.542  -0.546  -0.542  -0.542  -0.919
  651313.030  4765751.320  674.450  2.000  1.150  0.050  46.000  50.000  90.000  10.000  0.000  0.000  0.000  0.000  0.000  0.000  0.000  0.000  20000.000  0.714  0.057  0.242  -0.592  2.076  -0.669  -0.631  -0.567  -0.648  -2.032  -0.541  -0.544  -0.541  -0.541  -0.917
  650917.600  4765486.260  903.070  2.000  0.560  0.090  113.000  -99.000  0.000  80.000  0.000  0.000  0.000  20.000  0.000  0.000  0.000  0.000  30000.000  -0.099  0.616  1.078  -99.000  -0.825  1.421  -0.630  -0.566  -0.646  -0.991  -0.539  -0.542  -0.539  -0.539  -0.320
  651305.500  4765531.900  819.910  2.000  1.380  0.020  51.000  50.000  0.000  60.000  0.000  0.000  0.000  40.000  0.000  0.000  0.000  0.000  50000.000  0.982  -0.795  0.323  -0.590  -0.823  0.740  -0.628  -0.564  -0.645  -0.481  -0.538  -0.541  -0.538  -0.538  0.944
  651316.460  4765807.270  628.180  2.000  0.870  0.010  115.000  72.000  0.000  100.000  0.000  0.000  0.000  0.000  0.000  0.000  0.000  0.000  20000.000  0.377  -1.194  1.091  0.533  -0.821  2.257  -0.627  -0.563  -0.643  -2.022  -0.536  -0.539  -0.536  -0.536  -0.915
  651245.020  4765575.650  676.670  2.000  1.290  0.040  68.000  50.000  30.000  30.000  0.000  0.000  0.000  40.000  0.000  0.000  0.000  0.000  30000.000  0.886  -0.138  0.568  -0.589  1.209  0.003  -0.625  -0.561  -0.641  -0.480  -0.535  -0.538  -0.535  -0.535  -0.319
  651138.480  4765646.510  867.630  2.000  0.940  0.040  71.000  25.000  0.000  70.000  0.000  0.000  0.000  30.000  0.000  0.000  0.000  0.000  40000.000  0.478  -0.136  0.618  -1.132  -0.820  1.049  -0.623  -0.560  -0.640  -0.765  -0.533  -0.536  -0.533  -0.533  0.405
  650316.290  4765153.610  895.760  2.000  0.230  0.000  25.900  91.200  3.000  30.000  0.000  0.000  0.000  65.000  0.000  2.000  0.000  0.000  55000.000  -0.676  -1.758  -0.250  0.567  0.609  0.005  -0.622  -0.558  -0.638  0.144  -0.532  1.813  -0.532  -0.532  1.165
  650369.620  4765115.300  1104.290  2.000  0.010  0.050  116.500  14.350  0.000  0.000  0.000  0.000  0.000  100.000  0.000  0.000  0.000  0.000  5000.000  -2.152  0.059  1.124  -1.383  -0.818  -1.355  -0.620  -0.556  -0.636  1.641  -0.530  -0.535  -0.530  -0.530  -1.945
  651301.620  4765546.130  652.580  2.000  5.110  0.250  26.000  160.000  20.000  30.000  0.000  0.000  0.000  50.000  0.000  0.000  0.000  0.000  40000.000  2.867  1.432  -0.239  0.864  0.989  0.006  -0.618  -0.555  -0.635  -0.255  -0.529  -0.533  -0.529  -0.529  0.406
  651268.970  4765550.540  772.580  2.000  1.410  0.020  31.000  50.000  0.000  90.000  0.000  0.000  0.000  10.000  0.000  0.000  0.000  0.000  40000.000  1.006  -0.793  -0.082  -0.587  -0.816  1.773  -0.617  -0.553  -0.633  -1.251  -0.527  -0.532  -0.527  -0.527  0.408
  651201.220  4765288.230  591.040  2.000  0.300  0.040  86.000  50.000  0.000  20.000  0.000  0.000  0.000  80.000  0.000  0.000  0.000  0.000  60000.000  -0.537  -0.135  0.780  -0.585  -0.814  -0.291  -0.615  -0.552  -0.631  0.596  -0.525  -0.530  -0.525  -0.525  1.303
  651387.000  4765867.390  796.910  2.000  2.980  0.060  5.000  230.000  0.000  80.000  0.000  0.000  0.000  20.000  0.000  0.000  0.000  0.000  50000.000  1.928  0.260  -1.562  1.046  -0.812  1.425  -0.614  -0.550  -0.630  -0.989  -0.524  -0.529  -0.524  -0.524  0.946
  650922.000  4765291.810  1029.610  2.000  1.010  0.020  400.000  50.000  0.000  40.000  0.000  0.000  0.000  60.000  0.000  0.000  0.000  0.000  60000.000  0.574  -0.791  2.498  -0.583  -0.810  0.274  -0.612  -0.549  -0.628  -0.007  -0.522  -0.527  -0.522  -0.522  1.306
  651139.750  4765657.430  853.370  2.000  1.600  0.120  91.000  116.000  0.000  80.000  0.000  0.000  0.000  20.000  0.000  0.000  0.000  0.000  40000.000  1.188  0.838  0.831  0.666  -0.808  1.428  -0.610  -0.547  -0.627  -0.986  -0.521  -0.525  -0.521  -0.521  0.409
  650626.790  4765000.090  972.460  2.000  0.560  0.080  17.850  368.000  7.000  23.000  0.000  0.000  0.000  70.000  0.000  0.000  0.000  0.000  60000.000  -0.097  0.517  -0.581  1.233  0.668  -0.128  -0.609  -0.546  -0.625  0.311  -0.519  -0.524  -0.519  -0.519  1.309
  651315.480  4765762.980  885.840  2.000  1.520  0.020  38.000  100.000  0.000  50.000  0.000  0.000  0.000  50.000  0.000  0.000  0.000  0.000  30000.000  1.127  -0.789  0.078  0.590  -0.806  0.509  -0.607  -0.544  -0.623  -0.253  -0.518  -0.522  -0.518  -0.518  -0.318
  651470.050  4766121.050  616.720  2.000  0.820  0.070  16.000  170.000  20.000  30.000  0.000  0.000  0.000  50.000  0.000  0.000  0.000  0.000  20000.000  0.308  0.406  -0.642  0.907  0.991  0.007  -0.606  -0.542  -0.622  -0.252  -0.516  -0.521  -0.516  -0.516  -0.913
  651203.750  4765383.220  700.000  2.000  0.030  0.000  44.000  50.000  0.000  70.000  0.000  0.000  0.000  30.000  0.000  0.000  0.000  0.000  10000.000  -1.622  -1.751  0.202  -0.581  -0.805  1.052  -0.604  -0.541  -0.620  -0.763  -0.515  -0.519  -0.515  -0.515  -1.621
  651189.870  4765304.600  554.070  2.000  0.580  0.030  37.000  50.000  0.000  70.000  0.000  0.000  0.000  30.000  0.000  0.000  0.000  0.000  30000.000  -0.071  -0.408  0.051  -0.580  -0.803  1.054  -0.602  -0.539  -0.618  -0.761  -0.513  -0.518  -0.513  -0.513  -0.316
  651325.940  4765886.580  718.720  2.000  0.800  0.020  87.000  50.000  0.000  40.000  0.000  0.000  0.000  60.000  0.000  0.000  0.000  0.000  40000.000  0.274  -0.787  0.792  -0.578  -0.801  0.276  -0.601  -0.538  -0.617  -0.006  -0.512  -0.516  -0.512  -0.512  0.411
  651346.640  4765734.760  668.300  2.000  5.570  0.340  19.000  -99.000  80.000  20.000  0.000  0.000  0.000  0.000  0.000  0.000  0.000  0.000  50000.000  3.125  1.693  -0.522  -99.000  1.945  -0.290  -0.599  -0.536  -0.615  -2.011  -0.510  -0.515  -0.510  -0.510  0.948
  651484.530  4765628.130  492.430  2.000  1.730  0.290  5.000  50.000  40.000  60.000  0.000  0.000  0.000  0.000  0.000  0.000  0.000  0.000  40000.000  1.304  1.535  -1.557  -0.576  1.432  0.742  -0.598  -0.535  -0.614  -2.001  -0.509  -0.513  -0.509  -0.509  0.412
  650914.520  4765429.080  790.290  2.000  0.330  0.110  21.000  50.000  0.000  20.000  0.000  0.000  0.000  80.000  0.000  0.000  0.000  0.000  40000.000  -0.485  0.765  -0.450  -0.574  -0.799  -0.288  -0.596  -0.533  -0.612  0.598  -0.507  -0.512  -0.507  -0.507  0.413
  651325.940  4765777.580  907.510  2.000  0.860  0.050  13.000  50.000  0.000  60.000  0.000  0.000  0.000  40.000  0.000  0.000  0.000  0.000  40000.000  0.360  0.060  -0.800  -0.572  -0.797  0.743  -0.594  -0.532  -0.610  -0.478  -0.506  -0.510  -0.506  -0.506  0.415
  651310.180  4765449.530  480.570  2.000  0.500  0.020  115.000  50.000  0.000  80.000  0.000  0.000  0.000  20.000  0.000  0.000  0.000  0.000  10000.000  -0.219  -0.785  1.094  -0.571  -0.795  1.432  -0.593  -0.530  -0.609  -0.984  -0.504  -0.509  -0.504  -0.504  -1.616
  651309.790  4765753.720  665.300  2.000  1.050  0.050  42.000  50.000  100.000  0.000  0.000  0.000  0.000  0.000  0.000  0.000  0.000  0.000  15000.000  0.614  0.062  0.160  -0.569  2.397  -1.351  -0.591  -0.529  -0.607  -1.992  -0.503  -0.507  -0.503  -0.503  -1.124
  651444.590  4765772.350  682.520  2.000  1.680  0.050  28.000  50.000  0.000  90.000  0.000  0.000  0.000  10.000  0.000  0.000  0.000  0.000  40000.000  1.253  0.063  -0.175  -0.567  -0.794  1.779  -0.590  -0.527  -0.606  -1.249  -0.501  -0.506  -0.501  -0.501  0.416
  651251.710  4765573.780  543.920  2.000  0.590  0.000  50.000  50.000  0.000  20.000  0.000  0.000  0.000  80.000  0.000  0.000  0.000  0.000  30000.000  -0.056  -1.745  0.309  -0.565  -0.792  -0.287  -0.588  -0.525  -0.604  0.599  -0.500  -0.504  -0.500  -0.500  -0.315
  651288.800  4765537.370  640.850  2.000  1.930  0.030  21.000  50.000  20.000  40.000  0.000  0.000  0.000  40.000  0.000  0.000  0.000  0.000  30000.000  1.432  -0.406  -0.448  -0.564  0.993  0.277  -0.586  -0.524  -0.602  -0.477  -0.498  -0.503  -0.498  -0.498  -0.313
  651296.030  4765530.530  660.470  2.000  2.660  0.130  24.000  50.000  90.000  10.000  0.000  0.000  0.000  0.000  0.000  0.000  0.000  0.000  15000.000  1.794  0.935  -0.334  -0.562  2.088  -0.668  -0.585  -0.522  -0.601  -1.982  -0.497  -0.501  -0.497  -0.497  -1.122
  651566.490  4765731.470  432.660  2.000  1.440  0.200  46.000  100.000  80.000  10.000  0.000  0.000  0.000  10.000  0.000  0.000  0.000  0.000  30000.000  1.036  1.253  0.244  0.592  1.954  -0.666  -0.583  -0.521  -0.599  -1.246  -0.495  -0.500  -0.495  -0.495  -0.312
  651544.360  4765976.680  772.240  2.000  3.050  0.130  5.000  50.000  30.000  60.000  0.000  0.000  0.000  10.000  0.000  0.000  0.000  0.000  30000.000  2.010  0.937  -1.552  -0.560  1.211  0.745  -0.582  -0.519  -0.598  -1.243  -0.493  -0.498  -0.493  -0.493  -0.311
  651376.810  4765367.140  385.490  2.000  0.660  0.040  105.000  50.000  0.000  30.000  0.000  0.000  0.000  70.000  0.000  0.000  0.000  0.000  60000.000  0.042  -0.133  0.967  -0.558  -0.790  0.009  -0.580  -0.518  -0.596  0.312  -0.492  -0.497  -0.492  -0.492  1.312
  651340.980  4765656.980  501.190  2.000  1.070  0.030  170.000  170.000  0.000  70.000  0.000  0.000  0.000  30.000  0.000  0.000  0.000  0.000  30000.000  0.638  -0.405  1.537  0.909  -0.788  1.056  -0.578  -0.516  -0.594  -0.759  -0.490  -0.495  -0.490  -0.490  -0.309
  651816.760  4766627.450  135.240  2.000  2.080  0.010  12.000  50.000  0.000  90.000  0.000  0.000  0.000  10.000  0.000  0.000  0.000  0.000  50000.000  1.540  -1.191  -0.861  -0.556  -0.786  1.786  -0.577  -0.515  -0.593  -1.240  -0.489  -0.493  -0.489  -0.489  0.950
  650919.100  4765336.720  951.670  2.000  0.500  0.010  75.000  120.000  0.000  40.000  0.000  0.000  0.000  60.000  0.000  0.000  0.000  0.000  40000.000  -0.218  -1.188  0.660  0.676  -0.784  0.278  -0.575  -0.513  -0.591  -0.005  -0.487  -0.492  -0.487  -0.487  0.418
  651491.710  4766107.400  700.910  2.000  1.200  0.030  43.000  50.000  0.000  80.000  0.000  0.000  0.000  20.000  0.000  0.000  0.000  0.000  50000.000  0.779  -0.403  0.183  -0.555  -0.783  1.436  -0.574  -0.512  -0.590  -0.982  -0.486  -0.490  -0.486  -0.486  0.952
  650916.390  4765499.590  880.790  2.000  0.540  0.050  429.000  -99.000  0.000  60.000  0.000  0.000  0.000  40.000  0.000  0.000  0.000  0.000  40000.000  -0.144  0.065  2.534  -99.000  -0.781  0.747  -0.572  -0.510  -0.588  -0.475  -0.484  -0.489  -0.484  -0.484  0.419
  651318.560  4765652.460  896.540  2.000  1.170  0.000  5.000  50.000  0.000  45.000  0.000  0.000  0.000  55.000  0.000  0.000  0.000  0.000  40000.000  0.751  -1.738  -1.547  -0.553  -0.779  0.443  -0.571  -0.509  -0.586  -0.115  -0.483  -0.487  -0.483  -0.483  0.421
  651310.190  4765395.510  707.840  2.000  0.420  0.020  49.000  50.000  90.000  10.000  0.000  0.000  0.000  0.000  0.000  0.000  0.000  0.000  20000.000  -0.339  -0.783  0.296  -0.551  2.100  -0.664  -0.569  -0.507  -0.585  -1.972  -0.481  -0.486  -0.481  -0.481  -0.911
  650912.490  4765509.500  649.680  2.000  0.870  0.180  21.000  50.000  0.000  75.000  0.000  0.000  0.000  25.000  0.000  0.000  0.000  0.000  30000.000  0.379  1.173  -0.446  -0.549  -0.777  1.358  -0.567  -0.506  -0.583  -0.820  -0.480  -0.484  -0.480  -0.480  -0.308
  650921.850  4765293.810  1026.150  2.000  0.520  0.030  265.000  50.000  0.000  25.000  0.000  0.000  0.000  75.000  0.000  0.000  0.000  0.000  60000.000  -0.187  -0.401  2.094  -0.548  -0.775  -0.116  -0.566  -0.504  -0.582  0.461  -0.478  -0.483  -0.478  -0.478  1.315
  650429.310  4765004.160  1090.030  2.000  0.650  0.110  18.100  937.000  0.000  0.000  0.000  0.000  0.000  100.000  0.000  0.000  0.000  0.000  20000.000  0.030  0.767  -0.546  1.776  -0.774  -1.348  -0.564  -0.503  -0.580  1.646  -0.477  -0.481  -0.477  -0.477  -0.909
  651317.700  4765661.910  878.940  2.000  1.990  0.040  14.000  170.000  0.000  60.000  0.000  0.000  0.000  40.000  0.000  0.000  0.000  0.000  70000.000  1.462  -0.132  -0.748  0.911  -0.772  0.749  -0.563  -0.501  -0.578  -0.474  -0.475  -0.480  -0.475  -0.475  1.636
  651320.510  4765758.260  902.470  2.000  1.270  0.020  18.000  110.000  0.000  20.000  0.000  0.000  0.000  80.000  0.000  0.000  0.000  0.000  35000.000  0.862  -0.781  -0.570  0.623  -0.770  -0.285  -0.561  -0.500  -0.577  0.601  -0.474  -0.478  -0.474  -0.474  0.182
  650548.110  4764821.050  1132.950  2.000  0.010  0.000  2.320  6.770  0.000  0.000  0.000  0.000  0.000  100.000  0.000  0.000  0.000  0.000  30000.000  -2.138  -1.731  -2.271  -1.822  -0.768  -1.345  -0.560  -0.498  -0.575  1.651  -0.472  -0.477  -0.472  -0.472  -0.306
  651749.650  4766056.740  613.490  2.000  -99.000  -99.000  -99.000  -99.000  0.000  10.000  0.000  0.000  0.000  90.000  0.000  0.000  0.000  0.000  65000.000  -99.000  -99.000  -99.000  -99.000  -0.766  -0.663  -0.558  -0.497  -0.574  0.959  -0.471  -0.475  -0.471  -0.471  1.555
  651731.580  4766564.800  241.560  2.000  3.500  0.080  5.000  50.000  0.000  100.000  0.000  0.000  0.000  0.000  0.000  0.000  0.000  0.000  50000.000  2.235  0.518  -1.542  -0.546  -0.765  2.274  -0.556  -0.495  -0.572  -1.963  -0.469  -0.474  -0.469  -0.469  0.954
  651295.380  4765531.140  658.680  2.000  2.180  0.100  47.000  50.000  60.000  40.000  0.000  0.000  0.000  0.000  0.000  0.000  0.000  0.000  30000.000  1.606  0.688  0.258  -0.544  1.735  0.280  -0.555  -0.493  -0.571  -1.954  -0.468  -0.472  -0.468  -0.468  -0.305
  651336.860  4765742.380  702.100  2.000  2.710  0.090  22.000  50.000  10.000  70.000  0.000  0.000  0.000  20.000  0.000  0.000  0.000  0.000  30000.000  1.809  0.618  -0.412  -0.542  0.745  1.059  -0.553  -0.492  -0.569  -0.980  -0.466  -0.471  -0.466  -0.466  -0.304
  651325.940  4765816.580  839.960  2.000  1.630  0.050  13.000  50.000  10.000  40.000  0.000  0.000  0.000  50.000  0.000  0.000  0.000  0.000  40000.000  1.212  0.066  -0.798  -0.541  0.747  0.281  -0.552  -0.490  -0.567  -0.251  -0.465  -0.469  -0.465  -0.465  0.422
  650431.980  4765004.270  1105.800  2.000  0.140  0.020  19.800  137.500  0.000  0.000  0.000  0.000  0.000  100.000  0.000  0.000  0.000  0.000  20000.000  -0.963  -0.779  -0.493  0.773  -0.763  -1.341  -0.550  -0.489  -0.566  1.656  -0.463  -0.468  -0.463  -0.463  -0.907
  651314.540  4765712.580  785.890  2.000  1.340  0.020  22.000  190.000  0.000  40.000  0.000  0.000  0.000  60.000  0.000  0.000  0.000  0.000  60000.000  0.947  -0.777  -0.410  0.961  -0.761  0.283  -0.549  -0.487  -0.564  -0.003  -0.462  -0.466  -0.462  -0.462  1.319
  650632.620  4764999.960  1062.270  2.000  0.530  0.020  21.400  107.500  5.000  25.000  0.000  0.000  0.000  70.000  0.000  0.000  0.000  0.000  60000.000  -0.157  -0.775  -0.427  0.603  0.622  -0.115  -0.547  -0.486  -0.563  0.313  -0.461  -0.465  -0.461  -0.461  1.322
  651136.360  4765627.370  893.180  2.000  0.820  0.040  24.000  50.000  0.000  80.000  0.000  0.000  0.000  20.000  0.000  0.000  0.000  0.000  30000.000  0.310  -0.130  -0.332  -0.539  -0.759  1.440  -0.546  -0.484  -0.561  -0.978  -0.459  -0.463  -0.459  -0.459  -0.302
  651358.070  4765634.720  595.080  2.000  1.900  0.050  23.000  50.000  0.000  100.000  0.000  0.000  0.000  0.000  0.000  0.000  0.000  0.000  20000.000  1.420  0.068  -0.372  -0.537  -0.757  2.292  -0.544  -0.483  -0.560  -1.945  -0.458  -0.462  -0.458  -0.458  -0.905
  651616.130  4766057.030  501.240  2.000  1.060  0.050  75.000  50.000  0.000  80.000  0.000  0.000  0.000  20.000  0.000  0.000  0.000  0.000  10000.000  0.625  0.069  0.662  -0.535  -0.756  1.444  -0.542  -0.481  -0.558  -0.976  -0.456  -0.461  -0.456  -0.456  -1.611
  651771.370  4766193.480  522.790  2.000  1.660  0.030  165.000  50.000  30.000  70.000  0.000  0.000  0.000  0.000  0.000  0.000  0.000  0.000  40000.000  1.247  -0.400  1.500  -0.533  1.214  1.061  -0.541  -0.480  -0.556  -1.936  -0.455  -0.459  -0.455  -0.455  0.424
  651256.240  4765691.930  761.870  2.000  1.590  0.050  45.000  50.000  100.000  0.000  0.000  0.000  0.000  0.000  0.000  0.000  0.000  0.000  30000.000  1.179  0.071  0.215  -0.532  2.421  -1.338  -0.539  -0.478  -0.555  -1.928  -0.453  -0.458  -0.453  -0.453  -0.301
  651335.770  4765743.220  705.850  2.000  2.270  0.040  22.000  50.000  0.000  90.000  0.000  0.000  0.000  10.000  0.000  0.000  0.000  0.000  30000.000  1.662  -0.129  -0.409  -0.530  -0.754  1.792  -0.538  -0.477  -0.553  -1.237  -0.452  -0.456  -0.452  -0.452  -0.299
  651293.210  4765626.170  507.390  2.000  1.310  0.040  290.000  50.000  30.000  10.000  0.000  0.000  0.000  60.000  0.000  0.000  0.000  0.000  30000.000  0.912  -0.127  2.198  -0.528  1.217  -0.661  -0.536  -0.475  -0.552  -0.002  -0.450  -0.455  -0.450  -0.450  -0.298
  651760.640  4766178.860  267.040  2.000  -99.000  -99.000  -99.000  -99.000  0.000  80.000  0.000  0.000  0.000  20.000  0.000  0.000  0.000  0.000  20000.000  -99.000  -99.000  -99.000  -99.000  -0.752  1.447  -0.535  -0.474  -0.550  -0.973  -0.449  -0.453  -0.449  -0.449  -0.903
  650921.180  4765302.790  1010.560  2.000  0.680  0.040  69.000  50.000  0.000  50.000  0.000  0.000  0.000  50.000  0.000  0.000  0.000  0.000  60000.000  0.081  -0.126  0.591  -0.526  -0.750  0.510  -0.533  -0.472  -0.549  -0.249  -0.447  -0.452  -0.447  -0.447  1.325
  650535.560  4765000.400  1113.170  2.000  0.010  0.000  -99.000  -99.000  0.000  10.000  0.000  0.000  0.000  90.000  0.000  0.000  0.000  0.000  25000.000  -2.123  -1.725  -99.000  -99.000  -0.749  -0.659  -0.532  -0.471  -0.547  0.961  -0.446  -0.450  -0.446  -0.446  -0.583
  651452.390  4765815.310  633.040  2.000  1.760  0.050  52.000  50.000  0.000  70.000  0.000  0.000  0.000  30.000  0.000  0.000  0.000  0.000  40000.000  1.328  0.072  0.340  -0.525  -0.747  1.063  -0.530  -0.469  -0.546  -0.757  -0.444  -0.449  -0.444  -0.444  0.425
  651198.430  4765292.080  582.240  2.000  0.230  0.020  77.000  50.000  0.000  20.000  0.000  0.000  0.000  80.000  0.000  0.000  0.000  0.000  50000.000  -0.674  -0.773  0.681  -0.523  -0.745  -0.284  -0.529  -0.468  -0.544  0.602  -0.443  -0.447  -0.443  -0.443  0.956
  650916.250  4765388.430  861.490  2.000  0.680  0.120  145.000  50.000  0.000  50.000  0.000  0.000  0.000  50.000  0.000  0.000  0.000  0.000  40000.000  0.082  0.841  1.330  -0.521  -0.743  0.512  -0.527  -0.466  -0.542  -0.248  -0.441  -0.446  -0.441  -0.441  0.427
  651466.080  4766123.720  601.450  2.000  0.810  0.320  32.000  50.000  0.000  40.000  0.000  0.000  0.000  60.000  0.000  0.000  0.000  0.000  30000.000  0.294  1.606  -0.061  -0.520  -0.742  0.284  -0.525  -0.465  -0.541  -0.001  -0.440  -0.444  -0.440  -0.440  -0.297
  651293.830  4765527.650  616.450  2.000  1.310  0.020  46.000  50.000  20.000  60.000  10.000  0.000  0.000  10.000  0.000  0.000  0.000  0.000  30000.000  0.915  -0.771  0.245  -0.518  0.995  0.750  2.100  -0.463  -0.539  -1.234  -0.438  -0.443  -0.438  -0.438  -0.295
  651906.210  4766234.860  343.130  2.000  0.470  0.040  28.000  50.000  0.000  20.000  0.000  0.000  0.000  80.000  0.000  0.000  0.000  0.000  10000.000  -0.260  -0.124  -0.174  -0.516  -0.740  -0.283  -0.524  -0.462  -0.538  0.604  -0.437  -0.441  -0.437  -0.437  -1.606
  650699.810  4764961.700  1131.550  2.000  0.100  0.010  13.770  21.720  0.000  0.000  0.000  0.000  0.000  100.000  0.000  0.000  0.000  0.000  30000.000  -1.097  -1.185  -0.758  -1.201  -0.738  -1.335  -0.522  -0.461  -0.536  1.662  -0.435  -0.440  -0.435  -0.435  -0.294
  651368.110  4765711.540  823.710  2.000  1.690  0.010  11.000  50.000  20.000  60.000  0.000  0.000  0.000  20.000  0.000  0.000  0.000  0.000  40000.000  1.263  -1.182  -0.923  -0.514  0.997  0.752  -0.521  -0.459  -0.535  -0.971  -0.434  -0.438  -0.434  -0.434  0.428
  651415.570  4766095.810  742.510  2.000  0.650  0.020  5.000  50.000  0.000  70.000  0.000  0.000  0.000  30.000  0.000  0.000  0.000  0.000  30000.000  0.032  -0.769  -1.537  -0.513  -0.736  1.066  -0.519  -0.458  -0.533  -0.756  -0.432  -0.437  -0.432  -0.432  -0.292
  650912.490  4765513.380  642.690  2.000  1.060  0.140  20.000  50.000  0.000  80.000  0.000  0.000  0.000  20.000  0.000  0.000  0.000  0.000  30000.000  0.627  0.989  -0.486  -0.511  -0.734  1.451  -0.518  -0.456  -0.532  -0.969  -0.431  -0.435  -0.431  -0.431  -0.291
  650919.520  4765328.730  965.530  2.000  0.670  0.020  170.000  50.000  0.000  50.000  0.000  0.000  0.000  50.000  0.000  0.000  0.000  0.000  40000.000  0.068  -0.767  1.542  -0.509  -0.733  0.513  -0.516  -0.455  -0.530  -0.247  -0.430  -0.434  -0.430  -0.430  0.430
  651315.650  4765795.490  646.740  2.000  2.350  0.050  255.000  50.000  20.000  80.000  0.000  0.000  0.000  0.000  0.000  0.000  0.000  0.000  30000.000  1.699  0.073  2.056  -0.507  1.000  1.455  -0.515  -0.453  -0.529  -1.919  -0.428  -0.432  -0.428  -0.428  -0.290
  650916.020  4765503.700  873.930  2.000  0.710  0.100  113.000  -99.000  0.000  50.000  0.000  0.000  0.000  50.000  0.000  0.000  0.000  0.000  60000.000  0.133  0.689  1.081  -99.000  -0.731  0.515  -0.513  -0.452  -0.527  -0.245  -0.427  -0.431  -0.427  -0.427  1.328
  651412.750  4766174.770  688.590  2.000  0.910  0.060  5.000  50.000  0.000  60.000  0.000  0.000  0.000  40.000  0.000  0.000  0.000  0.000  30000.000  0.439  0.262  -1.533  -0.506  -0.729  0.754  -0.512  -0.450  -0.525  -0.472  -0.425  -0.430  -0.425  -0.425  -0.288
  651310.700  4765643.580  821.540  2.000  1.300  0.040  5.000  50.000  0.000  70.000  0.000  0.000  0.000  30.000  0.000  0.000  0.000  0.000  40000.000  0.897  -0.123  -1.528  -0.504  -0.728  1.068  -0.510  -0.449  -0.524  -0.754  -0.424  -0.428  -0.424  -0.424  0.431
  651216.760  4765268.570  636.600  2.000  1.510  0.020  63.000  290.000  30.000  0.000  0.000  0.000  0.000  70.000  0.000  0.000  0.000  0.000  60000.000  1.119  -0.765  0.513  1.161  1.220  -1.331  -0.509  -0.447  -0.522  0.315  -0.422  -0.427  -0.422  -0.422  1.331
  651451.780  4765557.650  544.380  2.000  5.240  0.180  5.000  50.000  50.000  50.000  0.000  0.000  0.000  0.000  0.000  0.000  0.000  0.000  60000.000  2.972  1.176  -1.523  -0.502  1.596  0.516  -0.507  -0.446  -0.521  -1.911  -0.421  -0.425  -0.421  -0.421  1.335
  651451.580  4765864.460  697.790  2.000  3.370  0.120  19.000  50.000  30.000  50.000  0.000  0.000  0.000  20.000  0.000  0.000  0.000  0.000  50000.000  2.184  0.843  -0.520  -0.500  1.223  0.518  -0.506  -0.444  -0.519  -0.967  -0.419  -0.424  -0.419  -0.419  0.959
  651282.090  4765468.660  549.810  2.000  0.980  0.060  130.000  50.000  0.000  50.000  0.000  0.000  0.000  50.000  0.000  0.000  0.000  0.000  40000.000  0.529  0.263  1.222  -0.499  -0.726  0.519  -0.504  -0.443  -0.518  -0.244  -0.418  -0.422  -0.418  -0.418  0.432
  651480.490  4765925.230  517.510  2.000  1.220  0.040  135.000  50.000  0.000  70.000  0.000  0.000  0.000  30.000  0.000  0.000  0.000  0.000  20000.000  0.795  -0.121  1.258  -0.497  -0.724  1.070  -0.503  -0.441  -0.516  -0.752  -0.416  -0.421  -0.416  -0.416  -0.901
  650428.640  4765004.140  1086.080  2.000  0.660  0.040  11.950  461.000  0.000  2.000  0.000  0.000  0.000  98.000  0.000  0.000  0.000  0.000  20000.000  0.044  -0.120  -0.870  1.383  -0.722  -0.942  -0.501  -0.440  -0.515  1.455  -0.415  -0.419  -0.415  -0.415  -0.899
  651291.160  4765659.410  764.870  2.000  1.790  0.040  5.000  50.000  0.000  60.000  0.000  0.000  0.000  40.000  0.000  0.000  0.000  0.000  60000.000  1.350  -0.118  -1.518  -0.495  -0.721  0.756  -0.500  -0.438  -0.513  -0.471  -0.413  -0.418  -0.413  -0.413  1.338
  650634.630  4764999.950  1092.210  2.000  0.030  0.000  5.210  12.700  0.000  10.000  0.000  0.000  0.000  90.000  0.000  0.000  0.000  0.000  35000.000  -1.617  -1.718  -1.232  -1.432  -0.719  -0.658  -0.498  -0.437  -0.512  0.963  -0.412  -0.416  -0.412  -0.412  0.184
  651301.930  4765543.240  657.830  2.000  1.560  0.070  105.000  160.000  10.000  30.000  0.000  0.000  0.000  60.000  0.000  0.000  0.000  0.000  40000.000  1.164  0.408  0.970  0.866  0.749  0.010  -0.497  -0.435  -0.510  0.001  -0.411  -0.415  -0.411  -0.411  0.434
  651429.330  4765815.450  740.940  2.000  1.880  0.080  5.000  50.000  15.000  75.000  0.000  0.000  0.000  10.000  0.000  0.000  0.000  0.000  30000.000  1.404  0.520  -1.514  -0.494  0.897  1.361  -0.495  -0.434  -0.509  -1.231  -0.409  -0.413  -0.409  -0.409  -0.287
  651315.980  4765687.350  831.340  2.000  1.460  0.080  10.000  50.000  20.000  30.000  0.000  0.000  0.000  50.000  0.000  0.000  0.000  0.000  40000.000  1.057  0.522  -0.987  -0.492  1.002  0.011  -0.493  -0.432  -0.507  -0.242  -0.408  -0.412  -0.408  -0.408  0.435
  651621.860  4766051.440  519.570  2.000  1.340  0.070  89.000  50.000  30.000  70.000  0.000  0.000  0.000  0.000  0.000  0.000  0.000  0.000  20000.000  0.949  0.409  0.804  -0.490  1.226  1.073  -0.492  -0.431  -0.506  -1.903  -0.406  -0.411  -0.406  -0.406  -0.897
  651325.940  4765813.580  845.160  2.000  1.040  0.010  27.000  50.000  15.000  35.000  0.000  0.000  0.000  50.000  0.000  0.000  0.000  0.000  40000.000  0.607  -1.179  -0.199  -0.488  0.899  0.167  -0.490  -0.430  -0.504  -0.241  -0.405  -0.409  -0.405  -0.405  0.437
  650526.000  4765000.940  991.550  2.000  0.640  0.120  5.400  124.000  5.000  35.000  0.000  0.000  0.000  60.000  0.000  0.000  0.000  0.000  50000.000  0.014  0.845  -1.222  0.715  0.623  0.169  -0.489  -0.428  -0.503  0.002  -0.403  -0.408  -0.403  -0.403  0.961
  651180.070  4765403.200  650.970  2.000  0.440  0.030  41.000  50.000  0.000  30.000  0.000  0.000  0.000  70.000  0.000  0.000  0.000  0.000  20000.000  -0.311  -0.398  0.139  -0.487  -0.717  0.013  -0.487  -0.427  -0.501  0.316  -0.402  -0.406  -0.402  -0.402  -0.895
  651306.880  4765646.610  810.580  2.000  1.750  0.040  19.000  50.000  0.000  50.000  0.000  0.000  0.000  50.000  0.000  0.000  0.000  0.000  60000.000  1.321  -0.117  -0.518  -0.485  -0.715  0.521  -0.486  -0.425  -0.500  -0.240  -0.400  -0.405  -0.400  -0.400  1.341
  650735.670  4765966.170  1051.100  2.000  0.070  0.000  5.000  110.000  0.000  0.000  0.000  0.000  0.000  0.000  0.000  0.000  0.000  0.000  0.000  -1.273  -1.712  -1.509  0.625  -0.714  -1.328  -0.484  -0.424  -0.498  -1.894  -0.399  -0.403  -0.399  -0.399  -2.374
  651301.710  4765463.630  457.910  2.000  0.890  0.020  74.000  50.000  0.000  100.000  0.000  0.000  0.000  0.000  0.000  0.000  0.000  0.000  30000.000  0.406  -0.763  0.651  -0.483  -0.712  2.311  -0.483  -0.422  -0.497  -1.886  -0.397  -0.402  -0.397  -0.397  -0.285
  651344.740  4765651.950  522.270  2.000  0.770  0.030  145.000  50.000  20.000  70.000  10.000  0.000  0.000  0.000  0.000  0.000  0.000  0.000  30000.000  0.224  -0.397  1.333  -0.482  1.004  1.075  2.112  -0.421  -0.495  -1.879  -0.396  -0.400  -0.396  -0.396  -0.284
  650516.990  4765467.650  741.190  2.000  0.150  0.040  24.700  12.200  0.000  10.000  0.000  0.000  0.000  90.000  0.000  0.000  0.000  0.000  40000.000  -0.926  -0.115  -0.302  -1.449  -0.710  -0.656  -0.481  -0.419  -0.493  0.965  -0.395  -0.399  -0.395  -0.395  0.438
  651375.780  4765366.880  650.080  2.000  1.450  0.010  19.000  50.000  10.000  70.000  0.000  0.000  0.000  20.000  0.000  0.000  0.000  0.000  30000.000  1.049  -1.176  -0.517  -0.480  0.750  1.078  -0.480  -0.418  -0.492  -0.965  -0.393  -0.397  -0.393  -0.393  -0.283
  651399.370  4766076.870  728.790  2.000  1.050  0.060  5.000  50.000  0.000  50.000  0.000  0.000  0.000  50.000  0.000  0.000  0.000  0.000  40000.000  0.616  0.265  -1.504  -0.478  -0.708  0.522  -0.478  -0.416  -0.490  -0.238  -0.392  -0.396  -0.392  -0.392  0.440
  651462.120  4765544.670  614.440  2.000  1.050  0.010  5.000  50.000  1.670  60.000  0.000  0.000  0.000  38.330  0.000  0.000  0.000  0.000  38300.000  0.618  -1.173  -1.500  -0.477  0.606  0.757  -0.477  -0.415  -0.489  -0.539  -0.390  -0.395  -0.390  -0.390  0.226
  651133.420  4765599.370  932.050  2.000  0.810  0.020  68.000  50.000  0.000  50.000  0.000  0.000  0.000  50.000  0.000  0.000  0.000  0.000  20000.000  0.296  -0.761  0.570  -0.475  -0.707  0.524  -0.475  -0.413  -0.487  -0.237  -0.389  -0.393  -0.389  -0.389  -0.893
  651300.700  4765760.430  639.680  2.000  1.150  0.030  105.000  110.000  90.000  10.000  0.000  0.000  0.000  0.000  0.000  0.000  0.000  0.000  30000.000  0.716  -0.395  0.972  0.627  2.112  -0.654  -0.474  -0.412  -0.486  -1.871  -0.387  -0.392  -0.387  -0.387  -0.281
  651289.280  4765660.950  759.380  2.000  1.690  0.040  235.000  50.000  0.000  50.000  0.000  0.000  0.000  50.000  0.000  0.000  0.000  0.000  60000.000  1.267  -0.114  1.966  -0.473  -0.705  0.525  -0.472  -0.411  -0.484  -0.236  -0.386  -0.390  -0.386  -0.386  1.345
  651316.450  4765389.260  687.690  2.000  1.140  0.020  58.000  50.000  0.000  40.000  0.000  0.000  0.000  60.000  0.000  0.000  0.000  0.000  60000.000  0.699  -0.759  0.436  -0.471  -0.703  0.285  -0.471  -0.409  -0.483  0.003  -0.384  -0.389  -0.384  -0.384  1.348
  650913.850  4765524.050  839.560  2.000  0.600  0.050  30.000  -99.000  0.000  60.000  0.000  0.000  0.000  40.000  0.000  0.000  0.000  0.000  35000.000  -0.044  0.075  -0.110  -99.000  -0.702  0.759  -0.469  -0.408  -0.481  -0.469  -0.383  -0.387  -0.383  -0.383  0.185
  650918.310  4765478.050  916.790  2.000  0.490  0.070  213.000  -99.000  0.000  40.000  0.000  0.000  0.000  60.000  0.000  0.000  0.000  0.000  50000.000  -0.237  0.411  1.815  -99.000  -0.700  0.287  -0.468  -0.406  -0.480  0.005  -0.382  -0.386  -0.382  -0.382  0.963
  650904.300  4765657.880  781.600  2.000  0.330  0.080  15.000  25.000  0.000  10.000  0.000  0.000  0.000  90.000  0.000  0.000  0.000  0.000  60000.000  -0.483  0.524  -0.694  -1.129  -0.698  -0.653  -0.466  -0.405  -0.478  0.967  -0.380  -0.384  -0.380  -0.380  1.351
  650627.390  4765000.050  982.440  2.000  0.990  0.480  93.000  1060.000  10.000  30.000  0.000  0.000  0.000  60.000  0.000  0.000  0.000  0.000  60000.000  0.548  2.022  0.850  1.899  0.752  0.014  -0.465  -0.403  -0.477  0.006  -0.379  -0.383  -0.379  -0.379  1.355
  651485.610  4765942.100  501.220  2.000  0.930  0.050  86.000  50.000  25.000  20.000  0.000  0.000  0.000  55.000  0.000  0.000  0.000  0.000  10000.000  0.467  0.076  0.782  -0.470  1.104  -0.281  -0.463  -0.402  -0.475  -0.113  -0.377  -0.382  -0.377  -0.377  -1.601
  650568.310  4765470.760  514.980  2.000  0.230  0.020  186.000  271.000  0.000  10.000  0.000  0.000  0.000  90.000  0.000  0.000  0.000  0.000  60000.000  -0.673  -0.757  1.626  1.123  -0.696  -0.651  -0.462  -0.400  -0.474  0.969  -0.376  -0.380  -0.376  -0.376  1.358
  651437.310  4765678.370  735.410  2.000  1.630  0.000  5.000  50.000  0.000  60.000  0.000  0.000  0.000  40.000  0.000  0.000  0.000  0.000  40000.000  1.215  -1.705  -1.495  -0.468  -0.695  0.761  -0.461  -0.399  -0.472  -0.468  -0.374  -0.379  -0.374  -0.374  0.441
  651309.660  4765517.710  698.070  2.000  3.950  0.090  93.000  160.000  60.000  40.000  0.000  0.000  0.000  0.000  0.000  0.000  0.000  0.000  50000.000  2.437  0.620  0.852  0.869  1.741  0.288  -0.459  -0.397  -0.471  -1.863  -0.373  -0.377  -0.373  -0.373  0.965
  650526.620  4765468.390  696.220  2.000  0.190  0.050  65.800  11.000  0.000  10.000  0.000  0.000  0.000  90.000  0.000  0.000  0.000  0.000  30000.000  -0.795  0.078  0.547  -1.494  -0.693  -0.650  -0.458  -0.396  -0.469  0.971  -0.372  -0.376  -0.372  -0.372  -0.280
  650310.890  4765154.930  813.940  2.000  0.300  0.120  5.970  890.000  0.000  15.000  0.000  0.000  0.000  83.000  0.000  2.000  0.000  0.000  45000.000  -0.535  0.847  -1.170  1.761  -0.691  -0.441  -0.456  -0.395  -0.468  0.779  -0.370  1.819  -0.370  -0.370  0.774
  651133.780  4765602.830  927.170  2.000  0.660  0.000  215.000  50.000  0.000  50.000  0.000  0.000  0.000  50.000  0.000  0.000  0.000  0.000  30000.000  0.045  -1.699  1.831  -0.466  -0.690  0.527  -0.455  -0.393  -0.466  -0.234  -0.369  -0.374  -0.369  -0.369  -0.278
  651559.950  4765964.490  822.490  2.000  0.710  0.010  25.000  50.000  0.000  60.000  0.000  0.000  0.000  40.000  0.000  0.000  0.000  0.000  40000.000  0.135  -1.170  -0.285  -0.465  -0.688  0.763  -0.453  -0.392  -0.465  -0.466  -0.367  -0.373  -0.367  -0.367  0.443
  650699.720  4764963.800  1123.830  2.000  0.150  0.010  7.600  73.450  0.000  0.000  0.000  0.000  0.000  100.000  0.000  0.000  0.000  0.000  30000.000  -0.924  -1.167  -1.097  0.535  -0.686  -1.325  -0.452  -0.390  -0.463  1.667  -0.366  -0.372  -0.366  -0.366  -0.277
  651328.050  4765749.100  732.120  2.000  2.580  0.090  39.000  50.000  0.000  90.000  0.000  0.000  0.000  10.000  0.000  0.000  0.000  0.000  60000.000  1.751  0.621  0.106  -0.463  -0.685  1.799  -0.450  -0.389  -0.462  -1.228  -0.364  -0.370  -0.364  -0.364  1.361
  650915.410  4765509.820  863.630  2.000  0.680  0.050  94.000  -99.000  0.000  50.000  0.000  0.000  0.000  50.000  0.000  0.000  0.000  0.000  40000.000  0.084  0.079  0.872  -99.000  -0.683  0.529  -0.449  -0.387  -0.461  -0.233  -0.363  -0.369  -0.363  -0.363  0.444
  651444.300  4765672.110  766.000  2.000  0.990  0.010  15.000  50.000  0.000  20.000  0.000  0.000  0.000  80.000  0.000  0.000  0.000  0.000  50000.000  0.549  -1.164  -0.692  -0.461  -0.681  -0.280  -0.447  -0.386  -0.459  0.606  -0.362  -0.367  -0.362  -0.362  0.967
  651349.840  4765353.910  580.190  2.000  4.330  0.080  38.000  50.000  80.000  20.000  0.000  0.000  0.000  0.000  0.000  0.000  0.000  0.000  60000.000  2.574  0.525  0.079  -0.460  1.963  -0.278  -0.446  -0.384  -0.458  -1.856  -0.360  -0.366  -0.360  -0.360  1.365
  651195.860  4766294.940  556.890  2.000  0.150  0.020  10.000  50.000  0.000  0.000  0.000  0.000  0.000  100.000  0.000  0.000  0.000  0.000  40000.000  -0.921  -0.755  -0.984  -0.458  -0.680  -1.322  -0.444  -0.383  -0.456  1.672  -0.359  -0.364  -0.359  -0.359  0.446
  651488.140  4766022.530  590.170  2.000  0.810  0.050  54.000  50.000  0.000  50.000  0.000  0.000  0.000  50.000  0.000  0.000  0.000  0.000  30000.000  0.297  0.081  0.373  -0.456  -0.678  0.530  -0.443  -0.382  -0.455  -0.231  -0.357  -0.363  -0.357  -0.357  -0.276
  651314.340  4765723.630  766.870  2.000  1.610  0.030  15.000  50.000  0.000  40.000  0.000  0.000  0.000  60.000  0.000  0.000  0.000  0.000  70000.000  1.191  -0.393  -0.690  -0.454  -0.676  0.290  -0.441  -0.380  -0.453  0.007  -0.356  -0.362  -0.356  -0.356  1.641
  650918.560  4765346.700  934.350  2.000  0.260  0.050  175.000  50.000  0.000  35.000  0.000  0.000  0.000  65.000  0.000  0.000  0.000  0.000  40000.000  -0.614  0.082  1.562  -0.453  -0.674  0.170  -0.440  -0.379  -0.452  0.146  -0.354  -0.360  -0.354  -0.354  0.447
  651285.210  4765793.580  784.620  2.000  1.820  0.060  11.000  50.000  0.000  45.000  0.000  0.000  0.000  55.000  0.000  0.000  0.000  0.000  30000.000  1.369  0.266  -0.921  -0.451  -0.673  0.444  -0.438  -0.377  -0.450  -0.112  -0.353  -0.359  -0.353  -0.353  -0.274
  651388.580  4765353.180  687.660  2.000  0.580  0.030  11.000  50.000  0.000  30.000  0.000  0.000  0.000  70.000  0.000  0.000  0.000  0.000  30000.000  -0.069  -0.392  -0.919  -0.449  -0.671  0.015  -0.437  -0.376  -0.449  0.318  -0.352  -0.357  -0.352  -0.352  -0.273
  651571.400  4765940.820  567.350  2.000  1.850  0.080  13.000  50.000  20.000  70.000  0.000  0.000  0.000  10.000  0.000  0.000  0.000  0.000  25000.000  1.384  0.527  -0.796  -0.448  1.006  1.080  -0.435  -0.374  -0.447  -1.226  -0.350  -0.356  -0.350  -0.350  -0.582
  650975.070  4765737.750  820.930  2.000  -99.000  -99.000  -99.000  -99.000  0.000  40.000  0.000  0.000  0.000  60.000  0.000  0.000  0.000  0.000  30000.000  -99.000  -99.000  -99.000  -99.000  -0.669  0.291  -0.434  -0.373  -0.446  0.009  -0.349  -0.354  -0.349  -0.349  -0.271
  651251.060  4765569.350  701.160  2.000  1.190  0.010  36.000  50.000  20.000  80.000  0.000  0.000  0.000  0.000  0.000  0.000  0.000  0.000  30000.000  0.771  -1.161  0.025  -0.446  1.008  1.459  -0.432  -0.372  -0.444  -1.848  -0.347  -0.353  -0.347  -0.347  -0.270
  650633.560  4764999.960  1076.240  2.000  0.410  0.040  107.000  126.500  7.000  23.000  0.000  0.000  0.000  70.000  0.000  0.000  0.000  0.000  60000.000  -0.352  -0.112  1.016  0.719  0.669  -0.127  -0.431  -0.370  -0.443  0.319  -0.346  -0.352  -0.346  -0.346  1.368
  651537.840  4765843.010  637.540  2.000  1.800  0.020  23.000  110.000  10.000  30.000  0.000  0.000  0.000  60.000  0.000  0.000  0.000  0.000  60000.000  1.358  -0.753  -0.370  0.629  0.754  0.017  -0.430  -0.369  -0.441  0.010  -0.344  -0.350  -0.344  -0.344  1.371
  651205.310  4765282.930  603.340  2.000  0.350  0.040  155.000  50.000  0.000  40.000  0.000  0.000  0.000  60.000  0.000  0.000  0.000  0.000  30000.000  -0.458  -0.111  1.418  -0.444  -0.668  0.292  -0.428  -0.367  -0.440  0.011  -0.343  -0.349  -0.343  -0.343  -0.269
  651823.600  4766216.150  450.240  2.000  1.240  0.120  5.000  50.000  30.000  60.000  0.000  0.000  0.000  10.000  0.000  0.000  0.000  0.000  30000.000  0.822  0.849  -1.491  -0.443  1.228  0.765  -0.427  -0.366  -0.438  -1.223  -0.342  -0.347  -0.342  -0.342  -0.267
  651563.450  4766434.840  428.520  2.000  2.160  0.020  5.000  50.000  0.000  90.000  0.000  0.000  0.000  10.000  0.000  0.000  0.000  0.000  50000.000  1.601  -0.751  -1.486  -0.441  -0.666  1.806  -0.425  -0.364  -0.437  -1.220  -0.340  -0.346  -0.340  -0.340  0.969
  651314.620  4765758.940  777.140  2.000  1.540  0.030  21.000  50.000  0.000  60.000  0.000  0.000  0.000  40.000  0.000  0.000  0.000  0.000  30000.000  1.141  -0.390  -0.445  -0.439  -0.664  0.766  -0.424  -0.363  -0.435  -0.465  -0.339  -0.344  -0.339  -0.339  -0.266
  651183.310  4765485.820  738.980  2.000  0.380  0.040  115.000  50.000  0.000  30.000  0.000  0.000  0.000  70.000  0.000  0.000  0.000  0.000  20000.000  -0.400  -0.109  1.097  -0.438  -0.663  0.018  -0.422  -0.362  -0.434  0.320  -0.337  -0.343  -0.337  -0.337  -0.891
  651245.870  4765348.190  793.060  2.000  1.400  0.030  125.000  50.000  0.000  70.000  0.000  0.000  0.000  30.000  0.000  0.000  0.000  0.000  30000.000  0.999  -0.389  1.167  -0.436  -0.661  1.082  -0.421  -0.360  -0.432  -0.750  -0.336  -0.342  -0.336  -0.336  -0.265
  651261.030  4765684.480  677.240  2.000  1.160  0.040  77.000  50.000  0.000  50.000  0.000  0.000  0.000  50.000  0.000  0.000  0.000  0.000  60000.000  0.731  -0.108  0.682  -0.434  -0.659  0.532  -0.419  -0.359  -0.431  -0.230  -0.335  -0.340  -0.335  -0.335  1.375
  651334.590  4765745.480  948.710  2.000  1.570  0.000  22.000  50.000  30.000  30.000  0.000  0.000  0.000  40.000  0.000  0.000  0.000  0.000  30000.000  1.170  -1.693  -0.407  -0.433  1.231  0.019  -0.418  -0.357  -0.430  -0.463  -0.333  -0.339  -0.333  -0.333  -0.263
  651609.860  4766063.230  481.080  2.000  0.700  0.040  70.000  50.000  0.000  80.000  0.000  0.000  0.000  20.000  0.000  0.000  0.000  0.000  30000.000  0.120  -0.106  0.602  -0.431  -0.658  1.463  -0.416  -0.356  -0.428  -0.963  -0.332  -0.337  -0.332  -0.332  -0.262
  651574.050  4765938.610  576.730  2.000  1.460  0.060  61.000  50.000  30.000  50.000  0.000  0.000  0.000  20.000  0.000  0.000  0.000  0.000  20000.000  1.060  0.268  0.491  -0.429  1.234  0.533  -0.415  -0.354  -0.427  -0.961  -0.330  -0.336  -0.330  -0.330  -0.889
  651532.810  4765985.710  735.030  2.000  2.640  0.120  5.000  50.000  0.000  90.000  0.000  0.000  0.000  10.000  0.000  0.000  0.000  0.000  60000.000  1.765  0.851  -1.482  -0.428  -0.656  1.813  -0.413  -0.353  -0.425  -1.217  -0.329  -0.335  -0.329  -0.329  1.378
  651453.220  4765819.280  628.620  2.000  3.050  0.070  34.000  50.000  10.000  50.000  0.000  0.000  0.000  40.000  0.000  0.000  0.000  0.000  40000.000  2.022  0.413  -0.021  -0.426  0.756  0.535  -0.412  -0.352  -0.424  -0.462  -0.327  -0.333  -0.327  -0.327  0.449
  651325.430  4765425.510  521.670  2.000  1.020  0.020  105.000  50.000  10.000  90.000  0.000  0.000  0.000  0.000  0.000  0.000  0.000  0.000  30000.000  0.588  -0.749  0.975  -0.424  0.757  1.819  -0.411  -0.350  -0.422  -1.841  -0.326  -0.332  -0.326  -0.326  -0.260
  651298.990  4765571.200  607.100  2.000  1.820  0.030  160.000  50.000  20.000  20.000  0.000  0.000  0.000  60.000  0.000  0.000  0.000  0.000  40000.000  1.373  -0.387  1.460  -0.423  1.011  -0.277  -0.409  -0.349  -0.421  0.013  -0.325  -0.330  -0.325  -0.325  0.450
  651320.110  4765635.450  928.230  2.000  1.450  0.060  20.000  50.000  0.000  80.000  0.000  0.000  0.000  20.000  0.000  0.000  0.000  0.000  40000.000  1.052  0.269  -0.484  -0.421  -0.654  1.467  -0.408  -0.347  -0.419  -0.959  -0.323  -0.329  -0.323  -0.323  0.452
  651486.790  4766110.490  681.770  2.000  0.800  0.030  10.000  170.000  0.000  80.000  0.000  0.000  0.000  20.000  0.000  0.000  0.000  0.000  40000.000  0.276  -0.385  -0.982  0.914  -0.653  1.471  -0.406  -0.346  -0.418  -0.956  -0.322  -0.327  -0.322  -0.322  0.453
  651279.630  4765479.880  526.480  2.000  0.580  0.060  125.000  50.000  0.000  30.000  0.000  0.000  0.000  70.000  0.000  0.000  0.000  0.000  50000.000  -0.068  0.271  1.170  -0.419  -0.651  0.021  -0.405  -0.344  -0.416  0.322  -0.320  -0.326  -0.320  -0.320  0.971
  651434.720  4765680.710  723.930  2.000  1.350  0.000  5.000  50.000  0.000  70.000  0.000  0.000  0.000  30.000  0.000  0.000  0.000  0.000  40000.000  0.961  -1.686  -1.477  -0.418  -0.650  1.085  -0.403  -0.343  -0.415  -0.749  -0.319  -0.325  -0.319  -0.319  0.455
  651272.800  4765552.680  598.260  2.000  0.970  0.010  195.000  50.000  0.000  70.000  0.000  0.000  0.000  30.000  0.000  0.000  0.000  0.000  25000.000  0.510  -1.158  1.691  -0.416  -0.648  1.087  -0.402  -0.342  -0.413  -0.747  -0.318  -0.323  -0.318  -0.318  -0.580
  651263.910  4765548.570  698.710  2.000  1.480  0.030  32.000  50.000  10.000  80.000  0.000  0.000  0.000  10.000  0.000  0.000  0.000  0.000  30000.000  1.099  -0.384  -0.060  -0.414  0.759  1.475  -0.400  -0.340  -0.412  -1.214  -0.316  -0.322  -0.316  -0.316  -0.259
  651323.700  4765381.640  663.920  2.000  1.290  0.010  63.000  50.000  0.000  80.000  0.000  0.000  0.000  20.000  0.000  0.000  0.000  0.000  40000.000  0.888  -1.155  0.515  -0.413  -0.646  1.478  -0.399  -0.339  -0.411  -0.954  -0.315  -0.320  -0.315  -0.315  0.456
  651437.140  4765714.640  751.170  2.000  1.420  0.030  22.000  50.000  0.000  90.000  0.000  0.000  0.000  10.000  0.000  0.000  0.000  0.000  30000.000  1.016  -0.382  -0.406  -0.411  -0.645  1.827  -0.397  -0.337  -0.409  -1.211  -0.313  -0.319  -0.313  -0.313  -0.258
  651314.540  4765759.190  706.580  2.000  1.170  0.050  90.000  50.000  90.000  0.000  0.000  0.000  0.000  10.000  0.000  0.000  0.000  0.000  15000.000  0.753  0.084  0.819  -0.409  2.125  -1.319  -0.396  -0.336  -0.408  -1.209  -0.312  -0.318  -0.312  -0.312  -1.119
  651319.250  4765644.900  910.630  2.000  1.890  0.080  28.000  270.000  10.000  45.000  0.000  0.000  0.000  45.000  0.000  0.000  0.000  0.000  40000.000  1.408  0.529  -0.172  1.115  0.761  0.446  -0.395  -0.335  -0.406  -0.332  -0.311  -0.316  -0.311  -0.311  0.458
  651450.790  4765860.390  702.130  2.000  3.270  0.130  45.000  50.000  20.000  60.000  0.000  0.000  0.000  20.000  0.000  0.000  0.000  0.000  60000.000  2.123  0.940  0.216  -0.408  1.013  0.768  -0.393  -0.333  -0.405  -0.952  -0.309  -0.315  -0.309  -0.309  1.382
  651310.780  4765448.540  482.190  2.000  0.460  0.020  53.000  50.000  0.000  80.000  0.000  0.000  0.000  20.000  0.000  0.000  0.000  0.000  10000.000  -0.286  -0.747  0.361  -0.406  -0.643  1.483  -0.392  -0.332  -0.403  -0.950  -0.308  -0.313  -0.308  -0.308  -1.596
  651746.070  4766542.680  310.680  2.000  1.890  0.040  11.000  50.000  0.000  60.000  0.000  0.000  0.000  40.000  0.000  0.000  0.000  0.000  50000.000  1.412  -0.105  -0.916  -0.404  -0.641  0.770  -0.390  -0.330  -0.402  -0.461  -0.306  -0.312  -0.306  -0.306  0.973
  651728.090  4766630.510  232.900  2.000  4.730  0.110  5.000  50.000  50.000  50.000  0.000  0.000  0.000  0.000  0.000  0.000  0.000  0.000  45000.000  2.721  0.769  -1.473  -0.403  1.601  0.536  -0.389  -0.329  -0.400  -1.834  -0.305  -0.311  -0.305  -0.305  0.775
  651297.160  4765588.560  575.610  2.000  1.370  0.050  185.000  250.000  20.000  20.000  0.000  0.000  0.000  60.000  0.000  0.000  0.000  0.000  40000.000  0.970  0.085  1.609  1.081  1.015  -0.276  -0.387  -0.327  -0.399  0.014  -0.304  -0.309  -0.304  -0.304  0.459
  651443.460  4766067.290  792.560  2.000  0.810  0.030  14.000  50.000  0.000  50.000  0.000  0.000  0.000  50.000  0.000  0.000  0.000  0.000  40000.000  0.299  -0.381  -0.746  -0.401  -0.640  0.538  -0.386  -0.326  -0.397  -0.229  -0.302  -0.308  -0.302  -0.302  0.461
  651340.960  4765739.850  969.000  2.000  1.280  0.030  17.000  50.000  0.000  40.000  0.000  0.000  0.000  60.000  0.000  0.000  0.000  0.000  45000.000  0.871  -0.379  -0.609  -0.400  -0.638  0.294  -0.384  -0.325  -0.396  0.015  -0.301  -0.306  -0.301  -0.301  0.777
  650431.640  4765004.250  1103.830  2.000  0.150  0.030  12.900  121.000  0.000  0.000  0.000  0.000  0.000  100.000  0.000  0.000  0.000  0.000  30000.000  -0.919  -0.377  -0.817  0.711  -0.636  -1.315  -0.383  -0.323  -0.395  1.678  -0.299  -0.305  -0.299  -0.299  -0.256
  650732.310  4765966.260  1056.070  2.000  0.020  0.000  5.000  50.000  0.000  10.000  0.000  0.000  0.000  90.000  0.000  0.000  0.000  0.000  20000.000  -1.780  -1.680  -1.468  -0.398  -0.635  -0.648  -0.382  -0.322  -0.393  0.973  -0.298  -0.304  -0.298  -0.298  -0.887
  650242.030  4765247.720  881.950  2.000  0.270  0.140  14.750  31.500  0.000  0.000  0.000  0.000  0.000  100.000  0.000  0.000  0.000  0.000  150000.000  -0.593  0.992  -0.707  -1.057  -0.633  -1.312  -0.380  -0.320  -0.392  1.683  -0.297  -0.302  -0.297  -0.297  2.397
  651131.010  4765546.370  806.910  2.000  0.760  0.040  120.000  50.000  0.000  40.000  0.000  0.000  0.000  60.000  0.000  0.000  0.000  0.000  40000.000  0.208  -0.103  1.133  -0.396  -0.631  0.295  -0.379  -0.319  -0.390  0.017  -0.295  -0.301  -0.295  -0.295  0.462
  651274.830  4765550.690  603.550  2.000  1.160  0.030  105.000  50.000  10.000  40.000  0.000  0.000  0.000  50.000  0.000  0.000  0.000  0.000  10000.000  0.733  -0.376  0.977  -0.395  0.763  0.297  -0.377  -0.318  -0.389  -0.227  -0.294  -0.299  -0.294  -0.294  -1.591
  651270.770  4765554.660  592.980  2.000  0.890  0.020  140.000  50.000  0.000  70.000  0.000  0.000  0.000  30.000  0.000  0.000  0.000  0.000  10000.000  0.408  -0.745  1.291  -0.393  -0.630  1.090  -0.376  -0.316  -0.387  -0.745  -0.292  -0.298  -0.292  -0.292  -1.587
  651621.280  4766051.990  517.730  2.000  0.930  0.050  53.000  50.000  20.000  80.000  0.000  0.000  0.000  0.000  0.000  0.000  0.000  0.000  20000.000  0.468  0.087  0.362  -0.391  1.017  1.487  -0.374  -0.315  -0.386  -1.827  -0.291  -0.297  -0.291  -0.291  -0.885
  651300.820  4765302.220  681.000  2.000  1.320  0.020  68.000  50.000  0.000  60.000  0.000  0.000  0.000  40.000  0.000  0.000  0.000  0.000  40000.000  0.926  -0.743  0.572  -0.390  -0.628  0.772  -0.373  -0.313  -0.384  -0.459  -0.290  -0.295  -0.290  -0.290  0.463
  651341.660  4765656.070  505.020  2.000  0.780  0.020  110.000  110.000  40.000  60.000  0.000  0.000  0.000  0.000  0.000  0.000  0.000  0.000  20000.000  0.234  -0.741  1.039  0.631  1.436  0.774  -0.372  -0.312  -0.383  -1.819  -0.288  -0.294  -0.288  -0.288  -0.883
  650246.650  4765247.850  909.560  2.000  0.360  0.040  14.650  797.000  1.000  3.000  1.000  0.000  0.000  95.000  0.000  0.000  0.000  0.000  150000.000  -0.435  -0.102  -0.717  1.675  0.602  -0.931  1.806  -0.311  -0.382  1.385  -0.287  -0.292  -0.287  -0.287  2.421
  651454.580  4765553.920  563.830  2.000  4.070  0.030  75.000  50.000  30.000  60.000  0.000  0.000  0.000  10.000  0.000  0.000  0.000  0.000  70000.000  2.500  -0.374  0.664  -0.388  1.237  0.775  -0.370  -0.309  -0.380  -1.206  -0.285  -0.291  -0.285  -0.285  1.646
  651299.490  4765566.380  615.850  2.000  2.230  0.030  38.000  50.000  20.000  20.000  0.000  0.000  0.000  60.000  0.000  0.000  0.000  0.000  40000.000  1.639  -0.373  0.081  -0.386  1.020  -0.274  -0.369  -0.308  -0.379  0.018  -0.284  -0.290  -0.284  -0.284  0.465
  651556.490  4765967.200  811.320  2.000  1.070  0.020  17.000  50.000  0.000  60.000  0.000  0.000  0.000  40.000  0.000  0.000  0.000  0.000  40000.000  0.640  -0.739  -0.607  -0.385  -0.627  0.777  -0.367  -0.306  -0.377  -0.458  -0.283  -0.288  -0.283  -0.283  0.466
  651299.330  4765652.750  788.640  2.000  1.260  0.060  24.000  250.000  30.000  20.000  0.000  0.000  0.000  50.000  0.000  0.000  0.000  0.000  60000.000  0.847  0.273  -0.331  1.084  1.240  -0.273  -0.366  -0.305  -0.376  -0.226  -0.281  -0.287  -0.281  -0.281  1.385
  651314.690  4765768.360  691.090  2.000  1.330  0.030  25.000  50.000  0.000  35.000  0.000  0.000  0.000  65.000  0.000  0.000  0.000  0.000  60000.000  0.937  -0.371  -0.284  -0.383  -0.625  0.171  -0.364  -0.304  -0.374  0.147  -0.280  -0.285  -0.280  -0.280  1.389
  651764.260  4766053.330  340.950  2.000  -99.000  -99.000  -99.000  -99.000  90.000  10.000  0.000  0.000  0.000  0.000  0.000  0.000  0.000  0.000  10000.000  -99.000  -99.000  -99.000  -99.000  2.138  -0.646  -0.363  -0.302  -0.373  -1.813  -0.278  -0.284  -0.278  -0.278  -1.582
  651253.900  4765694.920  750.480  2.000  1.710  0.080  36.000  50.000  0.000  30.000  0.000  0.000  0.000  70.000  0.000  0.000  0.000  0.000  100000.000  1.290  0.530  0.027  -0.381  -0.623  0.022  -0.362  -0.301  -0.372  0.323  -0.277  -0.283  -0.277  -0.277  1.982
  651727.680  4766570.760  222.880  2.000  1.470  0.220  60.000  170.000  0.000  83.450  0.000  0.000  0.000  16.550  0.000  0.000  0.000  0.000  40000.000  1.075  1.332  0.478  0.916  -0.622  1.723  -0.360  -0.299  -0.370  -1.029  -0.276  -0.281  -0.276  -0.276  0.468
  651316.870  4765438.780  498.550  2.000  0.750  0.020  46.000  50.000  40.000  10.000  0.000  0.000  0.000  50.000  0.000  0.000  0.000  0.000  30000.000  0.192  -0.737  0.247  -0.380  1.440  -0.645  -0.359  -0.298  -0.369  -0.225  -0.274  -0.280  -0.274  -0.274  -0.255
  651312.940  4765760.170  782.770  2.000  0.750  0.020  19.000  50.000  0.000  20.000  0.000  0.000  0.000  80.000  0.000  0.000  0.000  0.000  40000.000  0.193  -0.735  -0.515  -0.378  -0.620  -0.271  -0.357  -0.297  -0.367  0.607  -0.273  -0.278  -0.273  -0.273  0.469
  651318.120  4765387.500  682.210  2.000  0.620  0.020  76.000  50.000  0.000  40.000  0.000  0.000  0.000  60.000  0.000  0.000  0.000  0.000  50000.000  -0.019  -0.733  0.671  -0.377  -0.618  0.298  -0.356  -0.295  -0.366  0.019  -0.271  -0.277  -0.271  -0.271  0.976
  651317.450  4765664.750  873.660  2.000  1.630  0.030  24.000  50.000  0.000  65.000  0.000  0.000  0.000  35.000  0.000  0.000  0.000  0.000  50000.000  1.218  -0.369  -0.329  -0.375  -0.617  0.991  -0.354  -0.294  -0.364  -0.555  -0.270  -0.276  -0.270  -0.270  0.978
  651229.640  4765570.500  790.060  2.000  1.410  0.040  160.000  50.000  20.000  60.000  0.000  0.000  0.000  20.000  0.000  0.000  0.000  0.000  40000.000  1.009  -0.100  1.464  -0.373  1.022  0.779  -0.353  -0.292  -0.363  -0.948  -0.269  -0.274  -0.269  -0.269  0.471
  651275.730  4765668.840  855.090  2.000  1.620  0.120  39.000  50.000  0.000  60.000  0.000  0.000  0.000  40.000  0.000  0.000  0.000  0.000  60000.000  1.197  0.853  0.107  -0.372  -0.615  0.781  -0.352  -0.291  -0.362  -0.456  -0.267  -0.273  -0.267  -0.267  1.392
  651273.480  4765552.020  600.030  2.000  0.900  0.020  93.000  50.000  0.000  40.000  0.000  0.000  0.000  60.000  0.000  0.000  0.000  0.000  10000.000  0.419  -0.731  0.855  -0.370  -0.614  0.299  -0.350  -0.290  -0.360  0.021  -0.266  -0.271  -0.266  -0.266  -1.577
  651366.250  4765515.610  586.110  2.000  0.740  0.020  33.000  50.000  0.000  50.000  0.000  0.000  0.000  50.000  0.000  0.000  0.000  0.000  50000.000  0.181  -0.730  -0.036  -0.368  -0.612  0.539  -0.349  -0.288  -0.359  -0.223  -0.265  -0.270  -0.265  -0.265  0.980
  651340.700  4765739.420  688.970  2.000  3.080  0.150  46.000  50.000  40.000  50.000  0.000  0.000  0.000  10.000  0.000  0.000  0.000  0.000  55000.000  2.045  1.024  0.248  -0.367  1.444  0.541  -0.347  -0.287  -0.357  -1.203  -0.263  -0.269  -0.263  -0.263  1.168
  651356.640  4765726.680  632.540  2.000  0.820  0.110  26.000  120.000  20.000  70.000  0.000  0.000  0.000  10.000  0.000  0.000  0.000  0.000  20000.000  0.311  0.771  -0.238  0.678  1.024  1.092  -0.346  -0.285  -0.356  -1.200  -0.262  -0.267  -0.262  -0.262  -0.881
  651451.650  4765795.070  622.920  2.000  2.330  0.080  21.000  50.000  20.000  50.000  0.000  0.000  0.000  30.000  0.000  0.000  0.000  0.000  40000.000  1.686  0.532  -0.443  -0.365  1.026  0.542  -0.344  -0.284  -0.354  -0.743  -0.260  -0.266  -0.260  -0.260  0.472
  651134.370  4765608.630  919.040  2.000  0.750  0.000  48.000  50.000  0.000  70.000  0.000  0.000  0.000  30.000  0.000  0.000  0.000  0.000  20000.000  0.195  -1.674  0.278  -0.364  -0.610  1.094  -0.343  -0.283  -0.353  -0.742  -0.259  -0.265  -0.259  -0.259  -0.879
  651318.960  4765833.420  588.010  2.000  1.250  0.090  110.000  25.000  0.000  75.000  0.000  0.000  0.000  25.000  0.000  0.000  0.000  0.000  30000.000  0.830  0.623  1.041  -1.126  -0.609  1.365  -0.342  -0.281  -0.352  -0.818  -0.258  -0.263  -0.258  -0.258  -0.253
  651550.140  4765972.160  790.850  2.000  2.650  0.120  5.000  50.000  0.000  60.000  0.000  0.000  0.000  40.000  0.000  0.000  0.000  0.000  50000.000  1.772  0.855  -1.464  -0.362  -0.607  0.783  -0.340  -0.280  -0.350  -0.455  -0.256  -0.262  -0.256  -0.256  0.982
  650627.270  4765000.050  980.450  2.000  0.140  0.040  20.900  195.500  7.000  23.000  0.000  0.000  0.000  70.000  0.000  0.000  0.000  0.000  55000.000  -0.961  -0.099  -0.464  0.968  0.671  -0.125  -0.339  -0.278  -0.349  0.325  -0.255  -0.260  -0.255  -0.255  1.171
  650915.300  4765510.840  861.910  2.000  0.630  0.050  63.000  -99.000  0.000  30.000  0.000  0.000  0.000  70.000  0.000  0.000  0.000  0.000  60000.000  0.001  0.088  0.517  -99.000  -0.606  0.023  -0.337  -0.277  -0.347  0.326  -0.253  -0.259  -0.253  -0.253  1.396
  651278.590  4765669.720  728.320  2.000  0.890  0.030  29.000  50.000  0.000  70.000  0.000  0.000  0.000  30.000  0.000  0.000  0.000  0.000  40000.000  0.409  -0.368  -0.145  -0.360  -0.604  1.097  -0.336  -0.276  -0.346  -0.740  -0.252  -0.258  -0.252  -0.252  0.474
  651458.000  4765549.550  587.180  2.000  2.050  0.080  31.000  50.000  0.000  60.000  0.000  0.000  0.000  40.000  0.000  0.000  0.000  0.000  60000.000  1.506  0.534  -0.081  -0.359  -0.602  0.784  -0.335  -0.274  -0.344  -0.453  -0.251  -0.256  -0.251  -0.251  1.399
  651345.590  4765735.610  672.060  2.000  2.990  0.210  10.000  -99.000  50.000  50.000  0.000  0.000  0.000  0.000  0.000  0.000  0.000  0.000  50000.000  1.968  1.280  -0.979  -99.000  1.606  0.544  -0.333  -0.273  -0.343  -1.806  -0.249  -0.255  -0.249  -0.249  0.984
  651276.230  4765543.180  800.740  2.000  1.300  0.050  57.000  50.000  0.000  50.000  0.000  0.000  0.000  50.000  0.000  0.000  0.000  0.000  60000.000  0.899  0.090  0.423  -0.357  -0.601  0.546  -0.332  -0.271  -0.342  -0.222  -0.248  -0.253  -0.248  -0.248  1.403
  651255.690  4765553.820  720.640  2.000  1.380  0.030  47.000  50.000  0.000  70.000  0.000  0.000  0.000  30.000  0.000  0.000  0.000  0.000  40000.000  0.985  -0.366  0.259  -0.355  -0.599  1.099  -0.330  -0.270  -0.340  -0.738  -0.247  -0.252  -0.247  -0.247  0.475
  651455.930  4765790.880  639.890  2.000  1.620  0.070  19.000  50.000  40.000  60.000  0.000  0.000  0.000  0.000  0.000  0.000  0.000  0.000  40000.000  1.200  0.414  -0.513  -0.354  1.447  0.786  -0.329  -0.269  -0.339  -1.799  -0.245  -0.251  -0.245  -0.245  0.477
  651347.580  4765356.450  587.430  2.000  2.970  0.130  32.000  50.000  60.000  40.000  0.000  0.000  0.000  0.000  0.000  0.000  0.000  0.000  90000.000  1.909  0.942  -0.058  -0.352  1.747  0.301  -0.327  -0.267  -0.337  -1.792  -0.244  -0.249  -0.244  -0.244  1.954
  651266.340  4765815.730  718.760  2.000  0.800  0.080  65.000  140.000  0.000  70.000  0.000  0.000  0.000  30.000  0.000  0.000  0.000  0.000  25000.000  0.277  0.535  0.542  0.785  -0.598  1.102  -0.326  -0.266  -0.336  -0.736  -0.242  -0.248  -0.242  -0.242  -0.578
  651197.510  4765309.130  562.790  2.000  0.460  0.030  32.000  50.000  0.000  80.000  0.000  0.000  0.000  20.000  0.000  0.000  0.000  0.000  10000.000  -0.285  -0.365  -0.057  -0.351  -0.596  1.491  -0.325  -0.265  -0.335  -0.946  -0.241  -0.247  -0.241  -0.241  -1.573
  651320.430  4765631.680  935.280  2.000  1.140  0.010  21.000  50.000  0.000  70.000  0.000  0.000  0.000  30.000  0.000  0.000  0.000  0.000  35000.000  0.701  -1.153  -0.441  -0.349  -0.594  1.104  -0.323  -0.263  -0.333  -0.734  -0.240  -0.245  -0.240  -0.240  0.186
  651270.880  4765548.560  780.100  2.000  1.110  0.030  24.000  50.000  0.000  60.000  0.000  0.000  0.000  40.000  0.000  0.000  0.000  0.000  40000.000  0.680  -0.363  -0.327  -0.347  -0.593  0.788  -0.322  -0.262  -0.332  -0.452  -0.238  -0.244  -0.238  -0.238  0.478
  651180.920  4765402.490  652.630  2.000  0.280  0.040  37.000  50.000  0.000  40.000  0.000  0.000  0.000  60.000  0.000  0.000  0.000  0.000  10000.000  -0.574  -0.097  0.052  -0.346  -0.591  0.302  -0.320  -0.260  -0.330  0.022  -0.237  -0.242  -0.237  -0.237  -1.568
  651402.020  4765509.320  515.730  2.000  0.790  0.060  30.000  50.000  33.530  20.000  0.000  0.000  0.000  46.470  0.000  0.000  0.000  0.000  35300.000  0.260  0.274  -0.109  -0.344  1.368  -0.270  -0.319  -0.259  -0.329  -0.323  -0.236  -0.241  -0.236  -0.236  0.225
  650245.660  4765247.820  903.650  2.000  0.380  0.030  12.700  18.800  0.000  0.000  0.000  0.000  0.000  100.000  0.000  0.000  0.000  0.000  150000.000  -0.398  -0.361  -0.823  -1.273  -0.590  -1.309  -0.318  -0.258  -0.327  1.689  -0.234  -0.240  -0.234  -0.234  2.447
  651355.110  4765377.580  490.770  2.000  0.650  0.020  110.000  50.000  0.000  60.000  0.000  0.000  0.000  40.000  0.000  0.000  0.000  0.000  30000.000  0.033  -0.728  1.044  -0.343  -0.588  0.790  -0.316  -0.256  -0.326  -0.450  -0.233  -0.238  -0.233  -0.233  -0.252
  650627.870  4765000.010  990.430  2.000  0.160  0.030  8.070  23.300  5.000  25.000  0.000  0.000  0.000  70.000  0.000  0.000  0.000  0.000  50000.000  -0.879  -0.360  -1.075  -1.176  0.625  -0.113  -0.315  -0.255  -0.325  0.327  -0.231  -0.237  -0.231  -0.231  0.986
  650921.110  4765303.780  1008.830  2.000  0.420  0.050  61.000  50.000  0.000  30.000  0.000  0.000  0.000  70.000  0.000  0.000  0.000  0.000  60000.000  -0.338  0.091  0.493  -0.341  -0.586  0.025  -0.313  -0.253  -0.323  0.329  -0.230  -0.236  -0.230  -0.230  1.407
  651264.800  4765817.620  713.280  2.000  0.810  0.090  105.000  50.000  0.000  30.000  0.000  0.000  0.000  70.000  0.000  0.000  0.000  0.000  25000.000  0.300  0.625  0.979  -0.339  -0.585  0.026  -0.312  -0.252  -0.322  0.330  -0.229  -0.234  -0.229  -0.229  -0.577
  650311.660  4765154.730  825.920  2.000  0.090  0.020  5.430  18.000  0.000  20.000  0.000  0.000  0.000  80.000  0.000  0.000  0.000  0.000  40000.000  -1.153  -0.726  -1.216  -1.300  -0.583  -0.269  -0.311  -0.251  -0.320  0.609  -0.227  -0.233  -0.227  -0.227  0.480
  651273.800  4765545.630  791.360  2.000  2.070  0.020  52.000  50.000  0.000  20.000  0.000  0.000  0.000  80.000  0.000  0.000  0.000  0.000  80000.000  1.525  -0.724  0.342  -0.338  -0.582  -0.267  -0.309  -0.249  -0.319  0.610  -0.226  -0.231  -0.226  -0.226  1.856
  651305.110  4765765.910  809.030  2.000  2.030  0.030  25.000  50.000  0.000  70.000  0.000  0.000  0.000  30.000  0.000  0.000  0.000  0.000  70000.000  1.488  -0.358  -0.282  -0.336  -0.580  1.107  -0.308  -0.248  -0.318  -0.733  -0.225  -0.230  -0.225  -0.225  1.651
  651302.150  4765775.890  841.570  2.000  2.210  0.060  5.000  50.000  0.000  50.000  0.000  0.000  0.000  50.000  0.000  0.000  0.000  0.000  35000.000  1.628  0.276  -1.460  -0.334  -0.578  0.547  -0.306  -0.247  -0.316  -0.220  -0.223  -0.229  -0.223  -0.223  0.188
  651586.510  4766425.040  397.670  2.000  2.810  0.130  11.000  50.000  30.000  50.000  0.000  0.000  0.000  20.000  0.000  0.000  0.000  0.000  50000.000  1.849  0.944  -0.914  -0.333  1.243  0.549  -0.305  -0.245  -0.315  -0.944  -0.222  -0.227  -0.222  -0.222  0.989
  651335.170  4765744.970  950.550  2.000  1.800  0.030  26.000  110.000  0.000  50.000  0.000  0.000  0.000  50.000  0.000  0.000  0.000  0.000  50000.000  1.361  -0.357  -0.236  0.633  -0.577  0.550  -0.304  -0.244  -0.313  -0.219  -0.220  -0.226  -0.220  -0.220  0.991
  651293.820  4765620.380  517.890  2.000  0.910  0.030  115.000  50.000  15.000  20.000  0.000  0.000  0.000  65.000  0.000  0.000  0.000  0.000  30000.000  0.440  -0.355  1.100  -0.331  0.901  -0.266  -0.302  -0.242  -0.312  0.148  -0.219  -0.225  -0.219  -0.219  -0.251
  651816.880  4766224.390  428.730  2.000  1.230  0.090  51.000  50.000  0.000  100.000  0.000  0.000  0.000  0.000  0.000  0.000  0.000  0.000  40000.000  0.805  0.627  0.324  -0.330  -0.575  2.331  -0.301  -0.241  -0.311  -1.786  -0.218  -0.223  -0.218  -0.218  0.481
  651140.180  4765661.090  848.630  2.000  0.680  0.030  45.000  25.000  0.000  80.000  0.000  0.000  0.000  20.000  0.000  0.000  0.000  0.000  30000.000  0.085  -0.354  0.218  -1.123  -0.574  1.495  -0.299  -0.240  -0.309  -0.942  -0.216  -0.222  -0.216  -0.216  -0.249
  651325.940  4765761.580  935.230  2.000  0.380  0.020  26.000  50.000  0.000  60.000  0.000  0.000  0.000  40.000  0.000  0.000  0.000  0.000  40000.000  -0.397  -0.722  -0.234  -0.328  -0.572  0.792  -0.298  -0.238  -0.308  -0.449  -0.215  -0.220  -0.215  -0.215  0.483
  651250.210  4765557.320  735.250  2.000  1.050  0.030  58.000  260.000  30.000  50.000  0.000  0.000  10.000  10.000  0.000  0.000  0.000  0.000  20000.000  0.620  -0.352  0.438  1.098  1.246  0.552  -0.297  -0.237  2.065  -1.198  -0.214  -0.219  -0.214  -0.214  -0.877
  650632.080  4764999.960  1054.290  2.000  0.250  0.040  78.900  182.500  10.000  25.000  0.000  0.000  0.000  65.000  0.000  0.000  0.000  0.000  55000.000  -0.636  -0.096  0.705  0.951  0.765  -0.112  -0.295  -0.236  -0.306  0.150  -0.212  -0.218  -0.212  -0.212  1.173
  651485.090  4765904.890  735.770  2.000  1.250  0.020  80.000  280.000  20.000  30.000  0.000  0.000  0.000  50.000  0.000  0.000  0.000  0.000  40000.000  0.832  -0.720  0.715  1.149  1.029  0.027  -0.294  -0.234  -0.305  -0.218  -0.211  -0.216  -0.211  -0.211  0.484
  651735.080  4766559.440  258.390  2.000  1.490  0.030  5.000  140.000  50.000  50.000  0.000  0.000  0.000  0.000  0.000  0.000  0.000  0.000  40000.000  1.108  -0.350  -1.455  0.787  1.611  0.553  -0.292  -0.233  -0.304  -1.779  -0.210  -0.215  -0.210  -0.210  0.486
  651276.140  4765668.400  857.000  2.000  0.990  0.190  37.000  50.000  0.000  40.000  0.000  0.000  0.000  60.000  0.000  0.000  0.000  0.000  55000.000  0.551  1.212  0.054  -0.326  -0.571  0.304  -0.291  -0.231  -0.302  0.023  -0.208  -0.214  -0.208  -0.208  1.176
  651449.060  4765798.250  652.370  2.000  2.090  0.050  18.000  50.000  0.000  70.000  0.000  0.000  0.000  30.000  0.000  0.000  0.000  0.000  40000.000  1.544  0.093  -0.568  -0.325  -0.569  1.109  -0.290  -0.230  -0.301  -0.731  -0.207  -0.212  -0.207  -0.207  0.487
  651351.760  4765723.150  780.100  2.000  2.320  0.060  32.000  50.000  0.000  80.000  0.000  0.000  0.000  20.000  0.000  0.000  0.000  0.000  40000.000  1.674  0.277  -0.055  -0.323  -0.567  1.499  -0.288  -0.229  -0.299  -0.940  -0.205  -0.211  -0.205  -0.205  0.489
  651304.560  4765365.770  760.990  2.000  1.690  0.000  87.000  50.000  40.000  50.000  0.000  0.000  0.000  10.000  0.000  0.000  0.000  0.000  30000.000  1.270  -1.668  0.794  -0.322  1.451  0.555  -0.287  -0.227  -0.298  -1.195  -0.204  -0.210  -0.204  -0.204  -0.248
  651314.190  4765391.570  695.010  2.000  1.060  0.020  190.000  50.000  70.000  20.000  0.000  0.000  0.000  10.000  0.000  0.000  0.000  0.000  30000.000  0.629  -0.718  1.649  -0.320  1.813  -0.265  -0.285  -0.226  -0.297  -1.192  -0.203  -0.208  -0.203  -0.203  -0.247
  651133.200  4765597.080  935.320  2.000  0.730  0.000  25.000  50.000  0.000  65.000  0.000  0.000  0.000  35.000  0.000  0.000  0.000  0.000  30000.000  0.169  -1.662  -0.281  -0.318  -0.566  0.993  -0.284  -0.225  -0.295  -0.553  -0.201  -0.207  -0.201  -0.201  -0.245
  651300.590  4765651.730  792.290  2.000  1.520  0.030  5.000  50.000  0.000  50.000  0.000  0.000  0.000  50.000  0.000  0.000  0.000  0.000  60000.000  1.130  -0.349  -1.451  -0.317  -0.564  0.556  -0.283  -0.223  -0.294  -0.216  -0.200  -0.205  -0.200  -0.200  1.410
  651285.210  4765658.880  898.980  2.000  1.080  0.000  84.000  50.000  0.000  60.000  0.000  0.000  0.000  40.000  0.000  0.000  0.000  0.000  40000.000  0.654  -1.656  0.754  -0.315  -0.563  0.794  -0.281  -0.222  -0.292  -0.447  -0.199  -0.204  -0.199  -0.199  0.490
  651551.820  4765492.660  630.020  2.000  0.680  0.010  34.000  120.000  0.000  20.000  0.000  0.000  0.000  80.000  0.000  0.000  0.000  0.000  50000.000  0.087  -1.150  -0.019  0.680  -0.561  -0.263  -0.280  -0.220  -0.291  0.612  -0.197  -0.203  -0.197  -0.197  0.993
  651476.320  4766241.940  628.580  2.000  1.240  0.050  5.000  50.000  0.000  70.000  0.000  0.000  0.000  30.000  0.000  0.000  0.000  0.000  40000.000  0.824  0.094  -1.447  -0.314  -0.560  1.112  -0.278  -0.219  -0.290  -0.729  -0.196  -0.201  -0.196  -0.196  0.492
  651757.650  4766525.360  364.800  2.000  1.320  0.030  29.000  50.000  0.000  90.000  0.000  0.000  0.000  10.000  0.000  0.000  0.000  0.000  30000.000  0.928  -0.347  -0.143  -0.312  -0.558  1.834  -0.277  -0.218  -0.288  -1.189  -0.194  -0.200  -0.194  -0.194  -0.244
  651463.460  4765932.370  648.520  2.000  3.740  0.150  28.000  50.000  100.000  0.000  0.000  0.000  0.000  0.000  0.000  0.000  0.000  0.000  25000.000  2.313  1.026  -0.171  -0.310  2.447  -1.306  -0.276  -0.216  -0.287  -1.773  -0.193  -0.199  -0.193  -0.193  -0.575
  651549.950  4765495.750  600.240  2.000  1.070  0.040  30.000  50.000  20.000  80.000  0.000  0.000  0.000  0.000  0.000  0.000  0.000  0.000  30000.000  0.641  -0.094  -0.107  -0.309  1.031  1.503  -0.274  -0.215  -0.285  -1.766  -0.192  -0.197  -0.192  -0.192  -0.242
  651259.800  4765824.040  695.010  2.000  0.560  0.040  155.000  50.000  0.000  70.000  0.000  0.000  0.000  30.000  0.000  0.000  0.000  0.000  20000.000  -0.096  -0.093  1.422  -0.307  -0.556  1.114  -0.273  -0.214  -0.284  -0.728  -0.190  -0.196  -0.190  -0.190  -0.875
  651550.200  4765495.340  604.210  2.000  0.610  0.030  115.000  50.000  0.000  60.000  0.000  0.000  0.000  40.000  0.000  0.000  0.000  0.000  40000.000  -0.038  -0.346  1.102  -0.306  -0.555  0.795  -0.271  -0.212  -0.283  -0.446  -0.189  -0.194  -0.189  -0.189  0.493
  651457.870  4765678.150  574.390  2.000  1.420  0.070  30.000  50.000  0.000  100.000  0.000  0.000  0.000  0.000  0.000  0.000  0.000  0.000  30000.000  1.019  0.416  -0.106  -0.304  -0.553  2.352  -0.270  -0.211  -0.281  -1.760  -0.188  -0.193  -0.188  -0.188  -0.241
  651186.710  4765397.640  664.420  2.000  0.520  0.050  195.000  50.000  0.000  70.000  0.000  0.000  0.000  30.000  0.000  0.000  0.000  0.000  30000.000  -0.186  0.096  1.697  -0.302  -0.552  1.117  -0.269  -0.210  -0.280  -0.726  -0.186  -0.192  -0.186  -0.186  -0.240
  650315.720  4765153.720  887.780  2.000  0.360  0.020  19.150  97.100  7.000  35.000  0.000  0.000  0.000  55.000  0.000  3.000  0.000  0.000  65000.000  -0.434  -0.716  -0.496  0.574  0.673  0.173  -0.267  -0.208  -0.278  -0.111  -0.185  2.179  -0.185  -0.185  1.559
  651587.240  4766424.340  399.400  2.000  2.880  0.110  5.000  140.000  10.000  50.000  0.000  0.000  0.000  40.000  0.000  0.000  0.000  0.000  60000.000  1.874  0.773  -1.443  0.789  0.766  0.558  -0.266  -0.207  -0.277  -0.444  -0.184  -0.190  -0.184  -0.184  1.414
  651316.850  4765673.230  857.790  2.000  1.130  0.070  15.000  430.000  10.000  30.000  0.000  0.000  0.000  60.000  0.000  0.000  0.000  0.000  30000.000  0.688  0.417  -0.688  1.337  0.768  0.029  -0.265  -0.205  -0.276  0.025  -0.182  -0.189  -0.182  -0.182  -0.238
  651194.580  4765297.500  569.930  2.000  0.480  0.100  155.000  50.000  0.000  50.000  0.000  0.000  0.000  50.000  0.000  0.000  0.000  0.000  40000.000  -0.243  0.691  1.426  -0.301  -0.550  0.560  -0.263  -0.204  -0.274  -0.215  -0.181  -0.188  -0.181  -0.181  0.495
  651316.020  4765801.860  636.580  2.000  1.070  0.020  190.000  50.000  10.000  80.000  0.000  0.000  0.000  10.000  0.000  0.000  0.000  0.000  30000.000  0.643  -0.714  1.654  -0.299  0.770  1.507  -0.262  -0.203  -0.273  -1.187  -0.180  -0.186  -0.180  -0.180  -0.237
  651314.330  4765724.640  765.150  2.000  2.210  0.040  13.000  50.000  0.000  60.000  0.000  0.000  0.000  40.000  0.000  0.000  0.000  0.000  70000.000  1.633  -0.091  -0.794  -0.298  -0.549  0.797  -0.260  -0.201  -0.271  -0.443  -0.178  -0.185  -0.178  -0.178  1.656
  650928.580  4766030.990  881.020  2.000  0.230  0.050  10.000  130.000  0.000  20.000  0.000  0.000  0.000  80.000  0.000  0.000  0.000  0.000  30000.000  -0.671  0.097  -0.977  0.734  -0.547  -0.262  -0.259  -0.200  -0.270  0.614  -0.177  -0.184  -0.177  -0.177  -0.236
  651813.920  4766630.200  117.680  2.000  3.710  0.050  5.000  50.000  10.000  70.000  0.000  0.000  0.000  20.000  0.000  0.000  0.000  0.000  80000.000  2.292  0.099  -1.438  -0.296  0.772  1.119  -0.258  -0.199  -0.269  -0.938  -0.175  -0.182  -0.175  -0.175  1.863
  651355.140  4765720.710  789.190  2.000  1.850  0.160  29.000  50.000  10.000  70.000  0.000  0.000  0.000  20.000  0.000  0.000  0.000  0.000  40000.000  1.388  1.073  -0.142  -0.295  0.774  1.122  -0.256  -0.197  -0.267  -0.936  -0.174  -0.181  -0.174  -0.174  0.497
  651346.150  4765363.230  655.680  2.000  1.230  0.020  35.000  50.000  0.000  70.000  0.000  0.000  0.000  30.000  0.000  0.000  0.000  0.000  30000.000  0.807  -0.712  0.006  -0.293  -0.546  1.124  -0.255  -0.196  -0.266  -0.724  -0.173  -0.180  -0.173  -0.173  -0.234
  651640.190  4766640.010  382.910  2.000  2.940  0.340  5.000  50.000  0.000  100.000  0.000  0.000  0.000  0.000  0.000  0.000  0.000  0.000  50000.000  1.891  1.699  -1.434  -0.291  -0.544  2.374  -0.253  -0.194  -0.265  -1.754  -0.171  -0.178  -0.171  -0.171  0.995
  651325.940  4765844.580  791.470  2.000  0.750  0.030  27.000  50.000  0.000  35.000  0.000  0.000  0.000  65.000  0.000  0.000  0.000  0.000  40000.000  0.196  -0.344  -0.198  -0.290  -0.542  0.174  -0.252  -0.193  -0.263  0.151  -0.170  -0.177  -0.170  -0.170  0.498
  651577.780  4766433.480  376.970  2.000  1.700  0.020  5.000  50.000  0.000  40.000  0.000  0.000  0.000  60.000  0.000  0.000  0.000  0.000  40000.000  1.287  -0.710  -1.430  -0.288  -0.541  0.305  -0.251  -0.192  -0.262  0.026  -0.169  -0.175  -0.169  -0.169  0.500
  650528.040  4765000.770  1017.470  2.000  0.440  0.040  23.700  68.400  10.000  15.000  0.000  0.000  0.000  75.000  0.000  0.000  0.000  0.000  50000.000  -0.310  -0.090  -0.348  0.520  0.775  -0.440  -0.249  -0.190  -0.260  0.462  -0.167  -0.174  -0.167  -0.167  0.997
  651261.960  4765563.360  570.120  2.000  1.240  0.040  145.000  50.000  0.000  0.000  0.000  0.000  0.000  0.000  0.000  0.000  0.000  0.000  0.000  0.826  -0.088  1.337  -0.287  -0.539  -1.303  -0.248  -0.189  -0.259  -1.747  -0.166  -0.173  -0.166  -0.166  -2.352
  651191.670  4765393.480  674.520  2.000  0.390  0.080  310.000  50.000  0.000  40.000  0.000  0.000  0.000  60.000  0.000  0.000  0.000  0.000  40000.000  -0.374  0.537  2.291  -0.285  -0.538  0.306  -0.247  -0.188  -0.258  0.027  -0.165  -0.171  -0.165  -0.165  0.501
  651325.940  4765809.580  852.090  2.000  1.140  0.030  25.000  50.000  10.000  40.000  0.000  0.000  0.000  50.000  0.000  0.000  0.000  0.000  40000.000  0.703  -0.343  -0.279  -0.283  0.777  0.308  -0.245  -0.186  -0.256  -0.214  -0.163  -0.170  -0.163  -0.163  0.503
  651557.720  4765743.080  366.240  2.000  1.530  0.220  18.000  50.000  100.000  0.000  0.000  0.000  0.000  0.000  0.000  0.000  0.000  0.000  20000.000  1.133  1.336  -0.567  -0.282  2.475  -1.300  -0.244  -0.185  -0.255  -1.741  -0.162  -0.169  -0.162  -0.162  -0.873
  651314.580  4765761.230  703.140  2.000  1.470  0.050  13.000  120.000  90.000  10.000  0.000  0.000  0.000  0.000  0.000  0.000  0.000  0.000  20000.000  1.078  0.100  -0.792  0.682  2.151  -0.643  -0.242  -0.184  -0.253  -1.735  -0.161  -0.167  -0.161  -0.161  -0.871
  651444.990  4765801.580  596.510  2.000  1.670  0.130  21.000  50.000  80.000  20.000  0.000  0.000  0.000  0.000  0.000  0.000  0.000  0.000  30000.000  1.250  0.947  -0.440  -0.280  1.972  -0.260  -0.241  -0.182  -0.252  -1.729  -0.159  -0.166  -0.159  -0.159  -0.233
  651453.460  4765555.410  556.050  2.000  2.840  0.070  17.000  50.000  90.000  10.000  0.000  0.000  0.000  0.000  0.000  0.000  0.000  0.000  40000.000  1.857  0.419  -0.605  -0.279  2.165  -0.641  -0.240  -0.181  -0.251  -1.723  -0.158  -0.165  -0.158  -0.158  0.504
  651424.770  4765689.680  679.920  2.000  1.190  0.000  27.000  50.000  0.000  70.000  0.000  0.000  0.000  30.000  0.000  0.000  0.000  0.000  40000.000  0.773  -1.651  -0.196  -0.277  -0.536  1.127  -0.238  -0.180  -0.249  -0.722  -0.156  -0.163  -0.156  -0.156  0.506
  651330.980  4765500.510  514.340  2.000  0.540  0.040  43.000  1270.000  0.000  30.000  0.000  0.000  0.000  70.000  0.000  0.000  0.000  0.000  40000.000  -0.142  -0.087  0.184  2.073  -0.535  0.030  -0.237  -0.178  -0.248  0.332  -0.155  -0.162  -0.155  -0.155  0.507
  651490.970  4766020.080  599.440  2.000  0.670  0.070  41.000  50.000  0.000  100.000  0.000  0.000  0.000  0.000  0.000  0.000  0.000  0.000  25000.000  0.069  0.421  0.140  -0.276  -0.533  2.397  -0.236  -0.177  -0.247  -1.717  -0.154  -0.161  -0.154  -0.154  -0.574
  651710.850  4766637.450  202.070  2.000  1.130  0.140  76.000  50.000  0.000  70.000  0.000  0.000  0.000  30.000  0.000  0.000  0.000  0.000  30000.000  0.689  0.994  0.673  -0.274  -0.532  1.129  -0.234  -0.175  -0.245  -0.721  -0.152  -0.159  -0.152  -0.152  -0.231
  651232.220  4765589.400  623.910  2.000  1.290  0.020  50.000  50.000  30.000  40.000  0.000  0.000  0.000  30.000  0.000  0.000  0.000  0.000  40000.000  0.890  -0.708  0.310  -0.272  1.249  0.309  -0.233  -0.174  -0.244  -0.719  -0.151  -0.158  -0.151  -0.151  0.509
  651296.780  4765404.860  682.540  2.000  1.250  0.010  46.000  50.000  0.000  50.000  10.000  0.000  0.000  40.000  0.000  0.000  0.000  0.000  30000.000  0.834  -1.147  0.250  -0.271  -0.530  0.561  2.125  -0.173  -0.242  -0.441  -0.150  -0.156  -0.150  -0.150  -0.230
  651282.740  4765544.560  864.920  2.000  1.420  0.020  31.000  50.000  0.000  60.000  0.000  0.000  0.000  40.000  0.000  0.000  0.000  0.000  40000.000  1.021  -0.706  -0.079  -0.269  -0.529  0.799  -0.231  -0.171  -0.241  -0.440  -0.148  -0.155  -0.148  -0.148  0.510
  651351.320  4765643.290  558.680  2.000  0.720  0.040  72.000  50.000  0.000  80.000  0.000  0.000  0.000  20.000  0.000  0.000  0.000  0.000  30000.000  0.151  -0.085  0.631  -0.268  -0.527  1.511  -0.230  -0.170  -0.240  -0.933  -0.147  -0.154  -0.147  -0.147  -0.229
  651473.290  4766038.390  843.850  2.000  1.030  0.030  29.000  50.000  0.000  40.000  0.000  0.000  0.000  60.000  0.000  0.000  0.000  0.000  50000.000  0.595  -0.341  -0.140  -0.266  -0.525  0.311  -0.229  -0.169  -0.238  0.029  -0.146  -0.152  -0.146  -0.146  1.000
  651244.320  4765349.460  789.600  2.000  1.470  0.020  49.000  50.000  0.000  70.000  0.000  0.000  0.000  30.000  0.000  0.000  0.000  0.000  40000.000  1.081  -0.705  0.298  -0.265  -0.524  1.132  -0.227  -0.167  -0.237  -0.717  -0.144  -0.151  -0.144  -0.144  0.512
  651418.880  4765604.310  695.090  2.000  1.460  0.030  35.000  50.000  0.000  70.000  0.000  0.000  0.000  30.000  0.000  0.000  0.000  0.000  40000.000  1.062  -0.339  0.007  -0.263  -0.522  1.134  -0.226  -0.166  -0.236  -0.715  -0.143  -0.150  -0.143  -0.143  0.513
  651260.400  4765685.010  675.410  2.000  1.230  0.040  81.000  50.000  10.000  40.000  0.000  0.000  0.000  50.000  0.000  0.000  0.000  0.000  50000.000  0.809  -0.084  0.722  -0.261  0.779  0.312  -0.225  -0.165  -0.234  -0.212  -0.142  -0.148  -0.142  -0.142  1.002
  651215.540  4765270.080  633.100  2.000  1.780  0.020  63.000  350.000  25.000  0.000  0.000  0.000  0.000  75.000  0.000  0.000  0.000  0.000  70000.000  1.343  -0.703  0.518  1.217  1.107  -1.297  -0.223  -0.163  -0.233  0.463  -0.140  -0.147  -0.140  -0.140  1.662
  651245.410  4765560.380  748.050  2.000  0.950  0.030  77.000  120.000  20.000  40.000  0.000  0.000  0.000  40.000  0.000  0.000  0.000  0.000  30000.000  0.490  -0.338  0.684  0.684  1.033  0.313  -0.222  -0.162  -0.231  -0.438  -0.139  -0.146  -0.139  -0.139  -0.227
  650313.320  4765154.290  851.860  2.000  0.050  0.010  13.400  10.300  0.000  18.000  0.000  0.000  0.000  80.000  0.000  2.000  0.000  0.000  40000.000  -1.424  -1.144  -0.768  -1.532  -0.521  -0.387  -0.220  -0.161  -0.230  0.615  -0.138  1.827  -0.138  -0.138  0.515
  651258.200  4765689.490  771.360  2.000  1.750  0.080  33.000  50.000  10.000  70.000  0.000  0.000  0.000  20.000  0.000  0.000  0.000  0.000  60000.000  1.325  0.539  -0.034  -0.260  0.781  1.137  -0.219  -0.159  -0.229  -0.931  -0.136  -0.144  -0.136  -0.136  1.417
  651762.380  4766616.560  296.970  2.000  2.330  0.030  10.000  50.000  10.000  80.000  0.000  0.000  0.000  10.000  0.000  0.000  0.000  0.000  40000.000  1.693  -0.336  -0.975  -0.258  0.783  1.515  -0.218  -0.158  -0.227  -1.184  -0.135  -0.143  -0.135  -0.135  0.516
  651330.280  4765747.450  724.620  2.000  2.360  0.100  16.000  50.000  0.000  80.000  0.000  0.000  0.000  20.000  0.000  0.000  0.000  0.000  30000.000  1.705  0.693  -0.640  -0.257  -0.519  1.520  -0.216  -0.156  -0.226  -0.929  -0.133  -0.142  -0.133  -0.133  -0.226
  651325.940  4765833.580  810.520  2.000  1.340  0.070  19.000  50.000  0.000  40.000  0.000  0.000  0.000  60.000  0.000  0.000  0.000  0.000  40000.000  0.951  0.422  -0.511  -0.255  -0.518  0.315  -0.215  -0.155  -0.225  0.030  -0.132  -0.140  -0.132  -0.132  0.518
  651179.230  4765403.910  649.300  2.000  0.810  0.030  64.000  50.000  0.000  40.000  0.000  0.000  0.000  60.000  0.000  0.000  0.000  0.000  20000.000  0.302  -0.335  0.535  -0.254  -0.516  0.316  -0.214  -0.154  -0.223  0.031  -0.131  -0.139  -0.131  -0.131  -0.869
  651434.390  4765802.030  605.240  2.000  2.980  0.320  56.000  50.000  50.000  50.000  0.000  0.000  0.000  0.000  0.000  0.000  0.000  0.000  40000.000  1.938  1.611  0.415  -0.252  1.616  0.563  -0.212  -0.152  -0.222  -1.712  -0.129  -0.138  -0.129  -0.129  0.519
  651280.000  4765478.150  530.070  2.000  0.770  0.030  185.000  170.000  0.000  60.000  0.000  0.000  0.000  40.000  0.000  0.000  0.000  0.000  40000.000  0.225  -0.333  1.615  0.918  -0.515  0.801  -0.211  -0.151  -0.220  -0.437  -0.128  -0.136  -0.128  -0.128  0.521
  651436.450  4765679.150  731.580  2.000  1.350  0.000  5.000  50.000  0.000  70.000  0.000  0.000  0.000  30.000  0.000  0.000  0.000  0.000  35000.000  0.963  -1.645  -1.426  -0.250  -0.513  1.139  -0.210  -0.150  -0.219  -0.714  -0.127  -0.135  -0.127  -0.127  0.189
  651293.900  4765525.670  868.310  2.000  0.460  0.020  18.000  50.000  0.000  30.000  0.000  0.000  0.000  70.000  0.000  0.000  0.000  0.000  70000.000  -0.283  -0.701  -0.565  -0.249  -0.512  0.031  -0.208  -0.148  -0.218  0.333  -0.125  -0.133  -0.125  -0.125  1.667
  651469.860  4765777.550  694.590  2.000  1.150  0.020  25.000  120.000  0.000  40.000  0.000  0.000  0.000  60.000  0.000  0.000  0.000  0.000  50000.000  0.718  -0.699  -0.278  0.686  -0.510  0.318  -0.207  -0.147  -0.216  0.033  -0.124  -0.132  -0.124  -0.124  1.004
  650567.340  4764999.240  980.990  3.000  0.500  0.060  14.570  278.250  5.000  5.000  0.000  0.000  0.000  90.000  0.000  0.000  0.000  0.000  70000.000  -0.216  0.279  -0.719  1.129  0.627  -0.823  -0.205  -0.146  -0.215  0.976  -0.123  -0.131  -0.123  -0.123  1.672
  651163.030  4766199.130  -609.190  3.000  0.090  0.090  98.800  20.700  0.000  30.000  0.000  0.000  0.000  68.000  0.000  2.000  0.000  0.000  30000.000  -1.150  0.629  0.914  -1.223  -0.509  0.033  -0.204  -0.144  -0.214  0.184  -0.121  1.834  -0.121  -0.121  -0.225
  650427.180  4764953.770  1108.830  3.000  0.090  0.400  14.650  8.900  0.000  18.000  0.000  0.000  0.000  80.000  0.000  2.000  0.000  0.000  20000.000  -1.147  1.794  -0.715  -1.639  -0.507  -0.386  -0.203  -0.143  -0.212  0.617  -0.120  1.841  -0.120  -0.120  -0.867
  651748.680  4765982.750  204.640  3.000  0.170  0.070  26.000  50.000  0.000  10.000  0.000  0.000  0.000  90.000  0.000  0.000  0.000  0.000  60000.000  -0.851  0.424  -0.233  -0.247  -0.506  -0.640  -0.201  -0.142  -0.211  0.978  -0.119  -0.129  -0.119  -0.119  1.421
  651578.890  4766098.980  375.180  3.000  0.670  1.040  39.000  230.000  0.000  30.000  0.000  0.000  0.000  70.000  0.000  0.000  0.000  0.000  40000.000  0.071  2.617  0.109  1.049  -0.504  0.034  -0.200  -0.140  -0.210  0.335  -0.117  -0.128  -0.117  -0.117  0.522
  650395.730  4764801.930  1026.470  3.000  0.080  0.030  11.230  15.840  0.000  0.000  0.000  0.000  0.000  100.000  0.000  0.000  0.000  0.000  5000.000  -1.225  -0.332  -0.883  -1.352  -0.503  -1.294  -0.199  -0.139  -0.208  1.694  -0.116  -0.127  -0.116  -0.116  -1.936
  650624.910  4764948.880  978.620  3.000  0.250  0.100  16.250  112.000  0.000  25.000  0.000  0.000  0.000  75.000  0.000  0.000  0.000  0.000  20000.000  -0.634  0.695  -0.623  0.659  -0.501  -0.111  -0.197  -0.138  -0.207  0.465  -0.115  -0.125  -0.115  -0.115  -0.865
  650254.240  4765049.590  951.630  3.000  0.200  0.110  29.900  52.300  0.000  15.000  0.000  0.000  0.000  85.000  0.000  0.000  0.000  0.000  30000.000  -0.779  0.775  -0.124  0.477  -0.500  -0.438  -0.196  -0.136  -0.205  0.810  -0.113  -0.124  -0.113  -0.113  -0.223
  651007.820  4765955.860  615.420  3.000  0.940  0.350  34.000  50.000  20.000  70.000  0.000  0.000  0.000  10.000  0.000  0.000  0.000  0.000  20000.000  0.480  1.725  -0.018  -0.246  1.036  1.142  -0.194  -0.135  -0.204  -1.181  -0.112  -0.123  -0.112  -0.112  -0.863
  651553.220  4766132.720  284.620  3.000  0.460  0.080  21.000  50.000  0.000  70.000  0.000  0.000  0.000  30.000  0.000  0.000  0.000  0.000  20000.000  -0.282  0.541  -0.438  -0.244  -0.498  1.145  -0.193  -0.133  -0.203  -0.712  -0.111  -0.121  -0.111  -0.111  -0.861
  650629.830  4765751.400  766.960  3.000  0.250  0.030  111.500  11.300  0.000  30.000  0.000  0.000  0.000  70.000  0.000  0.000  0.000  0.000  20000.000  -0.632  -0.330  1.073  -1.480  -0.497  0.035  -0.192  -0.132  -0.201  0.336  -0.109  -0.120  -0.109  -0.109  -0.859
  651492.650  4765951.380  435.990  3.000  0.590  0.070  215.000  50.000  0.000  50.000  0.000  0.000  0.000  50.000  0.000  0.000  0.000  0.000  30000.000  -0.054  0.426  1.839  -0.243  -0.495  0.564  -0.190  -0.131  -0.200  -0.211  -0.108  -0.119  -0.108  -0.108  -0.222
  651422.760  4765476.840  564.280  3.000  3.360  0.240  11.000  50.000  70.000  20.000  0.000  0.000  0.000  10.000  0.000  0.000  0.000  0.000  40000.000  2.168  1.412  -0.912  -0.241  1.819  -0.259  -0.189  -0.129  -0.199  -1.179  -0.107  -0.117  -0.107  -0.107  0.524
  651421.850  4765599.760  336.710  3.000  0.560  0.040  130.000  510.000  0.000  30.000  0.000  0.000  0.000  70.000  0.000  0.000  0.000  0.000  50000.000  -0.094  -0.082  1.225  1.432  -0.493  0.037  -0.188  -0.128  -0.197  0.337  -0.105  -0.116  -0.105  -0.105  1.006
  650745.390  4765132.640  938.330  3.000  -99.000  -99.000  -99.000  -99.000  0.000  10.000  0.000  0.000  0.000  90.000  0.000  0.000  0.000  0.000  25000.000  -99.000  -99.000  -99.000  -99.000  -0.492  -0.638  -0.186  -0.127  -0.196  0.980  -0.104  -0.115  -0.104  -0.104  -0.572
  651329.030  4765279.980  582.380  3.000  1.120  0.030  58.000  50.000  0.000  90.000  0.000  0.000  0.000  10.000  0.000  0.000  0.000  0.000  30000.000  0.684  -0.328  0.440  -0.239  -0.490  1.841  -0.185  -0.125  -0.194  -1.176  -0.103  -0.113  -0.103  -0.103  -0.220
  650165.940  4764997.480  1045.130  3.000  0.200  0.130  56.800  240.000  0.000  15.000  0.000  0.000  0.000  85.000  0.000  0.000  0.000  0.000  25000.000  -0.777  0.949  0.419  1.065  -0.489  -0.437  -0.184  -0.124  -0.193  0.812  -0.101  -0.112  -0.101  -0.101  -0.571
  650548.700  4764835.030  1066.410  3.000  0.050  0.020  9.190  29.180  0.000  1.000  1.000  0.000  0.000  98.000  0.000  0.000  0.000  0.000  50000.000  -1.420  -0.697  -1.034  -1.076  -0.487  -0.952  1.813  -0.123  -0.192  1.459  -0.100  -0.111  -0.100  -0.100  1.008
  650084.290  4765048.130  1038.540  3.000  0.130  0.230  4.090  248.000  0.000  18.000  0.000  0.000  0.000  80.000  0.000  2.000  0.000  0.000  30000.000  -1.002  1.384  -1.898  1.076  -0.486  -0.384  -0.182  -0.121  -0.190  0.618  -0.098  1.848  -0.098  -0.098  -0.219
  651231.260  4766406.380  671.000  3.000  -99.000  -99.000  -99.000  -99.000  0.000  0.000  0.000  0.000  0.000  100.000  0.000  0.000  0.000  0.000  15000.000  -99.000  -99.000  -99.000  -99.000  -0.484  -1.290  -0.181  -0.120  -0.189  1.700  -0.097  -0.109  -0.097  -0.097  -1.117
  650735.350  4765099.360  1025.920  3.000  0.050  0.020  25.810  20.510  0.000  20.000  0.000  0.000  0.000  80.000  0.000  0.000  0.000  0.000  70000.000  -1.416  -0.695  -0.251  -1.226  -0.483  -0.258  -0.180  -0.119  -0.188  0.620  -0.096  -0.108  -0.096  -0.096  1.678
  651857.800  4766471.120  163.560  3.000  1.470  0.060  18.000  50.000  25.000  45.000  0.000  0.000  0.000  30.000  0.000  0.000  0.000  0.000  25000.000  1.083  0.280  -0.563  -0.238  1.109  0.447  -0.178  -0.117  -0.186  -0.710  -0.094  -0.107  -0.094  -0.094  -0.569
  651426.700  4766152.100  449.000  3.000  1.030  0.050  140.000  50.000  0.000  80.000  0.000  0.000  0.000  20.000  0.000  0.000  0.000  0.000  40000.000  0.596  0.102  1.295  -0.236  -0.481  1.524  -0.177  -0.116  -0.185  -0.927  -0.093  -0.105  -0.093  -0.093  0.525
  651491.410  4766495.610  299.230  3.000  0.100  0.020  55.000  50.000  0.000  40.000  0.000  0.000  0.000  60.000  0.000  0.000  0.000  0.000  10000.000  -1.094  -0.693  0.399  -0.235  -0.480  0.319  -0.175  -0.115  -0.184  0.034  -0.092  -0.104  -0.092  -0.092  -1.564
  650277.990  4764997.970  1000.650  3.000  0.220  0.080  15.000  56.400  0.000  10.000  0.000  0.000  0.000  90.000  0.000  0.000  0.000  0.000  30000.000  -0.706  0.542  -0.686  0.490  -0.478  -0.636  -0.174  -0.113  -0.182  0.982  -0.090  -0.103  -0.090  -0.090  -0.218
  650331.630  4764901.580  954.800  3.000  0.070  0.020  3.870  8.700  0.000  45.000  0.000  0.000  0.000  55.000  0.000  0.000  0.000  0.000  10000.000  -1.270  -0.691  -1.946  -1.662  -0.477  0.449  -0.173  -0.112  -0.181  -0.109  -0.089  -0.101  -0.089  -0.089  -1.559
  650589.560  4764920.160  1111.210  3.000  0.360  0.040  10.340  246.750  0.000  0.000  0.000  0.000  0.000  100.000  0.000  0.000  0.000  0.000  20000.000  -0.432  -0.081  -0.953  1.070  -0.475  -1.287  -0.171  -0.111  -0.180  1.706  -0.088  -0.100  -0.088  -0.088  -0.858
  651408.400  4765824.510  715.720  3.000  3.690  0.590  41.000  120.000  10.000  90.000  0.000  0.000  0.000  0.000  0.000  0.000  0.000  0.000  50000.000  2.272  2.168  0.142  0.687  0.784  1.848  -0.170  -0.109  -0.178  -1.706  -0.086  -0.098  -0.086  -0.086  1.011
  651436.890  4766144.250  488.980  3.000  0.690  0.020  99.000  50.000  0.000  100.000  0.000  0.000  0.000  0.000  0.000  0.000  0.000  0.000  30000.000  0.102  -0.689  0.919  -0.233  -0.474  2.421  -0.169  -0.108  -0.177  -1.700  -0.085  -0.097  -0.085  -0.085  -0.216
  650268.790  4764997.820  974.210  3.000  0.160  0.100  16.200  64.700  0.000  10.000  0.000  0.000  0.000  88.000  0.000  2.000  0.000  0.000  30000.000  -0.877  0.697  -0.625  0.509  -0.472  -0.635  -0.167  -0.107  -0.175  0.873  -0.084  1.856  -0.084  -0.084  -0.215
  651084.450  4765630.330  299.140  3.000  0.250  0.100  24.000  50.000  0.000  30.000  0.000  0.000  0.000  70.000  0.000  0.000  0.000  0.000  30000.000  -0.630  0.699  -0.326  -0.232  -0.471  0.038  -0.166  -0.105  -0.174  0.339  -0.082  -0.096  -0.082  -0.082  -0.214
  650905.370  4765724.010  98.280  3.000  0.290  0.040  59.200  4.900  0.000  25.000  0.000  0.000  0.000  75.000  0.000  0.000  0.000  0.000  30000.000  -0.560  -0.079  0.473  -1.989  -0.469  -0.109  -0.165  -0.104  -0.173  0.466  -0.081  -0.094  -0.081  -0.081  -0.212
  651784.520  4766247.690  193.150  3.000  0.820  0.330  15.000  50.000  20.000  50.000  0.000  0.000  0.000  30.000  0.000  0.000  0.000  0.000  30000.000  0.313  1.645  -0.684  -0.230  1.038  0.566  -0.163  -0.103  -0.171  -0.708  -0.080  -0.093  -0.080  -0.080  -0.211
  650956.600  4765919.320  468.470  3.000  0.350  0.040  20.000  50.000  0.000  70.000  0.000  0.000  0.000  30.000  0.000  0.000  0.000  0.000  30000.000  -0.457  -0.078  -0.483  -0.228  -0.468  1.147  -0.162  -0.101  -0.170  -0.707  -0.078  -0.092  -0.078  -0.078  -0.210
  650849.050  4766169.720  112.760  3.000  0.910  0.510  14.700  57.500  0.000  15.000  0.000  0.000  0.000  83.000  0.000  2.000  0.000  0.000  60000.000  0.442  2.057  -0.709  0.494  -0.466  -0.435  -0.161  -0.100  -0.169  0.781  -0.077  1.863  -0.077  -0.077  1.425
  650387.250  4764950.880  864.090  3.000  0.050  0.030  2.530  45.600  0.000  30.000  0.000  0.000  0.000  70.000  0.000  0.000  0.000  0.000  1000.000  -1.412  -0.327  -2.081  -0.985  -0.465  0.039  -0.159  -0.098  -0.167  0.340  -0.076  -0.090  -0.076  -0.076  -2.065
  650264.860  4764997.760  962.870  3.000  0.160  0.210  36.100  82.100  0.000  15.000  0.000  0.000  0.000  84.000  0.000  1.000  0.000  0.000  20000.000  -0.875  1.283  0.042  0.553  -0.463  -0.434  -0.158  -0.097  -0.166  0.786  -0.074  1.792  -0.074  -0.074  -0.856
  650234.220  4765098.650  1127.500  3.000  0.900  0.150  37.200  37.000  0.000  5.000  10.000  0.000  0.000  85.000  0.000  0.000  0.000  0.000  20000.000  0.421  1.029  0.064  -1.021  -0.462  -0.821  2.138  -0.096  -0.165  0.814  -0.073  -0.089  -0.073  -0.073  -0.854
  651146.920  4765516.270  607.280  3.000  0.380  0.070  44.000  50.000  0.000  30.000  0.000  0.000  0.000  70.000  0.000  0.000  0.000  0.000  30000.000  -0.395  0.427  0.204  -0.227  -0.461  0.041  -0.156  -0.094  -0.163  0.342  -0.072  -0.088  -0.072  -0.072  -0.208
  651163.820  4765771.970  53.250  3.000  0.220  0.110  16.000  50.000  0.000  20.000  0.000  0.000  0.000  80.000  0.000  0.000  0.000  0.000  10000.000  -0.705  0.777  -0.638  -0.225  -0.459  -0.256  -0.155  -0.093  -0.162  0.622  -0.070  -0.086  -0.070  -0.070  -1.555
  651613.770  4766671.930  236.290  3.000  -99.000  -99.000  -99.000  -99.000  0.000  0.000  0.000  0.000  0.000  100.000  0.000  0.000  0.000  0.000  10000.000  -99.000  -99.000  -99.000  -99.000  -0.458  -1.284  -0.154  -0.092  -0.161  1.712  -0.069  -0.085  -0.069  -0.069  -1.550
  651406.200  4766679.500  145.040  3.000  1.260  0.160  110.000  50.000  0.000  70.000  0.000  0.000  0.000  30.000  0.000  0.000  0.000  0.000  40000.000  0.849  1.075  1.047  -0.224  -0.456  1.150  -0.152  -0.090  -0.159  -0.705  -0.068  -0.084  -0.068  -0.068  0.527
  650059.920  4764884.080  1086.810  3.000  0.130  0.060  5.800  26.350  0.000  0.000  0.000  0.000  0.000  100.000  0.000  0.000  0.000  0.000  10000.000  -0.999  0.282  -1.191  -1.098  -0.455  -1.281  -0.151  -0.089  -0.158  1.717  -0.066  -0.082  -0.066  -0.066  -1.546
  650816.720  4766120.730  768.070  3.000  0.080  0.030  5.000  50.000  0.000  10.000  0.000  0.000  0.000  90.000  0.000  0.000  0.000  0.000  40000.000  -1.222  -0.325  -1.422  -0.222  -0.453  -0.633  -0.150  -0.088  -0.156  0.984  -0.065  -0.081  -0.065  -0.065  0.529
  650860.060  4765727.170  202.830  3.000  0.140  0.020  21.800  13.400  0.000  70.000  0.000  0.000  0.000  28.000  0.000  2.000  0.000  0.000  15000.000  -0.958  -0.688  -0.422  -1.407  -0.452  1.152  -0.148  -0.086  -0.155  -0.808  -0.064  1.871  -0.064  -0.064  -1.114
  651330.100  4766007.880  559.140  3.000  0.940  0.060  140.000  50.000  0.000  40.000  0.000  0.000  0.000  60.000  0.000  0.000  0.000  0.000  40000.000  0.481  0.283  1.298  -0.221  -0.450  0.320  -0.147  -0.085  -0.154  0.035  -0.062  -0.080  -0.062  -0.062  0.530
  651874.260  4766345.800  204.690  3.000  0.830  0.260  5.000  50.000  30.000  30.000  0.000  0.000  0.000  40.000  0.000  0.000  0.000  0.000  30000.000  0.319  1.462  -1.418  -0.219  1.251  0.042  -0.146  -0.084  -0.152  -0.435  -0.061  -0.078  -0.061  -0.061  -0.207
  651592.950  4766081.760  424.390  3.000  0.900  0.210  61.000  230.000  0.000  30.000  0.000  0.000  0.000  70.000  0.000  0.000  0.000  0.000  40000.000  0.422  1.287  0.495  1.052  -0.449  0.043  -0.144  -0.082  -0.151  0.343  -0.060  -0.077  -0.060  -0.060  0.532
  650132.420  4764996.300  985.970  3.000  0.110  0.080  2.110  47.800  0.000  45.000  0.000  0.000  0.000  55.000  0.000  0.000  0.000  0.000  15000.000  -1.057  0.544  -2.312  -0.971  -0.447  0.450  -0.143  -0.081  -0.150  -0.108  -0.058  -0.076  -0.058  -0.058  -1.112
  650653.780  4765471.910  190.050  3.000  0.520  0.420  48.100  90.500  0.000  15.000  0.000  0.000  0.000  85.000  0.000  0.000  0.000  0.000  80000.000  -0.184  1.841  0.282  0.565  -0.446  -0.432  -0.142  -0.080  -0.148  0.816  -0.057  -0.074  -0.057  -0.057  1.871
  651018.150  4765954.550  598.340  3.000  1.030  0.170  120.000  50.000  0.000  80.000  0.000  0.000  0.000  20.000  0.000  0.000  0.000  0.000  30000.000  0.598  1.124  1.136  -0.218  -0.444  1.528  -0.140  -0.078  -0.147  -0.925  -0.056  -0.073  -0.056  -0.056  -0.205
  650217.070  4765098.020  1035.080  3.000  0.430  0.220  65.000  33.600  0.000  40.000  0.000  0.000  0.000  52.000  0.000  8.000  0.000  0.000  30000.000  -0.322  1.339  0.544  -1.036  -0.443  0.322  -0.139  -0.077  -0.146  -0.123  -0.054  3.156  -0.054  -0.054  -0.204
  651588.960  4765592.740  523.020  3.000  1.020  0.020  39.000  50.000  10.000  80.000  0.000  0.000  0.000  10.000  0.000  0.000  0.000  0.000  30000.000  0.589  -0.686  0.110  -0.216  0.786  1.532  -0.138  -0.076  -0.144  -1.173  -0.053  -0.072  -0.053  -0.053  -0.203
  650393.850  4764802.190  1112.450  3.000  0.080  0.060  7.140  31.800  0.000  0.000  0.000  0.000  0.000  100.000  0.000  0.000  0.000  0.000  5000.000  -1.218  0.285  -1.119  -1.049  -0.441  -1.278  -0.136  -0.074  -0.143  1.723  -0.052  -0.070  -0.052  -0.052  -1.928
  651331.900  4766676.310  70.220  3.000  -99.000  -99.000  -99.000  -99.000  10.000  35.000  0.000  0.000  0.000  50.000  0.000  0.000  5.000  0.000  20000.000  -99.000  -99.000  -99.000  -99.000  0.788  0.175  -0.135  -0.073  -0.142  -0.210  -0.050  -0.069  3.156  -0.050  -0.852
  651406.660  4766168.150  369.020  3.000  0.890  0.080  34.000  50.000  0.000  80.000  0.000  0.000  0.000  20.000  0.000  0.000  0.000  0.000  40000.000  0.411  0.546  -0.016  -0.214  -0.440  1.537  -0.133  -0.072  -0.140  -0.923  -0.049  -0.068  -0.050  -0.049  0.533
  651413.790  4765699.590  632.160  3.000  2.040  0.080  13.000  50.000  20.000  50.000  0.000  0.000  0.000  30.000  0.000  0.000  0.000  0.000  30000.000  1.502  0.548  -0.790  -0.213  1.040  0.567  -0.132  -0.070  -0.139  -0.703  -0.048  -0.066  -0.049  -0.048  -0.201
  650719.700  4765737.940  549.170  3.000  -99.000  -99.000  -99.000  -99.000  0.000  38.000  0.000  0.000  0.000  60.000  0.000  2.000  0.000  0.000  35000.000  -99.000  -99.000  -99.000  -99.000  -0.438  0.219  -0.131  -0.069  -0.138  0.037  -0.046  1.879  -0.048  -0.046  0.190
  650091.940  4765048.050  1128.220  3.000  0.260  0.310  45.400  42.900  0.000  10.000  0.000  0.000  0.000  90.000  0.000  0.000  0.000  0.000  3000.000  -0.612  1.590  0.231  -0.993  -0.437  -0.631  -0.129  -0.068  -0.136  0.986  -0.045  -0.065  -0.046  -0.045  -2.001
  651359.440  4766159.030  636.000  3.000  1.060  0.050  88.000  50.000  0.000  70.000  0.000  0.000  0.000  30.000  0.000  0.000  0.000  0.000  30000.000  0.630  0.103  0.800  -0.211  -0.435  1.155  -0.128  -0.066  -0.135  -0.702  -0.043  -0.064  -0.045  -0.043  -0.200
  651230.960  4766406.130  1085.000  3.000  -99.000  -99.000  -99.000  -99.000  0.000  0.000  0.000  0.000  0.000  0.000  0.000  0.000  0.000  0.000  0.000  -99.000  -99.000  -99.000  -99.000  -0.434  -1.275  -0.127  -0.065  -0.133  -1.694  -0.042  -0.062  -0.043  -0.042  -2.331
  650933.170  4765932.040  564.850  3.000  0.580  0.060  52.000  50.000  0.000  40.000  0.000  0.000  0.000  60.000  0.000  0.000  0.000  0.000  40000.000  -0.066  0.286  0.343  -0.210  -0.432  0.323  -0.125  -0.064  -0.132  0.038  -0.041  -0.061  -0.042  -0.041  0.535
  651554.010  4766680.080  309.680  3.000  0.800  0.090  270.000  50.000  0.000  80.000  0.000  0.000  0.000  20.000  0.000  0.000  0.000  0.000  20000.000  0.279  0.630  2.122  -0.208  -0.431  1.541  -0.124  -0.062  -0.131  -0.921  -0.039  -0.060  -0.041  -0.039  -0.850
  651168.150  4764775.430  1012.280  3.000  0.630  0.030  56.720  140.320  0.000  0.000  0.000  0.000  0.000  100.000  0.000  0.000  0.000  0.000  60000.000  0.002  -0.324  0.417  0.819  -0.430  -1.272  -0.123  -0.061  -0.129  1.729  -0.038  -0.058  -0.039  -0.038  1.428
  650472.290  4764922.110  1120.420  3.000  2.240  1.370  12.270  70.800  0.000  30.000  40.000  0.000  0.000  30.000  0.000  0.000  0.000  0.000  70000.000  1.645  3.125  -0.844  0.530  -0.428  0.045  2.820  -0.060  -0.128  -0.700  -0.037  -0.057  -0.038  -0.037  1.683
  650938.560  4765720.760  23.360  3.000  0.970  0.400  109.000  25.500  0.000  43.000  0.000  0.000  0.000  55.000  0.000  2.000  0.000  0.000  35000.000  0.512  1.802  1.024  -1.103  -0.427  0.437  -0.121  -0.058  -0.127  -0.107  -0.035  1.886  -0.037  -0.035  0.192
  651839.940  4766479.030  138.220  3.000  0.830  0.260  13.000  50.000  80.000  0.000  0.000  0.000  0.000  20.000  0.000  0.000  0.000  0.000  10000.000  0.321  1.466  -0.788  -0.207  1.982  -1.269  -0.120  -0.057  -0.125  -0.919  -0.034  -0.056  -0.035  -0.034  -1.541
  650928.430  4765934.430  584.130  3.000  0.990  0.160  130.000  50.000  0.000  70.000  0.000  0.000  0.000  30.000  0.000  0.000  0.000  0.000  40000.000  0.553  1.078  1.229  -0.205  -0.425  1.158  -0.119  -0.056  -0.124  -0.698  -0.033  -0.054  -0.034  -0.033  0.536
  650258.570  4765049.540  962.820  3.000  0.090  0.020  15.800  7.600  0.000  10.000  0.000  0.000  0.000  90.000  0.000  0.000  0.000  0.000  15000.000  -1.144  -0.684  -0.656  -1.761  -0.424  -0.630  -0.117  -0.054  -0.123  0.989  -0.031  -0.053  -0.033  -0.031  -1.109
  650994.870  4765981.000  668.700  3.000  0.270  0.050  19.000  50.000  0.000  60.000  0.000  0.000  0.000  40.000  0.000  0.000  0.000  0.000  30000.000  -0.591  0.105  -0.510  -0.204  -0.422  0.803  -0.116  -0.053  -0.121  -0.434  -0.030  -0.052  -0.031  -0.030  -0.199
  651598.950  4766046.420  393.220  3.000  0.890  0.060  155.000  50.000  0.000  60.000  0.000  0.000  0.000  40.000  0.000  0.000  0.000  0.000  40000.000  0.413  0.288  1.430  -0.202  -0.421  0.805  -0.115  -0.052  -0.120  -0.432  -0.029  -0.050  -0.030  -0.029  0.538
  650151.160  4764996.960  1019.030  3.000  0.080  0.090  23.500  49.800  0.000  15.000  0.000  0.000  0.000  85.000  0.000  0.000  0.000  0.000  25000.000  -1.215  0.632  -0.351  -0.956  -0.419  -0.431  -0.113  -0.050  -0.119  0.818  -0.027  -0.049  -0.029  -0.027  -0.567
  650644.700  4765471.750  222.810  3.000  0.050  0.020  17.000  18.300  0.000  5.870  0.000  0.000  0.000  94.130  0.000  0.000  0.000  0.000  30000.000  -1.408  -0.682  -0.604  -1.276  -0.418  -0.790  -0.112  -0.049  -0.117  1.211  -0.026  -0.048  -0.027  -0.026  -0.197
  651441.340  4766141.000  506.110  3.000  0.860  0.020  72.000  120.000  0.000  80.000  0.000  0.000  0.000  20.000  0.000  0.000  0.000  0.000  40000.000  0.361  -0.680  0.633  0.689  -0.416  1.546  -0.111  -0.048  -0.116  -0.917  -0.025  -0.046  -0.026  -0.025  0.539
  650960.760  4765916.940  451.120  3.000  0.030  0.000  5.000  50.000  0.000  0.000  0.000  0.000  0.000  100.000  0.000  0.000  0.000  0.000  20000.000  -1.611  -1.639  -1.414  -0.200  -0.415  -1.266  -0.109  -0.046  -0.115  1.735  -0.023  -0.045  -0.025  -0.023  -0.848
  651826.440  4766199.530  289.980  3.000  1.170  0.340  190.000  620.000  0.000  40.000  0.000  0.000  0.000  60.000  0.000  0.000  0.000  0.000  50000.000  0.755  1.705  1.660  1.522  -0.413  0.325  -0.108  -0.045  -0.113  0.039  -0.022  -0.043  -0.023  -0.022  1.013
  651224.450  4766252.180  685.940  3.000  1.330  0.170  63.000  50.000  0.000  40.000  0.000  0.000  0.000  60.000  0.000  0.000  0.000  0.000  40000.000  0.940  1.127  0.520  -0.199  -0.412  0.326  -0.107  -0.043  -0.112  0.041  -0.021  -0.042  -0.022  -0.021  0.541
  651221.780  4765717.950  564.480  3.000  0.500  0.140  53.000  140.000  0.000  10.000  0.000  0.000  0.000  90.000  0.000  0.000  0.000  0.000  40000.000  -0.214  0.997  0.364  0.791  -0.411  -0.628  -0.105  -0.042  -0.111  0.991  -0.019  -0.041  -0.021  -0.019  0.542
  650875.280  4766079.010  547.520  3.000  0.370  0.130  71.000  50.000  0.000  20.000  0.000  0.000  0.000  80.000  0.000  0.000  0.000  0.000  30000.000  -0.408  0.951  0.620  -0.197  -0.409  -0.255  -0.104  -0.041  -0.109  0.623  -0.018  -0.039  -0.019  -0.018  -0.196
  650924.430  4764928.170  998.480  3.000  0.050  0.010  11.000  -99.000  0.000  0.000  0.000  0.000  0.000  100.000  0.000  0.000  0.000  0.000  40000.000  -1.404  -1.141  -0.910  -99.000  -0.408  -1.263  -0.103  -0.039  -0.108  1.741  -0.017  -0.038  -0.018  -0.017  0.544
  650072.670  4764993.080  1081.840  3.000  0.070  0.030  2.500  10.000  0.000  25.000  0.000  0.000  0.000  75.000  0.000  0.000  0.000  0.000  10000.000  -1.267  -0.322  -2.166  -1.552  -0.406  -0.108  -0.101  -0.038  -0.107  0.468  -0.015  -0.037  -0.017  -0.015  -1.537
  651548.940  4766708.160  -52.460  3.000  0.740  0.150  19.000  50.000  0.000  50.000  0.000  0.000  0.000  50.000  0.000  0.000  0.000  0.000  40000.000  0.183  1.031  -0.508  -0.196  -0.405  0.569  -0.100  -0.037  -0.105  -0.208  -0.014  -0.035  -0.015  -0.014  0.546
  650984.210  4765990.190  704.000  3.000  0.330  0.090  23.000  50.000  0.000  25.000  0.000  0.000  0.000  75.000  0.000  0.000  0.000  0.000  50000.000  -0.481  0.634  -0.369  -0.194  -0.403  -0.107  -0.098  -0.035  -0.104  0.469  -0.013  -0.034  -0.014  -0.013  1.015
  650480.330  4764927.670  1092.810  3.000  1.460  0.410  15.550  803.500  10.000  30.000  0.000  0.000  0.000  60.000  0.000  0.000  0.000  0.000  70000.000  1.065  1.817  -0.664  1.681  0.790  0.046  -0.097  -0.034  -0.103  0.042  -0.011  -0.033  -0.013  -0.011  1.689
  651143.390  4766198.130  -558.900  3.000  0.220  0.060  13.350  4.500  0.000  35.000  0.000  0.000  0.000  63.000  0.000  2.000  0.000  0.000  30000.000  -0.703  0.290  -0.772  -2.060  -0.402  0.177  -0.096  -0.033  -0.101  0.132  -0.010  1.894  -0.011  -0.010  -0.194
  651810.720  4766232.030  409.040  3.000  0.830  0.060  49.000  50.000  0.000  30.000  0.000  0.000  0.000  70.000  0.000  0.000  0.000  0.000  40000.000  0.322  0.291  0.299  -0.193  -0.400  0.048  -0.094  -0.031  -0.100  0.344  -0.009  -0.031  -0.010  -0.009  0.547
  651570.020  4766014.800  326.200  3.000  0.830  0.170  78.000  50.000  0.000  50.000  0.000  0.000  0.000  50.000  0.000  0.000  0.000  0.000  30000.000  0.324  1.130  0.694  -0.191  -0.399  0.571  -0.093  -0.030  -0.098  -0.207  -0.007  -0.030  -0.009  -0.007  -0.193
  650676.080  4765138.100  1075.110  3.000  0.030  0.010  1.690  6.470  0.000  20.000  0.000  0.000  0.000  80.000  0.000  0.000  0.000  0.000  50000.000  -1.606  -1.138  -2.408  -1.854  -0.397  -0.253  -0.092  -0.029  -0.097  0.625  -0.006  -0.029  -0.007  -0.006  1.017
  651370.050  4766146.690  656.270  3.000  0.940  0.080  68.000  50.000  0.000  50.000  0.000  0.000  0.000  50.000  0.000  0.000  0.000  0.000  30000.000  0.483  0.549  0.574  -0.190  -0.396  0.572  -0.090  -0.027  -0.096  -0.205  -0.005  -0.027  -0.006  -0.005  -0.192
  651546.750  4766141.960  261.190  3.000  0.080  0.050  12.000  50.000  0.000  0.000  0.000  0.000  0.000  100.000  0.000  0.000  0.000  0.000  10000.000  -1.212  0.106  -0.859  -0.188  -0.395  -1.260  -0.089  -0.026  -0.094  1.747  -0.003  -0.026  -0.005  -0.003  -1.532
  650631.130  4764949.230  1056.370  3.000  0.020  0.000  1.760  8.000  0.000  10.000  0.000  0.000  0.000  90.000  0.000  0.000  0.000  0.000  30000.000  -1.772  -1.633  -2.382  -1.726  -0.393  -0.627  -0.088  -0.025  -0.093  0.993  -0.002  -0.025  -0.003  -0.002  -0.190
  650782.100  4766163.950  260.160  3.000  0.660  0.220  38.200  33.300  0.000  33.000  0.000  0.000  0.000  65.000  0.000  2.000  0.000  0.000  30000.000  0.047  1.343  0.097  -1.039  -0.392  0.162  -0.086  -0.023  -0.092  0.152  -0.001  1.903  -0.002  -0.001  -0.189
  650400.460  4765003.600  918.440  3.000  0.200  0.050  29.000  6.400  0.000  30.000  0.000  0.000  0.000  70.000  0.000  0.000  0.000  0.000  30000.000  -0.775  0.108  -0.139  -1.863  -0.390  0.049  -0.085  -0.022  -0.090  0.346  0.001  -0.023  -0.001  0.001  -0.188
  650759.320  4765731.830  455.380  3.000  0.720  0.210  54.300  81.400  0.000  55.000  0.000  0.000  0.000  45.000  0.000  0.000  0.000  0.000  35000.000  0.153  1.290  0.389  0.551  -0.389  0.703  -0.084  -0.021  -0.089  -0.330  0.002  -0.022  0.001  0.002  0.193
  650316.960  4764999.000  1112.030  3.000  0.020  0.000  3.170  19.700  0.000  0.000  0.000  0.000  0.000  100.000  0.000  0.000  0.000  0.000  5000.000  -1.765  -1.628  -2.032  -1.249  -0.387  -1.257  -0.082  -0.019  -0.088  1.754  0.003  -0.021  0.002  0.003  -1.919
  651423.080  4766138.560  473.340  3.000  0.730  0.040  58.000  50.000  0.000  60.000  0.000  0.000  0.000  40.000  0.000  0.000  0.000  0.000  40000.000  0.171  -0.076  0.441  -0.187  -0.386  0.806  -0.081  -0.018  -0.086  -0.431  0.005  -0.019  0.003  0.005  0.549
  651313.990  4765291.470  529.670  3.000  2.990  0.230  105.000  50.000  40.000  50.000  0.000  0.000  0.000  10.000  0.000  0.000  0.000  0.000  30000.000  1.978  1.388  0.982  -0.185  1.455  0.574  -0.080  -0.017  -0.085  -1.171  0.006  -0.018  0.005  0.006  -0.186
  651531.200  4766603.860  304.090  3.000  0.540  0.120  215.000  50.000  0.000  50.000  0.000  0.000  0.000  50.000  0.000  0.000  0.000  0.000  30000.000  -0.141  0.858  1.847  -0.183  -0.384  0.575  -0.078  -0.015  -0.084  -0.204  0.007  -0.017  0.006  0.007  -0.185
  650077.100  4764993.040  1107.460  3.000  1.190  0.420  5.670  12.100  0.000  40.000  0.000  0.000  0.000  57.000  0.000  3.000  0.000  0.000  60000.000  0.775  1.849  -1.200  -1.458  -0.383  0.327  -0.077  -0.014  -0.082  -0.089  0.009  2.193  0.007  0.009  1.432
  650399.780  4765003.610  914.490  3.000  0.140  0.060  13.800  26.600  0.000  25.000  0.000  0.000  0.000  75.000  0.000  0.000  0.000  0.000  30000.000  -0.956  0.293  -0.754  -1.095  -0.382  -0.105  -0.076  -0.013  -0.081  0.471  0.010  -0.015  0.009  0.010  -0.184
  650739.600  4765103.660  1011.100  3.000  0.710  0.070  54.720  11.110  0.000  20.000  0.000  0.000  0.000  80.000  0.000  0.000  0.000  0.000  70000.000  0.136  0.429  0.393  -1.489  -0.380  -0.252  -0.074  -0.011  -0.080  0.627  0.011  -0.014  0.010  0.011  1.694
  650472.270  4764921.740  1110.430  3.000  2.090  0.800  28.450  130.500  10.000  30.000  30.000  0.000  0.000  30.000  0.000  0.000  0.000  0.000  70000.000  1.549  2.409  -0.160  0.759  0.792  0.050  2.536  -0.010  -0.078  -0.696  0.013  -0.013  0.011  0.013  1.700
  650687.120  4765150.130  1040.790  3.000  0.900  0.080  112.250  10.950  0.000  40.000  0.000  0.000  0.000  60.000  0.000  0.000  0.000  0.000  80000.000  0.424  0.551  1.075  -1.503  -0.379  0.329  -0.073  -0.009  -0.077  0.043  0.014  -0.011  0.013  0.014  1.879
  650867.030  4764838.610  1058.570  3.000  0.030  0.000  10.690  108.250  0.000  0.000  0.000  0.000  0.000  100.000  0.000  0.000  0.000  0.000  25000.000  -1.601  -1.622  -0.939  0.605  -0.377  -1.254  -0.072  -0.007  -0.076  1.760  0.015  -0.010  0.014  0.015  -0.566
  650196.150  4764950.570  1059.020  3.000  0.150  0.050  -99.000  -99.000  0.000  20.000  0.000  0.000  0.000  80.000  0.000  0.000  0.000  0.000  30000.000  -0.917  0.109  -99.000  -99.000  -0.376  -0.251  -0.070  -0.006  -0.074  0.628  0.017  -0.009  0.015  0.017  -0.182
  650749.940  4765733.240  477.420  3.000  -99.000  -99.000  -99.000  -99.000  0.000  40.000  0.000  0.000  0.000  60.000  0.000  0.000  0.000  0.000  15000.000  -99.000  -99.000  -99.000  -99.000  -0.374  0.330  -0.069  -0.005  -0.073  0.045  0.018  -0.007  0.017  0.018  -1.107
  650675.300  4764899.080  937.190  3.000  0.060  0.010  6.560  8.030  0.000  20.000  0.000  0.000  0.000  80.000  0.000  0.000  0.000  0.000  70000.000  -1.325  -1.135  -1.141  -1.713  -0.373  -0.249  -0.068  -0.003  -0.072  0.630  0.019  -0.006  0.018  0.019  1.706
  651142.130  4765677.610  -379.250  3.000  0.380  0.580  90.900  139.500  0.000  35.000  0.000  0.000  0.000  63.000  0.000  2.000  0.000  0.000  30000.000  -0.393  2.152  0.827  0.775  -0.372  0.178  -0.066  -0.002  -0.070  0.133  0.021  1.911  0.019  0.021  -0.181
  651230.680  4766406.370  377.010  3.000  0.650  0.090  17.300  16.900  0.000  55.000  0.000  0.000  0.000  45.000  0.000  0.000  0.000  0.000  35000.000  0.035  0.636  -0.586  -1.318  -0.370  0.705  -0.065  -0.001  -0.069  -0.329  0.022  -0.005  0.021  0.022  0.194
  650680.740  4765143.290  1060.710  3.000  0.160  0.020  12.690  6.860  0.000  20.000  0.000  0.000  0.000  80.000  0.000  0.000  0.000  0.000  70000.000  -0.873  -0.678  -0.825  -1.814  -0.369  -0.248  -0.064  0.001  -0.068  0.631  0.023  -0.003  0.022  0.023  1.712
  651277.390  4766565.110  148.450  3.000  -99.000  -99.000  -99.000  -99.000  0.000  70.000  0.000  0.000  0.000  30.000  0.000  0.000  0.000  0.000  10000.000  -99.000  -99.000  -99.000  -99.000  -0.367  1.160  -0.062  0.002  -0.066  -0.695  0.025  -0.002  0.023  0.025  -1.528
  651671.210  4766288.420  209.880  3.000  0.810  0.060  160.000  50.000  0.000  30.000  0.000  0.000  0.000  70.000  0.000  0.000  0.000  0.000  30000.000  0.303  0.294  1.468  -0.182  -0.366  0.052  -0.061  0.003  -0.065  0.347  0.026  -0.001  0.025  0.026  -0.180
  651415.130  4765698.380  637.880  3.000  2.050  0.080  20.000  50.000  0.000  70.000  0.000  0.000  0.000  30.000  0.000  0.000  0.000  0.000  40000.000  1.511  0.553  -0.481  -0.180  -0.364  1.163  -0.060  0.005  -0.064  -0.693  0.027  0.001  0.026  0.027  0.550
  650711.220  4765739.290  569.420  3.000  1.090  0.050  42.800  6.500  3.000  30.000  0.000  0.000  0.000  67.000  0.000  0.000  0.000  0.000  45000.000  0.663  0.111  0.172  -1.846  0.610  0.053  -0.058  0.006  -0.062  0.180  0.029  0.002  0.027  0.029  0.779
  650753.070  4765732.770  470.070  3.000  0.560  0.070  70.200  5.600  0.000  40.000  0.000  0.000  0.000  60.000  0.000  0.000  0.000  0.000  30000.000  -0.093  0.430  0.611  -1.908  -0.363  0.332  -0.057  0.007  -0.061  0.046  0.030  0.003  0.029  0.030  -0.178
  651553.630  4766092.730  576.060  3.000  1.260  0.100  96.000  50.000  0.000  80.000  0.000  0.000  0.000  20.000  0.000  0.000  0.000  0.000  50000.000  0.851  0.701  0.889  -0.179  -0.362  1.550  -0.056  0.009  -0.060  -0.915  0.031  0.005  0.030  0.031  1.020
  651480.770  4766028.900  566.060  3.000  0.840  0.070  96.000  50.000  0.000  80.000  0.000  0.000  0.000  20.000  0.000  0.000  0.000  0.000  30000.000  0.335  0.432  0.892  -0.177  -0.360  1.555  -0.054  0.010  -0.058  -0.913  0.033  0.006  0.031  0.033  -0.177
  651730.890  4766007.920  109.520  3.000  0.460  0.410  74.000  140.000  0.000  40.000  0.000  0.000  0.000  60.000  0.000  0.000  0.000  0.000  40000.000  -0.280  1.825  0.653  0.793  -0.359  0.333  -0.053  0.011  -0.057  0.048  0.034  0.007  0.033  0.034  0.552
  651175.350  4765928.170  636.210  3.000  0.080  0.000  150.000  50.000  0.000  40.000  0.000  0.000  0.000  60.000  0.000  0.000  0.000  0.000  10000.000  -1.209  -1.617  1.398  -0.176  -0.357  0.335  -0.052  0.013  -0.056  0.049  0.035  0.009  0.034  0.035  -1.524
  651229.030  4766407.160  -4.990  3.000  -99.000  -99.000  -99.000  -99.000  27.000  63.000  0.000  0.000  0.000  10.000  0.000  0.000  0.000  0.000  29000.000  -99.000  -99.000  -99.000  -99.000  1.112  0.984  -0.050  0.014  -0.054  -1.168  0.037  0.010  0.035  0.037  -0.509
  650621.400  4765000.530  874.610  3.000  0.350  0.160  48.100  62.400  0.000  30.000  0.000  0.000  0.000  67.000  0.000  3.000  0.000  0.000  30000.000  -0.455  1.081  0.284  0.506  -0.356  0.054  -0.049  0.015  -0.053  0.181  0.038  2.208  0.037  0.038  -0.175
  651817.610  4766442.760  234.770  3.000  0.390  0.300  61.000  50.000  0.000  20.000  0.000  0.000  0.000  80.000  0.000  0.000  0.000  0.000  40000.000  -0.373  1.564  0.496  -0.174  -0.354  -0.247  -0.048  0.017  -0.052  0.633  0.039  0.011  0.038  0.039  0.553
  650534.510  4765000.500  1099.210  3.000  0.240  0.020  -99.000  -99.000  0.000  8.000  0.000  0.000  0.000  92.000  0.000  0.000  0.000  0.000  40000.000  -0.662  -0.676  -99.000  -99.000  -0.353  -0.777  -0.046  0.018  -0.050  1.195  0.041  0.013  0.039  0.041  0.555
  650869.930  4764799.760  965.780  3.000  0.040  0.000  8.650  68.000  0.000  40.000  0.000  0.000  0.000  60.000  0.000  0.000  0.000  0.000  30000.000  -1.502  -1.611  -1.052  0.518  -0.352  0.336  -0.045  0.019  -0.049  0.050  0.042  0.014  0.041  0.042  -0.174
  650640.460  4765471.710  238.240  3.000  0.240  0.030  57.300  4.700  0.000  17.000  0.000  0.000  0.000  83.000  0.000  0.000  0.000  0.000  30000.000  -0.660  -0.321  0.433  -2.023  -0.350  -0.392  -0.043  0.021  -0.048  0.783  0.043  0.015  0.042  0.043  -0.173
  650921.190  4765065.280  729.450  3.000  0.020  0.020  5.000  -99.000  0.000  0.000  0.000  0.000  0.000  100.000  0.000  0.000  0.000  0.000  50000.000  -1.758  -0.674  -1.410  -99.000  -0.349  -1.251  -0.042  0.022  -0.046  1.766  0.045  0.017  0.043  0.045  1.022
  651219.170  4765720.180  557.250  3.000  0.200  0.040  180.000  50.000  0.000  20.000  0.000  0.000  0.000  80.000  0.000  0.000  0.000  0.000  30000.000  -0.773  -0.075  1.588  -0.173  -0.347  -0.245  -0.041  0.023  -0.045  0.635  0.046  0.018  0.045  0.046  -0.171
  650394.360  4765003.720  882.960  3.000  0.130  0.220  10.050  34.300  0.000  40.000  0.000  0.000  0.000  60.000  0.000  0.000  0.000  0.000  15000.000  -0.997  1.347  -0.960  -1.031  -0.346  0.337  -0.039  0.025  -0.043  0.052  0.048  0.019  0.046  0.048  -1.104
  650687.640  4764885.350  1053.690  3.000  0.350  0.040  19.000  7.750  0.000  22.500  0.000  0.000  0.000  77.500  0.000  0.000  0.000  0.000  85000.000  -0.453  -0.073  -0.506  -1.740  -0.344  -0.129  -0.038  0.026  -0.042  0.495  0.049  0.021  0.048  0.049  1.928
  650509.560  4765034.280  1003.230  3.000  0.220  0.100  12.190  108.500  0.000  7.000  0.000  0.000  0.000  93.000  0.000  0.000  0.000  0.000  60000.000  -0.701  0.703  -0.846  0.607  -0.343  -0.781  -0.037  0.027  -0.041  1.206  0.050  0.022  0.049  0.050  1.436
  651176.420  4765932.050  631.760  3.000  0.180  0.030  130.000  50.000  0.000  30.000  0.000  0.000  0.000  70.000  0.000  0.000  0.000  0.000  10000.000  -0.820  -0.319  1.232  -0.171  -0.342  0.056  -0.035  0.029  -0.039  0.349  0.052  0.023  0.050  0.052  -1.520
  650685.350  4764924.360  1053.790  3.000  0.620  0.020  16.950  292.000  0.000  28.000  0.000  0.000  0.000  70.000  0.000  2.000  0.000  0.000  50000.000  -0.017  -0.673  -0.616  1.170  -0.340  -0.073  -0.034  0.030  -0.038  0.350  0.053  1.919  0.052  0.053  1.024
  651468.920  4766787.730  131.280  3.000  -99.000  -99.000  -99.000  -99.000  0.000  40.000  0.000  0.000  0.000  60.000  0.000  0.000  0.000  0.000  30000.000  -99.000  -99.000  -99.000  -99.000  -0.339  0.339  -0.033  0.031  -0.037  0.053  0.054  0.025  0.053  0.054  -0.170
  650794.130  4765728.910  368.150  3.000  0.340  0.060  53.900  3.600  0.000  30.000  0.000  0.000  0.000  70.000  0.000  0.000  0.000  0.000  15000.000  -0.473  0.296  0.369  -2.244  -0.337  0.057  -0.031  0.033  -0.035  0.352  0.056  0.026  0.054  0.056  -1.102
  650085.650  4765048.120  1054.480  3.000  0.200  0.670  -99.000  -99.000  0.000  12.000  0.000  0.000  0.000  85.000  0.000  3.000  0.000  0.000  30000.000  -0.771  2.292  -99.000  -99.000  -0.336  -0.461  -0.030  0.034  -0.034  0.820  0.057  2.224  0.056  0.057  -0.169
  651750.000  4766186.310  291.850  3.000  0.390  0.080  18.000  430.000  0.000  10.000  0.000  0.000  0.000  90.000  0.000  0.000  0.000  0.000  50000.000  -0.371  0.554  -0.561  1.340  -0.335  -0.625  -0.029  0.035  -0.033  0.995  0.058  0.027  0.057  0.058  1.026
  650472.850  4764918.610  1008.480  3.000  0.090  0.350  9.220  80.700  0.000  10.000  0.000  0.000  0.000  90.000  0.000  0.000  0.000  0.000  40000.000  -1.141  1.731  -1.031  0.546  -0.333  -0.623  -0.027  0.037  -0.031  0.997  0.060  0.029  0.058  0.060  0.556
  651534.550  4766459.090  376.820  3.000  1.160  0.140  315.000  50.000  10.000  80.000  0.000  0.000  0.000  10.000  0.000  0.000  0.000  0.000  30000.000  0.735  0.999  2.312  -0.170  0.794  1.559  -0.026  0.038  -0.030  -1.165  0.061  0.030  0.060  0.061  -0.167
  651228.980  4766406.860  -66.990  3.000  -99.000  -99.000  -99.000  -99.000  0.000  60.000  0.000  0.000  0.000  40.000  0.000  0.000  0.000  0.000  5000.000  -99.000  -99.000  -99.000  -99.000  -0.332  0.808  -0.025  0.039  -0.029  -0.430  0.062  0.031  0.061  0.062  -1.911
  650945.820  4765925.170  512.800  3.000  0.690  0.120  25.000  50.000  0.000  40.000  0.000  0.000  0.000  60.000  0.000  0.000  0.000  0.000  40000.000  0.103  0.860  -0.276  -0.168  -0.330  0.340  -0.023  0.041  -0.027  0.054  0.064  0.033  0.062  0.064  0.558
  651624.300  4766646.930  369.350  3.000  2.120  0.200  51.000  50.000  0.000  100.000  0.000  0.000  0.000  0.000  0.000  0.000  0.000  0.000  40000.000  1.564  1.257  0.326  -0.166  -0.329  2.447  -0.022  0.042  -0.026  -1.689  0.065  0.034  0.064  0.065  0.560
  651810.160  4766232.730  407.250  3.000  0.860  0.100  52.000  50.000  0.000  30.000  0.000  0.000  0.000  70.000  0.000  0.000  0.000  0.000  40000.000  0.363  0.705  0.345  -0.165  -0.327  0.058  -0.021  0.043  -0.025  0.353  0.066  0.035  0.065  0.066  0.561
  651490.270  4766040.680  536.910  3.000  0.970  0.030  140.000  50.000  20.000  30.000  0.000  0.000  0.000  50.000  0.000  0.000  0.000  0.000  30000.000  0.513  -0.317  1.301  -0.163  1.042  0.060  -0.019  0.045  -0.023  -0.203  0.068  0.037  0.066  0.068  -0.166
  650334.880  4764877.920  1009.850  3.000  0.130  0.050  4.790  18.000  0.000  25.000  0.000  0.000  0.000  75.000  0.000  0.000  0.000  0.000  30000.000  -0.994  0.112  -1.800  -1.297  -0.326  -0.104  -0.018  0.046  -0.022  0.472  0.069  0.038  0.068  0.069  -0.165
  651042.590  4765676.520  524.660  3.000  0.740  0.150  70.000  50.000  0.000  30.000  0.000  0.000  0.000  70.000  0.000  0.000  0.000  0.000  40000.000  0.184  1.034  0.604  -0.162  -0.325  0.061  -0.017  0.048  -0.021  0.354  0.070  0.039  0.069  0.070  0.563
  650661.200  4765747.210  689.150  3.000  -99.000  -99.000  -99.000  -99.000  0.000  25.000  0.000  0.000  0.000  75.000  0.000  0.000  0.000  0.000  30000.000  -99.000  -99.000  -99.000  -99.000  -0.323  -0.103  -0.015  0.049  -0.019  0.474  0.072  0.041  0.070  0.072  -0.163
  650165.240  4765049.860  976.050  3.000  0.100  0.120  13.200  30.400  0.000  30.000  0.000  0.000  0.000  70.000  0.000  0.000  0.000  0.000  35000.000  -1.091  0.862  -0.780  -1.068  -0.322  0.062  -0.014  0.050  -0.018  0.356  0.073  0.042  0.072  0.073  0.196
  651474.760  4766750.900  60.060  3.000  0.680  0.060  225.000  50.000  0.000  60.000  0.000  0.000  0.000  40.000  0.000  0.000  0.000  0.000  30000.000  0.088  0.297  1.864  -0.160  -0.320  0.810  -0.013  0.052  -0.017  -0.428  0.074  0.043  0.073  0.074  -0.162
  651498.700  4766074.840  510.490  3.000  0.740  0.040  140.000  50.000  0.000  75.000  0.000  0.000  0.000  25.000  0.000  0.000  0.000  0.000  30000.000  0.186  -0.072  1.305  -0.159  -0.319  1.368  -0.011  0.053  -0.015  -0.816  0.076  0.045  0.074  0.076  -0.161
  650761.270  4764888.580  1019.460  3.000  0.150  0.090  5.860  425.000  0.000  20.000  0.000  0.000  0.000  80.000  0.000  0.000  0.000  0.000  60000.000  -0.915  0.638  -1.182  1.326  -0.318  -0.244  -0.010  0.054  -0.014  0.636  0.077  0.046  0.076  0.077  1.440
  651430.070  4766149.440  462.320  3.000  1.470  0.050  275.000  50.000  0.000  100.000  0.000  0.000  0.000  0.000  0.000  0.000  0.000  0.000  40000.000  1.086  0.114  2.136  -0.157  -0.316  2.475  -0.009  0.056  -0.013  -1.683  0.078  0.048  0.077  0.078  0.564
  651463.130  4765672.280  592.770  3.000  2.430  0.080  11.000  50.000  0.000  60.000  0.000  0.000  0.000  40.000  0.000  0.000  0.000  0.000  50000.000  1.738  0.556  -0.907  -0.156  -0.315  0.812  -0.007  0.057  -0.011  -0.427  0.080  0.049  0.078  0.080  1.029
  650921.170  4765064.340  731.210  3.000  0.020  0.020  5.000  -99.000  0.000  0.000  0.000  0.000  0.000  100.000  0.000  0.000  0.000  0.000  50000.000  -1.751  -0.671  -1.406  -99.000  -0.313  -1.249  -0.006  0.058  -0.010  1.773  0.081  0.050  0.080  0.081  1.031
  651004.870  4765711.760  697.090  3.000  0.760  0.170  15.000  50.000  0.000  60.000  0.000  0.000  0.000  40.000  0.000  0.000  0.000  0.000  30000.000  0.210  1.133  -0.682  -0.154  -0.312  0.814  -0.005  0.060  -0.009  -0.425  0.082  0.052  0.081  0.082  -0.159
  651163.330  4765882.770  690.770  3.000  0.840  0.050  195.000  50.000  0.000  70.000  0.000  0.000  0.000  30.000  0.000  0.000  0.000  0.000  20000.000  0.336  0.115  1.703  -0.153  -0.311  1.165  -0.003  0.061  -0.007  -0.691  0.084  0.053  0.082  0.084  -0.846
  650522.660  4764950.540  949.660  3.000  0.110  0.140  4.750  125.000  0.000  17.000  0.000  0.000  0.000  80.000  0.000  3.000  0.000  0.000  30000.000  -1.054  1.002  -1.807  0.717  -0.309  -0.390  -0.002  0.062  -0.006  0.638  0.085  2.240  0.084  0.085  -0.158
  651168.140  4764772.780  968.360  3.000  0.910  0.040  165.500  678.500  0.000  20.000  0.000  0.000  0.000  80.000  0.000  0.000  0.000  0.000  70000.000  0.444  -0.071  1.523  1.552  -0.308  -0.242  -0.001  0.064  -0.005  0.640  0.086  0.054  0.085  0.086  1.717
  651238.640  4766862.010  68.510  3.000  1.120  0.120  83.000  50.000  10.000  50.000  0.000  0.000  0.000  40.000  0.000  0.000  0.000  0.000  30000.000  0.686  0.864  0.740  -0.151  0.795  0.577  0.001  0.065  -0.003  -0.424  0.088  0.056  0.086  0.088  -0.156
  650624.420  4765098.750  1113.220  3.000  0.030  0.010  3.370  23.400  0.000  0.000  0.000  0.000  0.000  100.000  0.000  0.000  0.000  0.000  50000.000  -1.595  -1.133  -2.020  -1.173  -0.306  -1.246  0.002  0.066  -0.002  1.779  0.089  0.057  0.088  0.089  1.033
  651587.910  4766689.900  5.260  3.000  0.720  0.110  69.000  50.000  0.000  50.000  0.000  0.000  0.000  50.000  0.000  0.000  0.000  0.000  30000.000  0.154  0.779  0.593  -0.150  -0.305  0.578  0.003  0.068  -0.001  -0.201  0.090  0.058  0.089  0.090  -0.155
  651053.730  4765665.810  470.840  3.000  0.730  0.130  50.000  50.000  0.000  40.000  0.000  0.000  0.000  60.000  0.000  0.000  0.000  0.000  30000.000  0.172  0.954  0.312  -0.148  -0.304  0.342  0.005  0.069  0.001  0.056  0.092  0.060  0.090  0.092  -0.154
  651325.300  4766199.000  570.470  3.000  0.190  0.050  41.000  50.000  0.000  10.000  0.000  0.000  0.000  90.000  0.000  0.000  0.000  0.000  20000.000  -0.793  0.117  0.143  -0.146  -0.302  -0.622  0.006  0.070  0.002  1.000  0.093  0.061  0.092  0.093  -0.844
  651011.760  4765711.560  -136.410  3.000  0.130  0.090  45.300  21.800  0.000  10.000  0.000  0.000  0.000  90.000  0.000  0.000  0.000  0.000  30000.000  -0.992  0.640  0.230  -1.198  -0.301  -0.620  0.007  0.072  0.003  1.002  0.094  0.062  0.093  0.094  -0.152
  651884.650  4766336.430  252.690  3.000  0.670  0.120  5.000  50.000  0.000  50.000  0.000  0.000  0.000  50.000  0.000  0.000  0.000  0.000  40000.000  0.072  0.866  -1.402  -0.145  -0.299  0.580  0.009  0.073  0.005  -0.200  0.096  0.064  0.094  0.096  0.566
  651533.650  4766459.850  375.210  3.000  1.490  0.140  130.000  50.000  10.000  80.000  0.000  0.000  0.000  10.000  0.000  0.000  0.000  0.000  20000.000  1.110  1.004  1.235  -0.143  0.797  1.564  0.010  0.074  0.006  -1.163  0.097  0.065  0.096  0.097  -0.842
  651234.550  4766241.730  664.380  3.000  0.050  0.030  5.000  50.000  0.000  0.000  0.000  0.000  0.000  0.000  0.000  0.000  0.000  0.000  0.000  -1.400  -0.316  -1.398  -0.142  -0.298  -1.243  0.011  0.076  0.007  -1.678  0.098  0.066  0.097  0.098  -2.311
  651030.060  4765688.620  584.160  3.000  0.840  0.070  25.000  140.000  0.000  50.000  0.000  0.000  0.000  50.000  0.000  0.000  0.000  0.000  20000.000  0.338  0.434  -0.274  0.796  -0.297  0.582  0.013  0.077  0.009  -0.199  0.100  0.068  0.098  0.100  -0.840
  651674.130  4766285.670  219.040  3.000  1.300  0.050  98.000  50.000  0.000  40.000  0.000  0.000  0.000  60.000  0.000  0.000  0.000  0.000  50000.000  0.901  0.118  0.910  -0.140  -0.295  0.343  0.014  0.078  0.010  0.057  0.101  0.069  0.100  0.101  1.036
  650207.190  4765097.800  981.990  3.000  0.240  0.330  94.000  101.000  0.000  35.000  0.000  0.000  0.000  65.000  0.000  0.000  0.000  0.000  25000.000  -0.658  1.651  0.874  0.600  -0.294  0.180  0.015  0.080  0.011  0.154  0.103  0.070  0.101  0.103  -0.564
  650792.810  4766136.340  853.420  3.000  0.320  0.040  21.000  50.000  0.000  20.000  0.000  0.000  0.000  80.000  0.000  0.000  0.000  0.000  30000.000  -0.500  -0.069  -0.436  -0.139  -0.292  -0.241  0.017  0.081  0.013  0.641  0.104  0.072  0.103  0.104  -0.151
  651678.800  4766297.780  389.760  3.000  1.540  0.220  23.000  2710.000  0.000  70.000  0.000  0.000  0.000  30.000  0.000  0.000  0.000  0.000  40000.000  1.144  1.350  -0.367  2.779  -0.291  1.168  0.018  0.082  0.014  -0.690  0.105  0.073  0.104  0.105  0.567
  651562.840  4765736.270  405.320  3.000  1.300  0.310  42.000  150.000  30.000  40.000  0.000  0.000  0.000  30.000  0.000  0.000  0.000  0.000  20000.000  0.903  1.595  0.162  0.836  1.254  0.344  0.019  0.084  0.015  -0.688  0.107  0.074  0.105  0.107  -0.838
  651176.950  4765664.720  -433.810  3.000  0.450  0.050  22.800  54.800  0.000  35.000  0.000  0.000  0.000  65.000  0.000  0.000  0.000  0.000  25000.000  -0.299  0.120  -0.380  0.487  -0.290  0.181  0.021  0.085  0.017  0.155  0.108  0.076  0.107  0.108  -0.563
  650517.840  4765001.960  885.870  3.000  0.060  0.020  4.090  30.200  0.000  5.000  0.000  0.000  0.000  95.000  0.000  0.000  0.000  0.000  20000.000  -1.321  -0.669  -1.890  -1.070  -0.288  -0.820  0.022  0.086  0.018  1.389  0.109  0.077  0.108  0.109  -0.836
  651467.730  4766176.730  554.260  3.000  0.670  0.030  24.000  50.000  0.000  80.000  0.000  0.000  0.000  20.000  0.000  0.000  0.000  0.000  45000.000  0.073  -0.314  -0.324  -0.137  -0.287  1.568  0.023  0.088  0.019  -0.911  0.111  0.078  0.109  0.111  0.781
  651578.370  4766099.630  373.360  3.000  0.490  0.560  53.000  430.000  0.000  30.000  0.000  0.000  0.000  70.000  0.000  0.000  0.000  0.000  30000.000  -0.236  2.138  0.365  1.344  -0.285  0.064  0.025  0.089  0.021  0.357  0.112  0.080  0.111  0.112  -0.150
  651334.060  4766665.710  129.240  3.000  -99.000  -99.000  -99.000  -99.000  0.000  35.000  0.000  0.000  0.000  65.000  0.000  0.000  0.000  0.000  20000.000  -99.000  -99.000  -99.000  -99.000  -0.284  0.182  0.026  0.090  0.022  0.156  0.113  0.081  0.112  0.113  -0.835
  650988.180  4765958.180  647.870  3.000  0.940  0.160  125.000  50.000  20.000  70.000  0.000  0.000  0.000  10.000  0.000  0.000  0.000  0.000  30000.000  0.485  1.083  1.173  -0.136  1.045  1.171  0.027  0.092  0.023  -1.160  0.115  0.082  0.113  0.115  -0.148
  650736.670  4765735.240  508.660  3.000  0.500  0.080  155.000  4.100  0.000  40.000  0.000  0.000  0.000  57.000  0.000  3.000  0.000  0.000  20000.000  -0.213  0.558  1.434  -2.143  -0.283  0.346  0.029  0.093  0.025  -0.088  0.116  2.257  0.115  0.116  -0.833
  651282.530  4766523.130  -174.320  3.000  -99.000  -99.000  -99.000  -99.000  0.000  80.000  0.000  0.000  0.000  20.000  0.000  0.000  0.000  0.000  15000.000  -99.000  -99.000  -99.000  -99.000  -0.281  1.573  0.030  0.094  0.026  -0.909  0.117  0.084  0.116  0.117  -1.099
  651376.710  4766670.820  94.460  3.000  -99.000  -99.000  -99.000  -99.000  0.000  90.000  0.000  0.000  0.000  10.000  0.000  0.000  0.000  0.000  15000.000  -99.000  -99.000  -99.000  -99.000  -0.280  1.856  0.031  0.096  0.027  -1.158  0.119  0.085  0.117  0.119  -1.097
  651391.820  4766111.840  416.690  3.000  0.350  0.120  125.000  50.000  0.000  90.000  0.000  0.000  0.000  10.000  0.000  0.000  0.000  0.000  10000.000  -0.452  0.868  1.176  -0.134  -0.278  1.863  0.033  0.097  0.029  -1.155  0.120  0.086  0.119  0.120  -1.515
  651818.160  4766441.920  276.760  3.000  0.690  0.150  39.000  50.000  0.000  30.000  0.000  0.000  0.000  70.000  0.000  0.000  0.000  0.000  30000.000  0.105  1.036  0.112  -0.133  -0.277  0.065  0.034  0.098  0.030  0.359  0.121  0.088  0.120  0.121  -0.147
  651743.970  4766190.580  306.040  3.000  0.910  0.240  36.000  200.000  0.000  54.000  0.000  0.000  0.000  46.000  0.000  0.000  0.000  0.000  29000.000  0.445  1.416  0.028  0.983  -0.276  0.690  0.035  0.100  0.031  -0.325  0.123  0.089  0.121  0.123  -0.507
  651581.560  4766180.640  636.860  3.000  1.200  0.050  27.000  50.000  0.000  40.000  0.000  0.000  0.000  60.000  0.000  0.000  0.000  0.000  60000.000  0.781  0.121  -0.195  -0.131  -0.274  0.347  0.037  0.101  0.033  0.058  0.124  0.090  0.123  0.124  1.444
  650683.840  4764925.230  1057.390  3.000  0.120  0.020  6.300  140.000  0.000  20.000  0.000  0.000  0.000  78.000  0.000  2.000  0.000  0.000  45000.000  -1.021  -0.667  -1.153  0.798  -0.273  -0.240  0.038  0.103  0.034  0.497  0.125  1.928  0.124  0.125  0.783
  651522.320  4766722.210  120.370  3.000  1.060  0.120  140.000  50.000  0.000  60.000  0.000  0.000  0.000  40.000  0.000  0.000  0.000  0.000  30000.000  0.632  0.871  1.308  -0.130  -0.271  0.816  0.039  0.104  0.035  -0.422  0.127  0.092  0.125  0.127  -0.146
  651230.630  4766406.830  163.010  3.000  0.370  0.000  25.000  7.000  0.000  30.000  0.000  0.000  0.000  70.000  0.000  0.000  0.000  0.000  30000.000  -0.406  -1.606  -0.273  -1.806  -0.270  0.066  0.041  0.105  0.037  0.360  0.128  0.093  0.127  0.128  -0.144
  651388.600  4765319.840  583.940  3.000  0.710  0.010  205.000  50.000  0.000  70.000  0.000  0.000  0.000  30.000  0.000  0.000  0.000  0.000  30000.000  0.138  -1.130  1.778  -0.128  -0.269  1.173  0.042  0.107  0.038  -0.686  0.129  0.094  0.128  0.129  -0.143
  650924.070  4764939.580  975.120  3.000  0.110  0.010  23.000  -99.000  0.000  0.000  0.000  0.000  0.000  100.000  0.000  0.000  0.000  0.000  50000.000  -1.052  -1.127  -0.365  -99.000  -0.267  -1.240  0.043  0.108  0.039  1.786  0.131  0.096  0.129  0.131  1.038
  650934.110  4765931.540  560.990  3.000  0.620  0.080  27.000  50.000  0.000  60.000  0.000  0.000  0.000  40.000  0.000  0.000  0.000  0.000  40000.000  -0.016  0.560  -0.193  -0.127  -0.266  0.818  0.045  0.109  0.041  -0.421  0.132  0.097  0.131  0.132  0.569
  650082.610  4765048.200  1018.610  3.000  0.140  0.420  5.590  261.000  0.000  15.000  0.000  0.000  0.000  85.000  0.000  0.000  0.000  0.000  25000.000  -0.954  1.857  -1.207  1.103  -0.265  -0.430  0.046  0.111  0.042  0.821  0.133  0.098  0.132  0.133  -0.561
  650921.090  4765059.640  740.040  3.000  0.010  0.010  5.000  -99.000  0.000  15.000  0.000  0.000  0.000  85.000  0.000  0.000  0.000  0.000  50000.000  -2.109  -1.124  -1.394  -99.000  -0.263  -0.428  0.048  0.112  0.043  0.823  0.135  0.100  0.133  0.135  1.040
  651195.240  4765927.190  455.180  3.000  0.350  0.150  30.000  50.000  0.000  20.000  0.000  0.000  0.000  80.000  0.000  0.000  0.000  0.000  30000.000  -0.450  1.039  -0.104  -0.125  -0.262  -0.238  0.049  0.113  0.045  0.643  0.136  0.101  0.135  0.136  -0.142
  650522.380  4764950.550  945.670  3.000  0.210  0.100  31.400  79.900  0.000  22.000  0.000  0.000  0.000  75.000  0.000  3.000  0.000  0.000  25000.000  -0.735  0.706  -0.067  0.542  -0.260  -0.131  0.050  0.115  0.046  0.475  0.138  2.274  0.136  0.138  -0.560
  650918.010  4765939.680  626.550  3.000  0.980  0.430  22.000  50.000  0.000  40.000  0.000  0.000  0.000  60.000  0.000  0.000  0.000  0.000  40000.000  0.530  1.900  -0.404  -0.123  -0.259  0.349  0.052  0.116  0.048  0.060  0.139  0.103  0.138  0.139  0.571
  651494.790  4766059.240  522.370  3.000  0.840  0.020  78.000  50.000  0.000  90.000  0.000  0.000  0.000  10.000  0.000  0.000  0.000  0.000  30000.000  0.339  -0.665  0.696  -0.122  -0.258  1.871  0.053  0.117  0.049  -1.152  0.140  0.104  0.139  0.140  -0.140
  650073.010  4764993.070  1083.810  3.000  0.100  0.050  4.900  18.000  0.000  30.000  0.000  0.000  0.000  70.000  0.000  0.000  0.000  0.000  10000.000  -1.089  0.123  -1.785  -1.293  -0.256  0.068  0.054  0.119  0.050  0.362  0.142  0.105  0.140  0.142  -1.511
  651735.300  4766001.360  134.280  3.000  0.760  0.530  185.000  200.000  0.000  50.000  0.000  0.000  0.000  50.000  0.000  0.000  0.000  0.000  40000.000  0.211  2.109  1.620  0.985  -0.255  0.583  0.056  0.120  0.052  -0.197  0.143  0.107  0.142  0.143  0.572
  651002.390  4765713.030  -116.560  3.000  0.090  0.060  9.070  48.500  0.000  10.000  0.000  0.000  0.000  90.000  0.000  0.000  0.000  0.000  20000.000  -1.138  0.299  -1.041  -0.968  -0.253  -0.618  0.057  0.121  0.053  1.004  0.144  0.108  0.143  0.144  -0.831
  650832.510  4766110.490  711.100  3.000  0.060  0.110  5.000  50.000  0.000  10.000  0.000  0.000  0.000  90.000  0.000  0.000  0.000  0.000  30000.000  -1.318  0.781  -1.390  -0.120  -0.252  -0.617  0.058  0.123  0.054  1.006  0.146  0.109  0.144  0.146  -0.139
  651526.890  4766718.710  -84.120  3.000  0.660  0.230  43.000  50.000  20.000  80.000  0.000  0.000  0.000  0.000  0.000  0.000  0.000  0.000  30000.000  0.048  1.392  0.186  -0.119  1.047  1.577  0.060  0.124  0.056  -1.672  0.147  0.111  0.146  0.147  -0.138
  650260.020  4765049.520  966.550  3.000  0.280  0.120  30.500  70.700  0.000  10.000  0.000  0.000  0.000  90.000  0.000  0.000  0.000  0.000  15000.000  -0.572  0.873  -0.091  0.528  -0.251  -0.615  0.061  0.125  0.057  1.008  0.148  0.112  0.147  0.148  -1.094
  651286.620  4765688.850  393.690  3.000  0.210  0.030  12.000  50.000  0.000  10.000  0.000  0.000  0.000  90.000  0.000  0.000  0.000  0.000  20000.000  -0.733  -0.313  -0.857  -0.117  -0.249  -0.614  0.062  0.127  0.058  1.011  0.150  0.113  0.148  0.150  -0.829
  650725.500  4765089.440  1059.090  3.000  0.010  0.010  35.800  7.340  0.000  10.000  0.000  0.000  0.000  90.000  0.000  0.000  0.000  0.000  10000.000  -2.096  -1.121  0.016  -1.790  -0.248  -0.612  0.064  0.128  0.060  1.013  0.151  0.115  0.150  0.151  -1.507
  650173.100  4765101.100  1084.150  3.000  0.090  0.050  38.000  14.900  0.000  40.000  0.000  0.000  0.000  60.000  0.000  0.000  0.000  0.000  5000.000  -1.135  0.124  0.082  -1.375  -0.247  0.350  0.065  0.129  0.061  0.061  0.152  0.116  0.151  0.152  -1.903
  650242.970  4765064.010  991.900  3.000  0.180  0.460  30.400  277.500  0.000  15.000  0.000  0.000  0.000  85.000  0.000  0.000  0.000  0.000  20000.000  -0.818  1.989  -0.094  1.126  -0.245  -0.427  0.066  0.131  0.062  0.825  0.154  0.117  0.152  0.154  -0.827
  650536.720  4765469.150  649.300  3.000  0.240  0.040  55.000  15.200  0.000  10.000  0.000  0.000  0.000  90.000  0.000  0.000  0.000  0.000  50000.000  -0.656  -0.068  0.401  -1.359  -0.244  -0.610  0.068  0.132  0.064  1.015  0.155  0.119  0.154  0.155  1.042
  650084.630  4765048.130  1042.530  3.000  0.200  0.400  14.400  188.500  0.000  23.000  0.000  0.000  0.000  75.000  0.000  2.000  0.000  0.000  30000.000  -0.769  1.809  -0.726  0.954  -0.242  -0.124  0.069  0.133  0.065  0.477  0.156  1.936  0.155  0.156  -0.136
  651202.410  4765923.370  464.010  3.000  0.900  0.180  125.000  50.000  0.000  40.000  0.000  0.000  0.000  60.000  0.000  0.000  0.000  0.000  40000.000  0.426  1.179  1.179  -0.116  -0.241  0.352  0.070  0.135  0.066  0.062  0.158  0.120  0.156  0.158  0.574
  651374.950  4766141.030  665.650  3.000  1.330  0.080  51.000  50.000  0.000  70.000  0.000  0.000  0.000  30.000  0.000  0.000  0.000  0.000  30000.000  0.942  0.561  0.327  -0.114  -0.240  1.176  0.072  0.136  0.068  -0.685  0.159  0.121  0.158  0.159  -0.135
  651090.850  4765874.990  327.550  3.000  0.620  0.210  25.000  140.000  0.000  40.000  0.000  0.000  0.000  60.000  0.000  0.000  0.000  0.000  30000.000  -0.014  1.293  -0.271  0.800  -0.238  0.353  0.073  0.138  0.069  0.064  0.161  0.123  0.159  0.161  -0.133
  651506.740  4766106.340  487.190  3.000  0.960  0.790  180.000  270.000  0.000  70.000  0.000  0.000  0.000  30.000  0.000  0.000  0.000  0.000  30000.000  0.503  2.383  1.593  1.117  -0.237  1.179  0.074  0.139  0.070  -0.683  0.162  0.124  0.161  0.162  -0.132
  651081.540  4765633.980  316.530  3.000  0.350  0.380  37.000  120.000  0.000  30.000  0.000  0.000  0.000  70.000  0.000  0.000  0.000  0.000  30000.000  -0.448  1.765  0.055  0.691  -0.236  0.069  0.076  0.140  0.072  0.363  0.163  0.125  0.162  0.163  -0.131
  651501.270  4766487.250  317.030  3.000  0.170  0.040  57.000  50.000  0.000  30.000  0.000  0.000  0.000  70.000  0.000  0.000  0.000  0.000  20000.000  -0.849  -0.066  0.425  -0.113  -0.234  0.070  0.077  0.142  0.073  0.364  0.165  0.127  0.163  0.165  -0.825
  650481.050  4764959.290  1014.660  3.000  0.040  0.070  51.800  60.800  0.000  20.000  0.000  0.000  0.000  80.000  0.000  0.000  0.000  0.000  35000.000  -1.497  0.435  0.334  0.502  -0.233  -0.237  0.078  0.143  0.074  0.645  0.166  0.128  0.165  0.166  0.197
  651135.880  4765814.200  159.830  3.000  0.360  0.190  43.000  50.000  0.000  50.000  0.000  0.000  0.000  50.000  0.000  0.000  0.000  0.000  20000.000  -0.430  1.215  0.187  -0.111  -0.231  0.585  0.080  0.144  0.076  -0.196  0.167  0.129  0.166  0.167  -0.823
  651609.730  4765805.990  654.020  3.000  0.010  0.010  125.000  50.000  0.000  0.000  0.000  0.000  0.000  0.000  0.000  0.000  0.000  0.000  0.000  -2.083  -1.119  1.182  -0.110  -0.230  -1.237  0.081  0.146  0.077  -1.667  0.169  0.131  0.167  0.169  -2.292
  651452.200  4766731.820  295.200  3.000  -99.000  -99.000  -99.000  -99.000  0.000  70.000  0.000  0.000  0.000  30.000  0.000  0.000  0.000  0.000  30000.000  -99.000  -99.000  -99.000  -99.000  -0.229  1.181  0.082  0.147  0.078  -0.681  0.170  0.132  0.169  0.170  -0.129
  650173.720  4765101.100  1088.110  3.000  0.140  0.210  47.900  19.700  0.000  15.000  0.000  0.000  0.000  85.000  0.000  0.000  0.000  0.000  15000.000  -0.951  1.297  0.267  -1.246  -0.227  -0.425  0.084  0.148  0.080  0.827  0.171  0.133  0.170  0.171  -1.092
  651186.880  4765931.640  444.880  3.000  0.270  0.050  40.000  50.000  0.000  10.000  0.000  0.000  0.000  90.000  0.000  0.000  0.000  0.000  30000.000  -0.589  0.126  0.121  -0.108  -0.226  -0.609  0.085  0.150  0.081  1.017  0.173  0.135  0.171  0.173  -0.128
  651467.320  4766516.300  255.560  3.000  0.050  0.010  92.000  50.000  0.000  60.000  0.000  0.000  0.000  40.000  0.000  0.000  0.000  0.000  30000.000  -1.396  -1.116  0.840  -0.107  -0.225  0.820  0.086  0.151  0.082  -0.419  0.174  0.136  0.173  0.174  -0.127
  651059.700  4765659.540  440.030  3.000  0.600  0.110  130.000  50.000  0.000  30.000  0.000  0.000  0.000  70.000  0.000  0.000  0.000  0.000  30000.000  -0.042  0.783  1.238  -0.105  -0.223  0.072  0.088  0.152  0.084  0.366  0.175  0.138  0.174  0.175  -0.125
  651846.820  4766373.600  66.100  3.000  1.050  0.320  38.000  50.000  0.000  70.000  0.000  0.000  0.000  30.000  0.000  0.000  0.000  0.000  20000.000  0.621  1.617  0.084  -0.104  -0.222  1.184  0.089  0.154  0.085  -0.680  0.177  0.139  0.175  0.177  -0.821
  650586.770  4764914.550  1003.410  3.000  0.090  0.100  12.640  60.450  0.000  5.000  0.000  0.000  0.000  95.000  0.000  0.000  0.000  0.000  10000.000  -1.133  0.708  -0.829  0.500  -0.220  -0.818  0.090  0.155  0.086  1.392  0.178  0.140  0.177  0.178  -1.503
  650329.990  4764912.520  929.080  3.000  0.080  0.030  5.390  13.100  0.000  50.000  0.000  0.000  0.000  50.000  0.000  0.000  0.000  0.000  5000.000  -1.206  -0.311  -1.225  -1.423  -0.219  0.586  0.092  0.156  0.088  -0.194  0.180  0.142  0.178  0.180  -1.894
  651865.430  4766354.110  162.390  3.000  1.000  0.330  5.000  50.000  70.000  20.000  0.000  0.000  0.000  10.000  0.000  0.000  0.000  0.000  10000.000  0.565  1.656  -1.386  -0.102  1.827  -0.236  0.093  0.158  0.089  -1.150  0.181  0.143  0.180  0.181  -1.499
  651581.410  4766065.010  462.660  3.000  0.870  0.870  82.000  400.000  0.000  10.000  0.000  0.000  0.000  90.000  0.000  0.000  0.000  0.000  40000.000  0.381  2.535  0.728  1.297  -0.218  -0.607  0.094  0.159  0.090  1.020  0.182  0.144  0.181  0.182  0.575
  651397.850  4765854.210  394.530  3.000  0.580  0.060  84.000  50.000  0.000  40.000  0.000  0.000  0.000  60.000  0.000  0.000  0.000  0.000  30000.000  -0.065  0.300  0.756  -0.100  -0.216  0.354  0.096  0.161  0.092  0.065  0.184  0.146  0.182  0.184  -0.124
  651230.630  4766406.830  165.010  3.000  0.550  0.060  25.100  9.200  0.000  30.000  0.000  0.000  0.000  70.000  0.000  0.000  0.000  0.000  30000.000  -0.120  0.302  -0.259  -1.605  -0.215  0.073  0.097  0.162  0.093  0.367  0.185  0.147  0.184  0.185  -0.123
  651543.450  4766710.760  -60.410  3.000  1.270  0.360  36.000  830.000  20.000  65.000  0.000  0.000  0.000  15.000  0.000  0.000  0.000  0.000  40000.000  0.864  1.745  0.030  1.720  1.049  0.995  0.098  0.163  0.094  -1.033  0.186  0.148  0.185  0.186  0.577
  650834.890  4765282.220  887.420  3.000  -99.000  -99.000  -99.000  -99.000  0.000  5.000  0.000  0.000  0.000  95.000  0.000  0.000  0.000  0.000  20000.000  -99.000  -99.000  -99.000  -99.000  -0.214  -0.816  0.100  0.165  0.096  1.396  0.188  0.150  0.186  0.188  -0.820
  650490.600  4765033.110  959.150  3.000  0.510  0.120  6.480  9.100  0.000  25.000  0.000  0.000  0.000  75.000  0.000  0.000  0.000  0.000  70000.000  -0.202  0.875  -1.144  -1.610  -0.212  -0.101  0.101  0.166  0.097  0.478  0.189  0.151  0.188  0.189  1.723
  650823.290  4765293.610  857.560  3.000  -99.000  -99.000  -99.000  -99.000  0.000  15.000  0.000  0.000  0.000  85.000  0.000  0.000  0.000  0.000  50000.000  -99.000  -99.000  -99.000  -99.000  -0.211  -0.424  0.103  0.167  0.098  0.829  0.190  0.152  0.189  0.190  1.045
  651167.390  4765898.940  670.820  3.000  0.290  0.050  70.000  50.000  0.000  90.000  0.000  0.000  0.000  10.000  0.000  0.000  0.000  0.000  10000.000  -0.558  0.127  0.605  -0.099  -0.210  1.879  0.104  0.169  0.100  -1.147  0.192  0.154  0.190  0.192  -1.495
  651231.250  4766406.390  633.000  3.000  -99.000  -99.000  -99.000  -99.000  0.000  0.000  0.000  0.000  0.000  100.000  0.000  0.000  0.000  0.000  15000.000  -99.000  -99.000  -99.000  -99.000  -0.208  -1.234  0.105  0.170  0.101  1.792  0.193  0.155  0.192  0.193  -1.090
  651231.260  4766406.380  679.000  3.000  -99.000  -99.000  -99.000  -99.000  0.000  0.000  0.000  0.000  0.000  100.000  0.000  0.000  0.000  0.000  5000.000  -99.000  -99.000  -99.000  -99.000  -0.207  -1.231  0.107  0.171  0.103  1.799  0.194  0.156  0.193  0.194  -1.886
  650517.700  4765001.980  883.870  3.000  0.150  0.020  21.600  8.700  0.000  10.000  0.000  0.000  0.000  90.000  0.000  0.000  0.000  0.000  30000.000  -0.912  -0.663  -0.425  -1.656  -0.205  -0.606  0.108  0.173  0.104  1.022  0.196  0.158  0.194  0.196  -0.121
  651443.580  4766770.530  20.580  3.000  -99.000  -99.000  -99.000  -99.000  0.000  0.000  0.000  0.000  0.000  100.000  0.000  0.000  0.000  0.000  30000.000  -99.000  -99.000  -99.000  -99.000  -0.204  -1.228  0.109  0.174  0.105  1.806  0.197  0.159  0.196  0.197  -0.120
  651669.040  4766654.450  131.230  3.000  0.520  0.110  35.000  50.000  0.000  50.000  0.000  0.000  0.000  50.000  0.000  0.000  0.000  0.000  30000.000  -0.183  0.785  0.009  -0.097  -0.203  0.588  0.111  0.175  0.107  -0.193  0.199  0.161  0.197  0.199  -0.119
  651463.510  4766044.430  508.580  3.000  0.880  0.070  265.000  50.000  0.000  70.000  0.000  0.000  0.000  30.000  0.000  0.000  0.000  0.000  30000.000  0.392  0.437  2.108  -0.096  -0.201  1.187  0.112  0.177  0.108  -0.678  0.200  0.162  0.199  0.200  -0.117
  650550.610  4764861.600  928.660  3.000  0.040  0.020  6.810  13.160  0.000  5.000  0.000  0.000  0.000  95.000  0.000  0.000  0.000  0.000  60000.000  -1.493  -0.662  -1.130  -1.419  -0.200  -0.814  0.113  0.178  0.109  1.399  0.201  0.163  0.200  0.201  1.447
  650629.210  4764949.120  1032.450  3.000  0.040  0.010  3.860  37.600  0.000  10.000  0.000  0.000  0.000  90.000  0.000  0.000  0.000  0.000  30000.000  -1.488  -1.113  -1.966  -1.013  -0.199  -0.604  0.115  0.180  0.111  1.024  0.203  0.165  0.201  0.203  -0.116
  651622.260  4766674.480  57.010  3.000  -99.000  -99.000  -99.000  -99.000  0.000  0.000  0.000  0.000  0.000  0.000  0.000  0.000  0.000  0.000  0.000  -99.000  -99.000  -99.000  -99.000  -0.197  -1.226  0.116  0.181  0.112  -1.662  0.204  0.166  0.203  0.204  -2.274
  650766.360  4765730.770  438.840  3.000  0.460  0.110  54.500  10.200  0.000  40.000  0.000  0.000  0.000  60.000  0.000  0.000  0.000  0.000  30000.000  -0.279  0.787  0.391  -1.537  -0.196  0.356  0.117  0.182  0.113  0.066  0.205  0.167  0.204  0.205  -0.115
  651081.220  4765634.380  318.460  3.000  0.350  0.170  38.000  50.000  0.000  20.000  0.000  0.000  0.000  80.000  0.000  0.000  0.000  0.000  30000.000  -0.447  1.135  0.085  -0.094  -0.194  -0.234  0.119  0.184  0.115  0.646  0.207  0.169  0.205  0.207  -0.113
  651152.160  4766198.580  -581.230  3.000  0.200  0.100  19.100  16.800  0.000  30.000  0.000  0.000  0.000  68.000  0.000  2.000  0.000  0.000  25000.000  -0.767  0.710  -0.500  -1.333  -0.193  0.074  0.120  0.185  0.116  0.185  0.208  1.945  0.207  0.208  -0.558
  650124.530  4764996.120  972.060  3.000  0.080  0.070  2.190  68.600  0.000  30.000  0.000  0.000  0.000  70.000  0.000  0.000  0.000  0.000  15000.000  -1.203  0.439  -2.291  0.521  -0.192  0.076  0.121  0.186  0.117  0.369  0.210  0.170  0.208  0.210  -1.087
  650876.120  4764815.560  1004.060  3.000  0.040  0.010  7.840  69.950  0.000  0.000  0.000  0.000  0.000  100.000  0.000  0.000  0.000  0.000  20000.000  -1.484  -1.110  -1.081  0.525  -0.190  -1.223  0.123  0.188  0.119  1.813  0.211  0.171  0.210  0.211  -0.818
  651206.000  4765921.460  468.430  3.000  0.520  0.110  93.000  50.000  0.000  20.000  0.000  0.000  0.000  80.000  0.000  0.000  0.000  0.000  50000.000  -0.181  0.789  0.857  -0.093  -0.189  -0.233  0.124  0.189  0.120  0.648  0.212  0.173  0.211  0.212  1.047
  650059.610  4764892.790  1037.580  3.000  0.200  0.100  13.350  16.880  0.000  0.000  0.000  0.000  0.000  100.000  0.000  0.000  0.000  0.000  10000.000  -0.765  0.712  -0.770  -1.326  -0.188  -1.220  0.125  0.190  0.121  1.819  0.214  0.174  0.212  0.214  -1.491
  651229.410  4765597.950  486.700  3.000  0.030  0.030  60.000  50.000  0.000  30.000  0.000  0.000  0.000  70.000  0.000  0.000  0.000  0.000  40000.000  -1.590  -0.310  0.479  -0.091  -0.186  0.077  0.127  0.192  0.123  0.370  0.215  0.175  0.214  0.215  0.578
  651082.860  4765485.910  476.870  3.000  0.830  0.060  195.000  50.000  0.000  80.000  0.000  0.000  0.000  20.000  0.000  0.000  0.000  0.000  30000.000  0.325  0.303  1.710  -0.090  -0.185  1.582  0.128  0.193  0.124  -0.907  0.216  0.177  0.215  0.216  -0.112
  651328.340  4766712.910  -116.180  3.000  -99.000  -99.000  -99.000  -99.000  5.000  65.000  0.000  0.000  0.000  30.000  0.000  0.000  0.000  0.000  20000.000  -99.000  -99.000  -99.000  -99.000  0.628  0.997  0.129  0.194  0.125  -0.676  0.218  0.178  0.216  0.218  -0.816
  651674.710  4765521.080  119.310  3.000  0.350  0.060  18.000  50.000  0.000  30.000  0.000  0.000  0.000  70.000  0.000  0.000  0.000  0.000  30000.000  -0.445  0.305  -0.560  -0.088  -0.184  0.078  0.131  0.196  0.127  0.372  0.219  0.180  0.218  0.219  -0.111
  650394.250  4764802.180  1084.450  3.000  0.090  0.020  10.600  23.500  0.000  0.000  0.000  0.000  0.000  100.000  0.000  0.000  0.000  0.000  10000.000  -1.130  -0.660  -0.942  -1.170  -0.182  -1.217  0.132  0.197  0.128  1.827  0.220  0.181  0.219  0.220  -1.487
  651230.740  4766406.380  397.010  3.000  0.340  0.110  7.550  19.600  0.000  46.000  0.000  0.000  0.000  54.000  0.000  0.000  0.000  0.000  13200.000  -0.472  0.791  -1.102  -1.252  -0.181  0.469  0.133  0.199  0.129  -0.120  0.222  0.182  0.220  0.222  -1.155
  650762.260  4764892.400  1028.640  3.000  0.170  0.060  6.450  237.000  0.000  10.000  0.000  0.000  0.000  90.000  0.000  0.000  0.000  0.000  60000.000  -0.847  0.307  -1.147  1.057  -0.180  -0.602  0.135  0.200  0.131  1.026  0.223  0.184  0.222  0.223  1.451
  650392.660  4765003.760  873.100  3.000  0.100  0.000  4.330  6.700  0.000  50.000  0.000  0.000  0.000  50.000  0.000  0.000  0.000  0.000  5000.000  -1.086  -1.601  -1.839  -1.830  -0.178  0.590  0.136  0.201  0.132  -0.192  0.225  0.185  0.223  0.225  -1.879
  651393.820  4765859.260  375.600  3.000  0.230  0.080  66.000  50.000  0.000  20.000  0.000  0.000  0.000  80.000  0.000  0.000  0.000  0.000  20000.000  -0.669  0.563  0.553  -0.087  -0.177  -0.231  0.138  0.203  0.133  0.650  0.226  0.186  0.225  0.226  -0.814
  650550.060  4764855.340  960.350  3.000  0.140  0.060  16.910  26.720  0.000  0.000  0.000  0.000  0.000  100.000  0.000  0.000  0.000  0.000  40000.000  -0.949  0.308  -0.618  -1.092  -0.175  -1.214  0.139  0.204  0.135  1.834  0.227  0.188  0.226  0.227  0.580
  651167.980  4764768.910  908.480  3.000  0.180  0.010  10.550  223.390  15.000  15.000  0.000  0.000  0.000  70.000  0.000  0.000  0.000  0.000  60000.000  -0.815  -1.108  -0.944  1.031  0.903  -0.422  0.140  0.205  0.136  0.373  0.229  0.189  0.227  0.229  1.455
  650240.210  4765055.660  1020.580  3.000  0.270  0.070  20.630  49.350  0.000  20.000  0.000  0.000  0.000  80.000  0.000  0.000  0.000  0.000  30000.000  -0.588  0.440  -0.466  -0.961  -0.174  -0.230  0.142  0.207  0.138  0.651  0.230  0.190  0.229  0.230  -0.109
  651228.970  4766406.870  -62.990  3.000  -99.000  -99.000  -99.000  -99.000  0.000  60.000  0.000  0.000  0.000  40.000  0.000  0.000  0.000  0.000  5000.000  -99.000  -99.000  -99.000  -99.000  -0.173  0.821  0.143  0.208  0.139  -0.418  0.231  0.192  0.230  0.231  -1.871
  651521.060  4765859.900  565.370  3.000  2.260  0.200  24.000  50.000  30.000  70.000  0.000  0.000  0.000  0.000  0.000  0.000  0.000  0.000  50000.000  1.656  1.260  -0.323  -0.085  1.257  1.189  0.144  0.210  0.140  -1.656  0.233  0.193  0.231  0.233  1.049
  651230.650  4766406.610  267.010  3.000  0.520  0.120  80.800  14.500  0.000  67.750  0.000  0.000  0.000  32.250  0.000  0.000  0.000  0.000  31500.000  -0.180  0.877  0.721  -1.379  -0.171  1.017  0.146  0.211  0.142  -0.563  0.234  0.194  0.233  0.234  0.150
  651230.940  4766406.110  1091.000  3.000  -99.000  -99.000  -99.000  -99.000  0.000  0.000  0.000  0.000  0.000  0.000  0.000  0.000  0.000  0.000  0.000  -99.000  -99.000  -99.000  -99.000  -0.170  -1.211  0.147  0.212  0.143  -1.651  0.236  0.196  0.234  0.236  -2.257
  650901.020  4766175.550  0.330  3.000  0.490  0.290  10.950  70.200  0.000  30.000  0.000  0.000  0.000  68.000  0.000  2.000  0.000  0.000  40000.000  -0.234  1.540  -0.935  0.526  -0.169  0.080  0.148  0.214  0.144  0.186  0.237  1.954  0.236  0.237  0.582
  650929.650  4765721.690  43.460  3.000  0.360  0.170  73.100  23.700  0.000  35.000  0.000  0.000  0.000  62.000  0.000  3.000  0.000  0.000  40000.000  -0.429  1.138  0.643  -1.164  -0.167  0.184  0.150  0.215  0.146  0.125  0.238  2.292  0.237  0.238  0.583
  651134.630  4765647.120  570.260  3.000  0.830  0.060  54.000  50.000  0.000  50.000  0.000  0.000  0.000  50.000  0.000  0.000  0.000  0.000  30000.000  0.327  0.310  0.375  -0.084  -0.166  0.591  0.151  0.216  0.147  -0.190  0.240  0.197  0.238  0.240  -0.108
  650828.760  4765288.210  871.590  3.000  -99.000  -99.000  -99.000  -99.000  0.000  5.000  0.000  0.000  0.000  95.000  0.000  0.000  0.000  0.000  10000.000  -99.000  -99.000  -99.000  -99.000  -0.165  -0.812  0.152  0.218  0.148  1.403  0.241  0.199  0.240  0.241  -1.483
  650721.080  4765085.000  1073.810  3.000  0.030  0.010  40.750  4.670  0.000  10.000  0.000  0.000  0.000  90.000  0.000  0.000  0.000  0.000  10000.000  -1.585  -1.105  0.134  -2.035  -0.163  -0.601  0.154  0.219  0.150  1.029  0.242  0.200  0.241  0.242  -1.478
  650330.580  4765048.210  897.670  3.000  0.090  0.050  16.850  39.400  0.000  10.000  0.000  0.000  0.000  90.000  0.000  0.000  0.000  0.000  30000.000  -1.127  0.129  -0.620  -1.008  -0.162  -0.599  0.155  0.220  0.151  1.031  0.244  0.201  0.242  0.244  -0.107
  650924.180  4764936.070  982.310  3.000  0.800  0.040  290.000  -99.000  20.000  0.000  0.000  0.000  0.000  80.000  0.000  0.000  0.000  0.000  30000.000  0.280  -0.065  2.215  -99.000  1.052  -1.209  0.156  0.222  0.152  0.653  0.245  0.203  0.244  0.245  -0.105
  651471.940  4766798.640  99.220  3.000  -99.000  -99.000  -99.000  -99.000  55.000  35.000  0.000  0.000  0.000  10.000  0.000  0.000  0.000  0.000  100000.000  -99.000  -99.000  -99.000  -99.000  1.694  0.185  0.158  0.223  0.154  -1.145  0.247  0.204  0.245  0.247  1.992
  651226.740  4765600.960  479.780  3.000  0.220  0.070  52.000  50.000  0.000  0.000  0.000  0.000  0.000  100.000  0.000  0.000  0.000  0.000  30000.000  -0.699  0.442  0.346  -0.082  -0.161  -1.206  0.159  0.225  0.155  1.841  0.248  0.205  0.247  0.248  -0.104
  650955.190  4765920.080  474.250  3.000  0.610  0.070  28.000  50.000  0.000  60.000  0.000  0.000  0.000  40.000  0.000  0.000  0.000  0.000  40000.000  -0.036  0.444  -0.169  -0.081  -0.159  0.823  0.161  0.226  0.156  -0.416  0.249  0.207  0.248  0.249  0.585
  651489.890  4766039.130  538.120  3.000  0.870  0.040  190.000  140.000  20.000  30.000  0.000  0.000  0.000  50.000  0.000  0.000  0.000  0.000  30000.000  0.382  -0.063  1.666  0.802  1.054  0.081  0.162  0.227  0.158  -0.189  0.251  0.208  0.249  0.251  -0.103
  650321.780  4765034.140  950.950  3.000  0.200  0.090  11.200  19.350  0.000  10.000  0.000  0.000  0.000  90.000  0.000  0.000  0.000  0.000  100000.000  -0.763  0.641  -0.885  -1.256  -0.158  -0.598  0.163  0.229  0.159  1.033  0.252  0.210  0.251  0.252  2.001
  650287.980  4765100.350  896.040  3.000  0.270  0.450  24.500  224.000  0.000  35.000  0.000  0.000  0.000  65.000  0.000  0.000  0.000  0.000  30000.000  -0.586  1.947  -0.306  1.033  -0.156  0.186  0.165  0.230  0.161  0.158  0.253  0.211  0.252  0.253  -0.101
  651352.720  4765987.990  628.910  3.000  0.610  0.050  105.000  240.000  0.000  60.000  10.000  0.000  0.000  30.000  0.000  0.000  0.000  0.000  40000.000  -0.035  0.130  0.984  1.068  -0.155  0.825  2.151  0.231  0.162  -0.674  0.255  0.212  0.253  0.255  0.586
  651230.630  4766406.830  171.010  3.000  0.760  0.120  32.900  8.400  0.000  30.000  0.000  0.000  0.000  70.000  0.000  0.000  0.000  0.000  30000.000  0.213  0.879  -0.043  -1.687  -0.154  0.082  0.166  0.233  0.163  0.374  0.256  0.214  0.255  0.256  -0.100
  651412.080  4765822.880  720.170  3.000  3.030  1.130  25.000  110.000  0.000  100.000  0.000  0.000  0.000  0.000  0.000  0.000  0.000  0.000  50000.000  1.999  2.721  -0.270  0.634  -0.152  2.504  0.167  0.234  0.165  -1.646  0.258  0.215  0.256  0.258  1.052
  650629.050  4764949.110  1030.460  3.000  0.010  0.000  4.200  18.800  0.000  10.000  0.000  0.000  0.000  90.000  0.000  0.000  0.000  0.000  20000.000  -2.070  -1.595  -1.864  -1.269  -0.151  -0.596  0.169  0.236  0.166  1.036  0.259  0.216  0.258  0.259  -0.812
  651131.860  4766350.890  -164.590  3.000  -99.000  -99.000  -99.000  -99.000  0.000  20.000  0.000  0.000  0.000  80.000  0.000  0.000  0.000  0.000  20000.000  -99.000  -99.000  -99.000  -99.000  -0.150  -0.229  0.170  0.237  0.167  0.654  0.260  0.218  0.259  0.260  -0.810
  650242.620  4764997.750  898.610  3.000  0.100  0.000  6.720  22.400  0.000  15.000  0.000  0.000  0.000  85.000  0.000  0.000  0.000  0.000  10000.000  -1.083  -1.590  -1.139  -1.188  -0.148  -0.421  0.171  0.238  0.169  0.831  0.262  0.219  0.260  0.262  -1.475
  651458.680  4766761.000  39.480  3.000  0.170  0.160  18.000  50.000  0.000  10.000  0.000  0.000  0.000  90.000  0.000  0.000  0.000  0.000  20000.000  -0.845  1.086  -0.558  -0.079  -0.147  -0.594  0.173  0.240  0.170  1.038  0.263  0.220  0.262  0.263  -0.808
  651867.810  4766351.840  173.930  3.000  0.670  0.250  5.000  50.000  70.000  10.000  0.000  0.000  0.000  20.000  0.000  0.000  0.000  0.000  10000.000  0.075  1.436  -1.382  -0.078  1.834  -0.593  0.174  0.241  0.171  -0.905  0.265  0.222  0.263  0.265  -1.471
  650532.490  4765468.840  668.840  3.000  0.290  0.100  82.200  19.100  0.000  15.000  0.000  0.000  0.000  85.000  0.000  0.000  0.000  0.000  50000.000  -0.556  0.714  0.736  -1.262  -0.146  -0.419  0.175  0.242  0.173  0.833  0.266  0.223  0.265  0.266  1.054
  651329.830  4766690.900  -6.370  3.000  -99.000  -99.000  -99.000  -99.000  10.000  35.000  0.000  0.000  0.000  50.000  0.000  5.000  0.000  0.000  20000.000  -99.000  -99.000  -99.000  -99.000  0.799  0.188  0.177  0.244  0.174  -0.188  0.267  2.609  0.266  0.267  -0.806
  651455.940  4766526.530  234.530  3.000  0.640  0.070  35.000  50.000  0.000  50.000  0.000  0.000  0.000  50.000  0.000  0.000  0.000  0.000  30000.000  0.016  0.445  0.010  -0.076  -0.144  0.593  0.178  0.245  0.175  -0.186  0.269  0.225  0.267  0.269  -0.098
  650824.130  4766115.970  741.490  3.000  0.150  0.160  66.000  280.000  0.000  10.000  0.000  0.000  0.000  90.000  0.000  0.000  0.000  0.000  40000.000  -0.910  1.089  0.554  1.152  -0.143  -0.591  0.180  0.247  0.177  1.040  0.270  0.226  0.269  0.270  0.588
  650253.010  4764899.660  1090.810  3.000  0.050  0.060  2.340  52.600  0.000  0.100  0.000  0.000  0.000  99.800  0.000  0.100  0.000  0.000  150000.000  -1.392  0.311  -2.215  0.478  -0.142  -0.959  0.181  0.248  0.178  1.483  0.271  1.779  0.270  0.271  2.475
  651609.290  4766063.810  479.250  3.000  0.750  0.070  110.000  520.000  0.000  60.000  0.000  0.000  0.000  40.000  0.000  0.000  0.000  0.000  40000.000  0.198  0.447  1.049  1.445  -0.140  0.827  0.182  0.249  0.180  -0.415  0.273  0.227  0.271  0.273  0.590
  650527.240  4765035.460  1043.500  3.000  0.610  0.240  34.350  22.020  0.000  5.000  0.000  0.000  0.000  95.000  0.000  0.000  0.000  0.000  70000.000  -0.033  1.420  -0.004  -1.191  -0.139  -0.810  0.184  0.251  0.181  1.407  0.274  0.229  0.273  0.274  1.729
  651845.110  4766375.640  56.460  3.000  0.530  0.260  5.000  50.000  15.000  45.000  0.000  0.000  0.000  40.000  0.000  0.000  0.000  0.000  20000.000  -0.156  1.471  -1.378  -0.075  0.905  0.452  0.185  0.252  0.182  -0.413  0.276  0.230  0.274  0.276  -0.805
  650661.960  4765747.090  687.300  3.000  -99.000  -99.000  -99.000  -99.000  1.000  60.000  0.000  0.000  0.000  39.000  0.000  0.000  0.000  0.000  10000.000  -99.000  -99.000  -99.000  -99.000  0.604  0.829  0.186  0.253  0.184  -0.538  0.277  0.231  0.276  0.277  -1.467
  651364.720  4765743.410  449.720  3.000  0.430  0.020  20.000  50.000  0.000  20.000  0.000  0.000  0.000  80.000  0.000  0.000  0.000  0.000  20000.000  -0.321  -0.658  -0.479  -0.073  -0.138  -0.227  0.188  0.255  0.185  0.656  0.278  0.233  0.277  0.278  -0.803
  650924.540  4764924.660  1005.670  3.000  0.040  0.000  2.500  -99.000  0.000  0.000  0.000  0.000  0.000  100.000  0.000  0.000  0.000  0.000  40000.000  -1.479  -1.585  -2.151  -99.000  -0.136  -1.203  0.189  0.256  0.186  1.848  0.280  0.234  0.278  0.280  0.591
  650314.040  4765099.420  1037.660  3.000  0.300  0.270  105.500  51.400  0.000  30.000  0.000  0.000  0.000  67.000  0.000  3.000  0.000  0.000  30000.000  -0.534  1.488  1.014  0.471  -0.135  0.084  0.190  0.258  0.188  0.182  0.281  2.311  0.280  0.281  -0.097
  651178.460  4765936.140  434.630  3.000  0.690  0.100  120.000  50.000  0.000  40.000  0.000  0.000  0.000  60.000  0.000  0.000  0.000  0.000  30000.000  0.106  0.716  1.139  -0.072  -0.133  0.357  0.192  0.259  0.189  0.068  0.283  0.236  0.281  0.283  -0.096
  651722.020  4766240.570  369.270  3.000  0.930  0.390  40.000  980.000  0.000  10.000  0.000  0.000  0.000  90.000  0.000  0.000  0.000  0.000  50000.000  0.470  1.787  0.122  1.838  -0.132  -0.590  0.193  0.260  0.190  1.042  0.284  0.237  0.283  0.284  1.056
  651143.140  4765677.240  -380.930  3.000  0.220  0.330  9.630  104.000  0.000  30.000  0.000  0.000  0.000  68.000  0.000  2.000  0.000  0.000  25000.000  -0.697  1.662  -1.016  0.601  -0.131  0.085  0.194  0.262  0.192  0.188  0.285  1.963  0.284  0.285  -0.556
  650089.730  4765048.070  1102.310  3.000  0.150  0.030  -99.000  -99.000  0.000  30.000  0.000  0.000  0.000  70.000  0.000  0.000  0.000  0.000  20000.000  -0.908  -0.308  -99.000  -99.000  -0.129  0.086  0.196  0.263  0.193  0.376  0.287  0.238  0.285  0.287  -0.801
  651662.640  4766649.060  300.660  3.000  1.220  0.130  85.000  50.000  0.000  60.000  0.000  0.000  0.000  40.000  0.000  0.000  0.000  0.000  40000.000  0.797  0.956  0.770  -0.070  -0.128  0.831  0.197  0.265  0.194  -0.412  0.288  0.240  0.287  0.288  0.593
  651230.650  4766406.620  265.010  3.000  0.540  0.180  44.600  10.600  0.000  55.000  0.000  0.000  0.000  45.000  0.000  0.000  0.000  0.000  40000.000  -0.139  1.182  0.210  -1.522  -0.127  0.707  0.199  0.266  0.196  -0.327  0.290  0.241  0.288  0.290  0.594
  650988.940  4765714.850  -87.580  3.000  0.250  0.060  22.200  85.100  0.000  10.000  0.000  0.000  0.000  90.000  0.000  0.000  0.000  0.000  25000.000  -0.629  0.313  -0.388  0.560  -0.125  -0.588  0.200  0.267  0.197  1.045  0.291  0.242  0.290  0.291  -0.555
  651032.590  4765952.490  574.450  3.000  1.090  0.180  29.000  140.000  50.000  50.000  0.000  0.000  0.000  0.000  0.000  0.000  0.000  0.000  40000.000  0.665  1.185  -0.137  0.804  1.621  0.594  0.201  0.269  0.199  -1.641  0.292  0.244  0.291  0.292  0.596
  651130.590  4765821.830  179.780  3.000  0.290  0.170  14.000  50.000  0.000  70.000  0.000  0.000  0.000  30.000  0.000  0.000  0.000  0.000  30000.000  -0.554  1.141  -0.744  -0.068  -0.124  1.192  0.203  0.270  0.200  -0.673  0.294  0.245  0.292  0.294  -0.094
  651370.340  4765889.290  263.930  3.000  0.530  0.060  24.000  50.000  0.000  40.000  0.000  0.000  0.000  60.000  0.000  0.000  0.000  0.000  30000.000  -0.154  0.314  -0.321  -0.067  -0.123  0.359  0.204  0.271  0.201  0.069  0.295  0.247  0.294  0.295  -0.093
  651165.200  4765769.750  47.850  3.000  0.110  0.050  13.000  50.000  0.000  30.000  0.000  0.000  0.000  70.000  0.000  0.000  0.000  0.000  20000.000  -1.049  0.132  -0.786  -0.065  -0.121  0.088  0.205  0.273  0.203  0.377  0.297  0.248  0.295  0.297  -0.799
  651831.000  4766482.990  125.550  3.000  1.310  0.370  19.000  130.000  0.000  40.000  0.000  0.000  0.000  60.000  0.000  0.000  0.000  0.000  30000.000  0.917  1.751  -0.505  0.736  -0.120  0.360  0.207  0.274  0.204  0.070  0.298  0.249  0.297  0.298  -0.092
  651578.050  4766125.390  508.120  3.000  1.010  0.130  52.000  120.000  0.000  60.000  0.000  0.000  0.000  40.000  0.000  0.000  0.000  0.000  40000.000  0.575  0.958  0.348  0.693  -0.119  0.833  0.208  0.276  0.205  -0.411  0.299  0.251  0.298  0.299  0.598
  650178.630  4765101.080  1117.700  3.000  0.450  0.070  21.100  20.100  0.000  40.000  0.000  0.000  0.000  60.000  0.000  0.000  0.000  0.000  10000.000  -0.297  0.448  -0.430  -1.236  -0.117  0.362  0.210  0.277  0.207  0.072  0.301  0.252  0.299  0.301  -1.463
  651060.610  4766002.320  692.640  3.000  0.690  0.060  5.000  50.000  0.000  60.000  0.000  0.000  0.000  40.000  0.000  0.000  0.000  0.000  40000.000  0.108  0.316  -1.374  -0.064  -0.116  0.835  0.211  0.278  0.208  -0.409  0.302  0.253  0.301  0.302  0.599
  651900.340  4766240.580  314.270  3.000  0.970  0.060  36.000  50.000  10.000  60.000  0.000  0.000  0.000  30.000  0.000  0.000  0.000  0.000  30000.000  0.515  0.317  0.031  -0.062  0.801  0.836  0.212  0.280  0.210  -0.671  0.304  0.255  0.302  0.304  -0.090
  651141.910  4766198.050  -555.180  3.000  0.080  0.030  27.800  3.700  0.000  25.000  0.000  0.000  0.000  75.000  0.000  0.000  0.000  0.000  15000.000  -1.200  -0.307  -0.186  -2.190  -0.115  -0.100  0.214  0.281  0.211  0.480  0.305  0.256  0.304  0.305  -1.085
  650677.290  4765744.690  650.440  3.000  0.180  0.030  18.100  27.600  0.000  10.000  0.000  0.000  0.000  90.000  0.000  0.000  0.000  0.000  35000.000  -0.813  -0.305  -0.544  -1.090  -0.113  -0.586  0.215  0.283  0.212  1.047  0.306  0.258  0.305  0.306  0.199
  651750.840  4766521.430  7.250  3.000  0.780  0.080  115.000  50.000  0.000  40.000  0.000  0.000  0.000  60.000  0.000  0.000  0.000  0.000  30000.000  0.236  0.565  1.105  -0.061  -0.112  0.363  0.216  0.284  0.214  0.073  0.308  0.259  0.306  0.308  -0.089
  650621.820  4765000.500  882.600  3.000  0.550  0.160  7.660  31.600  0.000  28.000  0.000  0.000  0.000  70.000  0.000  2.000  0.000  0.000  50000.000  -0.118  1.091  -1.091  -1.054  -0.111  -0.072  0.218  0.285  0.215  0.379  0.309  1.972  0.308  0.309  1.059
  651475.600  4766811.980  60.100  3.000  -99.000  -99.000  -99.000  -99.000  55.000  35.000  0.000  0.000  0.000  10.000  0.000  0.000  0.000  0.000  150000.000  -99.000  -99.000  -99.000  -99.000  1.700  0.189  0.219  0.287  0.216  -1.142  0.311  0.260  0.309  0.311  2.504
  651693.930  4766266.950  281.350  3.000  0.800  0.100  37.000  580.000  0.000  30.000  0.000  0.000  0.000  70.000  0.000  0.000  0.000  0.000  30000.000  0.282  0.718  0.057  1.489  -0.109  0.089  0.220  0.288  0.218  0.380  0.312  0.262  0.311  0.312  -0.088
  650061.820  4764993.320  1018.760  3.000  0.170  0.190  10.050  7.700  0.000  25.000  0.000  0.000  0.000  73.000  0.000  2.000  0.000  0.000  30000.000  -0.843  1.218  -0.958  -1.754  -0.108  -0.098  0.222  0.290  0.219  0.449  0.313  1.982  0.312  0.313  -0.086
  651166.580  4765767.530  42.450  3.000  0.280  0.300  24.000  50.000  0.000  35.000  0.000  0.000  0.000  65.000  0.000  0.000  0.000  0.000  30000.000  -0.570  1.569  -0.320  -0.059  -0.107  0.190  0.223  0.291  0.220  0.159  0.315  0.263  0.313  0.315  -0.085
  650134.060  4765050.340  893.760  3.000  0.160  0.120  28.500  28.300  0.000  15.000  0.000  0.000  0.000  85.000  0.000  0.000  0.000  0.000  20000.000  -0.871  0.881  -0.159  -1.084  -0.105  -0.418  0.225  0.292  0.222  0.835  0.316  0.265  0.315  0.316  -0.797
  651489.520  4766037.590  539.330  3.000  0.970  0.040  105.000  50.000  10.000  40.000  0.000  0.000  0.000  50.000  0.000  0.000  0.000  0.000  40000.000  0.517  -0.062  0.987  -0.058  0.803  0.364  0.226  0.294  0.223  -0.185  0.318  0.266  0.316  0.318  0.601
  651575.020  4766692.080  186.810  3.000  0.980  0.090  78.000  50.000  0.000  80.000  0.000  0.000  0.000  20.000  0.000  0.000  0.000  0.000  35000.000  0.532  0.643  0.698  -0.056  -0.104  1.587  0.227  0.295  0.225  -0.903  0.319  0.267  0.318  0.319  0.200
  651557.800  4766589.530  336.060  3.000  0.380  0.100  76.000  50.000  0.000  60.000  0.000  0.000  0.000  40.000  0.000  0.000  0.000  0.000  30000.000  -0.392  0.720  0.675  -0.055  -0.103  0.838  0.229  0.297  0.226  -0.408  0.320  0.269  0.319  0.320  -0.084
  650893.870  4766064.540  473.160  3.000  0.570  0.160  33.000  50.000  0.000  30.000  0.000  0.000  0.000  70.000  0.000  0.000  0.000  0.000  40000.000  -0.085  1.094  -0.033  -0.053  -0.101  0.090  0.230  0.298  0.227  0.382  0.322  0.270  0.320  0.322  0.602
  651617.190  4766556.750  406.750  3.000  0.690  0.090  20.000  50.000  0.000  60.000  0.000  0.000  0.000  40.000  0.000  0.000  0.000  0.000  40000.000  0.109  0.645  -0.478  -0.052  -0.100  0.840  0.231  0.299  0.229  -0.406  0.323  0.271  0.322  0.323  0.604
  651432.950  4766147.160  473.750  3.000  1.070  0.080  160.000  50.000  0.000  70.000  0.000  0.000  0.000  30.000  0.000  0.000  0.000  0.000  50000.000  0.645  0.567  1.473  -0.050  -0.098  1.195  0.233  0.301  0.230  -0.669  0.325  0.273  0.323  0.325  1.061
  651474.580  4766034.340  545.670  3.000  0.860  0.040  62.000  50.000  30.000  60.000  0.000  0.000  0.000  10.000  0.000  0.000  0.000  0.000  30000.000  0.365  -0.060  0.505  -0.049  1.260  0.842  0.234  0.302  0.231  -1.139  0.326  0.274  0.325  0.326  -0.082
  651287.030  4765684.990  400.690  3.000  0.290  0.020  17.000  50.000  0.000  40.000  0.000  0.000  0.000  60.000  0.000  0.000  0.000  0.000  20000.000  -0.553  -0.656  -0.602  -0.047  -0.097  0.366  0.236  0.304  0.233  0.074  0.327  0.276  0.326  0.327  -0.795
  651876.310  4766343.920  214.300  3.000  1.350  0.250  15.000  120.000  0.000  70.000  0.000  0.000  0.000  30.000  0.000  0.000  0.000  0.000  30000.000  0.965  1.441  -0.681  0.695  -0.096  1.198  0.237  0.305  0.234  -0.668  0.329  0.277  0.327  0.329  -0.081
  650935.030  4766178.840  -74.210  3.000  0.720  0.430  15.550  98.600  0.000  35.000  0.000  0.000  0.000  62.000  0.000  3.000  0.000  0.000  40000.000  0.156  1.909  -0.662  0.576  -0.094  0.192  0.238  0.306  0.236  0.127  0.330  2.331  0.329  0.330  0.606
  651501.470  4766085.790  502.230  3.000  0.910  0.090  110.000  50.000  0.000  70.000  0.000  0.000  0.000  30.000  0.000  0.000  0.000  0.000  30000.000  0.447  0.647  1.052  -0.046  -0.093  1.200  0.240  0.308  0.237  -0.666  0.332  0.278  0.330  0.332  -0.080
  651540.770  4766598.490  315.730  3.000  0.030  0.010  5.000  50.000  0.000  0.000  0.000  0.000  0.000  0.000  0.000  0.000  0.000  0.000  0.000  -1.580  -1.102  -1.371  -0.044  -0.092  -1.200  0.241  0.309  0.238  -1.636  0.333  0.280  0.332  0.333  -2.240
  651057.540  4765661.920  451.590  3.000  0.430  0.070  47.000  50.000  0.000  30.000  0.000  0.000  0.000  70.000  0.000  0.000  0.000  0.000  30000.000  -0.319  0.450  0.261  -0.043  -0.090  0.092  0.242  0.311  0.240  0.383  0.335  0.281  0.333  0.335  -0.078
  651589.850  4765591.910  526.830  3.000  0.840  0.010  46.000  50.000  0.000  80.000  0.000  0.000  0.000  20.000  0.000  0.000  0.000  0.000  35000.000  0.341  -1.099  0.251  -0.041  -0.089  1.591  0.244  0.312  0.241  -0.901  0.336  0.283  0.335  0.336  0.201
  651548.040  4766707.030  152.690  3.000  0.970  0.190  130.000  50.000  10.000  60.000  0.000  0.000  0.000  30.000  0.000  0.000  0.000  0.000  35000.000  0.518  1.222  1.241  -0.040  0.805  0.844  0.245  0.313  0.242  -0.664  0.337  0.284  0.336  0.337  0.203
  651304.320  4766511.300  210.880  3.000  -99.000  -99.000  -99.000  -99.000  0.000  25.000  0.000  0.000  0.000  70.000  0.000  5.000  0.000  0.000  20000.000  -99.000  -99.000  -99.000  -99.000  -0.088  -0.097  0.247  0.315  0.244  0.384  0.339  2.652  0.337  0.339  -0.794
  651595.750  4766569.700  380.900  3.000  0.200  0.050  50.000  50.000  0.000  50.000  0.000  0.000  0.000  50.000  0.000  0.000  0.000  0.000  10000.000  -0.761  0.133  0.313  -0.038  -0.086  0.596  0.248  0.316  0.245  -0.184  0.340  0.285  0.339  0.340  -1.459
  650877.270  4765726.370  162.340  3.000  0.290  0.040  54.200  20.700  0.000  40.000  0.000  0.000  0.000  60.000  0.000  0.000  0.000  0.000  20000.000  -0.551  -0.059  0.388  -1.220  -0.085  0.367  0.249  0.318  0.247  0.076  0.342  0.287  0.340  0.342  -0.792
  651445.290  4766138.120  521.350  3.000  0.680  0.100  74.000  50.000  0.000  60.000  0.000  0.000  0.000  40.000  0.000  0.000  0.000  0.000  40000.000  0.090  0.722  0.655  -0.036  -0.084  0.846  0.251  0.319  0.248  -0.405  0.343  0.288  0.342  0.343  0.607
  651499.890  4766079.530  506.940  3.000  0.690  0.050  91.000  50.000  0.000  75.000  0.000  0.000  0.000  25.000  0.000  0.000  0.000  0.000  30000.000  0.111  0.135  0.833  -0.035  -0.082  1.371  0.252  0.320  0.249  -0.814  0.344  0.290  0.343  0.344  -0.077
  650203.540  4765097.720  962.330  3.000  0.320  0.050  14.800  59.900  0.000  30.000  0.000  0.000  0.000  70.000  0.000  0.000  0.000  0.000  25000.000  -0.498  0.136  -0.703  0.497  -0.081  0.093  0.253  0.322  0.251  0.386  0.346  0.291  0.344  0.346  -0.553
  650893.450  4765707.160  674.940  3.000  0.500  0.050  72.000  168.000  0.000  10.000  0.000  0.000  0.000  90.000  0.000  0.000  0.000  0.000  30000.000  -0.211  0.138  0.634  0.891  -0.080  -0.585  0.255  0.323  0.252  1.049  0.347  0.292  0.346  0.347  -0.076
  651053.340  4765666.190  472.760  3.000  0.720  0.110  86.000  50.000  0.000  30.000  0.000  0.000  0.000  70.000  0.000  0.000  0.000  0.000  30000.000  0.157  0.793  0.784  -0.033  -0.078  0.094  0.256  0.325  0.253  0.387  0.349  0.294  0.347  0.349  -0.074
  650767.650  4764912.750  1076.190  3.000  0.060  0.020  5.450  18.000  0.000  10.000  0.000  0.000  0.000  90.000  0.000  0.000  0.000  0.000  50000.000  -1.314  -0.654  -1.213  -1.290  -0.077  -0.583  0.258  0.326  0.255  1.052  0.350  0.295  0.349  0.350  1.063
  651476.360  4765911.510  379.560  3.000  0.660  0.070  130.000  50.000  0.000  20.000  0.000  0.000  0.000  80.000  0.000  0.000  0.000  0.000  30000.000  0.050  0.452  1.245  -0.032  -0.076  -0.226  0.259  0.327  0.256  0.658  0.352  0.297  0.350  0.352  -0.073
  651502.480  4766622.490  267.650  3.000  0.790  0.040  175.000  50.000  0.000  70.000  0.000  0.000  0.000  30.000  0.000  0.000  0.000  0.000  40000.000  0.262  -0.057  1.567  -0.030  -0.074  1.203  0.260  0.329  0.258  -0.663  0.353  0.298  0.352  0.353  0.609
  651301.750  4765768.380  820.280  3.000  1.310  0.020  5.000  50.000  0.000  50.000  0.000  0.000  0.000  50.000  0.000  0.000  0.000  0.000  30000.000  0.919  -0.652  -1.367  -0.029  -0.073  0.598  0.262  0.330  0.259  -0.182  0.354  0.299  0.353  0.354  -0.072
  650473.700  4764917.430  956.500  3.000  0.110  0.080  10.360  65.600  0.000  40.000  10.000  0.000  0.000  50.000  0.000  0.000  0.000  0.000  70000.000  -1.047  0.568  -0.949  0.513  -0.072  0.369  2.165  0.332  0.260  -0.181  0.356  0.301  0.354  0.356  1.735
  650646.810  4765471.770  215.100  3.000  0.210  0.040  12.550  446.000  0.000  10.000  0.000  0.000  0.000  90.000  0.000  0.000  0.000  0.000  40000.000  -0.731  -0.056  -0.833  1.359  -0.070  -0.582  0.263  0.333  0.262  1.054  0.357  0.302  0.356  0.357  0.610
  650922.380  4764996.180  862.570  3.000  0.060  0.020  2.500  -99.000  0.000  0.000  0.000  0.000  0.000  100.000  0.000  0.000  0.000  0.000  40000.000  -1.311  -0.650  -2.136  -99.000  -0.069  -1.198  0.265  0.335  0.263  1.856  0.359  0.304  0.357  0.359  0.612
  651653.660  4766660.780  106.260  3.000  -99.000  -99.000  -99.000  -99.000  0.000  0.000  0.000  0.000  0.000  0.000  0.000  0.000  0.000  0.000  0.000  -99.000  -99.000  -99.000  -99.000  -0.068  -1.195  0.266  0.336  0.265  -1.631  0.360  0.305  0.359  0.360  -2.224
  651221.110  4765746.520  570.640  3.000  0.510  0.060  45.000  50.000  0.000  10.000  0.000  0.000  0.000  90.000  0.000  0.000  0.000  0.000  40000.000  -0.201  0.319  0.219  -0.027  -0.066  -0.580  0.267  0.337  0.266  1.056  0.362  0.306  0.360  0.362  0.614
  651559.390  4766155.850  401.980  3.000  0.870  0.190  175.000  50.000  0.000  20.000  0.000  0.000  0.000  80.000  0.000  0.000  0.000  0.000  30000.000  0.384  1.225  1.572  -0.026  -0.065  -0.225  0.269  0.339  0.267  0.659  0.363  0.308  0.362  0.363  -0.070
  651547.240  4766141.240  262.990  3.000  0.260  0.050  64.000  50.000  0.000  0.000  0.000  0.000  0.000  100.000  0.000  0.000  0.000  0.000  10000.000  -0.611  0.139  0.537  -0.024  -0.064  -1.192  0.270  0.340  0.269  1.863  0.364  0.309  0.363  0.364  -1.455
  650764.750  4764901.720  1050.620  3.000  0.060  0.040  7.020  202.000  0.000  10.000  0.000  0.000  0.000  90.000  0.000  0.000  0.000  0.000  50000.000  -1.307  -0.054  -1.122  0.990  -0.062  -0.578  0.271  0.342  0.270  1.059  0.366  0.311  0.364  0.366  1.066
  651304.880  4766511.040  220.860  3.000  -99.000  -99.000  -99.000  -99.000  0.000  25.000  0.000  0.000  0.000  70.000  0.000  5.000  0.000  0.000  20000.000  -99.000  -99.000  -99.000  -99.000  -0.061  -0.096  0.273  0.343  0.271  0.389  0.367  2.700  0.366  0.367  -0.790
  651160.130  4766198.980  -601.730  3.000  0.050  0.040  14.100  4.200  0.000  15.000  0.000  0.000  0.000  85.000  0.000  0.000  0.000  0.000  20000.000  -1.388  -0.053  -0.730  -2.099  -0.060  -0.416  0.274  0.344  0.273  0.836  0.369  0.312  0.367  0.369  -0.788
  651331.690  4766677.400  64.320  3.000  -99.000  -99.000  -99.000  -99.000  0.000  20.000  0.000  0.000  0.000  80.000  0.000  0.000  0.000  0.000  20000.000  -99.000  -99.000  -99.000  -99.000  -0.058  -0.223  0.276  0.346  0.274  0.661  0.370  0.313  0.369  0.370  -0.786
  650274.700  4764997.910  991.210  3.000  0.400  0.370  11.250  15.000  0.000  30.000  0.000  0.000  0.000  70.000  0.000  0.000  0.000  0.000  30000.000  -0.361  1.758  -0.881  -1.371  -0.057  0.096  0.277  0.347  0.276  0.390  0.372  0.315  0.370  0.372  -0.069
  650564.690  4764991.940  1009.970  3.000  0.300  0.020  5.920  301.750  0.000  5.000  0.000  0.000  0.000  95.000  0.000  0.000  0.000  0.000  70000.000  -0.532  -0.649  -1.173  1.185  -0.056  -0.808  0.278  0.349  0.277  1.410  0.373  0.316  0.372  0.373  1.741
  650767.140  4765730.650  437.000  3.000  1.040  0.120  66.100  8.900  0.000  70.000  0.000  0.000  0.000  30.000  0.000  0.000  0.000  0.000  40000.000  0.609  0.884  0.560  -1.633  -0.054  1.206  0.280  0.350  0.278  -0.661  0.374  0.318  0.373  0.374  0.615
  651161.060  4765776.400  64.060  3.000  0.260  0.110  14.000  50.000  0.000  20.000  0.000  0.000  0.000  80.000  0.000  0.000  0.000  0.000  10000.000  -0.609  0.795  -0.742  -0.023  -0.053  -0.222  0.281  0.352  0.280  0.663  0.376  0.319  0.374  0.376  -1.451
  650397.070  4765003.670  898.730  3.000  0.110  0.060  9.780  40.300  0.000  20.000  0.000  0.000  0.000  80.000  0.000  0.000  0.000  0.000  10000.000  -1.044  0.321  -1.014  -1.005  -0.052  -0.220  0.283  0.353  0.281  0.664  0.377  0.320  0.376  0.377  -1.447
  651136.030  4765679.800  -369.150  3.000  0.260  0.650  7.400  92.700  0.000  20.000  0.000  0.000  0.000  80.000  0.000  0.000  0.000  0.000  30000.000  -0.607  2.253  -1.110  0.569  -0.050  -0.219  0.284  0.354  0.283  0.666  0.379  0.322  0.377  0.379  -0.068
  650753.930  4764880.390  927.840  3.000  0.160  0.050  8.750  53.060  0.000  20.000  0.000  0.000  0.000  80.000  0.000  0.000  0.000  0.000  70000.000  -0.868  0.141  -1.047  0.482  -0.049  -0.218  0.285  0.356  0.284  0.668  0.380  0.323  0.379  0.380  1.747
  651140.090  4765807.790  143.550  3.000  0.260  0.150  50.000  50.000  0.000  60.000  0.000  0.000  0.000  40.000  0.000  0.000  0.000  0.000  20000.000  -0.605  1.042  0.315  -0.021  -0.048  0.848  0.287  0.357  0.285  -0.403  0.382  0.325  0.380  0.382  -0.784
  651534.340  4766690.490  292.690  3.000  0.050  0.010  5.000  50.000  0.000  0.000  0.000  0.000  0.000  100.000  0.000  0.000  0.000  0.000  20000.000  -1.384  -1.097  -1.363  -0.020  -0.046  -1.189  0.288  0.359  0.287  1.871  0.383  0.326  0.382  0.383  -0.783
  651327.210  4765676.390  420.630  3.000  0.010  0.030  5.000  100.000  0.000  20.000  0.000  0.000  0.000  80.000  0.000  0.000  0.000  0.000  20000.000  -2.057  -0.303  -1.359  0.594  -0.045  -0.216  0.290  0.360  0.288  0.669  0.384  0.327  0.383  0.384  -0.781
  650688.910  4764883.940  1065.530  3.000  0.290  0.080  35.180  81.250  0.000  20.000  0.000  0.000  0.000  80.000  0.000  0.000  0.000  0.000  80000.000  -0.549  0.570  0.015  0.549  -0.043  -0.215  0.291  0.362  0.290  0.671  0.386  0.329  0.384  0.386  1.886
  651565.500  4766445.900  347.800  3.000  1.690  0.100  145.000  50.000  30.000  50.000  0.000  0.000  0.000  20.000  0.000  0.000  0.000  0.000  50000.000  1.273  0.724  1.341  -0.018  1.263  0.599  0.292  0.363  0.291  -0.899  0.387  0.330  0.386  0.387  1.068
  651317.750  4765691.010  359.040  3.000  0.250  0.070  5.000  120.000  0.000  20.000  0.000  0.000  0.000  80.000  0.000  0.000  0.000  0.000  30000.000  -0.627  0.453  -1.355  0.697  -0.042  -0.214  0.294  0.364  0.292  0.673  0.389  0.332  0.387  0.389  -0.066
  651155.060  4766198.730  -588.690  3.000  0.070  0.050  9.150  8.600  0.000  25.000  0.000  0.000  0.000  75.000  0.000  0.000  0.000  0.000  20000.000  -1.263  0.142  -1.036  -1.669  -0.041  -0.094  0.295  0.366  0.294  0.481  0.390  0.333  0.389  0.390  -0.779
  650892.410  4765725.240  127.510  3.000  0.510  0.050  206.000  7.400  0.000  35.000  0.000  0.000  0.000  62.000  0.000  3.000  0.000  0.000  50000.000  -0.199  0.144  1.785  -1.783  -0.039  0.193  0.297  0.367  0.295  0.128  0.392  2.352  0.390  0.392  1.070
  651530.040  4766462.900  368.750  3.000  1.260  0.220  165.000  50.000  10.000  80.000  0.000  0.000  0.000  10.000  0.000  0.000  0.000  0.000  30000.000  0.853  1.354  1.504  -0.017  0.806  1.596  0.298  0.369  0.297  -1.137  0.393  0.335  0.392  0.393  -0.065
  650520.840  4764950.600  923.730  3.000  0.070  0.060  4.030  41.800  0.000  15.000  0.000  0.000  0.000  85.000  0.000  0.000  0.000  0.000  30000.000  -1.260  0.322  -1.917  -0.998  -0.038  -0.415  0.299  0.370  0.298  0.838  0.395  0.336  0.393  0.395  -0.064
  651045.430  4765673.860  511.210  3.000  0.650  0.080  62.000  160.000  0.000  45.000  0.000  0.000  0.000  55.000  0.000  0.000  0.000  0.000  30000.000  0.036  0.572  0.506  0.871  -0.037  0.453  0.301  0.372  0.299  -0.105  0.396  0.337  0.395  0.396  -0.062
  651337.400  4766184.730  593.930  3.000  1.850  0.150  81.000  50.000  0.000  80.000  0.000  0.000  0.000  20.000  0.000  0.000  0.000  0.000  30000.000  1.392  1.044  0.724  -0.015  -0.035  1.601  0.302  0.373  0.301  -0.897  0.397  0.339  0.396  0.397  -0.061
  651213.930  4765724.630  542.810  3.000  -99.000  -99.000  -99.000  -99.000  0.000  0.000  0.000  0.000  0.000  100.000  0.000  0.000  0.000  0.000  20000.000  -99.000  -99.000  -99.000  -99.000  -0.034  -1.187  0.304  0.374  0.302  1.879  0.399  0.340  0.397  0.399  -0.777
  650238.530  4765050.590  1037.770  3.000  0.470  0.200  12.500  23.890  0.000  35.000  0.000  0.000  0.000  65.000  0.000  0.000  0.000  0.000  60000.000  -0.259  1.263  -0.838  -1.161  -0.033  0.194  0.305  0.376  0.304  0.161  0.400  0.342  0.399  0.400  1.459
  650472.260  4764921.300  1098.440  3.000  1.530  0.420  15.700  33.900  10.000  30.000  30.000  0.000  0.000  30.000  0.000  0.000  0.000  0.000  70000.000  1.135  1.865  -0.658  -1.033  0.808  0.097  2.571  0.377  0.305  -0.659  0.402  0.343  0.400  0.402  1.754
  650763.670  4766162.710  302.290  3.000  0.620  0.330  37.600  99.900  5.000  35.000  0.000  0.000  0.000  55.000  0.000  5.000  0.000  0.000  30000.000  -0.013  1.668  0.067  0.578  0.630  0.196  0.306  0.379  0.306  -0.104  0.403  2.755  0.402  0.403  -0.060
  651152.530  4765673.850  -395.910  3.000  0.450  0.180  90.200  60.400  0.000  43.000  0.000  0.000  0.000  55.000  0.000  2.000  0.000  0.000  30000.000  -0.296  1.188  0.825  0.499  -0.031  0.438  0.308  0.380  0.308  -0.103  0.405  1.992  0.403  0.405  -0.058
  651571.680  4766697.350  -18.850  3.000  0.180  0.000  5.000  50.000  0.000  30.000  0.000  0.000  0.000  70.000  0.000  0.000  0.000  0.000  5000.000  -0.811  -1.580  -1.352  -0.014  -0.030  0.098  0.309  0.382  0.309  0.392  0.406  0.344  0.405  0.406  -1.863
  651590.350  4766084.930  415.270  3.000  0.560  0.590  61.000  130.000  0.000  40.000  0.000  0.000  0.000  60.000  0.000  0.000  0.000  0.000  30000.000  -0.091  2.184  0.498  0.738  -0.029  0.370  0.311  0.383  0.311  0.077  0.408  0.346  0.406  0.408  -0.057
  651236.090  4765590.420  503.980  3.000  0.200  0.030  5.000  50.000  0.000  30.000  0.000  0.000  0.000  70.000  0.000  0.000  0.000  0.000  20000.000  -0.759  -0.302  -1.348  -0.012  -0.027  0.100  0.312  0.384  0.312  0.393  0.409  0.347  0.408  0.409  -0.775
  651513.740  4765868.080  533.190  3.000  1.740  0.170  92.000  50.000  30.000  70.000  0.000  0.000  0.000  0.000  0.000  0.000  0.000  0.000  50000.000  1.314  1.144  0.842  -0.011  1.266  1.209  0.313  0.386  0.313  -1.626  0.411  0.349  0.409  0.411  1.073
  650871.080  4764831.090  1040.490  3.000  0.120  0.010  48.800  52.800  0.000  0.000  0.000  0.000  0.000  100.000  0.000  0.000  0.000  0.000  20000.000  -1.019  -1.094  0.287  0.480  -0.026  -1.184  0.315  0.387  0.315  1.886  0.412  0.350  0.411  0.412  -0.774
  650290.530  4764998.290  1036.520  3.000  0.090  0.170  8.300  5.500  0.000  15.000  0.000  0.000  0.000  85.000  0.000  0.000  0.000  0.000  20000.000  -1.124  1.147  -1.062  -1.917  -0.025  -0.413  0.316  0.389  0.316  0.840  0.413  0.352  0.412  0.413  -0.772
  651187.780  4765971.680  588.170  3.000  0.640  0.110  105.000  50.000  0.000  50.000  0.000  0.000  0.000  50.000  0.000  0.000  0.000  0.000  20000.000  0.017  0.797  0.989  -0.009  -0.023  0.601  0.318  0.390  0.318  -0.180  0.415  0.353  0.413  0.415  -0.770
  651852.220  4766473.590  155.640  3.000  2.650  0.170  5.000  140.000  30.000  30.000  0.000  0.000  0.000  40.000  0.000  0.000  0.000  0.000  30000.000  1.780  1.150  -1.344  0.806  1.269  0.101  0.319  0.392  0.319  -0.402  0.416  0.354  0.415  0.416  -0.056
  651446.420  4765800.180  602.170  3.000  3.200  0.180  165.000  50.000  60.000  30.000  0.000  0.000  0.000  10.000  0.000  0.000  0.000  0.000  50000.000  2.096  1.191  1.509  -0.008  1.754  0.103  0.320  0.393  0.320  -1.134  0.418  0.356  0.416  0.418  1.075
  650288.710  4765100.320  899.980  3.000  0.260  0.290  32.500  151.500  0.000  35.000  0.000  0.000  0.000  65.000  0.000  0.000  0.000  0.000  25000.000  -0.604  1.544  -0.045  0.847  -0.022  0.197  0.322  0.395  0.322  0.162  0.419  0.357  0.418  0.419  -0.552
  651013.270  4765704.300  660.790  3.000  0.440  0.060  42.000  50.000  0.000  60.000  0.000  0.000  0.000  40.000  0.000  0.000  0.000  0.000  30000.000  -0.308  0.324  0.163  -0.006  -0.021  0.850  0.323  0.396  0.323  -0.400  0.421  0.359  0.419  0.421  -0.054
  650241.450  4764788.290  1006.890  3.000  0.070  0.070  9.490  95.450  0.000  10.000  0.000  0.000  0.000  90.000  0.000  0.000  0.000  0.000  50000.000  -1.257  0.455  -1.024  0.572  -0.019  -0.577  0.325  0.397  0.325  1.061  0.422  0.360  0.421  0.422  1.078
  650077.570  4765048.520  958.830  3.000  0.040  0.030  2.320  87.700  0.000  15.000  0.000  0.000  0.000  85.000  0.000  0.000  0.000  0.000  15000.000  -1.475  -0.300  -2.251  0.562  -0.018  -0.412  0.326  0.399  0.326  0.842  0.424  0.362  0.422  0.424  -1.082
  651139.630  4765808.510  145.360  3.000  0.310  0.120  18.000  50.000  0.000  60.000  0.000  0.000  0.000  40.000  0.000  0.000  0.000  0.000  20000.000  -0.513  0.886  -0.556  -0.005  -0.017  0.852  0.327  0.400  0.327  -0.399  0.425  0.363  0.424  0.425  -0.768
  650241.550  4764788.370  1000.890  3.000  0.040  0.110  6.090  133.250  0.000  10.000  0.000  0.000  0.000  90.000  0.000  0.000  0.000  0.000  50000.000  -1.471  0.799  -1.165  0.767  -0.015  -0.575  0.329  0.402  0.329  1.063  0.427  0.364  0.425  0.427  1.080
  651228.930  4766406.960  -44.990  3.000  -99.000  -99.000  -99.000  -99.000  0.000  45.000  0.000  0.000  0.000  55.000  0.000  0.000  0.000  0.000  25000.000  -99.000  -99.000  -99.000  -99.000  -0.014  0.455  0.330  0.403  0.330  -0.101  0.428  0.366  0.427  0.428  -0.550
  651327.820  4765675.470  424.470  3.000  0.020  0.010  5.000  140.000  0.000  20.000  0.000  0.000  0.000  80.000  0.000  0.000  0.000  0.000  20000.000  -1.745  -1.091  -1.341  0.808  -0.013  -0.212  0.332  0.405  0.332  0.674  0.430  0.367  0.428  0.430  -0.766
  650282.610  4764998.090  1013.870  3.000  0.080  0.000  22.300  17.600  0.000  10.000  0.000  0.000  0.000  90.000  0.000  0.000  0.000  0.000  30000.000  -1.197  -1.574  -0.386  -1.304  -0.011  -0.574  0.333  0.406  0.333  1.066  0.431  0.369  0.430  0.431  -0.053
  650921.580  4765027.100  802.010  3.000  0.170  0.050  92.000  -99.000  0.000  10.000  0.000  0.000  0.000  90.000  0.000  0.000  0.000  0.000  40000.000  -0.841  0.145  0.844  -99.000  -0.010  -0.572  0.335  0.408  0.335  1.068  0.432  0.370  0.431  0.432  0.617
  651264.550  4765891.050  540.890  3.000  0.320  0.050  120.000  50.000  0.000  70.000  0.000  0.000  0.000  30.000  0.000  0.000  0.000  0.000  20000.000  -0.497  0.147  1.141  -0.003  -0.009  1.211  0.336  0.409  0.336  -0.658  0.434  0.372  0.432  0.434  -0.765
  651815.760  4766225.760  425.140  3.000  1.160  0.020  78.000  50.000  0.000  80.000  0.000  0.000  0.000  20.000  0.000  0.000  0.000  0.000  30000.000  0.737  -0.647  0.699  -0.002  -0.007  1.606  0.337  0.411  0.337  -0.895  0.435  0.373  0.434  0.435  -0.052
  651714.310  4766247.690  345.480  3.000  0.660  0.080  14.000  50.000  0.000  40.000  0.000  0.000  0.000  60.000  0.000  0.000  0.000  0.000  30000.000  0.051  0.574  -0.740  -0.000  -0.006  0.372  0.339  0.412  0.339  0.078  0.437  0.374  0.435  0.437  -0.050
  650728.700  4766160.440  383.010  3.000  0.220  0.050  25.500  22.400  0.000  10.000  0.000  0.000  0.000  90.000  0.000  0.000  0.000  0.000  20000.000  -0.695  0.148  -0.253  -1.185  -0.005  -0.571  0.340  0.413  0.340  1.070  0.438  0.376  0.437  0.438  -0.763
  650395.530  4764951.650  915.420  3.000  0.020  0.120  2.950  37.300  0.000  40.000  0.000  0.000  0.000  60.000  0.000  0.000  0.000  0.000  1000.000  -1.738  0.888  -2.044  -1.015  -0.003  0.373  0.342  0.415  0.342  0.080  0.440  0.377  0.438  0.440  -2.054
  651185.510  4765661.130  -446.830  3.000  0.240  0.040  20.200  47.500  0.000  15.000  0.000  0.000  0.000  85.000  0.000  0.000  0.000  0.000  20000.000  -0.654  -0.051  -0.469  -0.976  -0.002  -0.411  0.343  0.416  0.343  0.844  0.441  0.379  0.440  0.441  -0.761
  651817.710  4766442.600  242.770  3.000  0.580  0.050  31.000  50.000  0.000  30.000  0.000  0.000  0.000  70.000  0.000  0.000  0.000  0.000  50000.000  -0.063  0.150  -0.078  0.002  -0.001  0.104  0.344  0.418  0.344  0.395  0.443  0.380  0.441  0.443  1.082
  651418.020  4764757.240  919.280  3.000  0.190  0.020  26.440  63.380  0.000  20.000  0.000  0.000  0.000  80.000  0.000  0.000  0.000  0.000  30000.000  -0.791  -0.645  -0.219  0.507  0.001  -0.211  0.346  0.419  0.346  0.676  0.444  0.382  0.443  0.444  -0.049
  651307.980  4766509.650  274.760  3.000  -99.000  -99.000  -99.000  -99.000  0.000  20.000  0.000  0.000  0.000  80.000  0.000  0.000  0.000  0.000  20000.000  -99.000  -99.000  -99.000  -99.000  0.002  -0.210  0.347  0.421  0.347  0.678  0.446  0.383  0.444  0.446  -0.759
  651230.630  4766406.860  137.010  3.000  0.520  0.050  18.300  3.400  0.000  45.000  0.000  0.000  0.000  55.000  0.000  0.000  0.000  0.000  30000.000  -0.178  0.151  -0.539  -2.283  0.003  0.456  0.349  0.422  0.349  -0.100  0.447  0.384  0.446  0.447  -0.048
  651284.180  4764794.420  922.800  3.000  0.740  0.040  84.920  671.950  10.000  25.000  0.000  0.000  0.000  65.000  0.000  0.000  0.000  0.000  70000.000  0.187  -0.050  0.766  1.547  0.810  -0.093  0.350  0.424  0.350  0.163  0.449  0.386  0.447  0.449  1.760
  651689.890  4766283.980  421.110  3.000  0.910  0.290  66.000  1170.000  0.000  60.000  0.000  0.000  0.000  40.000  0.000  0.000  0.000  0.000  30000.000  0.448  1.549  0.556  1.989  0.005  0.854  0.352  0.425  0.352  -0.397  0.450  0.387  0.449  0.450  -0.046
  651686.850  4766023.560  329.180  3.000  0.860  0.180  30.000  50.000  0.000  100.000  0.000  0.000  0.000  0.000  0.000  0.000  0.000  0.000  10000.000  0.366  1.194  -0.103  0.003  0.006  2.536  0.353  0.427  0.353  -1.621  0.452  0.389  0.450  0.452  -1.444
  651174.230  4765754.770  11.880  3.000  0.220  0.250  5.000  50.000  0.000  20.000  0.000  0.000  0.000  80.000  0.000  0.000  0.000  0.000  30000.000  -0.693  1.445  -1.337  0.005  0.007  -0.208  0.354  0.428  0.354  0.680  0.453  0.390  0.452  0.453  -0.045
  651858.920  4766470.630  165.140  3.000  0.900  0.040  34.000  180.000  16.500  46.500  0.000  0.000  0.000  37.000  0.000  0.000  0.000  0.000  10000.000  0.427  -0.048  -0.015  0.944  0.911  0.471  0.356  0.430  0.356  -0.541  0.455  0.392  0.453  0.455  -1.440
  651454.160  4765944.810  609.500  3.000  5.020  0.180  55.000  1240.000  40.000  0.000  60.000  0.000  0.000  0.000  0.000  0.000  0.000  0.000  70000.000  2.787  1.197  0.402  2.047  1.459  -1.181  2.900  0.431  0.357  -1.616  0.456  0.393  0.455  0.456  1.766
  651516.950  4766189.240  148.280  3.000  0.420  0.060  16.000  50.000  0.000  70.000  0.000  0.000  0.000  30.000  0.000  0.000  0.000  0.000  20000.000  -0.336  0.325  -0.636  0.006  0.009  1.214  0.357  0.432  0.359  -0.656  0.458  0.395  0.456  0.458  -0.757
  651332.040  4766675.580  74.150  3.000  -99.000  -99.000  -99.000  -99.000  10.000  35.000  0.000  0.000  0.000  50.000  0.000  0.000  5.000  0.000  20000.000  -99.000  -99.000  -99.000  -99.000  0.812  0.199  0.359  0.434  0.360  -0.178  0.459  0.396  3.463  0.459  -0.756
  651594.590  4766051.040  410.060  3.000  0.820  1.210  83.000  200.000  0.000  50.000  0.000  0.000  0.000  50.000  0.000  0.000  0.000  0.000  40000.000  0.314  2.867  0.742  0.988  0.010  0.602  0.360  0.435  0.362  -0.177  0.461  0.397  0.458  0.461  0.618
  651270.280  4765534.940  413.550  3.000  0.090  0.530  11.000  50.000  0.000  20.000  0.000  0.000  0.000  80.000  0.000  0.000  0.000  0.000  20000.000  -1.121  2.123  -0.905  0.008  0.011  -0.207  0.362  0.437  0.363  0.681  0.462  0.399  0.459  0.462  -0.754
  650618.500  4765097.860  1089.970  3.000  0.020  0.020  2.600  3.880  0.000  0.200  0.000  0.000  0.000  99.800  0.000  0.000  0.000  0.000  200000.000  -1.731  -0.643  -2.068  -2.174  0.013  -0.956  0.363  0.438  0.364  1.487  0.463  0.400  0.461  0.463  3.463
  651284.180  4764794.420  898.800  3.000  0.130  0.060  18.070  341.500  10.000  10.000  0.000  0.000  0.000  80.000  0.000  0.000  0.000  0.000  100000.000  -0.989  0.327  -0.547  1.213  0.814  -0.569  0.364  0.440  0.366  0.683  0.465  0.402  0.462  0.465  2.011
  651452.400  4766732.470  293.320  3.000  -99.000  -99.000  -99.000  -99.000  0.000  70.000  0.000  0.000  0.000  30.000  0.000  0.000  0.000  0.000  30000.000  -99.000  -99.000  -99.000  -99.000  0.014  1.217  0.366  0.441  0.367  -0.654  0.466  0.403  0.463  0.466  -0.043
  651665.990  4766655.700  126.220  3.000  0.860  0.140  105.000  50.000  10.000  70.000  0.000  0.000  0.000  20.000  0.000  0.000  0.000  0.000  30000.000  0.368  1.006  0.991  0.009  0.816  1.220  0.367  0.443  0.369  -0.893  0.468  0.405  0.465  0.468  -0.042
  651537.130  4766600.420  311.370  3.000  1.010  0.170  130.000  50.000  0.000  60.000  0.000  0.000  0.000  40.000  0.000  0.000  0.000  0.000  30000.000  0.577  1.153  1.248  0.011  0.015  0.856  0.369  0.444  0.370  -0.396  0.469  0.406  0.466  0.469  -0.041
  651558.770  4766125.020  304.460  3.000  1.030  0.160  57.000  50.000  0.000  80.000  0.000  0.000  0.000  20.000  0.000  0.000  0.000  0.000  30000.000  0.600  1.097  0.427  0.012  0.017  1.611  0.370  0.446  0.372  -0.891  0.471  0.408  0.468  0.471  -0.039
  650964.360  4765960.570  687.150  3.000  0.560  0.150  14.000  50.000  0.000  60.000  0.000  0.000  0.000  40.000  0.000  0.000  0.000  0.000  30000.000  -0.090  1.047  -0.738  0.014  0.018  0.858  0.372  0.447  0.373  -0.395  0.472  0.409  0.469  0.472  -0.038
  651230.630  4766406.860  135.010  3.000  0.470  0.070  12.650  4.000  0.000  45.000  0.000  0.000  0.000  55.000  0.000  0.000  0.000  0.000  30000.000  -0.257  0.457  -0.827  -2.158  0.019  0.458  0.373  0.449  0.374  -0.098  0.474  0.411  0.471  0.474  -0.037
  651392.170  4766121.330  698.500  3.000  1.370  0.090  24.000  120.000  0.000  90.000  0.000  0.000  0.000  10.000  0.000  0.000  0.000  0.000  40000.000  0.973  0.649  -0.318  0.699  0.021  1.886  0.374  0.450  0.376  -1.132  0.475  0.412  0.472  0.475  0.620
  651799.650  4766586.850  101.230  3.000  0.640  0.090  66.000  50.000  0.000  60.000  0.000  0.000  0.000  40.000  0.000  0.000  0.000  0.000  40000.000  0.019  0.650  0.558  0.015  0.022  0.859  0.376  0.452  0.377  -0.393  0.477  0.413  0.474  0.477  0.622
  651751.780  4765978.790  219.830  3.000  0.160  0.120  11.000  130.000  0.000  20.000  0.000  0.000  0.000  80.000  0.000  0.000  0.000  0.000  50000.000  -0.866  0.890  -0.903  0.740  0.023  -0.205  0.377  0.453  0.379  0.685  0.478  0.415  0.475  0.478  1.085
  651512.150  4766198.060  128.700  3.000  0.410  0.050  37.000  50.000  0.000  70.000  0.000  0.000  0.000  30.000  0.000  0.000  0.000  0.000  40000.000  -0.350  0.153  0.058  0.017  0.025  1.223  0.379  0.455  0.380  -0.653  0.480  0.416  0.477  0.480  0.623
  650749.270  4765129.380  949.210  3.000  -99.000  -99.000  -99.000  -99.000  0.000  0.000  0.000  0.000  0.000  100.000  0.000  0.000  0.000  0.000  5000.000  -99.000  -99.000  -99.000  -99.000  0.026  -1.179  0.380  0.456  0.382  1.894  0.481  0.418  0.478  0.481  -1.856
  651322.560  4765284.900  559.790  3.000  0.830  0.020  70.000  50.000  0.000  90.000  0.000  0.000  0.000  10.000  0.000  0.000  0.000  0.000  30000.000  0.328  -0.641  0.607  0.018  0.027  1.894  0.382  0.458  0.383  -1.129  0.483  0.419  0.480  0.483  -0.035
  650796.260  4765728.880  362.540  3.000  0.510  0.050  89.500  4.200  0.000  45.000  0.000  0.000  0.000  55.000  0.000  0.000  0.000  0.000  25000.000  -0.198  0.154  0.815  -2.086  0.029  0.459  0.383  0.459  0.384  -0.097  0.484  0.421  0.481  0.484  -0.549
  651144.310  4765801.390  127.260  3.000  0.460  0.130  23.000  50.000  0.000  45.000  0.000  0.000  0.000  55.000  0.000  0.000  0.000  0.000  30000.000  -0.277  0.961  -0.364  0.020  0.030  0.461  0.384  0.461  0.386  -0.096  0.486  0.422  0.483  0.486  -0.034
  651795.620  4766251.040  360.800  3.000  0.850  0.160  31.000  380.000  0.000  30.000  0.000  0.000  0.000  70.000  0.000  0.000  0.000  0.000  50000.000  0.354  1.099  -0.076  1.256  0.031  0.105  0.386  0.462  0.387  0.396  0.487  0.424  0.484  0.487  1.087
  651406.580  4766177.700  772.310  3.000  0.380  0.020  29.000  50.000  0.000  20.000  0.000  0.000  0.000  80.000  0.000  0.000  0.000  0.000  60000.000  -0.390  -0.640  -0.136  0.021  0.033  -0.204  0.387  0.463  0.389  0.686  0.489  0.425  0.486  0.489  1.463
  651489.770  4766741.750  79.210  3.000  1.230  0.190  125.000  50.000  0.000  50.000  0.000  0.000  0.000  50.000  0.000  0.000  0.000  0.000  40000.000  0.811  1.228  1.185  0.023  0.034  0.604  0.389  0.465  0.390  -0.175  0.490  0.427  0.487  0.490  0.625
  651123.140  4765831.850  207.050  3.000  0.780  0.260  59.000  50.000  0.000  40.000  0.000  0.000  0.000  60.000  0.000  0.000  0.000  0.000  40000.000  0.237  1.475  0.464  0.024  0.035  0.374  0.390  0.466  0.392  0.081  0.492  0.428  0.489  0.492  0.627
  651590.290  4766683.870  206.190  3.000  0.220  0.050  11.000  50.000  0.000  60.000  0.000  0.000  0.000  40.000  0.000  0.000  0.000  0.000  20000.000  -0.691  0.156  -0.901  0.026  0.037  0.861  0.392  0.468  0.393  -0.392  0.493  0.430  0.490  0.493  -0.752
  650617.560  4764948.590  886.920  3.000  0.060  0.050  5.560  45.700  0.000  20.000  0.000  0.000  0.000  80.000  0.000  0.000  0.000  0.000  35000.000  -1.304  0.157  -1.210  -0.983  0.038  -0.203  0.393  0.469  0.395  0.688  0.495  0.431  0.492  0.495  0.204
  651202.890  4765630.690  484.870  3.000  0.330  0.070  160.000  50.000  0.000  10.000  0.000  0.000  0.000  90.000  0.000  0.000  0.000  0.000  60000.000  -0.480  0.458  1.477  0.027  0.039  -0.567  0.395  0.471  0.396  1.073  0.497  0.432  0.493  0.497  1.467
  651147.270  4765675.760  -387.620  3.000  0.550  0.110  38.100  51.900  0.000  37.000  0.000  0.000  0.000  60.000  0.000  3.000  0.000  0.000  25000.000  -0.117  0.801  0.095  0.473  0.041  0.216  0.396  0.472  0.397  0.082  0.498  2.374  0.495  0.498  -0.547
  651168.160  4764774.850  1002.290  3.000  0.640  0.020  83.040  305.750  0.000  0.000  0.000  0.000  0.000  100.000  0.000  0.000  0.000  0.000  60000.000  0.020  -0.638  0.752  1.188  0.042  -1.176  0.397  0.474  0.399  1.903  0.500  0.434  0.497  0.500  1.471
  650266.170  4764997.780  966.650  3.000  0.140  0.190  13.300  132.000  0.000  15.000  0.000  0.000  0.000  85.000  0.000  0.000  0.000  0.000  25000.000  -0.947  1.231  -0.774  0.763  0.043  -0.409  0.399  0.475  0.400  0.846  0.501  0.435  0.498  0.501  -0.546
  651485.130  4766500.930  287.900  3.000  0.500  0.080  45.000  50.000  0.000  60.000  0.000  0.000  0.000  40.000  0.000  0.000  0.000  0.000  30000.000  -0.210  0.575  0.221  0.029  0.045  0.863  0.400  0.477  0.402  -0.390  0.503  0.437  0.500  0.503  -0.033
  651642.250  4766665.580  88.080  3.000  -99.000  -99.000  -99.000  -99.000  0.000  0.000  0.000  0.000  0.000  0.000  0.000  0.000  0.000  0.000  0.000  -99.000  -99.000  -99.000  -99.000  0.046  -1.173  0.402  0.478  0.403  -1.611  0.504  0.438  0.501  0.504  -2.208
  650709.680  4765739.530  573.100  3.000  -99.000  -99.000  -99.000  -99.000  0.000  20.000  0.000  0.000  0.000  80.000  0.000  0.000  0.000  0.000  50000.000  -99.000  -99.000  -99.000  -99.000  0.048  -0.201  0.403  0.480  0.405  0.690  0.506  0.440  0.503  0.506  1.090
  650391.390  4764951.270  889.750  3.000  0.190  0.140  5.840  114.000  0.000  35.000  0.000  0.000  0.000  62.000  0.000  3.000  0.000  0.000  20000.000  -0.789  1.009  -1.185  0.661  0.049  0.200  0.405  0.481  0.406  0.129  0.507  2.397  0.504  0.507  -0.750
  651804.000  4766240.400  387.570  3.000  0.690  0.030  48.000  120.000  10.000  30.000  0.000  0.000  0.000  60.000  0.000  0.000  0.000  0.000  20000.000  0.112  -0.299  0.279  0.701  0.818  0.107  0.406  0.483  0.408  0.084  0.509  0.441  0.506  0.509  -0.749
  650912.320  4765942.540  649.700  3.000  0.360  0.050  10.000  130.000  10.000  10.000  0.000  0.000  0.000  80.000  0.000  0.000  0.000  0.000  40000.000  -0.427  0.159  -0.972  0.742  0.820  -0.566  0.408  0.484  0.409  0.691  0.510  0.443  0.507  0.510  0.628
  651065.210  4765907.180  423.060  3.000  0.800  0.420  91.000  50.000  0.000  30.000  0.000  0.000  0.000  70.000  0.000  0.000  0.000  0.000  40000.000  0.283  1.874  0.835  0.030  0.050  0.108  0.409  0.486  0.411  0.397  0.512  0.444  0.509  0.512  0.630
  650682.260  4764893.660  992.490  3.000  0.060  0.010  2.320  9.790  0.000  27.500  0.000  0.000  0.000  72.500  0.000  0.000  0.000  0.000  72500.000  -1.300  -1.089  -2.233  -1.562  0.052  -0.074  0.411  0.487  0.412  0.447  0.513  0.446  0.510  0.513  1.792
  651254.350  4766220.360  623.750  3.000  0.720  0.110  92.000  50.000  0.000  60.000  0.000  0.000  0.000  40.000  0.000  0.000  0.000  0.000  20000.000  0.159  0.803  0.846  0.032  0.053  0.865  0.412  0.489  0.413  -0.389  0.515  0.447  0.512  0.515  -0.747
  651669.470  4766290.070  204.380  3.000  0.730  0.060  215.000  50.000  0.000  30.000  0.000  0.000  0.000  70.000  0.000  0.000  0.000  0.000  40000.000  0.174  0.328  1.855  0.033  0.054  0.109  0.413  0.490  0.415  0.399  0.516  0.449  0.513  0.516  0.631
  651062.800  4765701.990  -237.880  3.000  0.170  0.330  12.700  134.000  0.000  5.000  0.000  0.000  0.000  95.000  0.000  0.000  0.000  0.000  30000.000  -0.838  1.674  -0.821  0.769  0.056  -0.806  0.415  0.492  0.416  1.414  0.518  0.450  0.515  0.518  -0.031
  651837.290  4766836.430  120.180  3.000  2.180  0.100  36.000  2280.000  20.000  0.000  0.000  0.000  10.000  70.000  0.000  0.000  0.000  0.000  60000.000  1.611  0.726  0.033  2.608  1.056  -1.171  0.416  0.493  2.076  0.400  0.519  0.452  0.516  0.519  1.475
  651386.210  4766691.370  120.220  3.000  1.010  0.060  110.000  50.000  0.000  50.000  0.000  0.000  0.000  50.000  0.000  0.000  0.000  0.000  40000.000  0.579  0.330  1.054  0.035  0.057  0.606  0.418  0.495  0.418  -0.174  0.521  0.453  0.518  0.521  0.633
  651222.820  4765743.000  581.980  3.000  0.440  0.060  45.000  50.000  0.000  20.000  0.000  0.000  0.000  80.000  0.000  0.000  0.000  0.000  50000.000  -0.307  0.332  0.222  0.036  0.058  -0.200  0.419  0.497  0.419  0.693  0.522  0.455  0.519  0.522  1.092
  650722.190  4765086.110  1070.130  3.000  0.010  0.010  23.800  4.950  0.000  10.000  0.000  0.000  0.000  90.000  0.000  0.000  0.000  0.000  10000.000  -2.045  -1.086  -0.345  -1.968  0.060  -0.564  0.421  0.498  0.421  1.075  0.524  0.456  0.521  0.524  -1.436
  651417.860  4764757.210  913.290  3.000  0.100  0.020  149.200  36.420  0.000  20.000  0.000  0.000  0.000  80.000  0.000  0.000  0.000  0.000  30000.000  -1.081  -0.636  1.359  -1.023  0.061  -0.199  0.422  0.500  0.422  0.695  0.525  0.458  0.522  0.525  -0.030
  651455.480  4765943.070  615.090  3.000  3.810  0.250  70.000  160.000  90.000  0.000  10.000  0.000  0.000  0.000  0.000  0.000  0.000  0.000  45000.000  2.383  1.449  0.609  0.873  2.179  -1.168  2.179  0.501  0.424  -1.606  0.527  0.459  0.524  0.527  0.784
  651202.630  4765734.320  512.230  3.000  -99.000  -99.000  -99.000  -99.000  0.000  0.000  0.000  0.000  0.000  0.000  0.000  0.000  0.000  0.000  0.000  -99.000  -99.000  -99.000  -99.000  0.062  -1.165  0.424  0.503  0.425  -1.601  0.529  0.461  0.525  0.529  -2.193
  651376.930  4765880.490  296.110  3.000  0.470  0.100  110.000  120.000  0.000  50.000  0.000  0.000  0.000  50.000  0.000  0.000  0.000  0.000  30000.000  -0.256  0.728  1.057  0.703  0.064  0.607  0.425  0.504  0.427  -0.173  0.530  0.462  0.527  0.530  -0.029
  650402.560  4764952.260  958.850  3.000  0.240  0.150  9.330  28.800  0.000  45.000  0.000  0.000  0.000  55.000  0.000  0.000  0.000  0.000  10000.000  -0.652  1.049  -1.029  -1.079  0.065  0.462  0.427  0.506  0.428  -0.094  0.532  0.463  0.529  0.532  -1.432
  651886.800  4766458.150  204.730  3.000  0.630  0.020  11.000  50.000  100.000  0.000  0.000  0.000  0.000  0.000  0.000  0.000  0.000  0.000  10000.000  0.004  -0.634  -0.898  0.038  2.504  -1.163  0.428  0.507  0.430  -1.596  0.533  0.465  0.530  0.533  -1.428
  651411.540  4765701.620  622.630  3.000  1.960  0.100  14.000  50.000  30.000  40.000  0.000  0.000  0.000  30.000  0.000  0.000  0.000  0.000  40000.000  1.449  0.730  -0.736  0.040  1.272  0.376  0.430  0.509  0.431  -0.651  0.535  0.466  0.532  0.535  0.635
  651147.080  4766198.330  -568.190  3.000  0.080  0.030  8.200  8.000  0.000  30.000  0.000  0.000  0.000  70.000  0.000  0.000  0.000  0.000  25000.000  -1.194  -0.297  -1.067  -1.720  0.066  0.111  0.431  0.510  0.432  0.402  0.536  0.468  0.533  0.536  -0.544
  650365.670  4765048.050  982.710  3.000  0.360  0.210  24.300  46.700  0.000  60.000  0.000  0.000  0.000  40.000  0.000  0.000  0.000  0.000  45000.000  -0.426  1.300  -0.307  -0.978  0.068  0.867  0.432  0.512  0.434  -0.387  0.538  0.469  0.535  0.538  0.786
  651169.760  4765907.710  660.180  3.000  0.640  0.120  195.000  50.000  0.000  80.000  0.000  0.000  0.000  20.000  0.000  0.000  0.000  0.000  10000.000  0.022  0.892  1.716  0.041  0.069  1.616  0.434  0.513  0.435  -0.889  0.539  0.471  0.536  0.539  -1.425
  651043.490  4765706.040  -200.800  3.000  0.320  0.180  15.300  100.500  0.000  20.000  0.000  0.000  0.000  80.000  0.000  0.000  0.000  0.000  35000.000  -0.495  1.200  -0.667  0.598  0.070  -0.197  0.435  0.515  0.437  0.696  0.541  0.472  0.538  0.541  0.205
  651478.180  4765909.180  387.000  3.000  0.500  0.060  150.000  50.000  0.000  30.000  0.000  0.000  0.000  70.000  0.000  0.000  0.000  0.000  40000.000  -0.208  0.333  1.402  0.043  0.072  0.112  0.437  0.516  0.438  0.403  0.542  0.474  0.539  0.542  0.636
  650980.360  4765904.760  368.270  3.000  0.620  0.100  125.000  50.000  0.000  60.000  0.000  0.000  0.000  40.000  0.000  0.000  0.000  0.000  30000.000  -0.011  0.731  1.188  0.044  0.073  0.869  0.438  0.518  0.440  -0.386  0.544  0.475  0.541  0.544  -0.027
  650287.230  4764998.200  1027.080  3.000  0.060  0.100  6.250  13.400  0.000  10.000  0.000  0.000  0.000  90.000  0.000  0.000  0.000  0.000  30000.000  -1.297  0.733  -1.159  -1.403  0.074  -0.563  0.440  0.519  0.441  1.078  0.546  0.477  0.542  0.546  -0.026
  650924.090  4764938.700  976.920  3.000  0.030  0.010  38.000  -99.000  0.000  0.000  0.000  0.000  0.000  100.000  0.000  0.000  0.000  0.000  60000.000  -1.574  -1.083  0.086  -99.000  0.076  -1.160  0.441  0.521  0.443  1.911  0.547  0.478  0.544  0.547  1.478
  651196.110  4766295.070  508.890  3.000  0.300  0.020  20.000  50.000  0.000  50.000  0.000  0.000  0.000  50.000  0.000  0.000  0.000  0.000  40000.000  -0.530  -0.632  -0.476  0.046  0.077  0.609  0.443  0.522  0.444  -0.171  0.549  0.480  0.546  0.549  0.638
  651133.020  4765818.410  170.700  3.000  1.380  0.420  195.000  50.000  0.000  60.000  0.000  0.000  0.000  40.000  0.000  0.000  0.000  0.000  50000.000  0.987  1.883  1.723  0.047  0.078  0.871  0.444  0.524  0.446  -0.384  0.550  0.481  0.547  0.550  1.094
  651222.340  4766026.940  725.840  3.000  0.760  0.220  73.000  50.000  0.000  50.000  0.000  0.000  0.000  50.000  0.000  0.000  0.000  0.000  30000.000  0.214  1.358  0.642  0.049  0.080  0.610  0.446  0.525  0.447  -0.170  0.552  0.483  0.549  0.552  -0.025
  651196.320  4766295.180  468.890  3.000  0.370  0.040  25.000  50.000  0.000  20.000  0.000  0.000  0.000  80.000  0.000  0.000  0.000  0.000  20000.000  -0.405  -0.047  -0.268  0.050  0.081  -0.196  0.447  0.527  0.449  0.698  0.553  0.484  0.550  0.553  -0.745
  651154.420  4765786.500  89.310  3.000  0.160  0.090  11.000  50.000  0.000  10.000  0.000  0.000  0.000  90.000  0.000  0.000  0.000  0.000  10000.000  -0.864  0.652  -0.896  0.052  0.082  -0.561  0.449  0.529  0.450  1.080  0.555  0.486  0.552  0.555  -1.421
  651515.320  4766726.400  111.580  3.000  1.470  0.150  110.000  50.000  10.000  60.000  0.000  0.000  0.000  30.000  0.000  0.000  0.000  0.000  30000.000  1.089  1.052  1.060  0.053  0.821  0.873  0.450  0.530  0.452  -0.650  0.556  0.487  0.553  0.556  -0.023
  651380.670  4766134.420  676.590  3.000  1.340  0.110  55.000  50.000  0.000  70.000  0.000  0.000  0.000  30.000  0.000  0.000  0.000  0.000  30000.000  0.954  0.805  0.404  0.055  0.084  1.226  0.452  0.532  0.453  -0.648  0.558  0.489  0.555  0.558  -0.022
  650985.590  4765715.260  -80.330  3.000  0.260  0.480  61.800  25.900  0.000  10.000  0.000  0.000  0.000  90.000  0.000  0.000  0.000  0.000  25000.000  -0.602  2.033  0.501  -1.101  0.085  -0.560  0.453  0.533  0.455  1.082  0.560  0.490  0.556  0.560  -0.542
  650980.820  4765904.470  366.350  3.000  0.460  0.150  59.000  50.000  0.000  40.000  0.000  0.000  0.000  60.000  0.000  0.000  0.000  0.000  30000.000  -0.276  1.054  0.466  0.056  0.086  0.377  0.455  0.535  0.456  0.085  0.561  0.492  0.558  0.561  -0.021
  650820.950  4766118.010  752.880  3.000  0.090  0.030  5.000  50.000  0.000  10.000  0.000  0.000  0.000  90.000  0.000  0.000  0.000  0.000  40000.000  -1.119  -0.296  -1.333  0.058  0.088  -0.558  0.456  0.536  0.458  1.085  0.563  0.493  0.560  0.563  0.640
  650931.270  4765933.000  572.560  3.000  0.790  0.170  51.000  50.000  0.000  40.000  0.000  0.000  0.000  60.000  0.000  0.000  0.000  0.000  50000.000  0.263  1.155  0.329  0.059  0.089  0.379  0.458  0.538  0.459  0.086  0.564  0.495  0.561  0.564  1.097
  651196.010  4766295.030  526.890  3.000  0.170  0.030  15.000  50.000  0.000  70.000  0.000  0.000  0.000  30.000  0.000  0.000  0.000  0.000  10000.000  -0.836  -0.294  -0.679  0.061  0.090  1.228  0.459  0.539  0.461  -0.646  0.566  0.497  0.563  0.566  -1.417
  651797.380  4766232.600  223.190  3.000  0.720  0.160  30.000  50.000  0.000  65.000  0.000  0.000  0.000  35.000  0.000  0.000  0.000  0.000  40000.000  0.160  1.102  -0.101  0.062  0.092  1.000  0.461  0.541  0.462  -0.552  0.567  0.498  0.564  0.567  0.641
  651853.340  4766473.100  157.220  3.000  1.940  0.210  13.000  160.000  10.000  60.000  0.000  0.000  0.000  30.000  0.000  0.000  0.000  0.000  20000.000  1.445  1.304  -0.784  0.875  0.823  0.875  0.462  0.542  0.463  -0.645  0.569  0.500  0.566  0.569  -0.743
  651505.100  4766212.090  98.550  3.000  0.050  0.850  5.000  50.000  0.000  10.000  0.000  0.000  0.000  90.000  0.000  0.000  0.000  0.000  40000.000  -1.380  2.500  -1.330  0.064  0.093  -0.556  0.463  0.544  0.465  1.087  0.571  0.501  0.567  0.571  0.643
  650699.660  4765741.130  597.040  3.000  -99.000  -99.000  -99.000  -99.000  0.000  40.000  0.000  0.000  0.000  58.000  0.000  2.000  0.000  0.000  35000.000  -99.000  -99.000  -99.000  -99.000  0.094  0.380  0.465  0.546  0.466  -0.085  0.572  2.001  0.569  0.572  0.207
  651888.890  4766332.720  271.880  3.000  1.270  0.450  22.000  50.000  80.000  20.000  0.000  0.000  0.000  0.000  0.000  0.000  0.000  0.000  50000.000  0.866  1.957  -0.402  0.065  1.992  -0.194  0.466  0.547  0.468  -1.591  0.574  0.503  0.571  0.574  1.099
  651707.330  4766254.290  323.490  3.000  0.700  0.230  26.000  1090.000  0.000  30.000  0.000  0.000  0.000  70.000  0.000  0.000  0.000  0.000  30000.000  0.121  1.396  -0.231  1.937  0.096  0.113  0.468  0.549  0.469  0.405  0.575  0.504  0.572  0.575  -0.019
  651857.900  4766361.290  125.850  3.000  0.880  0.300  5.000  50.000  100.000  0.000  0.000  0.000  0.000  0.000  0.000  0.000  0.000  0.000  10000.000  0.393  1.574  -1.326  0.067  2.536  -1.158  0.469  0.550  0.471  -1.587  0.577  0.506  0.574  0.577  -1.414
  650087.010  4765048.100  1070.430  3.000  0.130  0.210  -99.000  -99.000  0.000  17.000  0.000  0.000  0.000  80.000  0.000  3.000  0.000  0.000  30000.000  -0.987  1.307  -99.000  -99.000  0.097  -0.389  0.471  0.552  0.472  0.700  0.578  2.421  0.575  0.578  -0.018
  650331.190  4764904.730  947.460  3.000  0.070  0.020  2.660  5.200  0.000  50.000  0.000  0.000  0.000  50.000  0.000  0.000  0.000  0.000  5000.000  -1.253  -0.630  -2.056  -1.927  0.098  0.612  0.472  0.553  0.474  -0.169  0.580  0.507  0.577  0.580  -1.848
  651616.320  4766027.670  328.060  3.000  0.610  0.430  58.000  130.000  0.000  50.000  0.000  0.000  0.000  50.000  0.000  0.000  0.000  0.000  40000.000  -0.032  1.919  0.443  0.744  0.100  0.614  0.474  0.555  0.475  -0.167  0.582  0.509  0.578  0.582  0.645
  651775.530  4766599.110  -19.780  3.000  0.680  0.120  38.000  50.000  0.000  70.000  0.000  0.000  0.000  30.000  0.000  0.000  0.000  0.000  30000.000  0.091  0.895  0.088  0.068  0.101  1.231  0.475  0.556  0.477  -0.643  0.583  0.510  0.580  0.583  -0.017
  651211.960  4765726.310  537.390  3.000  -99.000  -99.000  -99.000  -99.000  0.000  0.000  0.000  0.000  0.000  0.000  0.000  0.000  0.000  0.000  0.000  -99.000  -99.000  -99.000  -99.000  0.103  -1.155  0.477  0.558  0.478  -1.582  0.585  0.512  0.582  0.585  -2.179
  651284.180  4764794.420  932.800  3.000  0.460  0.020  127.350  385.600  10.000  25.000  0.000  0.000  0.000  65.000  0.000  0.000  0.000  0.000  70000.000  -0.274  -0.629  1.197  1.259  0.825  -0.092  0.478  0.560  0.480  0.165  0.586  0.513  0.583  0.586  1.773
  651516.480  4765920.150  352.800  3.000  0.570  0.040  82.000  50.000  0.000  60.000  0.000  0.000  0.000  40.000  0.000  0.000  0.000  0.000  30000.000  -0.084  -0.045  0.730  0.070  0.104  0.877  0.480  0.561  0.481  -0.383  0.588  0.515  0.585  0.588  -0.015
  651525.790  4766719.260  -85.700  3.000  0.980  0.330  24.000  50.000  30.000  70.000  0.000  0.000  0.000  0.000  0.000  0.000  0.000  0.000  35000.000  0.534  1.680  -0.316  0.072  1.275  1.234  0.481  0.563  0.483  -1.577  0.590  0.516  0.586  0.590  0.208
  651168.390  4765668.030  -420.700  3.000  0.190  0.050  5.590  25.000  0.000  30.000  0.000  0.000  0.000  70.000  0.000  0.000  0.000  0.000  25000.000  -0.787  0.160  -1.204  -1.120  0.105  0.115  0.483  0.564  0.484  0.406  0.591  0.518  0.588  0.591  -0.541
  651332.670  4766672.330  91.840  3.000  -99.000  -99.000  -99.000  -99.000  0.000  35.000  0.000  0.000  0.000  65.000  0.000  0.000  0.000  0.000  20000.000  -99.000  -99.000  -99.000  -99.000  0.107  0.201  0.484  0.566  0.486  0.166  0.593  0.519  0.590  0.593  -0.742
  650316.290  4764998.970  1110.140  3.000  0.030  0.000  4.270  19.900  0.000  0.000  0.000  0.000  0.000  100.000  0.000  0.000  0.000  0.000  10000.000  -1.569  -1.569  -1.847  -1.242  0.108  -1.152  0.486  0.567  0.487  1.919  0.594  0.521  0.591  0.594  -1.410
  651475.140  4766033.840  547.520  3.000  0.010  0.000  5.000  50.000  10.000  70.000  0.000  0.000  0.000  20.000  0.000  0.000  0.000  0.000  30000.000  -2.033  -1.564  -1.323  0.073  0.827  1.237  0.487  0.569  0.489  -0.887  0.596  0.522  0.593  0.596  -0.014
  651319.790  4765687.820  372.520  3.000  0.090  0.060  5.000  50.000  0.000  20.000  0.000  0.000  0.000  80.000  0.000  0.000  0.000  0.000  30000.000  -1.116  0.335  -1.319  0.075  0.109  -0.193  0.489  0.571  0.490  0.702  0.598  0.524  0.594  0.598  -0.013
  651452.800  4766733.770  289.560  3.000  -99.000  -99.000  -99.000  -99.000  0.000  70.000  0.000  0.000  0.000  30.000  0.000  0.000  0.000  0.000  30000.000  -99.000  -99.000  -99.000  -99.000  0.111  1.240  0.490  0.572  0.492  -0.641  0.599  0.525  0.596  0.599  -0.011
  651377.320  4765879.980  298.000  3.000  0.520  0.110  105.000  50.000  0.000  50.000  0.000  0.000  0.000  50.000  0.000  0.000  0.000  0.000  30000.000  -0.177  0.807  0.994  0.076  0.112  0.615  0.492  0.574  0.493  -0.166  0.601  0.527  0.598  0.601  -0.010
  651337.360  4766001.440  581.090  3.000  0.490  0.040  120.000  50.000  0.000  70.000  0.000  0.000  0.000  30.000  0.000  0.000  0.000  0.000  30000.000  -0.233  -0.044  1.144  0.078  0.113  1.243  0.493  0.575  0.495  -0.640  0.602  0.529  0.599  0.602  -0.009
  650781.600  4766143.830  893.200  3.000  0.490  0.080  12.000  50.000  0.000  30.000  0.000  0.000  0.000  70.000  0.000  0.000  0.000  0.000  40000.000  -0.231  0.577  -0.855  0.079  0.115  0.116  0.495  0.577  0.497  0.408  0.604  0.530  0.601  0.604  0.646
  651771.900  4766510.730  39.530  3.000  0.850  0.110  26.000  280.000  0.000  35.000  0.000  0.000  0.000  65.000  0.000  0.000  0.000  0.000  30000.000  0.355  0.809  -0.230  1.155  0.116  0.203  0.497  0.578  0.498  0.167  0.606  0.532  0.602  0.606  -0.007
  650748.380  4765733.470  481.100  3.000  0.570  0.090  76.200  2.900  0.000  30.000  0.000  0.000  0.000  68.000  0.000  2.000  0.000  0.000  20000.000  -0.082  0.654  0.677  -2.459  0.117  0.117  0.498  0.580  0.500  0.189  0.607  2.011  0.604  0.607  -0.740
  651365.970  4766151.420  648.460  3.000  1.260  0.090  105.000  50.000  0.000  70.000  0.000  0.000  0.000  30.000  0.000  0.000  0.000  0.000  30000.000  0.855  0.656  0.996  0.081  0.119  1.246  0.500  0.582  0.501  -0.638  0.609  0.533  0.606  0.609  -0.006
  651019.330  4765698.800  634.020  3.000  0.200  0.040  11.000  50.000  0.000  60.000  0.000  0.000  0.000  40.000  0.000  0.000  0.000  0.000  20000.000  -0.757  -0.042  -0.894  0.082  0.120  0.879  0.501  0.583  0.503  -0.382  0.610  0.535  0.607  0.610  -0.738
  651488.610  4766742.450  77.740  3.000  1.430  0.340  135.000  50.000  0.000  60.000  0.000  0.000  0.000  40.000  0.000  0.000  0.000  0.000  30000.000  1.031  1.712  1.261  0.084  0.121  0.881  0.503  0.585  0.504  -0.380  0.612  0.536  0.609  0.612  -0.005
  651133.760  4765225.230  388.200  3.000  0.100  0.020  32.000  50.000  0.000  0.000  0.000  0.000  0.000  100.000  0.000  0.000  0.000  0.000  30000.000  -1.078  -0.627  -0.054  0.085  0.123  -1.150  0.504  0.586  0.506  1.928  0.614  0.538  0.610  0.614  -0.003
  651731.570  4766006.910  113.330  3.000  0.410  0.440  29.000  110.000  0.000  35.000  0.000  0.000  0.000  65.000  0.000  0.000  0.000  0.000  40000.000  -0.349  1.938  -0.134  0.636  0.124  0.204  0.506  0.588  0.507  0.169  0.615  0.539  0.612  0.615  0.648
  650394.000  4764802.180  1102.450  3.000  0.050  0.010  8.150  13.950  0.000  0.000  0.000  0.000  0.000  100.000  0.000  0.000  0.000  0.000  5000.000  -1.377  -1.081  -1.073  -1.391  0.125  -1.147  0.507  0.590  0.509  1.936  0.617  0.541  0.614  0.617  -1.841
  650964.400  4765914.710  435.700  3.000  0.360  0.040  26.000  50.000  0.000  50.000  0.000  0.000  0.000  50.000  0.000  0.000  0.000  0.000  30000.000  -0.424  -0.041  -0.228  0.087  0.127  0.617  0.509  0.591  0.510  -0.165  0.618  0.542  0.615  0.618  -0.002
  650900.010  4766059.650  448.370  3.000  0.610  0.040  60.000  50.000  0.000  60.000  0.000  0.000  0.000  40.000  0.000  0.000  0.000  0.000  20000.000  -0.030  -0.039  0.481  0.088  0.128  0.883  0.510  0.593  0.512  -0.379  0.620  0.544  0.617  0.620  -0.736
  651287.530  4765680.170  409.430  3.000  0.240  0.020  19.000  50.000  0.000  20.000  0.000  0.000  0.000  80.000  0.000  0.000  0.000  0.000  30000.000  -0.650  -0.625  -0.503  0.090  0.129  -0.192  0.512  0.594  0.513  0.703  0.622  0.546  0.618  0.622  -0.001
  651675.830  4765519.600  125.020  3.000  0.490  0.130  54.000  50.000  0.000  20.000  0.000  0.000  0.000  80.000  0.000  0.000  0.000  0.000  30000.000  -0.230  0.963  0.377  0.091  0.131  -0.190  0.513  0.596  0.515  0.705  0.623  0.547  0.620  0.623  0.001
  650407.460  4765003.620  959.850  3.000  0.270  0.240  21.700  20.100  0.000  15.000  0.000  0.000  0.000  85.000  0.000  0.000  0.000  0.000  25000.000  -0.584  1.424  -0.423  -1.233  0.132  -0.408  0.515  0.598  0.516  0.848  0.625  0.549  0.622  0.625  -0.539
  651270.100  4766572.350  79.210  3.000  -99.000  -99.000  -99.000  -99.000  10.000  60.000  0.000  0.000  0.000  30.000  0.000  0.000  0.000  0.000  15000.000  -99.000  -99.000  -99.000  -99.000  0.829  0.885  0.516  0.599  0.518  -0.636  0.627  0.550  0.623  0.627  -1.080
  650787.020  4765729.020  386.840  3.000  0.350  0.060  59.000  8.900  0.000  40.000  0.000  0.000  0.000  60.000  0.000  0.000  0.000  0.000  20000.000  -0.444  0.336  0.468  -1.627  0.133  0.382  0.518  0.601  0.519  0.088  0.628  0.552  0.625  0.628  -0.734
  651324.760  4765680.080  405.250  3.000  0.100  0.030  5.000  110.000  0.000  20.000  0.000  0.000  0.000  80.000  0.000  0.000  0.000  0.000  20000.000  -1.075  -0.293  -1.315  0.638  0.135  -0.189  0.519  0.602  0.521  0.707  0.630  0.553  0.627  0.630  -0.733
  651747.140  4765984.740  197.050  3.000  0.110  0.120  15.000  50.000  0.000  20.000  0.000  0.000  0.000  80.000  0.000  0.000  0.000  0.000  50000.000  -1.042  0.897  -0.677  0.093  0.136  -0.188  0.521  0.604  0.522  0.708  0.631  0.555  0.628  0.631  1.102
  650739.780  4765734.770  501.310  3.000  -99.000  -99.000  -99.000  -99.000  5.000  60.000  0.000  0.000  0.000  33.000  0.000  2.000  0.000  0.000  15000.000  -99.000  -99.000  -99.000  -99.000  0.631  0.887  0.522  0.606  0.524  -0.561  0.633  2.022  0.630  0.633  -1.078
  651167.750  4766334.620  -173.780  3.000  -99.000  -99.000  -99.000  -99.000  0.000  20.000  0.000  0.000  0.000  80.000  0.000  0.000  0.000  0.000  20000.000  -99.000  -99.000  -99.000  -99.000  0.138  -0.186  0.524  0.607  0.525  0.710  0.635  0.556  0.631  0.635  -0.731
  651109.750  4765849.640  256.250  3.000  0.520  0.160  23.000  50.000  0.000  40.000  0.000  0.000  0.000  60.000  0.000  0.000  0.000  0.000  40000.000  -0.175  1.105  -0.362  0.094  0.139  0.383  0.525  0.609  0.527  0.089  0.636  0.558  0.633  0.636  0.650
  651115.020  4766196.600  -488.410  3.000  0.080  0.050  14.750  10.100  0.000  20.000  0.000  0.000  0.000  80.000  0.000  0.000  0.000  0.000  30000.000  -1.191  0.162  -0.705  -1.547  0.140  -0.185  0.527  0.610  0.529  0.712  0.638  0.560  0.635  0.638  0.002
  650386.290  4764950.790  858.160  3.000  0.040  0.000  5.410  7.700  0.000  50.000  0.000  0.000  0.000  50.000  0.000  0.000  0.000  0.000  1000.000  -1.466  -1.559  -1.219  -1.747  0.142  0.618  0.529  0.612  0.530  -0.163  0.640  0.561  0.636  0.640  -2.043
  651454.810  4766052.660  478.900  3.000  0.570  0.160  44.000  50.000  0.000  60.000  0.000  0.000  0.000  40.000  0.000  0.000  0.000  0.000  20000.000  -0.081  1.108  0.205  0.096  0.143  0.889  0.530  0.614  0.532  -0.377  0.641  0.563  0.638  0.641  -0.729
  650246.850  4765075.850  951.790  3.000  0.170  0.080  28.700  67.880  0.000  15.000  0.000  0.000  0.000  85.000  0.000  0.000  0.000  0.000  20000.000  -0.834  0.579  -0.157  0.516  0.144  -0.406  0.532  0.615  0.533  0.850  0.643  0.564  0.640  0.643  -0.728
  651497.410  4765945.130  419.790  3.000  0.790  0.040  255.000  50.000  0.000  70.000  0.000  0.000  0.000  30.000  0.000  0.000  0.000  0.000  30000.000  0.265  -0.038  2.068  0.097  0.146  1.249  0.533  0.617  0.535  -0.635  0.645  0.566  0.641  0.645  0.003
  650502.440  4765033.840  986.700  3.000  0.090  0.030  18.880  5.680  0.000  10.000  0.000  0.000  0.000  90.000  0.000  0.000  0.000  0.000  40000.000  -1.113  -0.291  -0.535  -1.899  0.147  -0.555  0.535  0.618  0.536  1.090  0.646  0.567  0.643  0.646  0.651
  650398.080  4765003.650  904.640  3.000  0.170  0.280  29.800  128.000  0.000  30.000  0.000  0.000  0.000  70.000  0.000  0.000  0.000  0.000  20000.000  -0.832  1.516  -0.127  0.721  0.148  0.119  0.536  0.620  0.538  0.409  0.648  0.569  0.645  0.648  -0.726
  651396.280  4766115.660  424.780  3.000  0.080  0.020  110.000  50.000  0.000  90.000  0.000  0.000  0.000  10.000  0.000  0.000  0.000  0.000  10000.000  -1.188  -0.623  1.062  0.099  0.150  1.903  0.538  0.622  0.539  -1.127  0.650  0.571  0.646  0.650  -1.407
  651046.030  4765950.510  552.270  3.000  0.490  0.110  17.000  50.000  0.000  50.000  0.000  0.000  0.000  50.000  0.000  0.000  0.000  0.000  20000.000  -0.228  0.811  -0.600  0.100  0.151  0.620  0.539  0.623  0.541  -0.162  0.651  0.572  0.648  0.651  -0.724
  651393.830  4766119.470  701.640  3.000  1.150  0.110  12.000  50.000  0.000  60.000  0.000  0.000  0.000  40.000  0.000  0.000  0.000  0.000  30000.000  0.720  0.813  -0.852  0.102  0.152  0.891  0.541  0.625  0.542  -0.376  0.653  0.574  0.650  0.653  0.005
  651881.250  4766339.410  237.340  3.000  0.620  0.070  5.000  50.000  5.000  35.000  0.000  0.000  0.000  60.000  0.000  0.000  0.000  0.000  30000.000  -0.010  0.460  -1.312  0.104  0.633  0.205  0.542  0.627  0.544  0.090  0.654  0.575  0.651  0.654  0.006
  650868.720  4764835.630  1051.340  3.000  0.080  0.000  17.630  224.500  0.000  0.000  0.000  0.000  0.000  100.000  0.000  0.000  0.000  0.000  20000.000  -1.185  -1.554  -0.582  1.036  0.154  -1.145  0.544  0.628  0.546  1.945  0.656  0.577  0.653  0.656  -0.722
  650321.170  4765033.240  949.270  3.000  0.080  0.060  12.350  10.900  0.000  10.000  0.000  0.000  0.000  90.000  0.000  0.000  0.000  0.000  100000.000  -1.182  0.338  -0.842  -1.513  0.155  -0.553  0.546  0.630  0.547  1.092  0.658  0.578  0.654  0.658  2.022
  651139.970  4765232.770  403.320  3.000  0.210  0.060  16.000  50.000  0.000  10.000  0.000  0.000  0.000  90.000  0.000  0.000  0.000  0.000  30000.000  -0.730  0.339  -0.634  0.105  0.156  -0.552  0.547  0.631  0.549  1.094  0.659  0.580  0.656  0.659  0.007
  651902.330  4766450.940  226.880  3.000  0.900  0.230  30.000  50.000  0.000  70.000  0.000  0.000  0.000  30.000  0.000  0.000  0.000  0.000  30000.000  0.429  1.400  -0.100  0.107  0.158  1.251  0.549  0.633  0.550  -0.633  0.661  0.582  0.658  0.661  0.009
  651350.460  4766169.500  618.860  3.000  0.780  0.050  33.000  50.000  0.000  50.000  0.000  0.000  0.000  50.000  0.000  0.000  0.000  0.000  30000.000  0.239  0.163  -0.031  0.108  0.159  0.622  0.550  0.635  0.552  -0.161  0.663  0.583  0.659  0.663  0.010
  651358.510  4765982.960  647.380  3.000  1.090  0.040  200.000  210.000  10.000  60.000  0.000  0.000  0.000  30.000  0.000  0.000  0.000  0.000  40000.000  0.667  -0.036  1.763  1.013  0.831  0.893  0.552  0.636  0.553  -0.631  0.664  0.585  0.661  0.664  0.653
  650982.240  4765715.660  -73.080  3.000  0.300  0.280  42.400  8.800  0.000  15.000  0.000  0.000  0.000  85.000  0.000  0.000  0.000  0.000  30000.000  -0.529  1.520  0.171  -1.645  0.161  -0.405  0.553  0.638  0.555  0.852  0.666  0.586  0.663  0.666  0.011
  650653.240  4765471.900  191.970  3.000  0.220  0.320  89.400  49.300  0.000  15.000  0.000  0.000  0.000  85.000  0.000  0.000  0.000  0.000  60000.000  -0.689  1.622  0.812  -0.963  0.162  -0.403  0.555  0.640  0.556  0.854  0.668  0.588  0.664  0.668  1.483
  650177.760  4764997.850  1066.020  3.000  0.180  0.120  15.000  132.000  0.000  10.000  0.000  0.000  0.000  90.000  0.000  0.000  0.000  0.000  30000.000  -0.809  0.899  -0.675  0.765  0.163  -0.550  0.556  0.641  0.558  1.097  0.669  0.590  0.666  0.669  0.013
  651647.960  4766338.500  306.140  3.000  0.010  0.030  5.000  50.000  0.000  0.000  0.000  0.000  0.000  100.000  0.000  0.000  0.000  0.000  20000.000  -2.022  -0.290  -1.308  0.110  0.165  -1.142  0.558  0.643  0.560  1.954  0.671  0.591  0.668  0.671  -0.721
  651590.930  4766572.450  375.140  3.000  1.230  0.110  21.000  50.000  0.000  60.000  0.000  0.000  0.000  40.000  0.000  0.000  0.000  0.000  40000.000  0.813  0.815  -0.435  0.111  0.166  0.895  0.560  0.645  0.561  -0.374  0.673  0.593  0.669  0.673  0.654
  651142.520  4765639.100  600.210  3.000  0.180  0.020  61.000  50.000  0.000  10.000  0.000  0.000  0.000  90.000  0.000  0.000  0.000  0.000  20000.000  -0.807  -0.621  0.500  0.113  0.167  -0.549  0.561  0.646  0.563  1.099  0.674  0.594  0.671  0.674  -0.719
  651128.640  4765824.560  187.040  3.000  0.550  0.300  34.000  50.000  0.000  50.000  0.000  0.000  0.000  50.000  0.000  0.000  0.000  0.000  30000.000  -0.115  1.580  -0.013  0.114  0.169  0.623  0.563  0.648  0.564  -0.159  0.676  0.596  0.673  0.676  0.014
  650724.950  4765088.880  1060.930  3.000  0.010  0.010  34.100  5.110  0.000  10.000  0.000  0.000  0.000  90.000  0.000  0.000  0.000  0.000  10000.000  -2.010  -1.078  -0.009  -1.937  0.170  -0.547  0.564  0.650  0.566  1.102  0.678  0.598  0.674  0.678  -1.403
  650689.630  4765742.720  620.980  3.000  0.360  0.080  36.000  144.500  0.000  10.000  0.000  0.000  0.000  90.000  0.000  0.000  0.000  0.000  60000.000  -0.422  0.581  0.034  0.823  0.171  -0.546  0.566  0.651  0.567  1.104  0.680  0.599  0.676  0.680  1.487
  651726.540  4766572.560  217.270  3.000  1.160  0.120  140.000  50.000  0.000  90.000  0.000  0.000  0.000  10.000  0.000  0.000  0.000  0.000  60000.000  0.739  0.901  1.312  0.116  0.173  1.911  0.567  0.653  0.569  -1.124  0.681  0.601  0.678  0.681  1.491
  651466.510  4766779.430  155.810  3.000  -99.000  -99.000  -99.000  -99.000  0.000  40.000  0.000  0.000  0.000  60.000  0.000  0.000  0.000  0.000  30000.000  -99.000  -99.000  -99.000  -99.000  0.174  0.384  0.569  0.654  0.571  0.092  0.683  0.602  0.680  0.683  0.015
  650692.580  4764881.230  1093.150  3.000  0.130  0.020  17.160  141.270  10.000  30.000  0.000  0.000  0.000  60.000  0.000  0.000  0.000  0.000  80000.000  -0.985  -0.620  -0.588  0.821  0.833  0.120  0.571  0.656  0.572  0.093  0.685  0.604  0.681  0.685  1.894
  651381.480  4766133.470  678.150  3.000  1.140  0.060  84.000  50.000  0.000  70.000  0.000  0.000  0.000  30.000  0.000  0.000  0.000  0.000  30000.000  0.705  0.341  0.758  0.117  0.175  1.254  0.572  0.658  0.574  -0.630  0.686  0.606  0.683  0.686  0.017
  651191.670  4765658.490  -456.180  3.000  0.150  0.020  22.500  13.400  0.000  10.000  0.000  0.000  0.000  90.000  0.000  0.000  0.000  0.000  10000.000  -0.906  -0.618  -0.381  -1.399  0.177  -0.544  0.574  0.659  0.575  1.107  0.688  0.607  0.685  0.688  -1.399
  650472.270  4764921.670  1108.430  3.000  0.920  0.380  38.400  41.600  10.000  30.000  30.000  0.000  0.000  30.000  0.000  0.000  0.000  0.000  70000.000  0.457  1.772  0.098  -1.000  0.835  0.121  2.609  0.661  0.577  -0.628  0.690  0.609  0.686  0.690  1.779
  651071.230  4765646.440  376.380  3.000  1.440  0.260  78.000  50.000  0.000  45.000  0.000  0.000  0.000  55.000  0.000  0.000  0.000  0.000  40000.000  1.039  1.479  0.701  0.119  0.178  0.463  0.575  0.663  0.578  -0.093  0.691  0.610  0.688  0.691  0.656
  651400.350  4766682.920  137.680  3.000  0.870  0.210  195.000  50.000  0.000  50.000  0.000  0.000  0.000  50.000  0.000  0.000  0.000  0.000  40000.000  0.385  1.311  1.729  0.120  0.180  0.625  0.577  0.664  0.580  -0.158  0.693  0.612  0.690  0.693  0.658
  650684.800  4764890.360  1018.150  3.000  0.040  0.010  1.430  5.070  0.000  20.000  0.000  0.000  0.000  80.000  0.000  0.000  0.000  0.000  80000.000  -1.462  -1.075  -2.534  -1.947  0.181  -0.184  0.578  0.666  0.582  0.714  0.695  0.614  0.691  0.695  1.903
  650712.830  4764909.840  986.640  3.000  0.050  0.010  5.270  110.000  0.000  10.000  0.000  0.000  0.000  90.000  0.000  0.000  0.000  0.000  45000.000  -1.373  -1.073  -1.229  0.640  0.182  -0.542  0.580  0.668  0.583  1.109  0.696  0.615  0.693  0.696  0.788
  651031.280  4765687.450  578.410  3.000  0.450  0.150  30.000  150.000  0.000  40.000  0.000  0.000  0.000  60.000  0.000  0.000  0.000  0.000  30000.000  -0.294  1.057  -0.098  0.838  0.184  0.386  0.582  0.669  0.585  0.094  0.698  0.617  0.695  0.698  0.018
  650099.740  4764995.820  928.640  3.000  0.050  0.000  1.460  6.000  0.000  25.000  0.000  0.000  0.000  75.000  0.000  0.000  0.000  0.000  10000.000  -1.369  -1.549  -2.498  -1.872  0.185  -0.090  0.583  0.671  0.586  0.483  0.700  0.618  0.696  0.700  -1.396
  651402.270  4766072.890  720.090  3.000  1.250  0.020  32.000  50.000  0.000  30.000  0.000  0.000  0.000  70.000  0.000  0.000  0.000  0.000  50000.000  0.836  -0.616  -0.052  0.122  0.186  0.123  0.585  0.673  0.588  0.411  0.702  0.620  0.698  0.702  1.104
  651425.760  4766140.850  478.190  3.000  0.670  0.050  41.000  130.000  0.000  70.000  0.000  0.000  0.000  30.000  0.000  0.000  0.000  0.000  35000.000  0.076  0.165  0.145  0.746  0.188  1.257  0.586  0.674  0.590  -0.627  0.703  0.622  0.700  0.703  0.210
  651508.360  4765930.800  381.860  3.000  0.350  0.030  155.000  50.000  0.000  70.000  0.000  0.000  0.000  30.000  0.000  0.000  0.000  0.000  25000.000  -0.442  -0.288  1.438  0.123  0.189  1.260  0.588  0.676  0.591  -0.625  0.705  0.623  0.702  0.705  -0.538
  650678.070  4765744.560  648.600  3.000  0.240  0.030  34.500  47.500  0.000  15.000  0.000  0.000  0.000  85.000  0.000  0.000  0.000  0.000  30000.000  -0.649  -0.286  -0.003  -0.973  0.190  -0.402  0.590  0.678  0.593  0.856  0.707  0.625  0.703  0.707  0.019
  651367.320  4766703.210  97.270  3.000  0.810  0.170  54.000  50.000  0.000  60.000  0.000  0.000  0.000  40.000  0.000  0.000  0.000  0.000  40000.000  0.305  1.158  0.378  0.125  0.192  0.897  0.591  0.680  0.594  -0.373  0.708  0.627  0.705  0.708  0.659
  650498.490  4765033.600  977.520  3.000  0.160  0.040  25.270  4.550  0.000  10.000  0.000  0.000  0.000  90.000  0.000  0.000  0.000  0.000  50000.000  -0.862  -0.035  -0.254  -2.047  0.193  -0.541  0.593  0.681  0.596  1.112  0.710  0.628  0.707  0.710  1.107
  650467.420  4765031.640  903.820  3.000  0.110  0.040  13.090  5.010  0.000  5.000  0.000  0.000  0.000  95.000  0.000  0.000  0.000  0.000  50000.000  -1.039  -0.033  -0.782  -1.957  0.194  -0.805  0.594  0.683  0.598  1.417  0.712  0.630  0.708  0.712  1.109
  650333.790  4764885.810  991.500  3.000  0.080  0.000  6.270  11.800  0.000  50.000  0.000  0.000  0.000  50.000  0.000  0.000  0.000  0.000  5000.000  -1.179  -1.544  -1.156  -1.467  0.196  0.627  0.596  0.685  0.599  -0.156  0.714  0.631  0.710  0.714  -1.834
  651318.910  4765689.190  366.750  3.000  0.150  0.030  5.000  50.000  0.000  20.000  0.000  0.000  0.000  80.000  0.000  0.000  0.000  0.000  30000.000  -0.903  -0.285  -1.305  0.127  0.197  -0.182  0.598  0.686  0.601  0.715  0.715  0.633  0.712  0.715  0.021
  650894.840  4765725.010  122.030  3.000  0.210  0.050  41.900  9.600  0.000  30.000  0.000  0.000  0.000  70.000  0.000  0.000  0.000  0.000  35000.000  -0.728  0.166  0.146  -1.567  0.199  0.124  0.599  0.688  0.602  0.412  0.717  0.635  0.714  0.717  0.211
  651802.050  4766496.200  84.420  3.000  0.950  0.270  18.000  50.000  30.000  20.000  0.000  0.000  0.000  50.000  0.000  0.000  0.000  0.000  20000.000  0.491  1.493  -0.554  0.128  1.278  -0.181  0.601  0.690  0.604  -0.155  0.719  0.636  0.715  0.719  -0.717
  650070.630  4764993.120  1070.010  3.000  0.130  0.060  10.300  18.000  0.000  20.000  0.000  0.000  0.000  80.000  0.000  0.000  0.000  0.000  20000.000  -0.982  0.343  -0.956  -1.286  0.200  -0.180  0.602  0.691  0.606  0.717  0.721  0.638  0.717  0.721  -0.715
  651814.080  4766227.840  419.770  3.000  1.320  0.040  84.000  50.000  0.000  80.000  0.000  0.000  0.000  20.000  0.000  0.000  0.000  0.000  30000.000  0.931  -0.032  0.760  0.130  0.201  1.621  0.604  0.693  0.607  -0.885  0.722  0.640  0.719  0.722  0.022
  651569.420  4766015.560  324.450  3.000  0.490  0.130  125.000  50.000  0.000  50.000  0.000  0.000  0.000  50.000  0.000  0.000  0.000  0.000  30000.000  -0.227  0.965  1.191  0.131  0.203  0.628  0.606  0.695  0.609  -0.154  0.724  0.641  0.721  0.724  0.023
  651314.540  4765696.010  337.860  3.000  0.030  0.010  5.000  50.000  0.000  10.000  0.000  0.000  0.000  90.000  0.000  0.000  0.000  0.000  30000.000  -1.564  -1.070  -1.301  0.133  0.204  -0.539  0.607  0.696  0.610  1.114  0.726  0.643  0.722  0.726  0.025
  651818.110  4766442.000  272.760  3.000  0.420  0.070  17.000  50.000  0.000  30.000  0.000  0.000  0.000  70.000  0.000  0.000  0.000  0.000  30000.000  -0.335  0.462  -0.598  0.134  0.205  0.125  0.609  0.698  0.612  0.413  0.728  0.645  0.724  0.728  0.026
  650533.490  4764950.600  1093.250  3.000  0.250  0.060  28.200  93.600  0.000  20.000  0.000  0.000  0.000  80.000  0.000  0.000  0.000  0.000  35000.000  -0.625  0.344  -0.162  0.571  0.207  -0.178  0.610  0.700  0.614  0.719  0.729  0.646  0.726  0.729  0.212
  650534.160  4765468.970  661.020  3.000  0.320  0.340  55.400  46.100  0.000  10.000  0.000  0.000  0.000  90.000  0.000  0.000  0.000  0.000  50000.000  -0.493  1.718  0.407  -0.980  0.208  -0.538  0.612  0.702  0.615  1.117  0.731  0.648  0.728  0.731  1.112
  651141.030  4765806.370  139.930  3.000  0.290  0.100  10.000  50.000  0.000  40.000  0.000  0.000  0.000  60.000  0.000  0.000  0.000  0.000  20000.000  -0.548  0.735  -0.970  0.136  0.210  0.387  0.614  0.703  0.617  0.096  0.733  0.650  0.729  0.733  -0.714
  650735.900  4765735.360  510.500  3.000  0.770  0.070  139.000  4.700  0.000  45.000  0.000  0.000  0.000  52.000  0.000  3.000  0.000  0.000  20000.000  0.227  0.463  1.277  -2.012  0.211  0.465  0.615  0.705  0.618  -0.121  0.734  2.447  0.731  0.734  -0.712
  650959.850  4765917.500  454.970  3.000  0.460  0.090  43.000  50.000  0.000  60.000  0.000  0.000  0.000  40.000  0.000  0.000  0.000  0.000  40000.000  -0.273  0.658  0.189  0.137  0.212  0.899  0.617  0.707  0.620  -0.372  0.736  0.651  0.733  0.736  0.661
  651539.280  4765886.810  333.700  3.000  0.390  0.020  96.000  270.000  0.000  60.000  0.000  0.000  0.000  40.000  0.000  0.000  0.000  0.000  30000.000  -0.369  -0.614  0.894  1.120  0.214  0.901  0.618  0.708  0.622  -0.370  0.738  0.653  0.734  0.738  0.027
  651545.660  4766709.720  -57.240  3.000  1.160  0.410  25.000  260.000  30.000  50.000  0.000  0.000  0.000  20.000  0.000  0.000  0.000  0.000  40000.000  0.741  1.833  -0.267  1.101  1.281  0.630  0.620  0.710  0.623  -0.883  0.740  0.654  0.736  0.740  0.663
  651146.220  4765798.550  120.030  3.000  0.410  0.100  195.000  50.000  0.000  40.000  0.000  0.000  0.000  60.000  0.000  0.000  0.000  0.000  20000.000  -0.347  0.737  1.736  0.139  0.215  0.389  0.622  0.712  0.625  0.097  0.742  0.656  0.738  0.742  -0.710
  650472.280  4764922.030  1118.420  3.000  2.250  0.680  19.580  80.650  0.000  32.500  37.500  0.000  0.000  30.000  0.000  0.000  0.000  0.000  75000.000  1.651  2.313  -0.495  0.544  0.216  0.161  2.700  0.714  0.627  -0.623  0.743  0.658  0.740  0.743  1.799
  651284.180  4764794.420  896.800  3.000  0.280  0.060  108.760  501.850  10.000  10.000  0.000  0.000  0.000  80.000  0.000  0.000  0.000  0.000  100000.000  -0.568  0.346  1.019  1.411  0.836  -0.536  0.623  0.715  0.628  0.721  0.745  0.659  0.742  0.745  2.032
  651571.050  4766135.960  470.190  3.000  0.710  1.290  105.000  170.000  0.000  20.000  0.000  0.000  0.000  80.000  0.000  0.000  0.000  0.000  50000.000  0.139  2.972  0.999  0.921  0.218  -0.177  0.625  0.717  0.630  0.722  0.747  0.661  0.743  0.747  1.114
  650915.080  4765723.080  76.350  3.000  0.150  0.020  25.200  10.100  0.000  23.000  0.000  0.000  0.000  75.000  0.000  2.000  0.000  0.000  40000.000  -0.901  -0.612  -0.256  -1.542  0.219  -0.123  0.627  0.719  0.631  0.484  0.749  2.032  0.745  0.749  0.664
  651632.180  4766461.450  440.350  3.000  0.020  0.000  5.000  50.000  0.000  0.000  0.000  0.000  0.000  100.000  0.000  0.000  0.000  0.000  10000.000  -1.725  -1.540  -1.298  0.140  0.220  -1.139  0.628  0.721  0.633  1.963  0.750  0.663  0.747  0.750  -1.392
  651130.010  4766353.200  -157.160  3.000  -99.000  -99.000  -99.000  -99.000  0.000  20.000  0.000  0.000  0.000  80.000  0.000  0.000  0.000  0.000  10000.000  -99.000  -99.000  -99.000  -99.000  0.222  -0.175  0.630  0.722  0.635  0.724  0.752  0.664  0.749  0.752  -1.389
  651497.770  4766227.320  66.760  3.000  0.640  0.090  32.000  50.000  0.000  70.000  0.000  0.000  0.000  30.000  0.000  0.000  0.000  0.000  30000.000  0.023  0.660  -0.051  0.142  0.223  1.263  0.631  0.724  0.636  -0.622  0.754  0.666  0.750  0.754  0.029
  651230.740  4766406.380  399.010  3.000  0.540  0.070  4.080  11.900  0.000  43.000  0.000  0.000  0.000  57.000  0.000  0.000  0.000  0.000  19300.000  -0.138  0.465  -1.908  -1.462  0.225  0.440  0.633  0.726  0.638  -0.086  0.756  0.668  0.752  0.756  -1.026
  650697.050  4765160.790  1007.880  3.000  0.280  0.030  73.130  9.400  0.000  20.000  0.000  0.000  0.000  80.000  0.000  0.000  0.000  0.000  50000.000  -0.567  -0.283  0.645  -1.583  0.226  -0.174  0.635  0.728  0.640  0.726  0.757  0.669  0.754  0.757  1.117
  651491.400  4766045.320  533.270  3.000  0.980  0.020  105.000  50.000  20.000  80.000  0.000  0.000  0.000  0.000  0.000  0.000  0.000  0.000  20000.000  0.535  -0.611  1.001  0.143  1.059  1.626  0.636  0.729  0.641  -1.573  0.759  0.671  0.756  0.759  -0.708
  651168.170  4764774.030  988.320  3.000  0.780  0.030  137.020  367.850  0.000  20.000  0.000  0.000  0.000  80.000  0.000  0.000  0.000  0.000  60000.000  0.240  -0.282  1.274  1.229  0.227  -0.173  0.638  0.731  0.643  0.728  0.761  0.673  0.757  0.761  1.495
  650246.660  4765075.280  953.700  3.000  0.120  0.180  15.300  171.850  0.000  20.000  0.000  0.000  0.000  80.000  0.000  0.000  0.000  0.000  20000.000  -1.016  1.203  -0.666  0.925  0.229  -0.171  0.640  0.733  0.645  0.729  0.763  0.674  0.759  0.763  -0.707
  650924.040  4764940.460  973.320  3.000  0.180  0.010  40.000  -99.000  0.000  0.000  0.000  0.000  0.000  100.000  0.000  0.000  0.000  0.000  50000.000  -0.805  -1.067  0.124  -99.000  0.230  -1.137  0.641  0.734  0.646  1.972  0.765  0.676  0.761  0.765  1.119
  651168.160  4764774.730  1000.300  3.000  0.780  0.020  90.020  402.300  0.000  0.000  0.000  0.000  0.000  100.000  0.000  0.000  0.000  0.000  60000.000  0.242  -0.609  0.823  1.300  0.231  -1.134  0.643  0.736  0.648  1.982  0.766  0.678  0.763  0.766  1.499
  651048.270  4765671.210  497.760  3.000  1.390  0.110  68.000  150.000  0.000  60.000  0.000  0.000  0.000  40.000  0.000  0.000  0.000  0.000  30000.000  0.994  0.818  0.575  0.840  0.233  0.903  0.645  0.738  0.650  -0.369  0.768  0.680  0.765  0.768  0.030
  651069.300  4765700.400  -250.170  3.000  0.300  0.380  13.550  144.500  0.000  10.000  0.000  0.000  0.000  90.000  0.000  0.000  0.000  0.000  30000.000  -0.527  1.780  -0.766  0.825  0.234  -0.535  0.646  0.740  0.651  1.119  0.770  0.681  0.766  0.770  0.031
  651208.410  4765621.830  513.000  3.000  0.340  0.070  5.000  50.000  0.000  50.000  0.000  0.000  0.000  50.000  0.000  0.000  0.000  0.000  40000.000  -0.470  0.467  -1.295  0.145  0.236  0.631  0.648  0.742  0.653  -0.152  0.772  0.683  0.768  0.772  0.666
  651586.060  4766575.090  369.360  3.000  1.370  0.170  63.000  50.000  0.000  70.000  0.000  0.000  0.000  30.000  0.000  0.000  0.000  0.000  40000.000  0.975  1.161  0.522  0.146  0.237  1.266  0.650  0.743  0.654  -0.620  0.774  0.685  0.770  0.774  0.668
  650107.690  4764995.870  942.520  3.000  0.080  0.050  1.510  13.300  0.000  25.000  0.000  0.000  0.000  75.000  0.000  0.000  0.000  0.000  15000.000  -1.176  0.168  -2.466  -1.411  0.238  -0.089  0.651  0.745  0.656  0.486  0.775  0.686  0.772  0.775  -1.075
  651651.720  4766600.920  260.970  3.000  0.880  0.220  68.000  50.000  0.000  70.000  0.000  0.000  0.000  30.000  0.000  0.000  0.000  0.000  40000.000  0.395  1.361  0.577  0.148  0.240  1.269  0.653  0.747  0.658  -0.618  0.777  0.688  0.774  0.777  0.669
  650586.730  4764914.450  1001.410  3.000  0.150  0.120  23.750  38.750  0.000  5.000  0.000  0.000  0.000  95.000  0.000  0.000  0.000  0.000  10000.000  -0.899  0.903  -0.346  -1.010  0.241  -0.803  0.654  0.749  0.659  1.421  0.779  0.690  0.775  0.779  -1.385
  650810.300  4765306.450  824.240  3.000  -99.000  -99.000  -99.000  -99.000  0.000  30.000  0.000  0.000  0.000  70.000  0.000  0.000  0.000  0.000  100000.000  -99.000  -99.000  -99.000  -99.000  0.242  0.127  0.656  0.750  0.661  0.415  0.781  0.691  0.777  0.781  2.043
  651044.890  4765982.760  666.830  3.000  0.630  0.110  18.000  50.000  0.000  80.000  0.000  0.000  0.000  20.000  0.000  0.000  0.000  0.000  40000.000  0.005  0.820  -0.553  0.150  0.244  1.631  0.658  0.752  0.663  -0.881  0.783  0.693  0.779  0.783  0.671
  650790.580  4765728.960  377.500  3.000  0.730  0.130  88.300  10.600  0.000  50.000  0.000  0.000  0.000  50.000  0.000  0.000  0.000  0.000  25000.000  0.175  0.968  0.802  -1.517  0.245  0.633  0.659  0.754  0.664  -0.151  0.784  0.695  0.781  0.784  -0.536
  651580.660  4765600.630  486.790  3.000  0.930  0.070  25.000  50.000  0.000  30.000  0.000  0.000  0.000  70.000  0.000  0.000  0.000  0.000  40000.000  0.472  0.468  -0.265  0.151  0.247  0.128  0.661  0.756  0.666  0.416  0.786  0.696  0.783  0.786  0.673
  651651.600  4766661.630  102.940  3.000  -99.000  -99.000  -99.000  -99.000  0.000  0.000  0.000  0.000  0.000  0.000  0.000  0.000  0.000  0.000  0.000  -99.000  -99.000  -99.000  -99.000  0.248  -1.132  0.663  0.757  0.668  -1.568  0.788  0.698  0.784  0.788  -2.165
  651899.200  4766241.740  308.490  3.000  0.860  0.030  32.000  50.000  30.000  40.000  0.000  0.000  0.000  30.000  0.000  0.000  0.000  0.000  30000.000  0.369  -0.280  -0.049  0.153  1.284  0.390  0.664  0.759  0.669  -0.617  0.790  0.700  0.786  0.790  0.033
  650621.500  4765000.520  876.610  3.000  0.200  0.190  -99.000  -99.000  0.000  27.000  0.000  0.000  0.000  70.000  0.000  3.000  0.000  0.000  30000.000  -0.755  1.234  -99.000  -99.000  0.249  -0.076  0.666  0.761  0.671  0.418  0.792  2.475  0.788  0.792  0.034
  650793.880  4766135.630  849.630  3.000  0.390  0.040  22.000  50.000  0.000  20.000  0.000  0.000  0.000  80.000  0.000  0.000  0.000  0.000  30000.000  -0.368  -0.030  -0.401  0.154  0.251  -0.170  0.668  0.763  0.673  0.731  0.794  0.702  0.790  0.794  0.035
  651727.550  4766077.460  491.190  3.000  1.230  0.220  68.000  50.000  0.000  65.000  0.000  0.000  0.000  35.000  0.000  0.000  0.000  0.000  50000.000  0.815  1.365  0.579  0.156  0.252  1.002  0.669  0.765  0.674  -0.550  0.795  0.703  0.792  0.795  1.122
  650210.850  4765097.880  1001.660  3.000  0.170  0.320  23.100  163.500  0.000  35.000  0.000  0.000  0.000  65.000  0.000  0.000  0.000  0.000  30000.000  -0.830  1.628  -0.354  0.886  0.253  0.207  0.671  0.766  0.676  0.170  0.797  0.705  0.794  0.797  0.037
  650922.620  4766177.720  -46.920  3.000  1.040  0.520  18.750  43.200  5.000  40.000  0.000  0.000  0.000  50.000  0.000  5.000  0.000  0.000  40000.000  0.611  2.096  -0.537  -0.990  0.635  0.392  0.673  0.768  0.678  -0.150  0.799  2.820  0.795  0.799  0.674
  651443.810  4766139.190  515.630  3.000  0.740  0.130  86.000  50.000  0.000  80.000  0.000  0.000  0.000  20.000  0.000  0.000  0.000  0.000  40000.000  0.189  0.970  0.786  0.157  0.255  1.636  0.674  0.770  0.680  -0.879  0.801  0.707  0.797  0.801  0.676
  651586.210  4766114.030  549.840  3.000  1.440  0.190  89.000  50.000  0.000  100.000  0.000  0.000  0.000  0.000  0.000  0.000  0.000  0.000  40000.000  1.042  1.237  0.806  0.159  0.256  2.571  0.676  0.772  0.681  -1.564  0.803  0.708  0.799  0.803  0.678
  651225.220  4766251.390  684.270  3.000  0.750  0.100  58.000  50.000  0.000  60.000  0.000  0.000  0.000  40.000  0.000  0.000  0.000  0.000  30000.000  0.199  0.739  0.445  0.160  0.258  0.905  0.678  0.774  0.683  -0.367  0.805  0.710  0.801  0.805  0.038
  650903.750  4765724.160  101.930  3.000  0.240  0.000  27.200  3.600  0.000  33.000  0.000  0.000  0.000  65.000  0.000  2.000  0.000  0.000  35000.000  -0.647  -1.535  -0.187  -2.225  0.259  0.163  0.680  0.775  0.685  0.171  0.806  2.043  0.803  0.806  0.214
  651423.630  4766082.400  371.210  3.000  0.380  0.030  60.000  50.000  0.000  30.000  0.000  0.000  0.000  70.000  0.000  0.000  0.000  0.000  30000.000  -0.389  -0.279  0.483  0.162  0.260  0.129  0.681  0.777  0.686  0.419  0.808  0.712  0.805  0.808  0.039
  651518.990  4765916.890  343.690  3.000  1.080  0.110  79.000  50.000  0.000  60.000  0.000  0.000  0.000  40.000  0.000  0.000  0.000  0.000  35000.000  0.656  0.822  0.707  0.163  0.262  0.907  0.683  0.779  0.688  -0.366  0.810  0.714  0.806  0.810  0.215
  650343.340  4765068.420  1015.260  3.000  0.600  0.270  71.500  19.100  0.000  20.000  0.000  0.000  0.000  80.000  0.000  0.000  0.000  0.000  60000.000  -0.041  1.497  0.625  -1.259  0.263  -0.169  0.685  0.781  0.690  0.733  0.812  0.715  0.808  0.812  1.503
  651581.680  4766120.190  527.090  3.000  1.150  0.170  83.000  130.000  0.000  90.000  0.000  0.000  0.000  10.000  0.000  0.000  0.000  0.000  40000.000  0.722  1.164  0.744  0.748  0.265  1.919  0.686  0.783  0.691  -1.122  0.814  0.717  0.810  0.814  0.680
  651206.200  4765625.370  501.750  3.000  0.360  0.140  275.000  50.000  0.000  30.000  0.000  0.000  0.000  70.000  0.000  0.000  0.000  0.000  50000.000  -0.421  1.011  2.151  0.165  0.266  0.131  0.688  0.784  0.693  0.421  0.816  0.719  0.812  0.816  1.124
  651541.830  4765512.090  449.340  3.000  1.280  0.070  80.000  50.000  0.000  90.000  0.000  0.000  0.000  10.000  0.000  0.000  0.000  0.000  30000.000  0.873  0.470  0.717  0.166  0.267  1.928  0.690  0.786  0.695  -1.119  0.818  0.721  0.814  0.818  0.041
  651527.680  4766606.010  299.730  3.000  0.380  0.060  110.000  50.000  0.000  60.000  0.000  0.000  0.000  40.000  0.000  0.000  0.000  0.000  40000.000  -0.387  0.347  1.065  0.168  0.269  0.909  0.691  0.788  0.696  -0.364  0.820  0.722  0.816  0.820  0.681
  651490.930  4766741.060  80.690  3.000  0.890  0.110  245.000  50.000  0.000  40.000  0.000  0.000  0.000  60.000  0.000  0.000  0.000  0.000  40000.000  0.414  0.824  1.998  0.170  0.270  0.393  0.693  0.790  0.698  0.098  0.821  0.724  0.818  0.821  0.683
  650751.510  4765733.000  473.750  3.000  -99.000  -99.000  -99.000  -99.000  0.000  55.000  0.000  0.000  0.000  45.000  0.000  0.000  0.000  0.000  30000.000  -99.000  -99.000  -99.000  -99.000  0.271  0.708  0.695  0.792  0.700  -0.326  0.823  0.726  0.820  0.823  0.042
  651430.320  4765587.530  394.840  4.000  0.590  0.010  195.000  50.000  50.000  50.000  0.000  0.000  0.000  0.000  0.000  0.000  0.000  0.000  25000.000  -0.053  -1.065  1.743  0.171  1.626  0.635  0.696  0.794  0.702  -1.559  0.825  0.728  0.821  0.825  -0.535
  650059.780  4764889.110  1059.270  4.000  0.130  0.040  7.660  12.380  0.000  0.000  0.000  0.000  0.000  100.000  0.000  0.000  0.000  0.000  10000.000  -0.980  -0.029  -1.089  -1.445  0.273  -1.129  0.698  0.795  0.703  1.992  0.827  0.729  0.823  0.827  -1.382
  650398.730  4764801.300  940.530  4.000  0.110  0.030  4.790  20.300  0.000  0.000  0.000  0.000  0.000  100.000  0.000  0.000  0.000  0.000  5000.000  -1.036  -0.277  -1.792  -1.229  0.274  -1.127  0.700  0.797  0.705  2.001  0.829  0.731  0.825  0.829  -1.827
  651565.550  4766081.620  528.790  4.000  0.800  0.050  60.000  50.000  0.000  50.000  0.000  0.000  0.000  50.000  0.000  0.000  0.000  0.000  30000.000  0.285  0.169  0.484  0.173  0.276  0.636  0.702  0.799  0.707  -0.148  0.831  0.733  0.827  0.831  0.043
  651446.070  4765444.900  619.590  4.000  1.170  0.020  24.000  50.000  0.000  100.000  0.000  0.000  0.000  0.000  0.000  0.000  0.000  0.000  30000.000  0.757  -0.607  -0.315  0.174  0.277  2.609  0.703  0.801  0.708  -1.555  0.833  0.734  0.829  0.833  0.045
  650549.890  4764853.400  970.150  4.000  0.090  0.020  6.910  22.830  0.000  5.000  0.000  0.000  0.000  95.000  0.000  0.000  0.000  0.000  60000.000  -1.110  -0.605  -1.127  -1.182  0.278  -0.801  0.705  0.803  0.710  1.425  0.835  0.736  0.831  0.835  1.507
  651465.830  4765754.400  477.410  4.000  0.510  0.030  22.000  50.000  40.000  0.000  0.000  0.000  0.000  60.000  0.000  0.000  0.000  0.000  15000.000  -0.196  -0.276  -0.399  0.176  1.463  -1.124  0.707  0.805  0.712  0.100  0.836  0.738  0.833  0.836  -1.073
  650879.580  4765958.390  782.810  4.000  0.100  0.010  22.000  50.000  0.000  80.000  0.000  0.000  0.000  20.000  0.000  0.000  0.000  0.000  10000.000  -1.073  -1.062  -0.397  0.177  0.280  1.641  0.708  0.806  0.714  -0.877  0.838  0.740  0.835  0.838  -1.378
  651427.740  4765819.130  526.730  4.000  0.790  0.020  69.000  110.000  80.000  20.000  0.000  0.000  0.000  0.000  0.000  0.000  0.000  0.000  10000.000  0.266  -0.604  0.595  0.642  2.001  -0.167  0.710  0.808  0.715  -1.550  0.840  0.742  0.836  0.840  -1.375
  650871.490  4765962.400  815.590  4.000  0.060  0.020  37.000  50.000  10.000  90.000  0.000  0.000  0.000  0.000  0.000  0.000  0.000  0.000  10000.000  -1.293  -0.602  0.060  0.179  0.838  1.936  0.712  0.810  0.717  -1.546  0.842  0.743  0.838  0.842  -1.371
  651325.490  4765389.410  635.290  4.000  0.680  0.010  30.000  50.000  0.000  30.000  0.000  0.000  0.000  70.000  0.000  0.000  0.000  0.000  40000.000  0.093  -1.060  -0.097  0.180  0.281  0.132  0.714  0.812  0.719  0.422  0.844  0.745  0.840  0.844  0.685
  651434.630  4765811.910  555.020  4.000  1.300  0.030  280.000  50.000  90.000  10.000  0.000  0.000  0.000  0.000  0.000  0.000  0.000  0.000  20000.000  0.906  -0.274  2.182  0.182  2.193  -0.533  0.715  0.814  0.721  -1.541  0.846  0.747  0.842  0.846  -0.705
  651427.490  4765591.610  375.470  4.000  0.050  0.010  5.000  50.000  0.000  10.000  0.000  0.000  0.000  90.000  0.000  0.000  0.000  0.000  10000.000  -1.365  -1.057  -1.291  0.183  0.283  -0.532  0.717  0.816  0.722  1.122  0.848  0.749  0.844  0.848  -1.368
  651860.570  4766164.650  367.960  4.000  1.620  0.080  32.000  50.000  50.000  50.000  0.000  0.000  0.000  0.000  0.000  0.000  0.000  0.000  20000.000  1.203  0.582  -0.048  0.185  1.631  0.638  0.719  0.818  0.724  -1.537  0.850  0.750  0.846  0.850  -0.703
  651428.460  4765719.900  524.920  4.000  0.700  0.040  21.000  50.000  80.000  20.000  0.000  0.000  0.000  0.000  0.000  0.000  0.000  0.000  10000.000  0.123  -0.027  -0.433  0.187  2.011  -0.166  0.721  0.820  0.726  -1.532  0.852  0.752  0.848  0.852  -1.365
  651253.570  4765341.200  555.120  4.000  0.620  0.050  95.000  50.000  0.000  25.000  0.000  0.000  0.000  75.000  0.000  0.000  0.000  0.000  20000.000  -0.008  0.171  0.883  0.188  0.284  -0.088  0.722  0.821  0.728  0.487  0.854  0.754  0.850  0.854  -0.702
  651145.270  4765704.710  794.130  4.000  0.500  0.020  95.000  118.000  0.000  85.480  0.000  0.000  0.000  14.520  0.000  0.000  0.000  0.000  30000.000  -0.207  -0.600  0.885  0.668  0.285  1.729  0.724  0.823  0.729  -1.036  0.856  0.756  0.852  0.856  0.046
  651540.150  4766254.790  579.440  4.000  3.300  0.160  200.000  50.000  40.000  50.000  0.000  0.000  0.000  10.000  0.000  0.000  0.000  0.000  70000.000  2.138  1.110  1.770  0.190  1.467  0.640  0.726  0.825  0.731  -1.117  0.858  0.757  0.854  0.858  1.786
  651442.590  4765449.400  611.360  4.000  1.160  0.030  26.000  50.000  0.000  60.000  0.000  0.000  0.000  40.000  0.000  0.000  0.000  0.000  30000.000  0.743  -0.273  -0.227  0.191  0.287  0.911  0.728  0.827  0.733  -0.363  0.859  0.759  0.856  0.859  0.048
  651537.530  4765972.680  445.970  4.000  0.750  0.050  145.000  50.000  0.000  40.000  0.000  0.000  0.000  60.000  0.000  0.000  0.000  0.000  30000.000  0.201  0.172  1.344  0.193  0.288  0.395  0.729  0.829  0.734  0.101  0.861  0.761  0.858  0.861  0.049
  651154.350  4766099.390  993.950  4.000  -99.000  -99.000  -99.000  -99.000  0.000  0.000  0.000  0.000  0.000  100.000  0.000  0.000  0.000  0.000  10000.000  -99.000  -99.000  -99.000  -99.000  0.290  -1.122  0.731  0.831  0.736  2.011  0.863  0.763  0.859  0.863  -1.361
  651376.510  4765547.820  463.140  4.000  1.160  0.110  250.000  50.000  10.000  70.000  0.000  0.000  0.000  20.000  0.000  0.000  0.000  0.000  30000.000  0.745  0.826  2.032  0.194  0.840  1.272  0.733  0.833  0.738  -0.875  0.865  0.765  0.861  0.865  0.050
  651607.890  4765967.130  441.040  4.000  0.700  0.080  100.000  50.000  0.000  80.000  0.000  0.000  0.000  20.000  0.000  0.000  0.000  0.000  20000.000  0.124  0.584  0.937  0.196  0.291  1.646  0.734  0.835  0.740  -0.873  0.867  0.766  0.863  0.867  -0.700
  651220.470  4766029.200  733.280  4.000  0.270  0.030  14.000  120.000  0.000  50.000  0.000  0.000  0.000  50.000  0.000  0.000  0.000  0.000  30000.000  -0.582  -0.271  -0.734  0.705  0.292  0.641  0.736  0.836  0.742  -0.147  0.869  0.768  0.865  0.869  0.052
  651250.390  4765693.510  646.230  4.000  1.550  0.080  105.000  50.000  0.000  60.000  0.000  0.000  0.000  40.000  0.000  0.000  0.000  0.000  60000.000  1.153  0.586  1.004  0.197  0.294  0.913  0.738  0.838  0.743  -0.362  0.871  0.770  0.867  0.871  1.511
  651136.460  4765578.900  761.660  4.000  1.020  0.020  225.000  50.000  0.000  50.000  0.000  0.000  0.000  50.000  0.000  0.000  0.000  0.000  40000.000  0.591  -0.598  1.872  0.199  0.295  0.643  0.740  0.840  0.745  -0.146  0.873  0.772  0.869  0.873  0.686
  651394.210  4765521.220  498.960  4.000  1.070  0.070  63.000  50.000  0.000  60.000  0.000  0.000  0.000  40.000  0.000  0.000  0.000  0.000  30000.000  0.647  0.472  0.523  0.200  0.297  0.915  0.742  0.842  0.747  -0.360  0.875  0.774  0.871  0.875  0.053
  651603.770  4765579.100  585.870  4.000  0.570  0.020  57.000  50.000  0.000  90.000  0.000  0.000  0.000  10.000  0.000  0.000  0.000  0.000  30000.000  -0.079  -0.596  0.428  0.202  0.298  1.945  0.743  0.844  0.749  -1.114  0.877  0.775  0.873  0.877  0.054
  651629.860  4765939.280  514.970  4.000  0.510  0.030  10.000  50.000  10.000  90.000  0.000  0.000  0.000  0.000  0.000  0.000  0.000  0.000  25000.000  -0.195  -0.269  -0.967  0.204  0.842  1.954  0.745  0.846  0.750  -1.528  0.879  0.777  0.875  0.879  -0.533
  651202.830  4765387.590  408.440  4.000  0.200  0.030  58.000  50.000  0.000  20.000  0.000  0.000  0.000  80.000  0.000  0.000  0.000  0.000  20000.000  -0.753  -0.268  0.446  0.205  0.299  -0.165  0.747  0.848  0.752  0.734  0.881  0.779  0.877  0.881  -0.698
  651489.550  4765717.830  385.190  4.000  0.440  0.020  230.000  50.000  30.000  20.000  0.000  0.000  0.000  50.000  0.000  0.000  0.000  0.000  10000.000  -0.305  -0.595  1.936  0.207  1.287  -0.163  0.749  0.850  0.754  -0.144  0.883  0.781  0.879  0.883  -1.358
  651341.670  4765270.650  625.610  4.000  0.660  0.020  51.000  50.000  0.000  50.000  0.000  0.000  0.000  50.000  0.000  0.000  0.000  0.000  40000.000  0.053  -0.593  0.331  0.208  0.301  0.645  0.750  0.852  0.756  -0.143  0.885  0.783  0.881  0.885  0.688
  650924.450  4765366.220  1106.140  4.000  0.010  0.010  2.500  -99.000  0.000  0.000  0.000  0.000  0.000  100.000  0.000  0.000  0.000  0.000  40000.000  -1.999  -1.054  -2.122  -99.000  0.302  -1.119  0.752  0.854  0.757  2.022  0.887  0.784  0.883  0.887  0.690
  651525.060  4765656.480  232.730  4.000  0.360  0.020  22.000  110.000  10.000  60.000  0.000  0.000  0.000  30.000  0.000  0.000  0.000  0.000  20000.000  -0.419  -0.591  -0.396  0.644  0.844  0.917  0.754  0.856  0.759  -0.615  0.889  0.786  0.885  0.889  -0.696
  651521.260  4766280.750  531.140  4.000  1.320  0.110  42.000  50.000  10.000  90.000  0.000  0.000  0.000  0.000  0.000  0.000  0.000  0.000  30000.000  0.933  0.828  0.165  0.210  0.846  1.963  0.756  0.858  0.761  -1.524  0.891  0.788  0.887  0.891  0.056
  651439.220  4765455.150  557.920  4.000  0.800  0.010  11.000  50.000  0.000  70.000  0.000  0.000  0.000  30.000  0.000  0.000  0.000  0.000  20000.000  0.286  -1.052  -0.892  0.211  0.304  1.275  0.757  0.859  0.763  -0.614  0.893  0.790  0.889  0.893  -0.695
  651443.070  4766017.350  595.940  4.000  0.610  0.050  135.000  50.000  30.000  60.000  0.000  0.000  0.000  10.000  0.000  0.000  0.000  0.000  20000.000  -0.029  0.174  1.264  0.213  1.290  0.919  0.759  0.861  0.765  -1.112  0.895  0.792  0.891  0.895  -0.693
  651299.890  4766513.330  133.040  4.000  -99.000  -99.000  -99.000  -99.000  5.000  25.000  0.000  0.000  0.000  70.000  0.000  0.000  0.000  0.000  20000.000  -99.000  -99.000  -99.000  -99.000  0.636  -0.086  0.761  0.863  0.766  0.424  0.897  0.794  0.893  0.897  -0.691
  651438.420  4765454.810  601.500  4.000  1.210  0.040  26.000  50.000  0.000  40.000  0.000  0.000  0.000  60.000  0.000  0.000  0.000  0.000  40000.000  0.785  -0.026  -0.225  0.214  0.305  0.396  0.763  0.865  0.768  0.103  0.899  0.795  0.895  0.899  0.691
  651512.440  4765869.550  527.520  4.000  1.510  0.080  54.000  50.000  10.000  90.000  0.000  0.000  0.000  0.000  0.000  0.000  0.000  0.000  50000.000  1.121  0.588  0.380  0.216  0.848  1.972  0.765  0.867  0.770  -1.520  0.901  0.797  0.897  0.901  1.127
  651570.140  4765726.680  460.000  4.000  0.780  0.050  23.000  50.000  20.000  60.000  0.000  0.000  0.000  20.000  0.000  0.000  0.000  0.000  20000.000  0.243  0.175  -0.361  0.218  1.061  0.921  0.766  0.869  0.772  -0.871  0.903  0.799  0.899  0.903  -0.690
  651443.150  4765569.410  484.120  4.000  1.470  0.020  100.000  50.000  40.000  60.000  0.000  0.000  0.000  0.000  0.000  0.000  0.000  0.000  35000.000  1.091  -0.589  0.939  0.219  1.471  0.923  0.768  0.871  0.774  -1.515  0.905  0.801  0.901  0.905  0.216
  651438.410  4765576.080  451.120  4.000  1.140  0.050  37.000  50.000  0.000  90.000  0.000  0.000  0.000  10.000  0.000  0.000  0.000  0.000  30000.000  0.706  0.177  0.061  0.221  0.306  1.982  0.770  0.873  0.775  -1.109  0.907  0.803  0.903  0.907  0.057
  651070.180  4764899.530  1003.810  4.000  0.010  0.000  1.150  6.590  0.000  0.000  0.000  0.000  0.000  100.000  0.000  0.000  0.000  0.000  10000.000  -1.989  -1.530  -2.664  -1.838  0.308  -1.117  0.772  0.875  0.777  2.032  0.909  0.805  0.905  0.909  -1.355
  651253.520  4765690.860  655.350  4.000  0.900  0.060  42.000  50.000  30.000  50.000  0.000  0.000  0.000  20.000  0.000  0.000  0.000  0.000  35000.000  0.430  0.349  0.166  0.222  1.294  0.646  0.774  0.877  0.779  -0.869  0.911  0.806  0.907  0.911  0.218
  651467.260  4765752.290  471.970  4.000  0.930  0.040  135.000  50.000  50.000  0.000  0.000  0.000  0.000  50.000  0.000  0.000  0.000  0.000  25000.000  0.473  -0.024  1.267  0.224  1.636  -1.114  0.775  0.879  0.781  -0.142  0.913  0.808  0.909  0.913  -0.532
  651526.700  4765654.840  240.390  4.000  0.460  0.020  50.000  50.000  0.000  80.000  0.000  0.000  0.000  20.000  0.000  0.000  0.000  0.000  30000.000  -0.271  -0.588  0.316  0.225  0.309  1.651  0.777  0.881  0.783  -0.867  0.915  0.810  0.911  0.915  0.058
  651590.300  4765591.490  528.730  4.000  1.230  0.030  68.000  50.000  0.000  90.000  0.000  0.000  0.000  10.000  0.000  0.000  0.000  0.000  40000.000  0.818  -0.266  0.581  0.227  0.311  1.992  0.779  0.883  0.784  -1.107  0.917  0.812  0.913  0.917  0.693
  651610.170  4765573.420  612.540  4.000  0.230  0.040  31.000  190.000  0.000  20.000  0.000  0.000  0.000  80.000  0.000  0.000  0.000  0.000  50000.000  -0.667  -0.023  -0.075  0.963  0.312  -0.162  0.781  0.885  0.786  0.736  0.919  0.814  0.915  0.919  1.129
  651505.630  4765414.670  429.670  4.000  0.420  0.000  38.000  110.000  0.000  90.000  0.000  0.000  0.000  10.000  0.000  0.000  0.000  0.000  10000.000  -0.333  -1.525  0.089  0.646  0.313  2.001  0.783  0.887  0.788  -1.104  0.921  0.816  0.917  0.921  -1.351
  651731.310  4766073.740  512.540  4.000  2.100  0.160  12.000  50.000  90.000  10.000  0.000  0.000  0.000  0.000  0.000  0.000  0.000  0.000  25000.000  1.554  1.113  -0.850  0.228  2.208  -0.530  0.784  0.889  0.790  -1.511  0.923  0.818  0.919  0.923  -0.530
  651642.190  4766122.580  493.330  4.000  1.090  0.100  38.000  50.000  0.000  90.000  0.000  0.000  0.000  10.000  0.000  0.000  0.000  0.000  20000.000  0.669  0.741  0.091  0.230  0.315  2.011  0.786  0.891  0.792  -1.102  0.925  0.820  0.921  0.925  -0.688
  651502.570  4766206.510  617.380  4.000  0.940  0.050  33.000  50.000  0.000  70.000  0.000  0.000  0.000  30.000  0.000  0.000  0.000  0.000  40000.000  0.486  0.178  -0.030  0.232  0.316  1.278  0.788  0.893  0.794  -0.612  0.927  0.821  0.923  0.927  0.695
  651539.200  4766449.420  559.990  4.000  0.330  0.020  5.000  50.000  0.000  0.000  0.000  0.000  0.000  0.000  0.000  0.000  0.000  0.000  0.000  -0.478  -0.586  -1.288  0.233  0.318  -1.112  0.790  0.895  0.795  -1.507  0.929  0.823  0.925  0.929  -2.151
  651575.920  4765605.200  465.800  4.000  0.260  0.030  16.000  50.000  90.000  10.000  0.000  0.000  0.000  0.000  0.000  0.000  0.000  0.000  7000.000  -0.600  -0.265  -0.633  0.235  2.224  -0.529  0.792  0.897  0.797  -1.503  0.931  0.825  0.927  0.931  -1.754
  651428.760  4765722.320  521.750  4.000  0.800  0.010  115.000  50.000  50.000  50.000  0.000  0.000  0.000  0.000  0.000  0.000  0.000  0.000  10000.000  0.288  -1.049  1.108  0.236  1.641  0.648  0.794  0.899  0.799  -1.499  0.933  0.827  0.929  0.933  -1.348
  651448.380  4765780.450  546.630  4.000  0.960  0.020  16.000  50.000  70.000  0.000  0.000  0.000  0.000  30.000  0.000  0.000  0.000  0.000  25000.000  0.505  -0.584  -0.631  0.238  1.841  -1.109  0.795  0.901  0.801  -0.610  0.936  0.829  0.931  0.936  -0.529
  651126.780  4765392.700  1057.270  4.000  0.130  0.000  7.000  25.000  0.000  0.000  0.000  0.000  0.000  100.000  0.000  0.000  0.000  0.000  10000.000  -0.977  -1.520  -1.124  -1.117  0.319  -1.107  0.797  0.903  0.803  2.043  0.938  0.831  0.933  0.938  -1.345
  651906.570  4766122.230  479.610  4.000  0.200  0.050  105.000  50.000  0.000  20.000  0.000  0.000  0.000  80.000  0.000  0.000  0.000  0.000  10000.000  -0.751  0.180  1.006  0.239  0.320  -0.161  0.799  0.905  0.805  0.738  0.940  0.833  0.936  0.940  -1.341
  651367.540  4765342.610  620.580  4.000  0.720  0.020  47.000  50.000  0.000  25.000  0.000  0.000  0.000  75.000  0.000  0.000  0.000  0.000  40000.000  0.162  -0.582  0.262  0.241  0.322  -0.085  0.801  0.907  0.806  0.489  0.942  0.835  0.938  0.942  0.696
  651598.750  4765583.550  564.920  4.000  0.670  0.020  33.000  110.000  50.000  50.000  0.000  0.000  0.000  0.000  0.000  0.000  0.000  0.000  10000.000  0.078  -0.581  -0.028  0.648  1.646  0.650  0.803  0.909  0.808  -1.495  0.944  0.836  0.940  0.944  -1.338
  651427.000  4765708.050  540.960  4.000  0.840  0.040  18.000  50.000  80.000  20.000  0.000  0.000  0.000  0.000  0.000  0.000  0.000  0.000  10000.000  0.343  -0.022  -0.551  0.243  2.022  -0.159  0.805  0.911  0.810  -1.491  0.946  0.838  0.942  0.946  -1.335
  651515.400  4766289.100  516.300  4.000  1.250  0.170  54.000  50.000  0.000  70.000  0.000  0.000  0.000  30.000  0.000  0.000  0.000  0.000  30000.000  0.838  1.167  0.381  0.244  0.323  1.281  0.806  0.913  0.812  -0.609  0.948  0.840  0.944  0.948  0.060
  651784.680  4766162.020  210.170  4.000  0.710  0.030  26.000  50.000  0.000  90.000  0.000  0.000  0.000  10.000  0.000  0.000  0.000  0.000  20000.000  0.141  -0.263  -0.224  0.246  0.325  2.022  0.808  0.915  0.814  -1.099  0.950  0.842  0.946  0.950  -0.686
  651399.550  4765909.930  488.400  4.000  0.300  0.030  35.000  50.000  0.000  40.000  0.000  0.000  0.000  60.000  0.000  0.000  0.000  0.000  20000.000  -0.525  -0.262  0.012  0.247  0.326  0.397  0.810  0.917  0.816  0.104  0.952  0.844  0.948  0.952  -0.685
  651396.000  4765897.620  501.040  4.000  0.780  0.050  120.000  50.000  0.000  60.000  0.000  0.000  0.000  40.000  0.000  0.000  0.000  0.000  30000.000  0.245  0.181  1.147  0.249  0.327  0.925  0.812  0.919  0.818  -0.359  0.954  0.846  0.950  0.954  0.061
  651353.040  4765585.840  417.340  4.000  0.430  0.130  71.000  50.000  0.000  50.000  0.000  0.000  0.000  50.000  0.000  0.000  0.000  0.000  40000.000  -0.317  0.973  0.622  0.250  0.329  0.651  0.814  0.921  0.820  -0.140  0.956  0.848  0.952  0.956  0.698
  651420.880  4765321.570  785.740  4.000  0.150  0.010  9.500  115.000  0.000  30.000  0.000  0.000  0.000  70.000  0.000  0.000  0.000  0.000  30000.000  -0.897  -1.047  -1.019  0.665  0.330  0.133  0.816  0.923  0.821  0.425  0.959  0.850  0.954  0.959  0.062
  651442.690  4765789.240  570.430  4.000  2.070  0.070  45.000  50.000  100.000  0.000  0.000  0.000  0.000  0.000  0.000  0.000  0.000  0.000  30000.000  1.530  0.473  0.224  0.252  2.571  -1.104  0.818  0.925  0.823  -1.487  0.961  0.852  0.956  0.961  0.064
  651739.610  4766065.730  559.140  4.000  -99.000  -99.000  -99.000  -99.000  0.000  70.000  0.000  0.000  0.000  30.000  0.000  0.000  0.000  0.000  35000.000  -99.000  -99.000  -99.000  -99.000  0.332  1.284  0.820  0.927  0.825  -0.607  0.963  0.854  0.959  0.963  0.219
  651571.570  4766186.930  672.980  4.000  0.580  0.000  5.000  50.000  0.000  70.000  0.000  0.000  0.000  30.000  0.000  0.000  0.000  0.000  40000.000  -0.062  -1.516  -1.284  0.254  0.333  1.287  0.821  0.929  0.827  -0.606  0.965  0.856  0.961  0.965  0.700
  651425.940  4765821.090  519.180  4.000  0.960  0.020  42.000  110.000  90.000  10.000  0.000  0.000  0.000  0.000  0.000  0.000  0.000  0.000  20000.000  0.507  -0.579  0.168  0.649  2.240  -0.527  0.823  0.931  0.829  -1.483  0.967  0.858  0.963  0.967  -0.683
  651458.750  4765900.200  660.710  4.000  3.370  0.490  25.000  50.000  0.000  80.000  0.000  0.000  0.000  20.000  0.000  0.000  0.000  0.000  120000.000  2.200  2.045  -0.264  0.255  0.335  1.656  0.825  0.933  0.831  -0.865  0.969  0.859  0.965  0.969  2.331
  651721.150  4766083.940  454.300  4.000  2.910  0.420  47.000  50.000  0.000  50.000  0.000  0.000  0.000  50.000  0.000  0.000  0.000  0.000  60000.000  1.883  1.891  0.264  0.257  0.336  0.653  0.827  0.936  0.833  -0.139  0.971  0.861  0.967  0.971  1.515
  651292.300  4765634.850  491.650  4.000  0.660  0.020  96.000  50.000  30.000  0.000  0.000  0.000  0.000  70.000  0.000  0.000  0.000  0.000  20000.000  0.054  -0.577  0.896  0.258  1.297  -1.102  0.829  0.938  0.835  0.427  0.973  0.863  0.969  0.973  -0.681
  651430.300  4765460.230  575.090  4.000  1.280  0.010  28.000  50.000  40.000  20.000  0.000  0.000  0.000  40.000  0.000  0.000  0.000  0.000  30000.000  0.875  -1.044  -0.168  0.260  1.475  -0.158  0.831  0.940  0.836  -0.357  0.976  0.865  0.971  0.976  0.065
  651574.340  4765844.160  483.830  4.000  1.150  0.050  15.000  50.000  0.000  80.000  0.000  0.000  0.000  20.000  0.000  0.000  0.000  0.000  30000.000  0.724  0.183  -0.673  0.261  0.337  1.662  0.833  0.942  0.838  -0.863  0.978  0.867  0.973  0.978  0.066
  651684.610  4766025.950  324.140  4.000  0.550  0.060  26.000  50.000  0.000  100.000  0.000  0.000  0.000  0.000  0.000  0.000  0.000  0.000  10000.000  -0.114  0.350  -0.222  0.263  0.339  2.652  0.835  0.944  0.840  -1.478  0.980  0.869  0.976  0.980  -1.331
  651501.900  4765700.110  340.090  4.000  0.520  0.010  43.000  50.000  15.000  15.000  0.000  0.000  0.000  70.000  0.000  0.000  0.000  0.000  10000.000  -0.174  -1.042  0.190  0.265  0.907  -0.400  0.836  0.946  0.842  0.428  0.982  0.871  0.978  0.982  -1.328
  651490.600  4765893.860  437.260  4.000  1.220  0.040  52.000  50.000  30.000  60.000  0.000  0.000  0.000  10.000  0.000  0.000  0.000  0.000  40000.000  0.799  -0.020  0.350  0.266  1.300  0.927  0.838  0.948  0.844  -1.097  0.984  0.873  0.980  0.984  0.702
  651513.560  4765667.360  179.020  4.000  0.720  0.000  47.000  160.000  40.000  50.000  0.000  0.000  0.000  10.000  0.000  0.000  0.000  0.000  20000.000  0.163  -1.511  0.265  0.877  1.478  0.654  0.840  0.950  0.846  -1.094  0.986  0.875  0.982  0.986  -0.680
  651246.620  4765696.750  635.310  4.000  1.310  0.060  75.000  50.000  30.000  60.000  0.000  0.000  0.000  10.000  0.000  0.000  0.000  0.000  50000.000  0.921  0.352  0.666  0.268  1.303  0.929  0.842  0.952  0.848  -1.092  0.989  0.877  0.984  0.989  1.132
  651231.430  4766406.210  783.000  4.000  -99.000  -99.000  -99.000  -99.000  0.000  0.000  0.000  0.000  0.000  100.000  0.000  0.000  0.000  0.000  15000.000  -99.000  -99.000  -99.000  -99.000  0.340  -1.099  0.844  0.954  0.850  2.054  0.991  0.879  0.986  0.991  -1.070
  651004.400  4764790.940  910.510  4.000  0.120  0.050  11.550  339.400  5.000  5.000  0.000  0.000  0.000  90.000  0.000  0.000  0.000  0.000  150000.000  -1.014  0.184  -0.874  1.210  0.638  -0.799  0.846  0.956  0.852  1.124  0.993  0.881  0.989  0.993  2.536
  650279.960  4765100.690  852.780  4.000  0.130  0.050  7.320  77.200  0.000  30.000  0.000  0.000  0.000  70.000  0.000  0.000  0.000  0.000  15000.000  -0.975  0.186  -1.116  0.537  0.342  0.135  0.848  0.959  0.854  0.430  0.995  0.883  0.991  0.995  -1.068
  651535.330  4765646.230  280.580  4.000  0.680  0.060  57.000  130.000  40.000  60.000  0.000  0.000  0.000  0.000  0.000  0.000  0.000  0.000  10000.000  0.094  0.354  0.430  0.750  1.483  0.931  0.850  0.961  0.856  -1.475  0.997  0.885  0.993  0.997  -1.325
  651571.450  4765725.000  469.780  4.000  0.830  0.050  20.000  110.000  90.000  10.000  0.000  0.000  0.000  0.000  0.000  0.000  0.000  0.000  10000.000  0.330  0.187  -0.474  0.651  2.257  -0.525  0.852  0.963  0.858  -1.471  1.000  0.887  0.995  1.000  -1.322
  651485.960  4765899.380  418.610  4.000  0.570  0.020  160.000  50.000  20.000  80.000  0.000  0.000  0.000  0.000  0.000  0.000  0.000  0.000  20000.000  -0.078  -0.575  1.482  0.269  1.063  1.667  0.854  0.965  0.859  -1.467  1.002  0.889  0.997  1.002  -0.678
  651429.520  4765467.070  580.370  4.000  1.760  0.080  290.000  50.000  0.000  100.000  0.000  0.000  0.000  0.000  0.000  0.000  0.000  0.000  30000.000  1.332  0.589  2.233  0.271  0.343  2.700  0.856  0.967  0.861  -1.463  1.004  0.891  1.000  1.004  0.068
  651156.240  4765788.980  698.440  4.000  0.620  0.040  86.000  25.000  0.000  70.000  0.000  0.000  0.000  30.000  0.000  0.000  0.000  0.000  30000.000  -0.007  -0.019  0.788  -1.115  0.344  1.290  0.858  0.969  0.863  -0.604  1.006  0.893  1.002  1.006  0.069
  651592.970  4765588.980  540.160  4.000  0.460  0.030  20.000  50.000  40.000  60.000  0.000  0.000  0.000  0.000  0.000  0.000  0.000  0.000  15000.000  -0.269  -0.260  -0.473  0.272  1.487  0.933  0.859  0.971  0.865  -1.459  1.008  0.895  1.004  1.008  -1.066
  651595.290  4766101.730  595.340  4.000  0.610  0.010  44.000  220.000  100.000  0.000  0.000  0.000  0.000  0.000  0.000  0.000  0.000  0.000  3000.000  -0.027  -1.039  0.207  1.028  2.609  -1.097  0.861  0.973  0.867  -1.455  1.011  0.897  1.006  1.011  -1.992
  651317.710  4765865.100  606.040  4.000  1.560  0.070  90.000  140.000  0.000  50.000  0.000  0.000  0.000  50.000  0.000  0.000  0.000  0.000  50000.000  1.167  0.475  0.821  0.810  0.346  0.656  0.863  0.976  0.869  -0.138  1.013  0.899  1.008  1.013  1.134
  651713.010  4766092.430  405.700  4.000  0.560  0.020  27.000  50.000  90.000  0.000  10.000  0.000  0.000  0.000  0.000  0.000  0.000  0.000  20000.000  -0.088  -0.574  -0.192  0.274  2.274  -1.094  2.193  0.978  0.871  -1.451  1.015  0.901  1.011  1.015  -0.676
  651451.050  4765686.010  550.570  4.000  0.920  0.080  5.000  50.000  0.000  90.000  0.000  0.000  0.000  10.000  0.000  0.000  0.000  0.000  40000.000  0.458  0.591  -1.281  0.276  0.347  2.032  0.865  0.980  0.873  -1.090  1.017  0.903  1.013  1.017  0.703
  651756.760  4766061.800  271.870  4.000  -99.000  -99.000  -99.000  -99.000  0.000  40.000  0.000  0.000  0.000  60.000  0.000  0.000  0.000  0.000  40000.000  -99.000  -99.000  -99.000  -99.000  0.349  0.399  0.867  0.982  0.875  0.105  1.020  0.905  1.015  1.020  0.705
  650864.830  4764842.280  1067.610  4.000  0.120  0.000  37.250  449.500  0.000  0.000  0.000  0.000  0.000  100.000  0.000  0.000  0.000  0.000  30000.000  -1.011  -1.506  0.066  1.363  0.350  -1.092  0.869  0.984  0.877  2.065  1.022  0.907  1.017  1.022  0.070
  650059.010  4764904.950  962.560  4.000  0.040  0.010  4.130  3.620  0.000  0.000  0.000  0.000  0.000  100.000  0.000  0.000  0.000  0.000  10000.000  -1.458  -1.036  -1.872  -2.207  0.352  -1.090  0.871  0.986  0.879  2.076  1.024  0.909  1.020  1.024  -1.319
  651248.510  4765695.130  640.770  4.000  1.030  0.030  110.000  50.000  30.000  50.000  0.000  0.000  0.000  20.000  0.000  0.000  0.000  0.000  50000.000  0.602  -0.259  1.067  0.277  1.306  0.658  0.873  0.989  0.881  -0.861  1.026  0.911  1.022  1.026  1.137
  651627.980  4766020.050  513.820  4.000  1.160  0.070  39.000  50.000  0.000  0.000  0.000  0.000  0.000  0.000  0.000  0.000  0.000  0.000  0.000  0.747  0.476  0.113  0.279  0.353  -1.087  0.875  0.991  0.883  -1.447  1.029  0.913  1.024  1.029  -2.138
  651457.590  4765894.600  666.310  4.000  4.160  0.450  29.000  50.000  10.000  60.000  0.000  0.000  0.000  30.000  0.000  0.000  0.000  0.000  100000.000  2.535  1.968  -0.133  0.280  0.850  0.936  0.877  0.993  0.885  -0.602  1.031  0.915  1.026  1.031  2.054
  651140.720  4765600.910  733.490  4.000  0.520  0.030  78.000  50.000  0.000  35.000  0.000  0.000  0.000  65.000  0.000  0.000  0.000  0.000  30000.000  -0.172  -0.257  0.703  0.282  0.354  0.208  0.879  0.995  0.887  0.173  1.033  0.917  1.029  1.033  0.072
  651305.720  4765298.260  693.510  4.000  1.380  0.030  11.000  50.000  0.000  90.000  0.000  0.000  0.000  10.000  0.000  0.000  0.000  0.000  30000.000  0.989  -0.256  -0.889  0.283  0.356  2.043  0.881  0.997  0.889  -1.087  1.036  0.919  1.031  1.036  0.073
  651654.990  4766114.200  563.680  4.000  0.870  0.070  24.000  50.000  0.000  50.000  0.000  0.000  0.000  50.000  0.000  0.000  0.000  0.000  30000.000  0.387  0.478  -0.313  0.285  0.357  0.659  0.883  1.000  0.891  -0.136  1.038  0.921  1.033  1.038  0.074
  651251.020  4765692.980  648.060  4.000  1.550  0.050  68.000  50.000  30.000  50.000  0.000  0.000  0.000  20.000  0.000  0.000  0.000  0.000  50000.000  1.155  0.189  0.582  0.287  1.309  0.661  0.885  1.002  0.893  -0.859  1.040  0.923  1.036  1.040  1.139
  651449.280  4766009.050  576.530  4.000  0.870  0.050  115.000  50.000  0.000  60.000  0.000  0.000  0.000  40.000  0.000  0.000  0.000  0.000  40000.000  0.389  0.190  1.110  0.288  0.359  0.938  0.887  1.004  0.895  -0.356  1.042  0.925  1.038  1.042  0.707
  651478.770  4765919.700  523.030  4.000  1.010  0.040  79.000  50.000  70.000  0.000  0.000  0.000  0.000  30.000  0.000  0.000  0.000  0.000  10000.000  0.581  -0.017  0.709  0.290  1.848  -1.085  0.889  1.006  0.897  -0.601  1.045  0.927  1.040  1.045  -1.315
  651682.220  4765511.200  159.430  4.000  0.010  0.010  5.000  50.000  0.000  10.000  0.000  0.000  0.000  90.000  0.000  0.000  0.000  0.000  30000.000  -1.978  -1.034  -1.277  0.291  0.360  -0.524  0.891  1.008  0.899  1.127  1.047  0.929  1.042  1.047  0.076
  650965.130  4765746.220  860.850  4.000  -99.000  -99.000  -99.000  -99.000  0.000  10.000  0.000  0.000  0.000  90.000  0.000  0.000  0.000  0.000  30000.000  -99.000  -99.000  -99.000  -99.000  0.362  -0.522  0.893  1.011  0.901  1.129  1.049  0.931  1.045  1.049  0.077
  651549.320  4765496.780  590.310  4.000  0.590  0.020  17.000  50.000  20.000  80.000  0.000  0.000  0.000  0.000  0.000  0.000  0.000  0.000  25000.000  -0.051  -0.572  -0.597  0.293  1.066  1.672  0.895  1.013  0.903  -1.444  1.052  0.933  1.047  1.052  -0.527
  651394.820  4765893.520  505.260  4.000  0.950  0.020  235.000  50.000  0.000  70.000  0.000  0.000  0.000  30.000  0.000  0.000  0.000  0.000  30000.000  0.493  -0.570  1.976  0.295  0.363  1.294  0.897  1.015  0.905  -0.599  1.054  0.936  1.049  1.054  0.078
  651538.840  4766256.500  576.060  4.000  0.780  0.000  58.000  50.000  55.000  30.000  0.000  0.000  0.000  15.000  0.000  0.000  0.000  0.000  40000.000  0.246  -1.502  0.448  0.296  1.706  0.136  0.899  1.017  0.907  -1.031  1.056  0.938  1.052  1.056  0.708
  651220.470  4765604.300  571.230  4.000  0.540  0.050  115.000  50.000  0.000  30.000  0.000  0.000  0.000  70.000  0.000  0.000  0.000  0.000  60000.000  -0.136  0.192  1.113  0.298  0.364  0.138  0.901  1.020  0.909  0.431  1.059  0.940  1.054  1.059  1.520
  651505.250  4766208.800  622.240  4.000  1.650  0.060  28.000  50.000  0.000  78.620  0.000  0.000  0.000  21.380  0.000  0.000  0.000  0.000  49300.000  1.237  0.355  -0.166  0.299  0.366  1.378  0.903  1.022  0.911  -0.823  1.061  0.942  1.056  1.061  0.795
  651004.330  4764797.150  1024.340  4.000  0.120  0.010  7.510  278.400  10.000  10.000  0.000  0.000  0.000  80.000  0.000  0.000  0.000  0.000  100000.000  -1.009  -1.031  -1.108  1.132  0.852  -0.521  0.905  1.024  0.913  0.740  1.063  0.944  1.059  1.063  2.065
  651534.090  4765647.470  274.840  4.000  0.550  0.030  43.000  180.000  20.000  80.000  0.000  0.000  0.000  0.000  0.000  0.000  0.000  0.000  20000.000  -0.112  -0.254  0.192  0.947  1.068  1.678  0.907  1.026  0.915  -1.440  1.066  0.946  1.061  1.066  -0.674
  651564.600  4765616.420  414.200  4.000  1.230  0.230  93.000  50.000  80.000  20.000  0.000  0.000  0.000  0.000  0.000  0.000  0.000  0.000  10000.000  0.820  1.404  0.859  0.301  2.032  -0.156  0.909  1.029  0.917  -1.436  1.068  0.948  1.063  1.068  -1.312
  651498.860  4765704.330  350.910  4.000  0.850  0.050  93.000  50.000  40.000  0.000  0.000  0.000  0.000  60.000  0.000  0.000  0.000  0.000  25000.000  0.357  0.193  0.861  0.302  1.491  -1.082  0.911  1.031  0.919  0.107  1.070  0.950  1.066  1.070  -0.525
  651231.440  4766406.210  787.000  4.000  -99.000  -99.000  -99.000  -99.000  0.000  0.000  0.000  0.000  0.000  100.000  0.000  0.000  0.000  0.000  15000.000  -99.000  -99.000  -99.000  -99.000  0.367  -1.080  0.913  1.033  0.921  2.088  1.073  0.952  1.068  1.073  -1.063
  651601.060  4766167.820  564.530  4.000  2.450  0.140  210.000  50.000  50.000  30.000  0.000  0.000  0.000  20.000  0.000  0.000  0.000  0.000  40000.000  1.745  1.014  1.807  0.304  1.651  0.139  0.915  1.036  0.923  -0.858  1.075  0.954  1.070  1.075  0.710
  651585.990  4765831.170  537.040  4.000  0.840  0.040  23.000  50.000  60.000  0.000  0.000  0.000  0.000  40.000  0.000  0.000  0.000  0.000  10000.000  0.344  -0.016  -0.359  0.306  1.760  -1.078  0.917  1.038  0.925  -0.354  1.078  0.956  1.073  1.078  -1.309
  651422.140  4765722.920  448.870  4.000  0.610  0.000  170.000  50.000  40.000  60.000  0.000  0.000  0.000  0.000  0.000  0.000  0.000  0.000  10000.000  -0.026  -1.497  1.547  0.307  1.495  0.940  0.919  1.040  0.927  -1.432  1.080  0.959  1.075  1.080  -1.306
  651156.440  4766097.600  986.440  4.000  -99.000  -99.000  -99.000  -99.000  0.000  0.000  0.000  0.000  0.000  100.000  0.000  0.000  0.000  0.000  10000.000  -99.000  -99.000  -99.000  -99.000  0.369  -1.075  0.921  1.042  0.929  2.100  1.082  0.961  1.078  1.082  -1.303
  651173.720  4766082.060  922.540  4.000  0.010  0.960  5.000  50.000  0.000  30.000  0.000  0.000  0.000  70.000  0.000  0.000  0.000  0.000  20000.000  -1.968  2.574  -1.274  0.309  0.370  0.140  0.923  1.045  0.931  0.432  1.085  0.963  1.080  1.085  -0.673
  650240.760  4764787.790  1048.880  4.000  0.090  1.070  13.240  291.750  0.000  0.000  0.000  0.000  0.000  100.000  0.000  0.000  0.000  0.000  20000.000  -1.108  2.665  -0.778  1.167  0.372  -1.073  0.925  1.047  0.933  2.112  1.087  0.965  1.082  1.087  -0.671
  651750.930  4766068.250  218.570  4.000  -99.000  -99.000  -99.000  -99.000  30.000  70.000  0.000  0.000  0.000  0.000  0.000  0.000  0.000  0.000  10000.000  -99.000  -99.000  -99.000  -99.000  1.312  1.297  0.927  1.049  0.936  -1.428  1.090  0.967  1.085  1.090  -1.300
  651433.870  4765458.200  568.220  4.000  1.630  0.040  11.000  50.000  30.000  50.000  0.000  0.000  0.000  20.000  0.000  0.000  0.000  0.000  30000.000  1.222  -0.014  -0.887  0.310  1.315  0.663  0.929  1.052  0.938  -0.856  1.092  0.969  1.087  1.092  0.080
  651534.280  4766262.680  564.360  4.000  0.750  0.290  27.000  50.000  40.000  40.000  0.000  0.000  0.000  20.000  0.000  0.000  0.000  0.000  25000.000  0.202  1.554  -0.190  0.312  1.499  0.400  0.931  1.054  0.940  -0.854  1.094  0.971  1.090  1.094  -0.524
  651145.130  4765703.440  795.670  4.000  0.620  0.030  80.000  172.000  0.000  90.000  0.000  0.000  0.000  10.000  0.000  0.000  0.000  0.000  30000.000  -0.005  -0.253  0.719  0.928  0.373  2.054  0.933  1.056  0.942  -1.085  1.097  0.973  1.092  1.097  0.081
  651393.570  4765716.980  552.510  4.000  0.920  0.050  43.000  50.000  100.000  0.000  0.000  0.000  0.000  0.000  0.000  0.000  0.000  0.000  5000.000  0.460  0.195  0.193  0.314  2.652  -1.070  0.936  1.059  0.944  -1.425  1.099  0.976  1.094  1.099  -1.819
  651736.320  4765999.840  140.000  4.000  0.440  0.010  36.000  50.000  0.000  70.000  0.000  0.000  0.000  30.000  0.000  0.000  0.000  0.000  30000.000  -0.303  -1.029  0.036  0.315  0.374  1.300  0.938  1.061  0.946  -0.598  1.102  0.978  1.097  1.102  0.082
  651629.330  4765939.940  513.160  4.000  1.010  0.050  31.000  50.000  40.000  60.000  0.000  0.000  0.000  0.000  0.000  0.000  0.000  0.000  20000.000  0.582  0.196  -0.073  0.317  1.503  0.942  0.940  1.063  0.948  -1.421  1.104  0.980  1.099  1.104  -0.669
  651493.030  4766226.550  562.370  4.000  2.320  0.120  93.000  50.000  40.000  60.000  0.000  0.000  0.000  0.000  0.000  0.000  0.000  0.000  60000.000  1.680  0.906  0.863  0.318  1.507  0.944  0.942  1.066  0.950  -1.417  1.107  0.982  1.102  1.107  1.524
  651384.950  4765870.360  333.960  4.000  0.710  0.140  49.000  50.000  0.000  50.000  0.000  0.000  0.000  50.000  0.000  0.000  0.000  0.000  30000.000  0.142  1.016  0.301  0.320  0.376  0.664  0.944  1.068  0.952  -0.135  1.109  0.984  1.104  1.109  0.084
  651354.470  4765583.370  420.140  4.000  0.620  0.030  59.000  50.000  0.000  70.000  0.000  0.000  0.000  30.000  0.000  0.000  0.000  0.000  40000.000  -0.004  -0.251  0.469  0.322  0.377  1.303  0.946  1.070  0.954  -0.596  1.112  0.986  1.107  1.112  0.712
  651485.420  4766233.610  592.640  4.000  0.710  0.050  10.000  50.000  60.000  30.000  0.000  0.000  0.000  10.000  0.000  0.000  0.000  0.000  30000.000  0.144  0.198  -0.965  0.323  1.766  0.142  0.948  1.073  0.956  -1.082  1.114  0.989  1.109  1.114  0.085
  651601.190  4765975.650  419.630  4.000  0.900  0.030  140.000  50.000  0.000  65.000  0.000  0.000  0.000  35.000  0.000  0.000  0.000  0.000  30000.000  0.432  -0.250  1.315  0.325  0.379  1.004  0.950  1.075  0.959  -0.549  1.117  0.991  1.112  1.117  0.086
  651485.340  4765427.390  468.940  4.000  1.770  0.150  38.000  50.000  50.000  50.000  0.000  0.000  0.000  0.000  0.000  0.000  0.000  0.000  20000.000  1.336  1.060  0.092  0.326  1.656  0.666  0.952  1.078  0.961  -1.414  1.119  0.993  1.114  1.119  -0.668
  650379.980  4765048.310  1017.910  4.000  0.670  0.290  11.400  22.900  0.000  35.000  0.000  0.000  0.000  65.000  0.000  0.000  0.000  0.000  40000.000  0.079  1.559  -0.878  -1.179  0.380  0.210  0.954  1.080  0.963  0.174  1.122  0.995  1.117  1.122  0.714
  651379.670  4765707.870  547.600  4.000  2.060  0.050  170.000  50.000  30.000  40.000  0.000  0.000  0.000  30.000  0.000  0.000  0.000  0.000  20000.000  1.516  0.199  1.552  0.328  1.319  0.402  0.956  1.082  0.965  -0.594  1.124  0.997  1.119  1.124  -0.666
  650293.810  4765100.110  927.510  4.000  0.320  0.050  52.800  53.200  0.000  40.000  0.000  0.000  0.000  60.000  0.000  0.000  0.000  0.000  30000.000  -0.491  0.201  0.353  0.483  0.382  0.403  0.959  1.085  0.967  0.108  1.127  1.000  1.122  1.127  0.088
  651903.020  4766125.390  470.810  4.000  0.180  0.020  83.000  50.000  0.000  10.000  0.000  0.000  0.000  90.000  0.000  0.000  0.000  0.000  40000.000  -0.803  -0.568  0.746  0.330  0.383  -0.519  0.961  1.087  0.969  1.132  1.129  1.002  1.124  1.129  0.715
  651487.100  4765426.300  465.520  4.000  2.130  0.180  83.000  50.000  60.000  40.000  0.000  0.000  0.000  0.000  0.000  0.000  0.000  0.000  20000.000  1.585  1.206  0.748  0.331  1.773  0.405  0.963  1.090  0.971  -1.410  1.132  1.004  1.127  1.132  -0.664
  651230.640  4766406.800  199.010  4.000  0.520  0.010  34.000  3.100  0.000  45.000  0.000  0.000  0.000  55.000  0.000  0.000  0.000  0.000  50000.000  -0.171  -1.026  -0.012  -2.400  0.384  0.466  0.965  1.092  0.973  -0.092  1.134  1.006  1.129  1.134  1.142
  651737.000  4765998.830  143.810  4.000  0.220  0.010  24.000  110.000  0.000  90.000  0.000  0.000  0.000  10.000  0.000  0.000  0.000  0.000  20000.000  -0.688  -1.024  -0.312  0.653  0.386  2.065  0.967  1.094  0.976  -1.080  1.137  1.008  1.132  1.137  -0.663
  651172.490  4765409.600  635.940  4.000  0.440  0.040  125.000  50.000  0.000  40.000  0.000  0.000  0.000  60.000  0.000  0.000  0.000  0.000  20000.000  -0.302  -0.013  1.194  0.333  0.387  0.406  0.969  1.097  0.978  0.109  1.139  1.011  1.134  1.139  -0.661
  651521.770  4765659.610  217.390  4.000  0.660  0.000  335.000  120.000  70.000  20.000  0.000  0.000  0.000  10.000  0.000  0.000  0.000  0.000  20000.000  0.056  -1.493  2.357  0.707  1.856  -0.155  0.971  1.099  0.980  -1.078  1.142  1.013  1.137  1.142  -0.659
  650287.160  4765049.530  1037.530  4.000  0.530  0.110  14.550  44.400  0.000  40.000  0.000  0.000  0.000  60.000  0.000  0.000  0.000  0.000  20000.000  -0.153  0.830  -0.721  -0.988  0.389  0.408  0.973  1.102  0.982  0.111  1.145  1.015  1.139  1.145  -0.658
  651238.430  4765703.760  611.650  4.000  0.470  0.020  93.000  1130.000  0.000  25.000  0.000  0.000  0.000  75.000  0.000  0.000  0.000  0.000  60000.000  -0.254  -0.567  0.865  1.957  0.390  -0.084  0.976  1.104  0.984  0.490  1.147  1.017  1.142  1.147  1.528
  651610.320  4766081.830  669.250  4.000  1.930  0.030  16.000  50.000  0.000  100.000  0.000  0.000  0.000  0.000  0.000  0.000  0.000  0.000  50000.000  1.436  -0.248  -0.629  0.334  0.392  2.755  0.978  1.107  0.986  -1.407  1.150  1.020  1.145  1.150  1.145
  651613.820  4766025.990  449.630  4.000  0.980  0.650  96.000  1580.000  0.000  60.000  0.000  0.000  0.000  40.000  0.000  0.000  0.000  0.000  30000.000  0.537  2.272  0.898  2.207  0.393  0.946  0.980  1.109  0.989  -0.353  1.152  1.022  1.147  1.152  0.089
  651216.810  4766033.610  748.220  4.000  0.890  0.120  28.000  50.000  0.000  70.000  0.000  0.000  0.000  30.000  0.000  0.000  0.000  0.000  40000.000  0.416  0.908  -0.165  0.336  0.395  1.306  0.982  1.112  0.991  -0.593  1.155  1.024  1.150  1.155  0.717
  651145.150  4765447.510  646.970  4.000  0.340  0.030  115.000  50.000  0.000  20.000  0.000  0.000  0.000  80.000  0.000  0.000  0.000  0.000  10000.000  -0.468  -0.246  1.116  0.338  0.396  -0.154  0.984  1.114  0.993  0.742  1.158  1.026  1.152  1.158  -1.297
  651306.420  4765297.700  695.290  4.000  1.240  0.040  17.000  50.000  0.000  90.000  0.000  0.000  0.000  10.000  0.000  0.000  0.000  0.000  30000.000  0.828  -0.011  -0.595  0.339  0.397  2.076  0.986  1.117  0.995  -1.075  1.160  1.029  1.155  1.160  0.090
  651070.970  4764899.330  1073.810  4.000  0.050  0.020  5.110  12.160  0.000  0.000  0.000  0.000  0.000  100.000  0.000  0.000  0.000  0.000  100000.000  -1.361  -0.565  -1.238  -1.453  0.399  -1.068  0.989  1.119  0.997  2.125  1.163  1.031  1.158  1.163  2.076
  651538.570  4765971.570  449.670  4.000  0.380  0.040  97.000  50.000  0.000  40.000  0.000  0.000  0.000  60.000  0.000  0.000  0.000  0.000  20000.000  -0.385  -0.010  0.903  0.341  0.400  0.409  0.991  1.122  1.000  0.112  1.165  1.033  1.160  1.165  -0.656
  651446.080  4765654.560  373.250  4.000  0.550  0.020  45.000  50.000  20.000  50.000  0.000  0.000  0.000  30.000  0.000  0.000  0.000  0.000  20000.000  -0.111  -0.563  0.225  0.343  1.070  0.668  0.993  1.124  1.002  -0.591  1.168  1.036  1.163  1.168  -0.654
  651441.380  4766019.620  601.230  4.000  0.480  0.040  115.000  50.000  70.000  20.000  0.000  0.000  0.000  10.000  0.000  0.000  0.000  0.000  15000.000  -0.242  -0.008  1.119  0.344  1.863  -0.152  0.995  1.127  1.004  -1.073  1.171  1.038  1.165  1.171  -1.061
  651381.970  4765848.500  551.770  4.000  0.930  0.040  190.000  50.000  20.000  40.000  0.000  0.000  0.000  40.000  0.000  0.000  0.000  0.000  20000.000  0.475  -0.007  1.672  0.346  1.073  0.411  0.997  1.129  1.006  -0.352  1.173  1.040  1.168  1.173  -0.653
  651621.530  4766022.750  484.650  4.000  0.840  0.060  82.000  50.000  30.000  70.000  0.000  0.000  0.000  0.000  0.000  0.000  0.000  0.000  15000.000  0.346  0.357  0.732  0.347  1.322  1.309  1.000  1.132  1.008  -1.403  1.176  1.042  1.171  1.176  -1.059
  651004.240  4764788.650  872.580  4.000  0.360  0.030  53.760  496.400  5.000  5.000  0.000  0.000  0.000  90.000  0.000  0.000  0.000  0.000  150000.000  -0.417  -0.245  0.367  1.403  0.640  -0.797  1.002  1.134  1.011  1.134  1.179  1.045  1.173  1.179  2.571
  651504.170  4766215.660  516.970  4.000  0.780  0.100  105.000  50.000  0.000  70.000  0.000  0.000  0.000  30.000  0.000  0.000  0.000  0.000  30000.000  0.248  0.743  1.009  0.349  0.402  1.312  1.004  1.137  1.013  -0.590  1.181  1.047  1.176  1.181  0.092
  651648.360  4766257.820  536.040  4.000  0.990  0.060  39.000  50.000  100.000  0.000  0.000  0.000  0.000  0.000  0.000  0.000  0.000  0.000  15000.000  0.554  0.358  0.115  0.351  2.700  -1.066  1.006  1.139  1.015  -1.399  1.184  1.049  1.179  1.184  -1.056
  651126.860  4765505.250  1073.430  4.000  -99.000  -99.000  -99.000  -99.000  0.000  20.000  0.000  0.000  0.000  80.000  0.000  0.000  0.000  0.000  10000.000  -99.000  -99.000  -99.000  -99.000  0.403  -0.151  1.008  1.142  1.017  0.743  1.187  1.052  1.181  1.187  -1.294
  651070.350  4764899.530  1015.810  4.000  0.000  0.000  0.380  8.090  0.000  0.000  0.000  0.000  0.000  100.000  0.000  0.000  0.000  0.000  10000.000  -2.665  -1.488  -3.124  -1.706  0.405  -1.063  1.011  1.145  1.020  2.138  1.189  1.054  1.184  1.189  -1.290
  651551.070  4765871.220  384.030  4.000  0.710  0.060  93.000  130.000  20.000  60.000  0.000  0.000  0.000  20.000  0.000  0.000  0.000  0.000  20000.000  0.145  0.360  0.868  0.752  1.075  0.948  1.013  1.147  1.022  -0.852  1.192  1.056  1.187  1.192  -0.651
  651173.250  4766082.540  924.420  4.000  0.010  0.060  5.000  50.000  0.000  30.000  0.000  0.000  0.000  70.000  0.000  0.000  0.000  0.000  20000.000  -1.957  0.361  -1.271  0.352  0.406  0.143  1.015  1.150  1.024  0.434  1.195  1.059  1.189  1.195  -0.650
  651450.870  4765438.750  631.220  4.000  1.500  0.030  15.000  50.000  0.000  0.000  0.000  0.000  0.000  0.000  0.000  0.000  0.000  0.000  0.000  1.116  -0.243  -0.671  0.354  0.408  -1.061  1.017  1.152  1.026  -1.396  1.198  1.061  1.192  1.198  -2.125
  651004.250  4764788.770  874.580  4.000  0.380  0.050  36.500  593.400  5.000  5.000  0.000  0.000  0.000  90.000  0.000  0.000  0.000  0.000  150000.000  -0.384  0.202  0.043  1.498  0.641  -0.795  1.020  1.155  1.029  1.137  1.200  1.063  1.195  1.200  2.609
  651670.100  4766042.160  290.580  4.000  0.780  0.020  94.000  50.000  0.000  100.000  0.000  0.000  0.000  0.000  0.000  0.000  0.000  0.000  10000.000  0.250  -0.561  0.876  0.355  0.409  2.820  1.022  1.158  1.031  -1.392  1.203  1.066  1.198  1.203  -1.287
  651493.910  4765711.410  368.950  4.000  0.590  0.020  89.000  50.000  20.000  0.000  0.000  0.000  0.000  80.000  0.000  0.000  0.000  0.000  30000.000  -0.050  -0.560  0.808  0.357  1.078  -1.059  1.024  1.160  1.033  0.745  1.206  1.068  1.200  1.206  0.093
  651230.640  4766406.790  205.010  4.000  0.910  0.040  127.500  2.300  0.000  40.000  0.000  0.000  0.000  60.000  0.000  0.000  0.000  0.000  30000.000  0.450  -0.005  1.200  -2.779  0.411  0.412  1.026  1.163  1.036  0.113  1.209  1.070  1.203  1.209  0.094
  651508.430  4765611.450  571.210  4.000  1.610  0.030  16.000  50.000  0.000  100.000  0.000  0.000  0.000  0.000  0.000  0.000  0.000  0.000  40000.000  1.194  -0.242  -0.627  0.359  0.412  2.900  1.029  1.165  1.038  -1.389  1.211  1.073  1.206  1.211  0.719
  651153.830  4765771.530  717.560  4.000  0.470  0.050  120.000  25.000  0.000  65.000  0.000  0.000  0.000  35.000  0.000  0.000  0.000  0.000  30000.000  -0.253  0.204  1.150  -1.112  0.413  1.006  1.031  1.168  1.040  -0.547  1.214  1.075  1.209  1.214  0.096
  651623.450  4766151.310  476.830  4.000  1.070  0.150  37.000  530.000  0.000  30.000  0.000  0.000  0.000  70.000  0.000  0.000  0.000  0.000  50000.000  0.649  1.062  0.063  1.462  0.415  0.144  1.033  1.171  1.042  0.435  1.217  1.078  1.211  1.217  1.147
  651606.780  4765968.530  437.470  4.000  0.990  0.090  59.000  50.000  80.000  20.000  0.000  0.000  0.000  0.000  0.000  0.000  0.000  0.000  15000.000  0.556  0.662  0.471  0.360  2.043  -0.150  1.036  1.173  1.045  -1.385  1.220  1.080  1.214  1.220  -1.054
  651397.090  4765443.400  323.410  4.000  0.690  0.050  145.000  50.000  10.000  50.000  0.000  0.000  0.000  40.000  0.000  0.000  0.000  0.000  40000.000  0.114  0.205  1.348  0.362  0.854  0.669  1.038  1.176  1.047  -0.350  1.223  1.082  1.217  1.223  0.721
  651135.830  4765575.380  766.470  4.000  0.600  0.010  135.000  50.000  0.000  40.000  0.000  0.000  0.000  60.000  0.000  0.000  0.000  0.000  40000.000  -0.039  -1.021  1.271  0.364  0.416  0.413  1.040  1.179  1.049  0.115  1.226  1.085  1.220  1.226  0.722
  651564.790  4765854.960  442.260  4.000  1.740  0.100  28.000  290.000  30.000  50.000  0.000  0.000  0.000  20.000  0.000  0.000  0.000  0.000  40000.000  1.318  0.745  -0.163  1.164  1.325  0.671  1.042  1.181  1.052  -0.850  1.228  1.087  1.223  1.228  0.724
  651395.220  4765894.890  503.850  4.000  1.470  0.060  165.000  50.000  0.000  45.000  0.000  0.000  0.000  55.000  0.000  0.000  0.000  0.000  40000.000  1.094  0.363  1.514  0.365  0.418  0.468  1.045  1.184  1.054  -0.090  1.231  1.090  1.226  1.231  0.726
  650241.240  4765049.750  918.060  4.000  0.190  0.260  43.400  71.500  0.000  25.000  0.000  0.000  0.000  73.000  0.000  2.000  0.000  0.000  30000.000  -0.785  1.484  0.196  0.532  0.419  -0.082  1.047  1.187  1.056  0.450  1.234  2.054  1.228  1.234  0.097
  651440.930  4765962.210  553.620  4.000  1.050  0.030  93.000  50.000  0.000  60.000  0.000  0.000  0.000  40.000  0.000  0.000  0.000  0.000  40000.000  0.623  -0.240  0.870  0.367  0.421  0.950  1.049  1.189  1.059  -0.349  1.237  1.092  1.231  1.237  0.728
  651126.820  4765389.700  1062.470  4.000  0.080  0.010  10.000  85.000  0.000  0.000  0.000  0.000  0.000  100.000  0.000  0.000  0.000  0.000  10000.000  -1.173  -1.019  -0.963  0.558  0.422  -1.056  1.052  1.192  1.061  2.151  1.240  1.094  1.234  1.240  -1.284
  651164.830  4765416.080  621.010  4.000  0.700  0.050  660.000  750.000  0.000  40.000  0.000  0.000  0.000  60.000  0.000  0.000  0.000  0.000  30000.000  0.126  0.207  2.785  1.645  0.424  0.415  1.054  1.195  1.063  0.116  1.243  1.097  1.237  1.243  0.098
  651681.180  4766234.640  457.750  4.000  1.150  0.130  18.000  50.000  0.000  90.000  0.000  0.000  0.000  10.000  0.000  0.000  0.000  0.000  25000.000  0.726  0.975  -0.549  0.368  0.425  2.088  1.056  1.198  1.066  -1.070  1.246  1.099  1.240  1.246  -0.522
  651737.470  4766226.360  416.840  4.000  0.360  0.040  5.000  50.000  90.000  10.000  0.000  0.000  0.000  0.000  0.000  0.000  0.000  0.000  7000.000  -0.416  -0.004  -1.267  0.370  2.292  -0.518  1.059  1.200  1.068  -1.382  1.249  1.102  1.243  1.249  -1.747
  651609.140  4766083.380  663.570  4.000  1.910  0.050  26.000  110.000  0.000  100.000  0.000  0.000  0.000  0.000  0.000  0.000  0.000  0.000  45000.000  1.424  0.208  -0.221  0.655  0.427  3.004  1.061  1.203  1.070  -1.378  1.251  1.104  1.246  1.251  0.790
  650059.080  4764903.100  974.420  4.000  0.070  0.050  4.740  3.350  0.000  0.000  0.000  0.000  0.000  100.000  0.000  0.000  0.000  0.000  10000.000  -1.250  0.210  -1.815  -2.304  0.428  -1.054  1.063  1.206  1.073  2.165  1.254  1.107  1.249  1.254  -1.281
  651783.190  4766163.070  213.730  4.000  0.990  0.050  40.000  50.000  0.000  80.000  0.000  0.000  0.000  20.000  0.000  0.000  0.000  0.000  25000.000  0.558  0.211  0.125  0.372  0.430  1.683  1.066  1.209  1.075  -0.848  1.257  1.109  1.251  1.257  -0.521
  651532.970  4766264.460  561.020  4.000  1.540  0.060  17.000  50.000  10.000  70.000  0.000  0.000  0.000  20.000  0.000  0.000  0.000  0.000  30000.000  1.147  0.365  -0.593  0.373  0.856  1.315  1.068  1.211  1.078  -0.846  1.260  1.112  1.254  1.260  0.100
  651560.380  4765860.050  423.430  4.000  1.370  0.080  19.000  170.000  10.000  70.000  0.000  0.000  0.000  20.000  0.000  0.000  0.000  0.000  50000.000  0.977  0.593  -0.501  0.923  0.858  1.319  1.070  1.214  1.080  -0.844  1.263  1.114  1.257  1.263  1.150
  651470.910  4765893.480  549.390  4.000  1.190  0.050  58.000  50.000  100.000  0.000  0.000  0.000  0.000  0.000  0.000  0.000  0.000  0.000  10000.000  0.777  0.213  0.450  0.375  2.755  -1.052  1.073  1.217  1.082  -1.375  1.266  1.117  1.260  1.266  -1.278
  651361.770  4765845.150  659.370  4.000  1.420  0.030  22.000  130.000  50.000  40.000  0.000  0.000  0.000  10.000  0.000  0.000  0.000  0.000  25000.000  1.024  -0.239  -0.394  0.754  1.662  0.416  1.075  1.220  1.085  -1.068  1.269  1.119  1.263  1.269  -0.519
  650586.390  4764913.670  985.430  4.000  0.140  0.020  15.100  8.450  0.000  20.000  0.000  0.000  0.000  80.000  0.000  0.000  0.000  0.000  20000.000  -0.944  -0.558  -0.669  -1.681  0.431  -0.148  1.078  1.223  1.087  0.747  1.272  1.122  1.266  1.272  -0.648
  651539.120  4765642.400  297.760  4.000  1.510  0.090  99.000  140.000  30.000  70.000  0.000  0.000  0.000  0.000  0.000  0.000  0.000  0.000  20000.000  1.124  0.663  0.921  0.812  1.328  1.322  1.080  1.226  1.090  -1.371  1.275  1.124  1.269  1.275  -0.646
  651220.020  4766029.750  735.150  4.000  0.410  0.120  23.000  140.000  0.000  50.000  0.000  0.000  0.000  50.000  0.000  0.000  0.000  0.000  30000.000  -0.346  0.910  -0.357  0.814  0.432  0.673  1.082  1.228  1.092  -0.133  1.278  1.127  1.272  1.278  0.101
  651559.770  4766452.030  533.040  4.000  0.130  0.040  5.000  50.000  0.000  0.000  0.000  0.000  0.000  0.000  0.000  0.000  0.000  0.000  0.000  -0.973  -0.002  -1.264  0.377  0.434  -1.049  1.085  1.231  1.094  -1.368  1.281  1.129  1.275  1.281  -2.112
  651292.200  4765635.810  489.900  4.000  0.470  0.020  105.000  50.000  20.000  10.000  0.000  0.000  0.000  70.000  0.000  0.000  0.000  0.000  20000.000  -0.251  -0.556  1.011  0.378  1.080  -0.516  1.087  1.234  1.097  0.437  1.284  1.132  1.278  1.284  -0.645
  651393.480  4765522.320  497.450  4.000  0.950  0.070  36.000  50.000  0.000  70.000  0.000  0.000  0.000  30.000  0.000  0.000  0.000  0.000  30000.000  0.495  0.480  0.037  0.380  0.435  1.325  1.090  1.237  1.099  -0.588  1.287  1.134  1.281  1.287  0.103
  651003.740  4764799.080  1062.290  4.000  0.240  0.010  248.000  706.600  15.000  5.000  0.000  0.000  0.000  80.000  0.000  0.000  0.000  0.000  80000.000  -0.645  -1.016  2.009  1.573  0.909  -0.794  1.092  1.240  1.102  0.749  1.290  1.137  1.284  1.290  1.911
  651004.440  4764791.740  924.490  4.000  0.260  0.070  64.360  665.200  5.000  15.000  0.000  0.000  0.000  80.000  0.000  0.000  0.000  0.000  150000.000  -0.598  0.481  0.539  1.537  0.643  -0.399  1.094  1.243  1.104  0.750  1.294  1.139  1.287  1.294  2.652
  651548.000  4765875.130  370.950  4.000  0.530  0.040  29.000  160.000  70.000  0.000  0.000  0.000  0.000  30.000  0.000  0.000  0.000  0.000  10000.000  -0.151  -0.001  -0.131  0.880  1.871  -1.047  1.097  1.246  1.107  -0.586  1.297  1.142  1.290  1.297  -1.275
  651229.200  4765593.040  610.740  4.000  0.390  0.060  45.000  50.000  0.000  50.000  0.000  0.000  0.000  50.000  0.000  0.000  0.000  0.000  20000.000  -0.366  0.366  0.227  0.381  0.437  0.674  1.099  1.249  1.109  -0.132  1.300  1.145  1.294  1.300  -0.643
  651147.590  4766105.240  1018.360  4.000  -99.000  -99.000  -99.000  -99.000  0.000  0.000  0.000  0.000  0.000  0.000  0.000  0.000  0.000  0.000  0.000  -99.000  -99.000  -99.000  -99.000  0.438  -1.045  1.102  1.251  1.112  -1.365  1.303  1.147  1.297  1.303  -2.100
  651379.520  4765729.180  501.820  4.000  0.790  0.010  115.000  140.000  10.000  50.000  0.000  0.000  0.000  40.000  0.000  0.000  0.000  0.000  10000.000  0.268  -1.014  1.122  0.817  0.859  0.676  1.104  1.254  1.114  -0.347  1.306  1.150  1.300  1.306  -1.272
  651430.090  4765733.190  507.460  4.000  1.000  0.030  44.000  50.000  70.000  30.000  0.000  0.000  0.000  0.000  0.000  0.000  0.000  0.000  10000.000  0.567  -0.237  0.209  0.383  1.879  0.146  1.107  1.257  1.117  -1.361  1.309  1.152  1.303  1.309  -1.269
  651431.120  4766033.460  632.840  4.000  0.250  0.000  5.000  50.000  0.000  80.000  0.000  0.000  0.000  20.000  0.000  0.000  0.000  0.000  30000.000  -0.623  -1.484  -1.261  0.385  0.440  1.689  1.109  1.260  1.119  -0.842  1.312  1.155  1.306  1.312  0.104
  651177.070  4766078.670  909.370  4.000  0.020  0.020  5.000  130.000  0.000  0.000  0.000  0.000  0.000  0.000  0.000  0.000  0.000  0.000  0.000  -1.718  -0.554  -1.258  0.756  0.441  -1.042  1.112  1.263  1.122  -1.358  1.315  1.158  1.309  1.315  -2.088
  651480.040  4765430.670  479.190  4.000  1.440  0.100  20.000  50.000  40.000  60.000  0.000  0.000  0.000  0.000  0.000  0.000  0.000  0.000  20000.000  1.044  0.747  -0.471  0.386  1.511  0.952  1.114  1.266  1.124  -1.355  1.319  1.160  1.312  1.319  -0.641
  650241.750  4764788.520  988.900  4.000  0.030  0.050  4.110  123.100  0.000  0.000  0.000  0.000  0.000  100.000  0.000  0.000  0.000  0.000  10000.000  -1.559  0.214  -1.881  0.713  0.443  -1.040  1.117  1.269  1.127  2.179  1.322  1.163  1.315  1.322  -1.266
  651565.430  4765615.590  418.030  4.000  0.770  0.050  145.000  160.000  40.000  60.000  0.000  0.000  0.000  0.000  0.000  0.000  0.000  0.000  10000.000  0.228  0.216  1.352  0.882  1.515  0.954  1.119  1.272  1.129  -1.351  1.325  1.165  1.319  1.325  -1.263
  651432.320  4765751.310  483.660  4.000  0.010  0.000  5.000  50.000  60.000  10.000  0.000  0.000  0.000  30.000  0.000  0.000  0.000  0.000  10000.000  -1.947  -1.479  -1.254  0.388  1.779  -0.515  1.122  1.275  1.132  -0.585  1.328  1.168  1.322  1.328  -1.260
  651373.550  4765712.870  570.260  4.000  1.990  0.050  195.000  50.000  50.000  30.000  0.000  0.000  0.000  20.000  0.000  0.000  0.000  0.000  30000.000  1.466  0.218  1.749  0.390  1.667  0.147  1.124  1.278  1.134  -0.840  1.331  1.171  1.325  1.331  0.105
  650278.520  4765100.750  845.010  4.000  0.200  0.020  22.300  18.200  0.000  35.000  0.000  0.000  0.000  65.000  0.000  0.000  0.000  0.000  15000.000  -0.749  -0.553  -0.385  -1.279  0.444  0.211  1.127  1.281  1.137  0.175  1.335  1.173  1.328  1.335  -1.052
  651393.640  4765889.420  509.470  4.000  2.190  0.070  170.000  50.000  0.000  70.000  0.000  0.000  0.000  30.000  0.000  0.000  0.000  0.000  30000.000  1.617  0.483  1.557  0.391  0.446  1.328  1.129  1.284  1.139  -0.583  1.338  1.176  1.331  1.338  0.107
  651150.040  4765743.630  748.720  4.000  1.780  0.050  83.000  25.000  0.000  90.000  0.000  0.000  0.000  10.000  0.000  0.000  0.000  0.000  30000.000  1.347  0.219  0.750  -1.109  0.447  2.100  1.132  1.287  1.142  -1.066  1.341  1.179  1.335  1.341  0.108
  650759.670  4764837.450  989.990  4.000  0.270  0.100  13.720  21.230  0.000  15.000  0.000  0.000  0.000  85.000  0.000  0.000  0.000  0.000  60000.000  -0.581  0.749  -0.762  -1.217  0.449  -0.397  1.134  1.290  1.145  0.858  1.345  1.181  1.338  1.345  1.532
  651482.020  4766005.560  565.440  4.000  1.000  0.040  77.000  50.000  0.000  60.000  0.000  0.000  0.000  40.000  0.000  0.000  0.000  0.000  40000.000  0.568  0.001  0.686  0.393  0.450  0.956  1.137  1.294  1.147  -0.346  1.348  1.184  1.341  1.348  0.729
  650297.100  4765099.970  945.200  4.000  0.300  0.040  17.550  16.800  0.000  30.000  0.000  0.000  0.000  70.000  0.000  0.000  0.000  0.000  15000.000  -0.524  0.002  -0.584  -1.329  0.452  0.148  1.139  1.297  1.150  0.438  1.351  1.187  1.345  1.351  -1.049
  651473.490  4765635.850  456.900  4.000  0.880  0.030  82.000  50.000  10.000  60.000  0.000  0.000  0.000  30.000  0.000  0.000  0.000  0.000  20000.000  0.397  -0.236  0.734  0.395  0.861  0.959  1.142  1.300  1.152  -0.582  1.355  1.189  1.348  1.355  -0.640
  651511.290  4765609.560  580.600  4.000  0.870  0.040  22.000  50.000  0.000  50.000  0.000  0.000  0.000  50.000  0.000  0.000  0.000  0.000  20000.000  0.390  0.004  -0.393  0.396  0.453  0.678  1.145  1.303  1.155  -0.131  1.358  1.192  1.351  1.358  -0.638
  651624.110  4766021.670  496.320  4.000  0.860  0.070  43.000  50.000  0.000  100.000  0.000  0.000  0.000  0.000  0.000  0.000  0.000  0.000  20000.000  0.371  0.485  0.195  0.398  0.455  3.156  1.147  1.306  1.158  -1.348  1.361  1.195  1.355  1.361  -0.636
  651548.160  4765756.000  289.910  4.000  0.760  0.050  52.000  50.000  80.000  20.000  0.000  0.000  0.000  0.000  0.000  0.000  0.000  0.000  10000.000  0.216  0.221  0.351  0.400  2.054  -0.147  1.150  1.309  1.160  -1.345  1.365  1.198  1.358  1.365  -1.257
  651633.750  4766017.700  539.070  4.000  1.060  0.030  36.000  50.000  70.000  30.000  0.000  0.000  0.000  0.000  0.000  0.000  0.000  0.000  10000.000  0.634  -0.234  0.039  0.401  1.886  0.150  1.152  1.312  1.163  -1.341  1.368  1.200  1.361  1.368  -1.254
  651533.630  4766263.570  562.690  4.000  1.250  0.040  25.000  50.000  30.000  40.000  0.000  0.000  0.000  30.000  0.000  0.000  0.000  0.000  40000.000  0.841  0.005  -0.262  0.403  1.331  0.418  1.155  1.315  1.165  -0.580  1.371  1.203  1.365  1.371  0.731
  651447.260  4765450.550  542.480  4.000  1.090  0.020  84.000  50.000  0.000  80.000  0.000  0.000  0.000  20.000  0.000  0.000  0.000  0.000  30000.000  0.671  -0.551  0.762  0.404  0.456  1.694  1.158  1.319  1.168  -0.838  1.375  1.206  1.368  1.375  0.109
  651543.300  4766101.130  613.780  4.000  1.910  0.110  97.000  50.000  0.000  60.000  0.000  0.000  0.000  40.000  0.000  0.000  0.000  0.000  50000.000  1.428  0.832  0.905  0.406  0.458  0.961  1.160  1.322  1.171  -0.344  1.378  1.209  1.371  1.378  1.152
  651723.780  4766246.220  516.430  4.000  1.710  0.080  5.000  50.000  10.000  70.000  0.000  0.000  0.000  20.000  0.000  0.000  0.000  0.000  30000.000  1.293  0.595  -1.251  0.408  0.863  1.331  1.163  1.325  1.173  -0.836  1.382  1.211  1.375  1.382  0.111
  651379.090  4765330.380  600.750  4.000  0.780  0.030  68.000  50.000  20.000  60.000  0.000  0.000  0.000  20.000  0.000  0.000  0.000  0.000  30000.000  0.251  -0.233  0.584  0.409  1.082  0.963  1.165  1.328  1.176  -0.835  1.385  1.214  1.378  1.385  0.112
  651511.150  4765871.020  521.850  4.000  1.130  0.080  155.000  50.000  20.000  80.000  0.000  0.000  0.000  0.000  0.000  0.000  0.000  0.000  40000.000  0.691  0.596  1.443  0.411  1.085  1.700  1.168  1.331  1.179  -1.338  1.389  1.217  1.382  1.389  0.733
  651375.080  4765711.620  564.590  4.000  1.220  0.120  33.000  50.000  70.000  20.000  0.000  0.000  0.000  10.000  0.000  0.000  0.000  0.000  10000.000  0.801  0.912  -0.027  0.413  1.894  -0.146  1.171  1.335  1.181  -1.063  1.392  1.220  1.385  1.392  -1.251
  651549.200  4765496.990  588.320  4.000  0.610  0.020  29.000  50.000  10.000  90.000  0.000  0.000  0.000  0.000  0.000  0.000  0.000  0.000  30000.000  -0.024  -0.549  -0.130  0.414  0.865  2.112  1.173  1.338  1.184  -1.335  1.396  1.223  1.389  1.396  0.113
  651365.310  4765335.140  529.750  4.000  0.500  0.020  17.000  50.000  50.000  40.000  0.000  0.000  0.000  10.000  0.000  0.000  0.000  0.000  25000.000  -0.205  -0.548  -0.591  0.416  1.672  0.419  1.176  1.341  1.187  -1.061  1.399  1.226  1.392  1.399  -0.518
  651689.080  4766021.170  334.210  4.000  0.410  0.040  5.000  50.000  0.000  80.000  0.000  0.000  0.000  20.000  0.000  0.000  0.000  0.000  10000.000  -0.344  0.007  -1.248  0.418  0.459  1.706  1.179  1.345  1.189  -0.833  1.403  1.228  1.396  1.403  -1.249
  651390.100  4765877.110  522.120  4.000  0.360  0.010  100.000  50.000  40.000  50.000  0.000  0.000  0.000  10.000  0.000  0.000  0.000  0.000  9500.000  -0.414  -1.011  0.942  0.419  1.520  0.680  1.181  1.348  1.192  -1.059  1.407  1.231  1.399  1.407  -1.741
  651350.540  4766615.550  430.940  4.000  -99.000  -99.000  -99.000  -99.000  0.000  10.000  0.000  0.000  0.000  90.000  0.000  0.000  0.000  0.000  30000.000  -99.000  -99.000  -99.000  -99.000  0.461  -0.513  1.184  1.351  1.195  1.139  1.410  1.234  1.403  1.410  0.115
  650239.990  4764787.900  1112.880  4.000  0.140  0.050  5.700  16.160  0.000  0.000  0.000  0.000  0.000  100.000  0.000  0.000  0.000  0.000  10000.000  -0.942  0.222  -1.194  -1.348  0.462  -1.038  1.187  1.355  1.198  2.193  1.414  1.237  1.407  1.414  -1.246
  651479.160  4765431.220  480.900  4.000  2.000  0.130  35.000  50.000  50.000  50.000  0.000  0.000  0.000  0.000  0.000  0.000  0.000  0.000  30000.000  1.475  0.977  0.013  0.421  1.678  0.681  1.189  1.358  1.200  -1.331  1.417  1.240  1.410  1.417  0.116
  651458.860  4765645.470  412.210  4.000  0.550  0.000  54.000  50.000  30.000  50.000  0.000  0.000  0.000  20.000  0.000  0.000  0.000  0.000  20000.000  -0.109  -1.475  0.383  0.423  1.335  0.683  1.192  1.361  1.203  -0.831  1.421  1.243  1.414  1.421  -0.635
  651152.180  4765759.500  730.840  4.000  0.910  0.020  140.000  79.000  0.000  75.000  0.000  0.000  0.000  25.000  0.000  0.000  0.000  0.000  30000.000  0.452  -0.546  1.319  0.539  0.463  1.375  1.195  1.365  1.206  -0.812  1.425  1.246  1.417  1.425  0.117
  651466.790  4765752.990  473.780  4.000  0.710  0.030  31.000  50.000  40.000  0.000  0.000  0.000  0.000  60.000  0.000  0.000  0.000  0.000  25000.000  0.147  -0.231  -0.072  0.424  1.524  -1.036  1.198  1.368  1.209  0.117  1.428  1.249  1.421  1.428  -0.516
  651477.060  4765633.460  468.100  4.000  0.800  0.060  48.000  50.000  50.000  40.000  0.000  0.000  0.000  10.000  0.000  0.000  0.000  0.000  20000.000  0.290  0.368  0.281  0.426  1.683  0.421  1.200  1.371  1.211  -1.056  1.432  1.251  1.425  1.432  -0.633
  651482.370  4766007.070  564.180  4.000  0.880  0.030  120.000  50.000  0.000  70.000  0.000  0.000  0.000  30.000  0.000  0.000  0.000  0.000  30000.000  0.398  -0.230  1.153  0.428  0.465  1.335  1.203  1.375  1.214  -0.578  1.436  1.254  1.428  1.436  0.119
  651424.330  4765926.570  869.030  4.000  0.040  0.000  5.000  50.000  0.000  0.000  0.000  0.000  0.000  0.000  0.000  0.000  0.000  0.000  0.000  -1.453  -1.471  -1.245  0.429  0.466  -1.033  1.206  1.378  1.217  -1.328  1.440  1.257  1.432  1.440  -2.076
  651449.850  4766008.300  574.770  4.000  1.130  0.070  89.000  50.000  0.000  50.000  0.000  0.000  0.000  50.000  0.000  0.000  0.000  0.000  40000.000  0.693  0.486  0.810  0.431  0.468  0.685  1.209  1.382  1.220  -0.129  1.444  1.260  1.436  1.444  0.734
  651602.860  4765579.910  582.060  4.000  0.660  0.020  36.000  50.000  10.000  90.000  0.000  0.000  0.000  0.000  0.000  0.000  0.000  0.000  25000.000  0.057  -0.544  0.040  0.433  0.867  2.125  1.211  1.385  1.223  -1.325  1.447  1.263  1.440  1.447  -0.515
  651518.560  4765604.650  605.080  4.000  0.920  0.020  42.000  50.000  35.000  65.000  0.000  0.000  0.000  0.000  0.000  0.000  0.000  0.000  10000.000  0.462  -0.542  0.169  0.434  1.378  1.008  1.214  1.389  1.226  -1.322  1.451  1.266  1.444  1.451  -1.243
  651187.270  4765308.560  545.260  4.000  0.490  0.040  38.000  50.000  10.000  70.000  0.000  0.000  0.000  20.000  0.000  0.000  0.000  0.000  30000.000  -0.225  0.008  0.094  0.436  0.869  1.338  1.217  1.392  1.228  -0.829  1.455  1.269  1.447  1.455  0.120
  651070.430  4764899.530  1021.810  4.000  0.010  0.010  1.190  49.600  0.000  0.000  0.000  0.000  0.000  100.000  0.000  0.000  0.000  0.000  10000.000  -1.938  -1.009  -2.615  -0.959  0.469  -1.031  1.220  1.396  1.231  2.208  1.459  1.272  1.451  1.459  -1.240
  651421.140  4765724.330  445.270  4.000  0.780  0.000  380.000  50.000  10.000  60.000  0.000  0.000  0.000  30.000  0.000  0.000  0.000  0.000  10000.000  0.253  -1.466  2.466  0.438  0.871  0.965  1.223  1.399  1.234  -0.577  1.463  1.275  1.455  1.463  -1.237
  651593.010  4766104.800  583.960  4.000  0.840  0.040  51.000  120.000  10.000  90.000  0.000  0.000  0.000  0.000  0.000  0.000  0.000  0.000  20000.000  0.347  0.010  0.332  0.709  0.873  2.138  1.226  1.403  1.237  -1.319  1.467  1.278  1.459  1.467  -0.631
  650917.810  4764808.240  941.790  4.000  0.460  0.010  6.750  727.950  5.000  10.000  0.000  0.000  0.000  85.000  0.000  0.000  0.000  0.000  150000.000  -0.268  -1.006  -1.136  1.605  0.645  -0.512  1.228  1.407  1.240  0.859  1.471  1.281  1.463  1.471  2.700
  651730.970  4766074.080  510.600  4.000  2.970  0.280  23.000  50.000  90.000  10.000  0.000  0.000  0.000  0.000  0.000  0.000  0.000  0.000  30000.000  1.919  1.525  -0.356  0.439  2.311  -0.510  1.231  1.410  1.243  -1.315  1.475  1.284  1.467  1.475  0.121
  651456.010  4765768.900  515.580  4.000  0.880  0.020  54.000  50.000  100.000  0.000  0.000  0.000  0.000  0.000  0.000  0.000  0.000  0.000  10000.000  0.400  -0.541  0.385  0.441  2.820  -1.029  1.234  1.414  1.246  -1.312  1.478  1.287  1.471  1.478  -1.234
  650240.710  4764787.780  1052.880  4.000  0.060  0.160  6.030  145.250  0.000  0.000  0.000  0.000  0.000  100.000  0.000  0.000  0.000  0.000  20000.000  -1.290  1.116  -1.167  0.827  0.471  -1.026  1.237  1.417  1.249  2.224  1.483  1.290  1.475  1.483  -0.630
  651507.240  4765875.440  504.840  4.000  1.170  0.080  21.000  50.000  100.000  0.000  0.000  0.000  0.000  0.000  0.000  0.000  0.000  0.000  20000.000  0.759  0.598  -0.432  0.443  2.900  -1.024  1.240  1.421  1.251  -1.309  1.487  1.294  1.478  1.487  -0.628
  651445.650  4765565.980  501.610  4.000  1.470  0.050  69.000  50.000  30.000  70.000  0.000  0.000  0.000  0.000  0.000  0.000  0.000  0.000  30000.000  1.097  0.224  0.597  0.444  1.338  1.341  1.243  1.425  1.254  -1.306  1.491  1.297  1.483  1.491  0.123
  651730.720  4766239.060  536.040  4.000  0.950  0.020  17.000  50.000  0.000  72.730  0.000  0.000  0.000  27.270  0.000  0.000  0.000  0.000  30000.000  0.497  -0.539  -0.589  0.446  0.472  1.355  1.246  1.428  1.257  -0.810  1.495  1.300  1.487  1.495  0.124
  650924.810  4765358.220  1119.990  4.000  0.010  0.010  2.500  -99.000  0.000  0.000  0.000  0.000  0.000  100.000  0.000  0.000  0.000  0.000  10000.000  -1.928  -1.004  -2.108  -99.000  0.474  -1.022  1.249  1.432  1.260  2.240  1.499  1.303  1.491  1.499  -1.231
  651071.180  4764899.160  1099.810  4.000  0.080  0.020  24.260  15.050  0.000  0.000  0.000  0.000  0.000  100.000  0.000  0.000  0.000  0.000  100000.000  -1.170  -0.537  -0.309  -1.367  0.475  -1.020  1.251  1.436  1.263  2.257  1.503  1.306  1.495  1.503  2.088
  651273.240  4765512.880  458.320  4.000  1.480  0.020  525.000  50.000  0.000  70.000  0.000  0.000  0.000  30.000  0.000  0.000  0.000  0.000  30000.000  1.102  -0.535  2.615  0.448  0.477  1.345  1.254  1.440  1.266  -0.575  1.507  1.309  1.499  1.507  0.125
  651377.120  4765709.950  557.040  4.000  1.820  0.040  99.000  50.000  50.000  40.000  0.000  0.000  0.000  10.000  0.000  0.000  0.000  0.000  30000.000  1.377  0.011  0.923  0.449  1.689  0.422  1.257  1.444  1.269  -1.054  1.511  1.312  1.503  1.511  0.127
  651603.530  4766166.090  555.000  4.000  1.630  0.090  25.000  50.000  30.000  50.000  0.000  0.000  0.000  20.000  0.000  0.000  0.000  0.000  40000.000  1.225  0.665  -0.261  0.451  1.341  0.686  1.260  1.447  1.272  -0.827  1.515  1.315  1.507  1.515  0.736
  651477.910  4765916.930  525.790  4.000  0.770  0.030  31.000  50.000  20.000  10.000  0.000  0.000  0.000  70.000  0.000  0.000  0.000  0.000  20000.000  0.230  -0.228  -0.070  0.453  1.087  -0.509  1.263  1.451  1.275  0.440  1.520  1.319  1.511  1.520  -0.627
  651554.500  4765747.450  340.810  4.000  0.630  0.020  46.000  100.000  0.000  80.000  0.000  0.000  0.000  20.000  0.000  0.000  0.000  0.000  30000.000  0.007  -0.534  0.253  0.596  0.478  1.712  1.266  1.455  1.278  -0.825  1.524  1.322  1.515  1.524  0.128
  651389.470  4765720.450  537.440  4.000  1.450  0.040  71.000  50.000  100.000  0.000  0.000  0.000  0.000  0.000  0.000  0.000  0.000  0.000  5000.000  1.054  0.013  0.623  0.454  3.004  -1.017  1.269  1.459  1.281  -1.303  1.528  1.325  1.520  1.528  -1.813
  651141.430  4766110.740  1040.900  4.000  -99.000  -99.000  -99.000  -99.000  0.000  0.000  0.000  0.000  0.000  100.000  0.000  0.000  0.000  0.000  10000.000  -99.000  -99.000  -99.000  -99.000  0.480  -1.015  1.272  1.463  1.284  2.274  1.532  1.328  1.524  1.532  -1.228
  651540.380  4765641.130  303.480  4.000  0.760  0.060  31.000  110.000  70.000  30.000  0.000  0.000  0.000  0.000  0.000  0.000  0.000  0.000  10000.000  0.218  0.369  -0.069  0.657  1.903  0.151  1.275  1.467  1.287  -1.300  1.537  1.331  1.528  1.537  -1.226
  651382.730  4765851.220  548.940  4.000  0.780  0.020  45.000  50.000  20.000  40.000  0.000  0.000  0.000  40.000  0.000  0.000  0.000  0.000  20000.000  0.254  -0.532  0.228  0.456  1.090  0.424  1.278  1.471  1.290  -0.343  1.541  1.335  1.532  1.541  -0.625
  651610.890  4766160.800  526.400  4.000  1.730  0.040  81.000  50.000  30.000  40.000  0.000  0.000  0.000  30.000  0.000  0.000  0.000  0.000  30000.000  1.307  0.014  0.726  0.458  1.345  0.425  1.281  1.475  1.294  -0.574  1.546  1.338  1.537  1.546  0.129
  651749.600  4766069.650  206.730  4.000  -99.000  -99.000  -99.000  -99.000  0.000  90.000  0.000  0.000  0.000  10.000  0.000  0.000  0.000  0.000  10000.000  -99.000  -99.000  -99.000  -99.000  0.481  2.151  1.284  1.478  1.297  -1.052  1.550  1.341  1.541  1.550  -1.223
  651249.690  4765344.560  544.270  4.000  0.470  0.060  57.000  50.000  0.000  60.000  0.000  0.000  0.000  40.000  0.000  0.000  0.000  0.000  10000.000  -0.250  0.371  0.432  0.460  0.483  0.967  1.287  1.483  1.300  -0.342  1.555  1.345  1.546  1.555  -1.220
  651070.260  4764899.530  1009.810  4.000  0.000  0.000  0.400  8.750  0.000  0.000  0.000  0.000  0.000  100.000  0.000  0.000  0.000  0.000  10000.000  -2.617  -1.462  -2.971  -1.650  0.484  -1.013  1.290  1.487  1.303  2.292  1.559  1.348  1.550  1.559  -1.217
  651597.790  4765979.950  408.960  4.000  0.720  0.070  165.000  50.000  0.000  50.000  0.000  0.000  0.000  50.000  0.000  0.000  0.000  0.000  20000.000  0.165  0.488  1.518  0.461  0.486  0.688  1.294  1.491  1.306  -0.128  1.564  1.351  1.555  1.564  -0.623
  651293.300  4765478.180  435.510  4.000  0.400  0.030  77.000  50.000  0.000  100.000  0.000  0.000  0.000  0.000  0.000  0.000  0.000  0.000  10000.000  -0.360  -0.227  0.688  0.463  0.487  3.463  1.297  1.495  1.309  -1.297  1.568  1.355  1.559  1.568  -1.214
  651613.790  4766158.640  514.950  4.000  1.420  0.050  150.000  50.000  100.000  0.000  0.000  0.000  0.000  0.000  0.000  0.000  0.000  0.000  10000.000  1.026  0.225  1.406  0.465  3.156  -1.011  1.300  1.499  1.312  -1.294  1.573  1.358  1.564  1.573  -1.211
  651581.950  4765835.640  517.970  4.000  0.750  0.030  22.000  190.000  60.000  40.000  0.000  0.000  0.000  0.000  0.000  0.000  0.000  0.000  10000.000  0.204  -0.225  -0.391  0.966  1.786  0.427  1.303  1.503  1.315  -1.290  1.577  1.361  1.568  1.577  -1.209
  651574.310  4765721.410  491.290  4.000  0.450  0.020  22.000  150.000  30.000  40.000  0.000  0.000  0.000  30.000  0.000  0.000  0.000  0.000  20000.000  -0.293  -0.530  -0.389  0.842  1.348  0.428  1.306  1.507  1.319  -0.572  1.582  1.365  1.573  1.582  -0.622
  651433.750  4765706.960  490.420  4.000  0.630  0.030  32.000  50.000  100.000  0.000  0.000  0.000  0.000  0.000  0.000  0.000  0.000  0.000  10000.000  0.008  -0.224  -0.046  0.466  3.463  -1.008  1.309  1.511  1.322  -1.287  1.587  1.368  1.577  1.587  -1.206
  651231.440  4766406.200  789.000  4.000  -99.000  -99.000  -99.000  -99.000  0.000  0.000  0.000  0.000  0.000  100.000  0.000  0.000  0.000  0.000  15000.000  -99.000  -99.000  -99.000  -99.000  0.489  -1.006  1.312  1.515  1.325  2.311  1.591  1.371  1.582  1.591  -1.047
  651580.290  4765713.910  536.280  4.000  0.660  0.020  40.000  50.000  20.000  70.000  0.000  0.000  0.000  10.000  0.000  0.000  0.000  0.000  10000.000  0.059  -0.529  0.127  0.468  1.092  1.348  1.315  1.520  1.328  -1.049  1.596  1.375  1.587  1.596  -1.203
  651257.580  4766586.580  -47.380  5.000  -99.000  -99.000  -99.000  -99.000  5.000  60.000  0.000  0.000  0.000  35.000  0.000  0.000  0.000  0.000  20000.000  -99.000  -99.000  -99.000  -99.000  0.646  0.969  1.319  1.524  1.331  -0.546  1.601  1.378  1.591  1.601  -0.620
  650842.300  4766169.000  127.250  5.000  0.540  0.200  14.650  1.800  30.000  38.000  0.000  0.000  0.000  30.000  0.000  2.000  0.000  0.000  25000.000  -0.135  1.267  -0.713  -3.429  1.351  0.220  1.322  1.528  1.335  -0.571  1.606  2.065  1.596  1.606  -0.513
  651327.830  4766725.320  -176.920  5.000  -99.000  -99.000  -99.000  -99.000  0.000  10.000  0.000  0.000  0.000  90.000  0.000  0.000  0.000  0.000  10000.000  -99.000  -99.000  -99.000  -99.000  0.490  -0.507  1.325  1.532  1.338  1.142  1.611  1.382  1.601  1.611  -1.200
  651029.080  4766188.410  -286.070  5.000  0.300  0.050  42.800  4.200  0.000  30.000  0.000  0.000  0.000  65.000  0.000  5.000  0.000  0.000  20000.000  -0.522  0.227  0.174  -2.073  0.492  0.152  1.328  1.537  1.341  0.177  1.616  2.900  1.606  1.616  -0.618
  651384.970  4766687.100  -1.830  5.000  -99.000  -99.000  -99.000  -99.000  20.000  70.000  0.000  0.000  0.000  10.000  0.000  0.000  0.000  0.000  20000.000  -99.000  -99.000  -99.000  -99.000  1.094  1.351  1.331  1.541  1.345  -1.047  1.621  1.385  1.611  1.621  -0.617
  651066.530  4766192.580  -372.190  5.000  0.110  0.030  14.650  3.500  0.000  10.000  0.000  0.000  0.000  90.000  0.000  0.000  0.000  0.000  20000.000  -1.034  -0.222  -0.711  -2.263  0.493  -0.506  1.335  1.546  1.348  1.145  1.626  1.389  1.616  1.626  -0.615
  651008.190  4766186.230  -238.500  5.000  0.090  0.020  5.810  2.900  0.000  20.000  0.000  0.000  0.000  80.000  0.000  0.000  0.000  0.000  10000.000  -1.105  -0.527  -1.188  -2.429  0.495  -0.144  1.338  1.550  1.351  0.752  1.631  1.392  1.621  1.631  -1.198
  650818.020  4766166.690  179.870  5.000  0.480  0.270  10.800  3.200  10.000  38.000  0.000  0.000  0.000  50.000  0.000  2.000  0.000  0.000  30000.000  -0.240  1.502  -0.937  -2.374  0.875  0.222  1.341  1.555  1.355  -0.127  1.636  2.076  1.626  1.636  0.131
  651327.700  4766730.420  -202.410  5.000  -99.000  -99.000  -99.000  -99.000  0.000  10.000  0.000  0.000  0.000  90.000  0.000  0.000  0.000  0.000  10000.000  -99.000  -99.000  -99.000  -99.000  0.497  -0.504  1.345  1.559  1.358  1.147  1.641  1.396  1.631  1.641  -1.195
  650749.330  4766161.690  335.290  5.000  1.080  0.320  18.200  1190.000  0.000  30.000  0.000  0.000  0.000  70.000  0.000  0.000  0.000  0.000  100000.000  0.658  1.633  -0.541  2.012  0.498  0.154  1.348  1.564  1.361  0.441  1.646  1.399  1.636  1.646  2.100
  650885.140  4766173.710  34.800  5.000  1.680  1.380  64.600  4.100  45.000  30.000  0.000  0.000  0.000  22.000  0.000  3.000  0.000  0.000  35000.000  1.257  3.435  0.541  -2.128  1.528  0.155  1.351  1.568  1.365  -0.821  1.651  2.504  1.641  1.651  0.220
  651061.820  4766192.120  -361.160  5.000  0.690  0.100  5.900  4.700  0.000  30.000  0.000  0.000  0.000  68.000  0.000  2.000  0.000  0.000  30000.000  0.115  0.751  -1.176  -2.000  0.500  0.156  1.355  1.573  1.368  0.190  1.656  2.088  1.646  1.656  0.132
  651230.630  4766406.920  81.010  5.000  0.800  0.120  18.150  8.900  0.000  65.000  0.000  5.000  0.000  30.000  0.000  0.000  0.000  0.000  35000.000  0.291  0.915  -0.542  -1.621  0.501  1.011  1.358  2.374  1.371  -0.569  1.662  1.403  1.651  1.662  0.222
  651053.880  4766191.250  -342.820  5.000  0.210  0.040  8.340  3.200  0.000  20.000  0.000  0.000  0.000  80.000  0.000  0.000  0.000  0.000  10000.000  -0.726  0.016  -1.057  -2.349  0.503  -0.143  1.361  1.577  1.375  0.754  1.667  1.407  1.656  1.667  -1.192
  650880.130  4766173.140  45.690  5.000  0.210  0.070  7.520  10.900  0.000  10.000  0.000  0.000  0.000  90.000  0.000  0.000  0.000  0.000  40000.000  -0.724  0.490  -1.105  -1.508  0.504  -0.503  1.365  1.582  1.378  1.150  1.672  1.410  1.662  1.672  0.738
  651328.750  4766706.880  -86.790  5.000  -99.000  -99.000  -99.000  -99.000  5.000  65.000  0.000  0.000  0.000  30.000  0.000  0.000  0.000  0.000  20000.000  -99.000  -99.000  -99.000  -99.000  0.648  1.013  1.368  1.587  1.382  -0.567  1.678  1.414  1.667  1.678  -0.614
  651259.850  4766583.840  -23.640  5.000  -99.000  -99.000  -99.000  -99.000  5.000  60.000  0.000  0.000  0.000  35.000  0.000  0.000  0.000  0.000  20000.000  -99.000  -99.000  -99.000  -99.000  0.650  0.971  1.371  1.591  1.385  -0.544  1.683  1.417  1.672  1.683  -0.612
  650784.510  4766164.090  254.670  5.000  0.590  0.240  13.550  8.500  5.000  25.000  0.000  0.000  0.000  70.000  0.000  0.000  0.000  0.000  20000.000  -0.048  1.428  -0.764  -1.675  0.651  -0.081  1.375  1.596  1.389  0.443  1.689  1.421  1.678  1.689  -0.610
  650989.660  4766184.340  -196.440  5.000  0.370  0.200  54.000  9.500  0.000  35.000  0.000  0.000  0.000  64.000  0.000  1.000  0.000  0.000  10000.000  -0.403  1.270  0.386  -1.573  0.506  0.212  1.378  1.601  1.392  0.135  1.694  1.799  1.683  1.694  -1.189
  650891.890  4766391.440  -56.990  5.000  -99.000  -99.000  -99.000  -99.000  30.000  60.000  0.000  0.000  0.000  10.000  0.000  0.000  0.000  0.000  30000.000  -99.000  -99.000  -99.000  -99.000  1.355  0.973  1.382  1.606  1.396  -1.045  1.700  1.425  1.689  1.700  0.133
  651282.710  4766560.330  195.920  5.000  -99.000  -99.000  -99.000  -99.000  0.000  20.000  0.000  0.000  0.000  80.000  0.000  0.000  0.000  0.000  15000.000  -99.000  -99.000  -99.000  -99.000  0.507  -0.142  1.385  1.611  1.399  0.756  1.706  1.428  1.694  1.706  -1.045
  651328.810  4766706.070  -82.870  5.000  -99.000  -99.000  -99.000  -99.000  5.000  65.000  0.000  0.000  0.000  30.000  0.000  0.000  0.000  0.000  20000.000  -99.000  -99.000  -99.000  -99.000  0.653  1.015  1.389  1.616  1.403  -0.566  1.712  1.432  1.700  1.712  -0.609
  650899.740  4766391.790  -58.470  5.000  -99.000  -99.000  -99.000  -99.000  30.000  60.000  0.000  0.000  0.000  10.000  0.000  0.000  0.000  0.000  30000.000  -99.000  -99.000  -99.000  -99.000  1.358  0.976  1.392  1.621  1.407  -1.042  1.717  1.436  1.706  1.717  0.135
  650840.620  4766168.820  130.870  5.000  0.430  0.210  7.560  2.600  30.000  37.000  0.000  0.000  0.000  30.000  0.000  3.000  0.000  0.000  25000.000  -0.316  1.314  -1.100  -2.657  1.361  0.218  1.396  1.626  1.410  -0.564  1.723  2.536  1.712  1.723  -0.512
  650828.870  4766167.670  156.270  5.000  0.380  0.190  12.900  3.200  5.000  25.000  0.000  0.000  0.000  70.000  0.000  0.000  0.000  0.000  30000.000  -0.382  1.240  -0.815  -2.326  0.654  -0.080  1.399  1.631  1.414  0.444  1.729  1.440  1.717  1.729  0.136
  650870.100  4766171.980  67.470  5.000  0.440  0.280  58.700  2.700  3.000  20.000  0.000  0.000  0.000  77.000  0.000  0.000  0.000  0.000  20000.000  -0.300  1.530  0.451  -2.526  0.612  -0.140  1.403  1.636  1.417  0.493  1.735  1.444  1.723  1.735  -0.607
  651286.350  4766520.640  -104.470  5.000  -99.000  -99.000  -99.000  -99.000  5.000  35.000  0.000  0.000  0.000  60.000  0.000  0.000  0.000  0.000  15000.000  -99.000  -99.000  -99.000  -99.000  0.656  0.214  1.407  1.641  1.421  0.119  1.741  1.447  1.729  1.741  -1.042
  650331.180  4765048.550  977.930  5.000  0.430  0.620  12.600  9.360  0.000  25.450  0.000  0.000  0.000  74.550  0.000  0.000  0.000  0.000  69000.000  -0.314  2.217  -0.831  -1.594  0.509  -0.077  1.410  1.646  1.425  0.453  1.747  1.451  1.735  1.747  1.564
  650850.740  4766169.890  109.140  5.000  0.290  0.150  15.800  5.700  0.000  20.000  0.000  0.000  0.000  80.000  0.000  0.000  0.000  0.000  40000.000  -0.546  1.065  -0.655  -1.890  0.510  -0.139  1.414  1.651  1.428  0.757  1.754  1.455  1.741  1.754  0.740
  650834.710  4766168.200  143.550  5.000  0.470  0.270  9.040  11.300  5.000  40.000  0.000  0.000  0.000  50.000  0.000  5.000  0.000  0.000  30000.000  -0.248  1.506  -1.044  -1.475  0.658  0.430  1.417  1.656  1.432  -0.125  1.760  3.004  1.747  1.760  0.138
  651280.500  4766562.320  176.140  5.000  -99.000  -99.000  -99.000  -99.000  0.000  20.000  0.000  0.000  0.000  80.000  0.000  0.000  0.000  0.000  15000.000  -99.000  -99.000  -99.000  -99.000  0.512  -0.138  1.421  1.662  1.436  0.759  1.766  1.459  1.754  1.766  -1.040
  650846.520  4766169.450  118.200  5.000  0.520  0.210  7.660  1.900  3.000  20.000  0.000  0.000  0.000  75.000  0.000  2.000  0.000  0.000  40000.000  -0.169  1.318  -1.086  -3.118  0.614  -0.136  1.425  1.667  1.440  0.492  1.773  2.100  1.760  1.773  0.742
  650992.080  4766184.620  -201.930  5.000  0.360  0.050  145.500  2.300  0.000  40.000  0.000  0.000  0.000  60.000  0.000  0.000  0.000  0.000  20000.000  -0.413  0.228  1.355  -2.713  0.513  0.431  1.428  1.672  1.444  0.120  1.779  1.463  1.766  1.779  -0.606
  650734.230  4766160.770  370.150  5.000  0.750  0.200  34.000  9.300  0.000  40.000  0.000  0.000  0.000  60.000  0.000  0.000  0.000  0.000  30000.000  0.205  1.273  -0.010  -1.599  0.515  0.432  1.432  1.678  1.447  0.121  1.786  1.467  1.773  1.786  0.139
  651381.420  4766680.060  39.420  5.000  -99.000  -99.000  -99.000  -99.000  0.000  90.000  0.000  0.000  0.000  10.000  0.000  0.000  0.000  0.000  15000.000  -99.000  -99.000  -99.000  -99.000  0.516  2.165  1.436  1.683  1.451  -1.040  1.792  1.471  1.779  1.792  -1.038
  650854.110  4766170.250  101.890  5.000  0.520  0.220  25.900  8.900  0.000  25.000  0.000  0.000  0.000  73.000  0.000  2.000  0.000  0.000  50000.000  -0.168  1.369  -0.248  -1.616  0.518  -0.078  1.440  1.689  1.455  0.452  1.799  2.112  1.786  1.799  1.155
  651073.580  4766193.270  -388.730  5.000  0.210  0.070  48.600  7.400  0.000  20.000  0.000  0.000  0.000  78.000  0.000  2.000  0.000  0.000  20000.000  -0.722  0.491  0.285  -1.776  0.519  -0.135  1.444  1.694  1.459  0.498  1.806  2.125  1.792  1.806  -0.604
  651038.680  4766189.510  -308.040  5.000  0.220  0.050  19.100  1.900  0.000  15.000  0.000  0.000  0.000  83.000  0.000  2.000  0.000  0.000  20000.000  -0.686  0.230  -0.498  -2.964  0.521  -0.396  1.447  1.700  1.463  0.784  1.813  2.138  1.799  1.813  -0.602
  651255.870  4766588.630  -65.180  5.000  -99.000  -99.000  -99.000  -99.000  5.000  60.000  0.000  0.000  0.000  35.000  0.000  0.000  0.000  0.000  20000.000  -99.000  -99.000  -99.000  -99.000  0.659  0.978  1.451  1.706  1.467  -0.542  1.819  1.475  1.806  1.819  -0.601
  651327.800  4766726.500  -182.800  5.000  -99.000  -99.000  -99.000  -99.000  0.000  10.000  0.000  0.000  0.000  90.000  0.000  0.000  0.000  0.000  10000.000  -99.000  -99.000  -99.000  -99.000  0.522  -0.501  1.455  1.712  1.471  1.152  1.827  1.478  1.813  1.827  -1.187
  651057.880  4766191.710  -351.980  5.000  0.130  0.030  4.390  2.600  0.000  20.000  0.000  0.000  0.000  78.000  0.000  2.000  0.000  0.000  10000.000  -0.970  -0.221  -1.823  -2.608  0.524  -0.133  1.459  1.717  1.475  0.500  1.834  2.151  1.819  1.834  -1.184
  651281.600  4766561.330  186.030  5.000  -99.000  -99.000  -99.000  -99.000  0.000  20.000  0.000  0.000  0.000  80.000  0.000  0.000  0.000  0.000  15000.000  -99.000  -99.000  -99.000  -99.000  0.525  -0.132  1.463  1.723  1.478  0.761  1.841  1.483  1.827  1.841  -1.036
  650789.340  4766164.370  243.690  5.000  0.310  0.200  68.800  2.800  0.000  18.000  0.000  0.000  0.000  80.000  0.000  2.000  0.000  0.000  20000.000  -0.512  1.277  0.588  -2.491  0.527  -0.383  1.467  1.729  1.483  0.763  1.848  2.165  1.834  1.848  -0.599
  651327.760  4766728.070  -190.650  5.000  -99.000  -99.000  -99.000  -99.000  0.000  10.000  0.000  0.000  0.000  90.000  0.000  0.000  0.000  0.000  10000.000  -99.000  -99.000  -99.000  -99.000  0.529  -0.500  1.471  1.735  1.487  1.155  1.856  1.487  1.841  1.856  -1.181
  650731.860  4766160.630  375.660  5.000  0.220  0.090  28.700  9.400  0.000  10.000  0.000  0.000  0.000  90.000  0.000  0.000  0.000  0.000  30000.000  -0.684  0.667  -0.156  -1.578  0.530  -0.498  1.475  1.741  1.491  1.158  1.863  1.491  1.848  1.863  0.140
  650755.700  4766162.100  320.620  5.000  0.420  0.190  49.200  18.000  0.000  30.000  0.000  0.000  0.000  70.000  0.000  0.000  0.000  0.000  30000.000  -0.332  1.244  0.302  -1.283  0.532  0.158  1.478  1.747  1.495  0.446  1.871  1.495  1.856  1.871  0.142
  650868.310  4766390.350  -52.620  5.000  -99.000  -99.000  -99.000  -99.000  30.000  60.000  0.000  0.000  0.000  10.000  0.000  0.000  0.000  0.000  30000.000  -99.000  -99.000  -99.000  -99.000  1.365  0.980  1.483  1.754  1.499  -1.038  1.879  1.499  1.863  1.879  0.143
  651027.480  4766188.230  -282.410  5.000  0.150  0.030  27.800  2.000  0.000  35.000  0.000  0.000  0.000  65.000  0.000  0.000  0.000  0.000  10000.000  -0.895  -0.219  -0.184  -2.859  0.533  0.215  1.487  1.760  1.503  0.178  1.886  1.503  1.871  1.886  -1.179
  650859.170  4766170.780  91.030  5.000  0.640  0.350  40.400  2.600  20.000  30.000  0.000  0.000  0.000  47.000  0.000  3.000  0.000  0.000  30000.000  0.024  1.738  0.131  -2.565  1.097  0.159  1.491  1.766  1.507  -0.322  1.894  2.571  1.879  1.894  0.144
  650255.880  4765248.090  964.800  6.000  -99.000  -99.000  -99.000  -99.000  0.000  0.000  0.000  0.000  0.000  100.000  0.000  0.000  0.000  0.000  3000.000  -99.000  -99.000  -99.000  -99.000  0.535  -1.004  1.495  1.773  1.511  2.331  1.903  1.507  1.886  1.903  -1.982
  650341.720  4765065.710  1010.160  6.000  0.430  0.270  14.400  16.700  0.000  38.000  0.000  0.000  0.000  62.000  0.000  0.000  0.000  0.000  40000.000  -0.313  1.511  -0.724  -1.337  0.536  0.223  1.499  1.779  1.515  0.131  1.911  1.511  1.894  1.911  0.743
  650813.720  4765303.070  833.010  6.000  -99.000  -99.000  -99.000  -99.000  0.000  0.000  0.000  0.000  0.000  99.000  0.000  1.000  0.000  0.000  10000.000  -99.000  -99.000  -99.000  -99.000  0.538  -1.002  1.503  1.786  1.520  1.471  1.919  1.806  1.903  1.919  -1.176
  650507.170  4765099.180  1055.900  6.000  0.010  0.000  2.060  28.600  0.000  0.000  0.000  0.000  0.000  100.000  0.000  0.000  0.000  0.000  5000.000  -1.919  -1.458  -2.334  -1.081  0.539  -1.000  1.507  1.792  1.524  2.352  1.928  1.515  1.911  1.928  -1.806
  650918.020  4764808.360  947.790  6.000  0.330  0.010  15.820  455.050  5.000  10.000  0.000  0.000  0.000  85.000  0.000  0.000  0.000  0.000  150000.000  -0.476  -1.002  -0.653  1.371  0.661  -0.497  1.511  1.799  1.528  0.861  1.936  1.520  1.919  1.936  2.755
  650115.360  4765121.810  961.640  6.000  -99.000  -99.000  -99.000  -99.000  0.000  10.000  0.000  0.000  0.000  90.000  0.000  0.000  0.000  0.000  6000.000  -99.000  -99.000  -99.000  -99.000  0.541  -0.495  1.515  1.806  1.532  1.160  1.945  1.524  1.928  1.945  -1.792
  650126.560  4765133.930  1062.400  6.000  -99.000  -99.000  -99.000  -99.000  0.000  10.000  0.000  0.000  0.000  90.000  0.000  0.000  0.000  0.000  6000.000  -99.000  -99.000  -99.000  -99.000  0.542  -0.493  1.520  1.813  1.537  1.163  1.954  1.528  1.936  1.954  -1.786
  650534.430  4764915.740  1011.740  6.000  0.100  0.070  8.240  30.400  0.000  10.000  0.000  0.000  0.000  90.000  0.000  0.000  0.000  0.000  60000.000  -1.070  0.493  -1.065  -1.065  0.544  -0.492  1.524  1.819  1.541  1.165  1.963  1.532  1.945  1.963  1.537
  650712.720  4765076.590  1101.370  6.000  0.010  0.000  1.070  24.730  0.000  0.000  0.000  0.000  0.000  100.000  0.000  0.000  0.000  0.000  15000.000  -1.909  -1.453  -2.720  -1.152  0.546  -0.997  1.528  1.827  1.546  2.374  1.972  1.537  1.954  1.972  -1.033
  650919.210  4764809.020  981.760  6.000  0.140  0.020  9.930  42.330  10.000  10.000  0.000  0.000  0.000  80.000  0.000  0.000  0.000  0.000  100000.000  -0.940  -0.525  -1.011  -0.995  0.877  -0.490  1.532  1.834  1.550  0.765  1.982  1.541  1.963  1.982  2.112
  650219.310  4765050.250  1122.370  6.000  0.020  0.000  12.500  30.100  0.000  10.000  0.000  0.000  0.000  90.000  0.000  0.000  0.000  0.000  20000.000  -1.712  -1.449  -0.835  -1.073  0.547  -0.489  1.537  1.841  1.555  1.168  1.992  1.546  1.972  1.992  -0.598
  650917.070  4764807.700  921.810  6.000  0.550  0.020  7.950  484.000  5.000  10.000  0.000  0.000  0.000  85.000  0.000  0.000  0.000  0.000  150000.000  -0.108  -0.524  -1.078  1.399  0.663  -0.487  1.541  1.848  1.559  0.863  2.001  1.550  1.982  2.001  2.820
  651071.280  4764898.490  1159.800  6.000  0.150  0.010  7.750  21.510  0.000  0.000  0.000  0.000  0.000  100.000  0.000  0.000  0.000  0.000  100000.000  -0.892  -0.999  -1.083  -1.207  0.549  -0.995  1.546  1.856  1.564  2.397  2.011  1.555  1.992  2.011  2.125
  651071.270  4764898.620  1139.800  6.000  0.050  0.000  22.420  21.290  0.000  0.000  0.000  0.000  0.000  100.000  0.000  0.000  0.000  0.000  100000.000  -1.358  -1.445  -0.383  -1.213  0.550  -0.993  1.550  1.863  1.568  2.421  2.022  1.559  2.001  2.022  2.138
  650755.530  4765120.400  949.300  6.000  0.420  0.080  40.300  268.500  0.000  10.000  0.000  0.000  0.000  90.000  0.000  0.000  0.000  0.000  100000.000  -0.330  0.600  0.130  1.106  0.552  -0.486  1.555  1.871  1.573  1.171  2.032  1.564  2.011  2.032  2.151
  650916.920  4764807.590  917.820  6.000  0.310  0.020  15.580  363.950  5.000  10.000  0.000  0.000  0.000  85.000  0.000  0.000  0.000  0.000  150000.000  -0.510  -0.522  -0.660  1.226  0.664  -0.484  1.559  1.879  1.577  0.865  2.043  1.568  2.022  2.043  2.900
  650916.990  4764807.640  919.820  6.000  0.380  0.030  12.060  397.600  5.000  10.000  0.000  0.000  0.000  85.000  0.000  0.000  0.000  0.000  150000.000  -0.381  -0.218  -0.848  1.283  0.666  -0.483  1.564  1.886  1.582  0.867  2.054  1.573  2.032  2.054  3.004
  651327.010  4766500.850  618.110  6.000  -99.000  -99.000  -99.000  -99.000  0.000  12.050  0.000  0.000  0.000  87.950  0.000  0.000  0.000  0.000  12000.000  -99.000  -99.000  -99.000  -99.000  0.553  -0.459  1.568  1.894  1.587  0.871  2.065  1.577  2.043  2.065  -1.158
  650920.310  4764809.390  1009.740  6.000  0.340  0.010  11.870  1293.500  10.000  10.000  0.000  0.000  0.000  80.000  0.000  0.000  0.000  0.000  100000.000  -0.467  -0.997  -0.872  2.099  0.879  -0.481  1.573  1.903  1.591  0.766  2.076  1.582  2.054  2.076  2.165
  650919.290  4764809.040  983.760  6.000  0.040  0.010  8.180  80.880  10.000  10.000  0.000  0.000  0.000  80.000  0.000  0.000  0.000  0.000  100000.000  -1.449  -0.994  -1.070  0.548  0.881  -0.480  1.577  1.911  1.596  0.768  2.088  1.587  2.065  2.088  2.179
  650350.250  4765080.210  1037.380  6.000  0.030  0.010  9.440  10.450  0.000  10.000  0.000  0.000  0.000  90.000  0.000  0.000  0.000  0.000  45000.000  -1.554  -0.992  -1.026  -1.527  0.555  -0.478  1.582  1.919  1.601  1.173  2.100  1.591  2.076  2.100  0.792
  650131.270  4765139.670  1107.790  6.000  -99.000  -99.000  -99.000  -99.000  0.000  0.000  0.000  0.000  50.000  50.000  0.000  0.000  0.000  0.000  2000.000  -99.000  -99.000  -99.000  -99.000  0.556  -0.991  1.587  1.928  3.463  -0.124  2.112  1.596  2.088  2.112  -2.011
  650779.930  4765253.520  1051.130  6.000  -99.000  -99.000  -99.000  -99.000  0.000  5.000  0.000  0.000  0.000  95.000  0.000  0.000  0.000  0.000  30000.000  -99.000  -99.000  -99.000  -99.000  0.558  -0.792  1.591  1.936  1.606  1.428  2.125  1.601  2.100  2.125  0.146
  650127.180  4765134.680  1068.320  6.000  0.010  0.000  0.420  8.390  0.000  10.000  0.000  0.000  0.000  90.000  0.000  0.000  0.000  0.000  6000.000  -1.900  -1.441  -2.866  -1.694  0.560  -0.477  1.596  1.945  1.611  1.176  2.138  1.606  2.112  2.138  -1.779
  650262.790  4765248.320  1006.220  6.000  0.010  0.010  0.720  13.450  0.000  0.000  0.000  0.000  0.000  100.000  0.000  0.000  0.000  0.000  3000.000  -1.891  -0.989  -2.785  -1.395  0.561  -0.989  1.601  1.954  1.616  2.447  2.151  1.611  2.125  2.151  -1.972
  651230.630  4766406.820  177.010  6.000  0.550  0.060  30.400  5.700  0.000  40.000  0.000  0.000  0.000  60.000  0.000  0.000  0.000  0.000  30000.000  -0.106  0.373  -0.092  -1.881  0.563  0.434  1.606  1.963  1.621  0.123  2.165  1.616  2.138  2.165  0.147
  650922.000  4764809.730  1055.700  6.000  0.090  0.010  10.980  228.180  10.000  10.000  0.000  0.000  0.000  80.000  0.000  0.000  0.000  0.000  100000.000  -1.102  -0.987  -0.932  1.039  0.883  -0.475  1.611  1.972  1.626  0.770  2.179  1.621  2.151  2.179  2.193
  650123.540  4765130.570  1034.760  6.000  -99.000  -99.000  -99.000  -99.000  0.000  10.000  0.000  0.000  0.000  90.000  0.000  0.000  0.000  0.000  6000.000  -99.000  -99.000  -99.000  -99.000  0.564  -0.474  1.616  1.982  1.631  1.179  2.193  1.626  2.165  2.193  -1.773
  650320.000  4765050.360  1125.600  6.000  0.060  0.000  4.200  18.800  0.000  1.000  0.000  0.000  0.000  99.000  0.000  0.000  0.000  0.000  10000.000  -1.287  -1.436  -1.855  -1.266  0.566  -0.950  1.621  1.992  1.636  1.475  2.208  1.631  2.179  2.208  -1.173
  650709.850  4765073.680  1110.500  6.000  0.050  0.010  14.090  15.810  0.000  0.000  0.000  0.000  0.000  100.000  0.000  0.000  0.000  0.000  15000.000  -1.354  -0.985  -0.732  -1.356  0.567  -0.986  1.626  2.001  1.641  2.475  2.224  1.636  2.193  2.224  -1.031
  650351.280  4765082.020  1040.790  6.000  0.040  0.010  10.500  8.170  0.000  10.000  0.000  0.000  0.000  90.000  0.000  0.000  0.000  0.000  45000.000  -1.445  -0.982  -0.946  -1.700  0.569  -0.472  1.631  2.011  1.646  1.181  2.240  1.641  2.208  2.240  0.794
  651284.180  4764794.420  978.800  6.000  0.010  0.010  1.760  82.920  0.000  0.000  0.000  0.000  0.000  100.000  0.000  0.000  0.000  0.000  10000.000  -1.883  -0.980  -2.357  0.555  0.571  -0.984  1.636  2.022  1.651  2.504  2.257  1.646  2.224  2.257  -1.171
  650340.100  4765062.990  1005.060  6.000  0.010  0.010  2.470  25.100  0.000  0.000  0.000  0.000  0.000  100.000  0.000  0.000  0.000  0.000  10000.000  -1.874  -0.977  -2.198  -1.106  0.572  -0.982  1.641  2.032  1.656  2.536  2.274  1.651  2.240  2.274  -1.168
  650919.530  4764809.120  989.750  6.000  0.020  0.010  12.880  79.890  10.000  10.000  0.000  0.000  0.000  80.000  0.000  0.000  0.000  0.000  100000.000  -1.705  -0.975  -0.819  0.541  0.885  -0.471  1.646  2.043  1.662  0.772  2.292  1.656  2.257  2.292  2.208
  650919.370  4764809.070  985.760  6.000  0.060  0.020  9.960  158.320  10.000  10.000  0.000  0.000  0.000  80.000  0.000  0.000  0.000  0.000  100000.000  -1.283  -0.520  -1.009  0.849  0.887  -0.469  1.651  2.054  1.667  0.774  2.311  1.662  2.274  2.311  2.224
  650266.730  4765248.490  1029.900  6.000  -99.000  -99.000  -99.000  -99.000  0.000  0.000  0.000  0.000  0.000  100.000  0.000  0.000  0.000  0.000  1000.000  -99.000  -99.000  -99.000  -99.000  0.574  -0.980  1.656  2.065  1.672  2.571  2.331  1.667  2.292  2.331  -2.032
  650481.140  4764964.000  1001.480  6.000  0.050  0.010  5.140  167.000  0.000  40.000  0.000  0.000  0.000  60.000  0.000  0.000  0.000  0.000  10000.000  -1.350  -0.973  -1.235  0.889  0.575  0.435  1.662  2.076  1.678  0.124  2.352  1.672  2.311  2.352  -1.165
  651071.210  4764898.990  1111.810  6.000  0.010  0.000  13.260  12.510  0.000  0.000  0.000  0.000  0.000  100.000  0.000  0.000  0.000  0.000  100000.000  -1.865  -1.432  -0.776  -1.436  0.577  -0.978  1.667  2.088  1.683  2.609  2.374  1.678  2.331  2.374  2.240
  651284.180  4764794.420  986.800  6.000  0.010  0.000  3.830  53.270  0.000  0.000  0.000  0.000  0.000  100.000  0.000  0.000  0.000  0.000  10000.000  -1.857  -1.428  -1.976  0.485  0.578  -0.976  1.672  2.100  1.689  2.652  2.397  1.683  2.352  2.397  -1.163
  650748.280  4765112.550  979.460  6.000  0.070  0.010  1.300  131.880  0.000  0.000  0.000  0.000  0.000  100.000  0.000  0.000  0.000  0.000  3000.000  -1.247  -0.970  -2.572  0.761  0.580  -0.973  1.678  2.112  1.694  2.700  2.421  1.689  2.374  2.421  -1.963
  650133.120  4765141.920  1125.560  6.000  0.010  0.000  2.500  32.500  0.000  0.000  0.000  0.000  0.000  100.000  0.000  0.000  0.000  0.000  3000.000  -1.849  -1.424  -2.094  -1.041  0.582  -0.971  1.683  2.125  1.700  2.755  2.447  1.694  2.397  2.447  -1.954
  650548.250  4764825.750  1111.460  6.000  0.000  0.020  4.380  14.110  0.000  0.000  0.000  0.000  0.000  100.000  0.000  0.000  0.000  0.000  30000.000  -2.574  -0.518  -1.831  -1.387  0.583  -0.969  1.689  2.138  1.706  2.820  2.475  1.700  2.421  2.475  0.148
  650345.500  4765072.050  1022.060  6.000  1.380  0.820  37.900  59.100  0.000  15.000  0.000  0.000  0.000  85.000  0.000  0.000  0.000  0.000  60000.000  0.992  2.437  0.069  0.495  0.585  -0.395  1.694  2.151  1.712  0.869  2.504  1.706  2.447  2.504  1.541
  650118.470  4765125.130  989.370  6.000  0.010  0.000  0.370  13.250  0.000  10.000  0.000  0.000  0.000  90.000  0.000  0.000  0.000  0.000  6000.000  -1.841  -1.420  -3.434  -1.415  0.586  -0.468  1.700  2.165  1.717  1.184  2.536  1.712  2.475  2.536  -1.766
  650922.950  4764809.660  1093.690  6.000  0.150  0.010  34.340  398.600  10.000  10.000  0.000  0.000  0.000  80.000  0.000  0.000  0.000  0.000  100000.000  -0.890  -0.968  -0.006  1.286  0.889  -0.466  1.706  2.179  1.723  0.775  2.571  1.717  2.504  2.571  2.257
  650528.570  4764916.310  994.730  6.000  0.340  0.170  27.000  49.100  0.000  10.000  0.000  0.000  0.000  90.000  0.000  0.000  0.000  0.000  50000.000  -0.465  1.170  -0.189  -0.966  0.588  -0.465  1.712  2.193  1.729  1.187  2.609  1.723  2.536  2.609  1.158
  650336.810  4765057.570  994.880  6.000  1.460  0.770  149.500  21.900  0.000  60.000  0.000  0.000  0.000  40.000  0.000  0.000  0.000  0.000  50000.000  1.067  2.359  1.367  -1.195  0.590  0.982  1.717  2.208  1.735  -0.340  2.652  1.729  2.571  2.652  1.160
  650443.520  4764914.150  1046.570  6.000  0.090  0.030  6.300  69.800  0.000  10.000  0.000  0.000  0.000  90.000  0.000  0.000  0.000  0.000  35000.000  -1.099  -0.216  -1.150  0.523  0.591  -0.463  1.723  2.224  1.741  1.189  2.700  1.735  2.609  2.700  0.223
  650711.570  4765075.430  1105.020  6.000  0.020  0.010  1.510  34.780  0.000  0.000  0.000  0.000  0.000  100.000  0.000  0.000  0.000  0.000  15000.000  -1.699  -0.965  -2.436  -1.028  0.593  -0.967  1.729  2.240  1.747  2.900  2.755  1.741  2.652  2.755  -1.029
  650584.680  4765285.430  1075.870  6.000  -99.000  -99.000  -99.000  -99.000  0.000  0.000  0.000  0.000  0.000  100.000  0.000  0.000  0.000  0.000  20000.000  -99.000  -99.000  -99.000  -99.000  0.594  -0.965  1.735  2.257  1.754  3.004  2.820  1.747  2.700  2.820  -0.596
  650297.010  4765049.710  1063.740  6.000  0.050  0.010  6.210  27.600  0.000  1.000  0.000  0.000  0.000  99.000  0.000  0.000  0.000  0.000  10000.000  -1.347  -0.963  -1.162  -1.087  0.596  -0.948  1.741  2.274  1.760  1.478  2.900  1.754  2.755  2.900  -1.160
  650920.550  4764809.470  1015.730  6.000  0.420  0.050  29.170  1254.400  10.000  10.000  0.000  0.000  0.000  80.000  0.000  0.000  0.000  0.000  100000.000  -0.328  0.231  -0.128  2.060  0.891  -0.462  1.747  2.292  1.766  0.777  3.004  1.760  2.820  3.004  2.274
  650273.940  4765248.810  1073.300  6.000  -99.000  -99.000  -99.000  -99.000  0.000  0.000  0.000  0.000  0.000  100.000  0.000  0.000  0.000  0.000  1000.000  -99.000  -99.000  -99.000  -99.000  0.598  -0.963  1.754  2.311  1.773  3.156  3.156  1.766  2.900  3.156  -2.022
  650252.910  4765248.020  947.040  6.000  0.170  0.010  7.650  31.600  0.000  0.000  0.000  0.000  0.000  100.000  0.000  0.000  0.000  0.000  5000.000  -0.828  -0.961  -1.094  -1.052  0.599  -0.961  1.760  2.331  1.779  3.463  3.463  1.773  3.004  3.463  -1.799
