Data
34
X
Y
Z
Alteration
Cu
Au
Mo
As
Bn
Cp
Cc
Cv
En
Py
Pyr
Mol
Ga
Sph
TS
Normal scores for Cu
Normal scores for Au
Normal scores for Mo
Normal scores for As
Normal scores for Bn
Normal scores for Cp
Normal scores for Cc
Normal scores for Cv
Normal scores for En
Normal scores for Py
Normal scores for Pyr
Normal scores for Mol
Normal scores for Ga
Normal scores for Sph
Normal scores for TS
  651360.730  4765500.710  711.040  1.000  0.470  0.080  86.000  810.000  10.000  0.000  0.000  0.000  0.000  90.000  0.000  0.000  0.000  0.000  60000.000  -0.272  0.504  0.783  1.664  0.693  -3.558  -3.558  -3.558  -3.558  0.898  -3.558  -3.558  -3.558  -3.558  1.191
  651315.870  4765290.660  904.080  1.000  0.030  0.040  19.000  50.000  0.000  20.000  0.000  0.000  0.000  80.000  0.000  0.000  0.000  0.000  10000.000  -1.788  -0.211  -0.530  -0.965  -3.558  -0.409  -3.258  -3.258  -3.258  0.509  -3.258  -3.258  -3.258  -3.258  -1.771
  651401.210  4765848.600  741.730  1.000  2.680  0.220  21.000  50.000  50.000  50.000  0.000  0.000  0.000  0.000  0.000  0.000  0.000  0.000  30000.000  1.831  1.307  -0.453  -0.964  1.530  0.487  -3.110  -3.110  -3.110  -3.558  -3.110  -3.110  -3.110  -3.110  -0.502
  651231.120  4766406.410  499.000  1.000  0.090  0.000  9.500  203.000  0.000  5.000  0.000  0.000  0.000  95.000  0.000  0.000  0.000  0.000  80000.000  -1.210  -3.529  -1.028  0.960  -3.258  -0.934  -3.009  -3.009  -3.009  1.242  -3.009  -3.009  -3.009  -3.009  1.813
  651322.560  4766503.070  528.250  1.000  -99.000  -99.000  -99.000  -99.000  0.000  20.000  0.000  0.000  0.000  80.000  0.000  0.000  0.000  0.000  20000.000  -99.000  -99.000  -99.000  -99.000  -3.110  -0.408  -2.932  -2.932  -2.932  0.510  -2.932  -2.932  -2.932  -2.932  -1.033
  650923.790  4765379.220  1083.630  1.000  0.310  0.020  102.000  -99.000  0.000  20.000  0.000  0.000  0.000  80.000  0.000  0.000  0.000  0.000  70000.000  -0.541  -0.965  0.957  -99.000  -3.009  -0.407  -2.869  -2.869  -2.869  0.512  -2.869  -2.869  -2.869  -2.869  1.587
  651203.650  4765470.340  814.790  1.000  0.590  0.080  25.000  310.000  35.000  20.000  0.000  0.000  0.000  45.000  0.000  0.000  0.000  0.000  20000.000  -0.063  0.506  -0.296  1.149  1.374  -0.406  -2.816  -2.816  -2.816  -0.350  -2.816  -2.816  -2.816  -2.816  -1.031
  651352.740  4765392.180  589.030  1.000  1.900  0.040  190.000  50.000  0.000  40.000  0.000  0.000  0.000  60.000  0.000  0.000  0.000  0.000  60000.000  1.450  -0.209  1.653  -0.962  -2.932  0.219  -2.770  -2.770  -2.770  -0.104  -2.770  -2.770  -2.770  -2.770  1.193
  651560.850  4765620.220  397.010  1.000  2.420  0.470  800.000  170.000  30.000  50.000  0.000  0.000  0.000  20.000  0.000  0.000  0.000  0.000  50000.000  1.743  2.024  2.975  0.854  1.134  0.488  -2.729  -2.729  -2.729  -1.031  -2.729  -2.729  -2.729  -2.729  0.795
  651313.830  4766507.250  370.550  1.000  -99.000  -99.000  -99.000  -99.000  0.000  40.000  0.000  0.000  0.000  60.000  0.000  0.000  0.000  0.000  30000.000  -99.000  -99.000  -99.000  -99.000  -2.869  0.220  -2.692  -2.692  -2.692  -0.103  -2.692  -2.692  -2.692  -2.692  -0.501
  651467.010  4765927.610  663.380  1.000  3.630  0.520  49.000  110.000  100.000  0.000  0.000  0.000  0.000  0.000  0.000  0.000  0.000  0.000  70000.000  2.248  2.094  0.276  0.582  2.344  -3.258  -2.658  -2.658  -2.658  -3.258  -2.658  -2.658  -2.658  -2.658  1.590
  651013.870  4765382.140  932.330  1.000  -99.000  -99.000  -99.000  -99.000  0.000  6.000  0.000  0.000  1.000  93.000  0.000  0.000  0.000  0.000  35000.000  -99.000  -99.000  -99.000  -99.000  -2.816  -0.815  -2.628  -2.628  1.757  1.224  -2.628  -2.628  -2.628  -2.628  0.132
  651431.240  4765626.380  864.760  1.000  0.130  0.000  27.000  200.000  0.000  20.000  0.000  0.000  0.000  80.000  0.000  0.000  0.000  0.000  30000.000  -1.018  -3.227  -0.215  0.937  -2.770  -0.405  -2.599  -2.599  -2.628  0.513  -2.599  -2.599  -2.599  -2.599  -0.500
  651483.970  4765628.550  490.550  1.000  1.310  0.060  21.000  50.000  0.000  100.000  0.000  0.000  0.000  0.000  0.000  0.000  0.000  0.000  35000.000  0.923  0.241  -0.452  -0.960  -2.729  2.147  -2.573  -2.573  -2.599  -3.110  -2.573  -2.573  -2.573  -2.573  0.133
  651239.860  4765558.780  937.310  1.000  0.740  0.030  42.000  380.000  30.000  10.000  0.000  0.000  20.000  40.000  0.000  0.000  0.000  0.000  30000.000  0.180  -0.519  0.134  1.211  1.136  -0.799  -2.548  -2.548  2.147  -0.560  -2.548  -2.548  -2.548  -2.548  -0.499
  651236.590  4765455.500  939.040  1.000  0.320  0.020  5.000  50.000  10.000  10.000  0.000  0.000  0.000  80.000  0.000  0.000  0.000  0.000  30000.000  -0.526  -0.963  -1.786  -0.959  0.694  -0.798  -2.524  -2.524  -2.573  0.514  -2.524  -2.524  -2.524  -2.524  -0.498
  651254.980  4765435.630  990.140  1.000  0.540  0.060  29.000  190.000  0.000  0.000  0.000  0.000  50.000  50.000  0.000  0.000  0.000  0.000  20000.000  -0.155  0.242  -0.160  0.914  -2.692  -3.110  -2.502  -2.502  3.110  -0.334  -2.502  -2.502  -2.502  -2.502  -1.030
  651342.320  4765511.110  747.330  1.000  2.790  0.100  56.000  220.000  30.000  29.500  0.500  0.000  0.000  40.000  0.000  0.000  0.000  0.000  70000.000  1.860  0.681  0.398  0.986  1.138  -0.078  1.731  -2.481  -2.548  -0.559  -2.481  -2.481  -2.481  -2.481  1.594
  651230.920  4766406.390  445.000  1.000  0.080  0.100  9.080  24.300  0.000  5.000  0.000  0.000  0.000  95.000  0.000  0.000  0.000  0.000  90000.000  -1.288  0.683  -1.044  -1.163  -2.658  -0.933  -2.481  -2.462  -2.524  1.244  -2.462  -2.462  -2.462  -2.462  1.950
  651168.000  4764778.440  1076.200  1.000  0.340  0.040  6.800  89.180  0.000  30.000  0.000  0.000  0.000  70.000  0.000  0.000  0.000  0.000  60000.000  -0.491  -0.208  -1.161  0.532  -2.628  -0.077  -2.462  -2.443  -2.502  0.195  -2.443  -2.443  -2.443  -2.443  1.195
  651318.560  4765528.330  1016.060  1.000  0.000  0.020  26.000  50.000  0.000  0.000  0.000  0.000  0.000  0.000  0.000  0.000  0.000  0.000  0.000  -3.529  -0.961  -0.247  -0.957  -2.599  -3.009  -2.443  -2.425  -2.481  -3.009  -2.425  -2.425  -2.425  -2.425  -3.558
  651486.400  4766715.550  251.480  1.000  0.670  0.040  59.000  50.000  0.000  50.000  0.000  0.000  0.000  50.000  0.000  0.000  0.000  0.000  20000.000  0.062  -0.207  0.442  -0.955  -2.573  0.489  -2.425  -2.407  -2.462  -0.333  -2.407  -2.407  -2.407  -2.407  -1.028
  651432.320  4765647.930  835.950  1.000  0.410  0.000  29.000  480.000  20.000  10.000  0.000  10.000  0.000  60.000  0.000  0.000  0.000  0.000  30000.000  -0.366  -3.078  -0.159  1.344  0.928  -0.796  -2.407  2.391  -2.443  -0.102  -2.391  -2.391  -2.391  -2.391  -0.497
  651314.890  4765297.250  891.760  1.000  0.010  0.020  12.000  50.000  0.000  30.000  0.000  0.000  0.000  70.000  0.000  0.000  0.000  0.000  10000.000  -2.622  -0.960  -0.867  -0.954  -2.548  -0.076  -2.391  -2.391  -2.425  0.196  -2.375  -2.375  -2.375  -2.375  -1.766
  650546.400  4765469.740  606.380  1.000  0.040  0.020  60.100  4.200  0.000  15.000  0.000  0.000  0.000  85.000  0.000  0.000  0.000  0.000  40000.000  -1.631  -0.958  0.469  -2.166  -2.524  -0.480  -2.375  -2.375  -2.407  0.816  -2.359  -2.359  -2.359  -2.359  0.206
  651341.240  4766635.810  304.560  1.000  -99.000  -99.000  -99.000  -99.000  30.000  50.000  0.000  0.000  0.000  20.000  0.000  0.000  0.000  0.000  40000.000  -99.000  -99.000  -99.000  -99.000  1.139  0.490  -2.359  -2.359  -2.391  -1.030  -2.344  -2.344  -2.344  -2.344  0.207
  650583.250  4765471.360  454.810  1.000  0.190  0.070  25.200  30.500  0.000  10.000  0.000  0.000  0.000  90.000  0.000  0.000  0.000  0.000  40000.000  -0.814  0.388  -0.255  -1.066  -2.502  -0.795  -2.344  -2.344  -2.375  0.900  -2.330  -2.330  -2.330  -2.330  0.208
  651399.050  4765470.080  696.660  1.000  2.160  0.070  97.000  1670.000  40.000  10.000  0.000  0.000  0.000  50.000  0.000  0.000  0.000  0.000  60000.000  1.619  0.389  0.910  2.252  1.382  -0.794  -2.330  -2.330  -2.359  -0.332  -2.316  -2.316  -2.316  -2.316  1.197
  651268.210  4765429.990  834.680  1.000  0.990  0.020  30.000  50.000  0.000  40.000  0.000  0.000  0.000  60.000  0.000  0.000  0.000  0.000  70000.000  0.535  -0.956  -0.130  -0.952  -2.481  0.221  -2.316  -2.316  -2.344  -0.101  -2.302  -2.302  -2.302  -2.302  1.597
  650406.960  4765098.430  950.630  1.000  0.050  0.020  5.870  11.000  0.000  10.000  0.000  0.000  0.000  89.000  0.000  1.000  0.000  0.000  45000.000  -1.509  -0.955  -1.208  -1.530  -2.462  -0.793  -2.302  -2.302  -2.330  0.896  -2.289  1.784  -2.289  -2.289  0.743
  651532.880  4765847.770  616.640  1.000  1.600  0.050  37.000  50.000  50.000  50.000  0.000  0.000  0.000  0.000  0.000  0.000  0.000  0.000  50000.000  1.214  0.021  0.033  -0.950  1.533  0.491  -2.289  -2.289  -2.316  -2.932  -2.277  -2.289  -2.277  -2.277  0.796
  650684.110  4765345.760  1063.420  1.000  -99.000  -99.000  -99.000  -99.000  0.000  0.000  0.000  0.000  0.000  100.000  0.000  0.000  0.000  0.000  35000.000  -99.000  -99.000  -99.000  -99.000  -2.443  -2.932  -2.277  -2.277  -2.302  1.501  -2.264  -2.277  -2.264  -2.264  0.133
  651126.920  4765383.700  1072.860  1.000  0.010  0.050  18.000  25.000  0.000  0.000  0.000  0.000  0.000  0.000  0.000  0.000  0.000  0.000  0.000  -2.591  0.022  -0.579  -1.157  -2.425  -2.869  -2.264  -2.264  -2.289  -2.869  -2.252  -2.264  -2.252  -2.252  -3.258
  650611.070  4765753.470  815.410  1.000  0.150  0.030  84.600  66.200  0.000  5.000  0.000  0.000  0.000  95.000  0.000  0.000  0.000  0.000  50000.000  -0.947  -0.517  0.771  0.484  -2.407  -0.931  -2.252  -2.252  -2.277  1.246  -2.241  -2.252  -2.241  -2.241  0.798
  651495.130  4765892.870  774.740  1.000  1.660  0.050  36.000  890.000  0.000  0.000  30.000  15.000  0.000  55.000  0.000  0.000  0.000  0.000  40000.000  1.264  0.023  0.008  1.727  -2.391  -2.816  2.407  2.548  -2.264  -0.139  -2.229  -2.241  -2.229  -2.229  0.209
  651336.690  4766653.870  198.180  1.000  -99.000  -99.000  -99.000  -99.000  0.000  15.000  0.000  0.000  0.000  85.000  0.000  0.000  0.000  0.000  10000.000  -99.000  -99.000  -99.000  -99.000  -2.375  -0.479  -2.241  -2.241  -2.252  0.817  -2.218  -2.229  -2.218  -2.218  -1.762
  651375.080  4766774.960  159.840  1.000  1.350  0.090  105.000  50.000  0.000  90.000  0.000  0.000  0.000  10.000  0.000  0.000  0.000  0.000  30000.000  0.970  0.613  0.964  -0.949  -2.359  1.711  -2.229  -2.229  -2.241  -1.310  -2.207  -2.218  -2.207  -2.207  -0.496
  651281.410  4765419.450  794.050  1.000  1.430  0.020  22.000  50.000  25.000  0.000  0.000  0.000  0.000  75.000  0.000  0.000  0.000  0.000  60000.000  1.057  -0.953  -0.416  -0.947  1.122  -2.770  -2.218  -2.218  -2.229  0.455  -2.197  -2.207  -2.197  -2.197  1.199
  651497.900  4765752.580  802.230  1.000  0.020  0.030  5.000  50.000  0.000  0.000  5.000  0.000  0.000  95.000  0.000  0.000  0.000  0.000  50000.000  -1.929  -0.516  -1.781  -0.945  -2.344  -2.729  1.780  -2.207  -2.218  1.248  -2.186  -2.197  -2.186  -2.186  0.799
  650584.170  4765285.850  1073.980  1.000  -99.000  -99.000  -99.000  -99.000  0.000  2.000  0.000  0.000  0.000  98.000  0.000  0.000  0.000  0.000  25000.000  -99.000  -99.000  -99.000  -99.000  -2.330  -0.956  -2.207  -2.197  -2.207  1.448  -2.176  -2.186  -2.176  -2.176  -0.593
  651543.910  4765507.340  493.030  1.000  0.630  0.000  75.000  150.000  0.000  80.000  0.000  0.000  0.000  20.000  0.000  0.000  0.000  0.000  30000.000  -0.006  -2.976  0.657  0.792  -2.316  1.382  -2.197  -2.186  -2.197  -1.028  -2.166  -2.176  -2.166  -2.166  -0.495
  651067.400  4764681.920  1002.710  1.000  0.390  0.020  65.200  853.000  0.000  15.000  0.000  0.000  0.000  85.000  0.000  0.000  0.000  0.000  60000.000  -0.396  -0.951  0.541  1.709  -2.302  -0.478  -2.186  -2.176  -2.186  0.818  -2.157  -2.166  -2.157  -2.157  1.201
  651372.110  4766661.600  149.500  1.000  -99.000  -99.000  -99.000  -99.000  0.000  5.000  0.000  0.000  0.000  95.000  0.000  0.000  0.000  0.000  10000.000  -99.000  -99.000  -99.000  -99.000  -2.289  -0.930  -2.176  -2.166  -2.176  1.250  -2.147  -2.157  -2.147  -2.147  -1.757
  650775.950  4765256.300  1033.790  1.000  -99.000  -99.000  -99.000  -99.000  0.000  5.000  0.000  0.000  0.000  95.000  0.000  0.000  0.000  0.000  35000.000  -99.000  -99.000  -99.000  -99.000  -2.277  -0.928  -2.166  -2.157  -2.166  1.252  -2.138  -2.147  -2.138  -2.138  0.134
  650923.660  4765267.810  1071.150  1.000  -99.000  -99.000  -99.000  -99.000  0.000  0.000  0.000  0.000  0.000  100.000  0.000  0.000  0.000  0.000  20000.000  -99.000  -99.000  -99.000  -99.000  -2.264  -2.692  -2.157  -2.147  -2.157  1.503  -2.129  -2.138  -2.129  -2.129  -1.026
  650758.700  4764945.230  1135.080  1.000  0.080  0.010  34.720  296.400  0.000  0.000  100.000  0.000  0.000  0.000  0.000  0.000  0.000  0.000  10000.000  -1.285  -1.459  -0.012  1.132  -2.252  -2.658  3.258  -2.138  -2.147  -2.816  -2.120  -2.129  -2.120  -2.120  -1.753
  651532.810  4765977.860  429.390  1.000  0.540  0.040  230.000  430.000  0.000  30.000  0.000  0.000  0.000  70.000  0.000  0.000  0.000  0.000  20000.000  -0.154  -0.206  1.907  1.278  -2.241  -0.075  -2.147  -2.129  -2.138  0.197  -2.111  -2.120  -2.111  -2.111  -1.025
  651130.940  4765573.170  969.780  1.000  0.470  0.020  40.000  50.000  20.000  0.000  10.000  0.000  0.000  70.000  0.000  0.000  0.000  0.000  30000.000  -0.271  -0.950  0.098  -0.943  0.930  -2.628  1.789  -2.120  -2.129  0.198  -2.102  -2.111  -2.102  -2.102  -0.493
  651419.210  4765493.190  863.750  1.000  0.150  0.010  17.000  50.000  0.000  10.000  0.000  0.000  0.000  90.000  0.000  0.000  0.000  0.000  50000.000  -0.945  -1.456  -0.615  -0.942  -2.229  -0.791  -2.138  -2.111  -2.120  0.901  -2.094  -2.102  -2.094  -2.094  0.800
  650572.970  4765757.570  916.380  1.000  0.670  0.000  5.700  10.000  0.000  90.000  0.000  0.000  0.000  10.000  0.000  0.000  0.000  0.000  20000.000  0.063  -2.898  -1.223  -1.592  -2.218  1.715  -2.129  -2.102  -2.111  -1.308  -2.086  -2.094  -2.086  -2.086  -1.023
  651376.080  4765322.140  495.700  1.000  0.870  0.020  115.000  50.000  0.000  70.000  0.000  0.000  0.000  30.000  0.000  0.000  0.000  0.000  25000.000  0.370  -0.948  1.084  -0.940  -2.207  1.038  -2.120  -2.094  -2.102  -0.815  -2.077  -2.086  -2.077  -2.077  -0.592
  651410.600  4765682.250  936.460  1.000  0.000  0.000  21.000  50.000  0.000  0.000  0.000  0.000  0.000  0.000  0.000  0.000  0.000  0.000  0.000  -3.227  -2.835  -0.451  -0.938  -2.197  -2.599  -2.111  -2.086  -2.094  -2.770  -2.069  -2.077  -2.069  -2.069  -3.110
  651352.590  4765480.980  819.560  1.000  0.530  0.030  13.000  210.000  40.000  0.000  0.000  0.000  10.000  50.000  0.000  0.000  0.000  0.000  40000.000  -0.171  -0.515  -0.810  0.969  1.384  -2.573  -2.102  -2.077  1.784  -0.331  -2.062  -2.069  -2.062  -2.062  0.210
  651375.420  4765461.270  383.130  1.000  0.400  0.030  180.000  1150.000  10.000  10.000  10.000  20.000  0.000  50.000  0.000  0.000  0.000  0.000  40000.000  -0.379  -0.514  1.598  1.939  0.695  -0.790  1.793  2.599  -2.086  -0.330  -2.054  -2.062  -2.054  -2.054  0.211
  651307.100  4765494.060  747.040  1.000  2.210  0.050  16.000  50.000  20.000  70.000  0.000  0.000  0.000  10.000  0.000  0.000  0.000  0.000  40000.000  1.647  0.024  -0.650  -0.937  0.931  1.039  -2.094  -2.069  -2.077  -1.305  -2.046  -2.054  -2.046  -2.046  0.211
  651020.780  4765375.350  956.450  1.000  -99.000  -99.000  -99.000  -99.000  0.000  6.000  0.500  0.000  0.500  93.000  0.000  0.000  0.000  0.000  30000.000  -99.000  -99.000  -99.000  -99.000  -2.186  -0.813  1.736  -2.062  1.753  1.226  -2.039  -2.046  -2.039  -2.039  -0.492
  650889.550  4765953.590  742.300  1.000  0.300  0.050  23.000  50.000  0.000  20.000  0.000  0.000  0.000  80.000  0.000  0.000  0.000  0.000  20000.000  -0.561  0.025  -0.377  -0.935  -2.176  -0.404  -2.086  -2.054  -2.069  0.515  -2.031  -2.039  -2.031  -2.031  -1.022
  651293.380  4765876.540  576.420  1.000  0.790  0.080  52.000  670.000  30.000  0.000  0.000  0.000  10.000  60.000  0.000  0.000  0.000  0.000  45000.000  0.256  0.507  0.324  1.527  1.141  -2.548  -2.077  -2.046  1.789  -0.100  -2.024  -2.031  -2.024  -2.024  0.745
  651416.070  4765933.820  838.980  1.000  1.190  0.050  115.000  1050.000  0.000  50.000  0.000  0.000  0.000  50.000  0.000  0.000  0.000  0.000  40000.000  0.781  0.026  1.086  1.861  -2.166  0.492  -2.069  -2.039  -2.062  -0.329  -2.017  -2.024  -2.017  -2.017  0.212
  651325.940  4765980.580  555.910  1.000  0.310  0.070  37.000  50.000  0.000  30.000  0.000  0.000  0.000  70.000  0.000  0.000  0.000  0.000  30000.000  -0.539  0.390  0.034  -0.934  -2.157  -0.074  -2.062  -2.031  -2.054  0.199  -2.009  -2.017  -2.009  -2.009  -0.491
  651220.630  4765573.430  871.620  1.000  0.600  0.080  120.000  500.000  20.000  0.000  0.000  0.000  0.000  80.000  0.000  0.000  0.000  0.000  100000.000  -0.050  0.508  1.133  1.357  0.933  -2.524  -2.054  -2.024  -2.046  0.516  -2.002  -2.009  -2.002  -2.002  1.975
  651844.180  4766190.680  516.600  1.000  0.780  0.000  55.000  160.000  10.000  0.000  10.000  0.000  10.000  70.000  0.000  0.000  0.000  0.000  40000.000  0.235  -2.781  0.380  0.817  0.696  -2.502  1.798  -2.017  1.793  0.200  -1.996  -2.002  -1.996  -1.996  0.213
  650494.910  4765466.230  848.940  1.000  -99.000  -99.000  -99.000  -99.000  0.000  5.000  0.000  0.000  0.000  95.000  0.000  0.000  0.000  0.000  30000.000  -99.000  -99.000  -99.000  -99.000  -2.147  -0.927  -2.046  -2.009  -2.039  1.254  -1.989  -1.996  -1.989  -1.989  -0.490
  651242.590  4765237.440  707.920  1.000  0.530  0.030  230.000  400.000  10.000  30.000  0.000  0.000  0.000  60.000  0.000  0.000  0.000  0.000  50000.000  -0.169  -0.513  1.914  1.248  0.697  -0.073  -2.039  -2.002  -2.031  -0.099  -1.982  -1.989  -1.982  -1.982  0.802
  651211.080  4765584.030  1016.200  1.000  0.220  0.010  100.000  280.000  10.000  0.000  0.000  0.000  40.000  50.000  0.000  0.000  0.000  0.000  30000.000  -0.738  -1.453  0.936  1.097  0.699  -2.481  -2.031  -1.996  2.729  -0.328  -1.975  -1.982  -1.975  -1.975  -0.489
  650657.230  4765371.840  955.750  1.000  -99.000  -99.000  -99.000  -99.000  0.000  0.000  0.000  0.000  0.000  100.000  0.000  0.000  0.000  0.000  20000.000  -99.000  -99.000  -99.000  -99.000  -2.138  -2.462  -2.024  -1.989  -2.024  1.506  -1.969  -1.975  -1.969  -1.969  -1.020
  651398.510  4765949.040  779.340  1.000  1.190  0.030  24.000  170.000  30.000  30.000  0.000  0.000  0.000  40.000  0.000  0.000  0.000  0.000  60000.000  0.783  -0.511  -0.336  0.855  1.143  -0.072  -2.017  -1.982  -2.017  -0.558  -1.962  -1.969  -1.962  -1.962  1.203
  651475.370  4765530.380  700.260  1.000  0.960  0.010  50.000  560.000  20.000  20.000  0.000  0.000  0.000  60.000  0.000  0.000  0.000  0.000  40000.000  0.488  -1.450  0.291  1.428  0.934  -0.403  -2.009  -1.975  -2.009  -0.099  -1.956  -1.962  -1.956  -1.956  0.214
  651481.840  4765653.330  657.510  1.000  1.800  0.040  62.000  280.000  20.000  30.000  0.000  0.000  0.000  50.000  0.000  0.000  0.000  0.000  60000.000  1.382  -0.205  0.484  1.098  0.935  -0.071  -2.002  -1.969  -2.002  -0.327  -1.950  -1.956  -1.950  -1.950  1.204
  651210.630  4765581.150  837.920  1.000  0.720  0.030  33.000  110.000  0.000  25.000  0.000  0.000  10.000  65.000  0.000  0.000  0.000  0.000  50000.000  0.146  -0.510  -0.056  0.583  -2.129  -0.135  -1.996  -1.962  1.798  0.137  -1.943  -1.950  -1.943  -1.943  0.803
  650755.640  4765273.030  922.900  1.000  -99.000  -99.000  -99.000  -99.000  0.000  5.000  0.000  0.000  0.000  95.000  0.000  0.000  0.000  0.000  35000.000  -99.000  -99.000  -99.000  -99.000  -2.120  -0.925  -1.989  -1.956  -1.996  1.256  -1.937  -1.943  -1.937  -1.937  0.135
  651152.210  4765440.670  666.640  1.000  0.470  0.030  120.000  210.000  0.000  0.000  0.000  0.000  0.000  100.000  0.000  0.000  0.000  0.000  40000.000  -0.270  -0.509  1.135  0.971  -2.111  -2.443  -1.982  -1.950  -1.989  1.509  -1.931  -1.937  -1.931  -1.931  0.215
  651449.270  4765797.390  613.490  1.000  3.160  0.130  25.000  130.000  0.000  40.000  0.000  0.000  0.000  60.000  0.000  0.000  0.000  0.000  55000.000  2.076  0.917  -0.295  0.698  -2.102  0.222  -1.975  -1.943  -1.982  -0.098  -1.925  -1.931  -1.925  -1.925  1.176
  651330.320  4765478.100  1013.180  1.000  0.010  0.010  10.000  -99.000  0.000  0.000  0.000  0.000  0.000  0.000  0.000  0.000  0.000  0.000  0.000  -2.562  -1.447  -1.012  -99.000  -2.094  -2.425  -1.969  -1.937  -1.975  -2.729  -1.919  -1.925  -1.919  -1.919  -3.009
  650924.870  4765242.580  1114.300  1.000  0.010  0.000  5.000  50.000  0.000  0.000  0.000  0.000  0.000  100.000  0.000  0.000  0.000  0.000  20000.000  -2.535  -2.734  -1.776  -0.932  -2.086  -2.407  -1.962  -1.931  -1.969  1.512  -1.913  -1.919  -1.913  -1.913  -1.019
  651356.680  4765259.800  676.330  1.000  0.210  0.010  33.000  150.000  0.000  10.000  0.000  0.000  20.000  70.000  0.000  0.000  0.000  0.000  40000.000  -0.760  -1.444  -0.055  0.794  -2.077  -0.789  -1.956  -1.925  2.157  0.201  -1.908  -1.913  -1.908  -1.908  0.216
  650920.900  4765551.130  991.380  1.000  0.220  0.030  46.000  -99.000  0.000  20.000  0.000  0.000  0.000  80.000  0.000  0.000  0.000  0.000  50000.000  -0.737  -0.508  0.222  -99.000  -2.069  -0.402  -1.950  -1.919  -1.962  0.517  -1.902  -1.908  -1.902  -1.902  0.804
  651898.090  4766129.880  458.500  1.000  0.220  0.020  28.000  290.000  0.000  0.000  0.000  0.000  0.000  100.000  0.000  0.000  0.000  0.000  30000.000  -0.735  -0.947  -0.186  1.118  -2.062  -2.391  -1.943  -1.913  -1.956  1.515  -1.896  -1.902  -1.896  -1.896  -0.488
  651404.070  4765944.290  797.960  1.000  1.140  0.050  36.000  50.000  0.000  60.000  0.000  0.000  0.000  40.000  0.000  0.000  0.000  0.000  50000.000  0.716  0.027  0.009  -0.930  -2.054  0.724  -1.937  -1.908  -1.950  -0.557  -1.890  -1.896  -1.890  -1.890  0.805
  651331.080  4765528.820  936.430  1.000  1.160  0.020  39.000  540.000  0.000  0.000  0.000  0.000  0.000  100.000  0.000  0.000  0.000  0.000  20000.000  0.748  -0.945  0.085  1.416  -2.046  -2.375  -1.931  -1.902  -1.943  1.518  -1.885  -1.890  -1.885  -1.885  -1.017
  650809.840  4766125.160  792.750  1.000  0.160  0.040  10.000  360.000  0.000  15.000  0.000  0.000  0.000  85.000  0.000  0.000  0.000  0.000  40000.000  -0.900  -0.204  -1.010  1.189  -2.039  -0.477  -1.925  -1.896  -1.937  0.820  -1.879  -1.885  -1.879  -1.879  0.217
  651310.850  4765458.380  811.760  1.000  1.090  0.040  59.000  2290.000  30.000  0.000  10.000  0.000  0.000  60.000  0.000  0.000  0.000  0.000  30000.000  0.666  -0.203  0.444  2.553  1.145  -2.359  1.803  -1.890  -1.931  -0.097  -1.874  -1.879  -1.874  -1.874  -0.487
  651033.380  4765363.000  1001.100  1.000  -99.000  -99.000  -99.000  -99.000  0.000  4.000  1.000  0.000  0.000  95.000  0.000  0.000  0.000  0.000  45000.000  -99.000  -99.000  -99.000  -99.000  -2.031  -0.938  1.740  -1.885  -1.925  1.258  -1.869  -1.874  -1.869  -1.869  0.746
  651418.970  4765497.610  857.080  1.000  0.220  0.020  11.000  50.000  0.000  30.000  0.000  0.000  0.000  70.000  0.000  0.000  0.000  0.000  40000.000  -0.734  -0.943  -0.923  -0.929  -2.024  -0.070  -1.919  -1.879  -1.919  0.202  -1.863  -1.869  -1.863  -1.863  0.218
  651289.920  4765435.160  619.810  1.000  1.880  0.040  74.000  50.000  0.000  60.000  0.000  0.000  0.000  40.000  0.000  0.000  0.000  0.000  40000.000  1.438  -0.202  0.647  -0.927  -2.017  0.725  -1.913  -1.874  -1.913  -0.556  -1.858  -1.863  -1.858  -1.858  0.219
  651496.940  4765639.350  709.590  1.000  1.700  0.040  16.000  270.000  30.000  10.000  0.000  0.000  0.000  60.000  0.000  0.000  0.000  0.000  40000.000  1.295  -0.201  -0.648  1.075  1.146  -0.787  -1.908  -1.869  -1.908  -0.096  -1.853  -1.858  -1.853  -1.853  0.220
  651331.890  4765548.370  908.640  1.000  0.710  0.000  5.000  50.000  0.000  10.000  0.000  0.000  0.000  90.000  0.000  0.000  0.000  0.000  10000.000  0.129  -2.693  -1.771  -0.925  -2.009  -0.786  -1.902  -1.863  -1.902  0.903  -1.848  -1.853  -1.848  -1.848  -1.749
  651455.180  4766131.140  559.470  1.000  0.910  0.020  88.000  220.000  0.000  60.000  0.000  0.000  0.000  40.000  0.000  0.000  0.000  0.000  40000.000  0.430  -0.942  0.801  0.988  -2.002  0.726  -1.896  -1.858  -1.896  -0.555  -1.842  -1.848  -1.842  -1.842  0.221
  651217.180  4765068.650  641.400  1.000  0.800  0.080  210.000  140.000  0.000  30.000  0.000  0.000  0.000  70.000  0.000  0.000  0.000  0.000  50000.000  0.270  0.509  1.807  0.742  -1.996  -0.069  -1.890  -1.853  -1.890  0.203  -1.837  -1.842  -1.837  -1.837  0.807
  651433.680  4765430.250  815.460  1.000  0.530  0.010  250.000  730.000  0.000  30.000  0.000  0.000  0.000  70.000  0.000  0.000  0.000  0.000  30000.000  -0.168  -1.441  2.015  1.584  -1.989  -0.068  -1.885  -1.848  -1.885  0.204  -1.832  -1.837  -1.832  -1.832  -0.486
  650582.750  4765471.350  456.740  1.000  0.130  0.040  23.600  16.200  0.000  10.000  0.000  0.000  0.000  90.000  0.000  0.000  0.000  0.000  40000.000  -1.016  -0.200  -0.341  -1.363  -1.982  -0.785  -1.879  -1.842  -1.879  0.904  -1.827  -1.832  -1.827  -1.827  0.222
  651243.350  4765561.690  753.530  1.000  1.970  0.050  165.000  170.000  10.000  70.000  0.000  0.000  0.000  20.000  0.000  0.000  0.000  0.000  30000.000  1.490  0.028  1.481  0.857  0.700  1.041  -1.874  -1.837  -1.874  -1.026  -1.822  -1.827  -1.822  -1.822  -0.485
  651546.270  4765877.450  363.490  1.000  0.870  0.040  110.000  170.000  0.000  60.000  0.000  0.000  0.000  40.000  0.000  0.000  0.000  0.000  30000.000  0.371  -0.199  1.031  0.858  -1.975  0.728  -1.869  -1.832  -1.869  -0.554  -1.817  -1.822  -1.817  -1.817  -0.484
  651181.940  4765601.310  913.630  1.000  0.670  0.030  72.000  210.000  30.000  0.000  0.000  0.000  0.000  70.000  0.000  0.000  0.000  0.000  30000.000  0.064  -0.507  0.623  0.972  1.148  -2.344  -1.863  -1.827  -1.863  0.205  -1.813  -1.817  -1.813  -1.813  -0.483
  650236.460  4765247.440  848.410  1.000  0.320  0.080  67.100  235.000  0.000  5.000  0.000  0.000  0.000  95.000  0.000  0.000  0.000  0.000  40000.000  -0.525  0.510  0.560  1.022  -1.969  -0.924  -1.858  -1.822  -1.858  1.261  -1.808  -1.813  -1.808  -1.808  0.223
  650485.610  4765096.360  972.700  1.000  0.040  0.020  30.400  7.580  0.000  5.000  0.000  0.000  0.000  95.000  0.000  0.000  0.000  0.000  20000.000  -1.627  -0.940  -0.105  -1.798  -1.962  -0.923  -1.853  -1.817  -1.853  1.263  -1.803  -1.808  -1.803  -1.803  -1.015
  651323.590  4765499.810  977.420  1.000  0.550  0.000  16.000  550.000  0.000  20.000  0.000  0.000  0.000  80.000  0.000  0.000  0.000  0.000  50000.000  -0.138  -2.655  -0.647  1.419  -1.956  -0.401  -1.848  -1.813  -1.848  0.518  -1.798  -1.803  -1.798  -1.798  0.808
  651429.630  4765687.340  925.720  1.000  0.000  0.010  43.000  50.000  0.000  0.000  0.000  0.000  0.000  0.000  0.000  0.000  0.000  0.000  0.000  -3.078  -1.438  0.160  -0.924  -1.950  -2.330  -1.842  -1.808  -1.842  -2.692  -1.793  -1.798  -1.793  -1.793  -2.932
  650685.070  4765344.850  1067.200  1.000  -99.000  -99.000  -99.000  -99.000  0.000  0.000  0.000  0.000  0.000  100.000  0.000  0.000  0.000  0.000  35000.000  -99.000  -99.000  -99.000  -99.000  -1.943  -2.316  -1.837  -1.803  -1.837  1.521  -1.789  -1.793  -1.789  -1.789  0.136
  650544.200  4765036.910  1081.900  1.000  0.500  0.200  20.350  32.250  0.000  10.000  0.000  0.000  0.000  90.000  0.000  0.000  0.000  0.000  30000.000  -0.224  1.243  -0.458  -1.045  -1.937  -0.784  -1.832  -1.798  -1.832  0.905  -1.784  -1.789  -1.784  -1.784  -0.482
  651433.580  4765670.880  805.690  1.000  0.810  0.020  80.000  390.000  0.000  0.000  0.000  20.000  0.000  80.000  0.000  0.000  0.000  0.000  40000.000  0.293  -0.938  0.716  1.227  -1.931  -2.302  -1.827  2.628  -1.827  0.519  -1.780  -1.784  -1.780  -1.780  0.224
  650894.770  4765951.070  721.070  1.000  0.230  0.040  5.000  50.000  0.000  30.000  0.000  0.000  0.000  70.000  0.000  0.000  0.000  0.000  30000.000  -0.700  -0.198  -1.766  -0.922  -1.925  -0.068  -1.822  -1.793  -1.822  0.206  -1.775  -1.780  -1.775  -1.775  -0.481
  651171.320  4765612.300  705.070  1.000  1.080  0.100  355.000  50.000  10.000  20.000  0.000  0.000  0.000  70.000  0.000  0.000  0.000  0.000  40000.000  0.656  0.684  2.421  -0.920  0.701  -0.400  -1.817  -1.789  -1.817  0.207  -1.771  -1.775  -1.771  -1.771  0.225
  651458.960  4765659.130  829.030  1.000  0.150  0.000  360.000  120.000  0.000  10.000  0.000  0.000  0.000  90.000  0.000  0.000  0.000  0.000  40000.000  -0.944  -2.622  2.441  0.639  -1.919  -0.782  -1.813  -1.784  -1.813  0.907  -1.766  -1.771  -1.766  -1.766  0.226
  650226.290  4765246.920  787.250  1.000  0.110  0.030  10.350  15.100  0.000  5.000  0.000  0.000  0.000  95.000  0.000  0.000  0.000  0.000  35000.000  -1.091  -0.506  -0.952  -1.388  -1.913  -0.921  -1.808  -1.780  -1.808  1.265  -1.762  -1.766  -1.762  -1.762  0.137
  651263.450  4765429.490  1018.260  1.000  0.010  0.000  16.000  50.000  0.000  0.000  0.000  0.000  0.000  0.000  0.000  0.000  0.000  0.000  0.000  -2.510  -2.590  -0.646  -0.919  -1.908  -2.289  -1.803  -1.775  -1.803  -2.658  -1.757  -1.762  -1.757  -1.757  -2.869
  651416.960  4765827.780  678.950  1.000  3.360  0.230  73.000  510.000  30.000  40.000  0.000  0.000  0.000  30.000  0.000  0.000  0.000  0.000  70000.000  2.154  1.350  0.633  1.371  1.150  0.223  -1.798  -1.771  -1.798  -0.813  -1.753  -1.757  -1.753  -1.753  1.600
  650601.120  4765754.540  841.560  1.000  0.060  0.030  12.400  209.000  0.000  0.000  0.000  0.000  0.000  100.000  0.000  0.000  0.000  0.000  40000.000  -1.406  -0.504  -0.830  0.967  -1.902  -2.277  -1.793  -1.766  -1.793  1.524  -1.749  -1.753  -1.749  -1.749  0.227
  651043.260  4765353.960  1036.660  1.000  -99.000  -99.000  -99.000  -99.000  0.000  4.000  1.000  0.000  0.000  95.000  0.000  0.000  0.000  0.000  45000.000  -99.000  -99.000  -99.000  -99.000  -1.896  -0.937  1.744  -1.762  -1.789  1.267  -1.744  -1.749  -1.744  -1.744  0.747
  651414.810  4766173.790  660.690  1.000  1.450  0.060  22.000  380.000  30.000  40.000  0.000  0.000  0.000  30.000  0.000  0.000  0.000  0.000  40000.000  1.076  0.243  -0.415  1.213  1.152  0.224  -1.789  -1.757  -1.784  -0.812  -1.740  -1.744  -1.740  -1.740  0.228
  651166.710  4765611.720  951.360  1.000  1.000  0.040  26.000  50.000  20.000  0.000  0.000  0.000  20.000  60.000  0.000  0.000  0.000  0.000  30000.000  0.555  -0.197  -0.246  -0.917  0.937  -2.264  -1.784  -1.753  2.166  -0.095  -1.736  -1.740  -1.736  -1.736  -0.480
  651361.910  4765980.020  658.510  1.000  1.420  0.140  160.000  50.000  10.000  40.000  10.000  0.000  0.000  40.000  0.000  0.000  0.000  0.000  50000.000  1.041  0.976  1.439  -0.915  0.702  0.225  1.808  -1.749  -1.780  -0.553  -1.731  -1.736  -1.731  -1.731  0.809
  650922.030  4766035.630  901.500  1.000  0.150  0.030  95.000  50.000  0.000  30.000  0.000  0.000  0.000  70.000  0.000  0.000  0.000  0.000  60000.000  -0.942  -0.503  0.890  -0.914  -1.890  -0.067  -1.780  -1.744  -1.775  0.208  -1.727  -1.731  -1.727  -1.727  1.206
  651370.970  4765972.250  688.200  1.000  0.960  0.020  18.000  50.000  0.000  70.000  0.000  0.000  0.000  30.000  0.000  0.000  0.000  0.000  60000.000  0.489  -0.937  -0.578  -0.912  -1.885  1.042  -1.775  -1.740  -1.771  -0.811  -1.723  -1.727  -1.723  -1.723  1.208
  650759.310  4764825.440  1083.220  1.000  0.110  0.020  5.030  317.400  0.000  0.000  0.000  0.000  0.000  100.000  0.000  0.000  0.000  0.000  40000.000  -1.089  -0.935  -1.262  1.161  -1.879  -2.252  -1.771  -1.736  -1.766  1.527  -1.719  -1.723  -1.719  -1.719  0.229
  650667.840  4765361.080  999.200  1.000  -99.000  -99.000  -99.000  -99.000  0.000  0.000  0.000  0.000  0.000  100.000  0.000  0.000  0.000  0.000  35000.000  -99.000  -99.000  -99.000  -99.000  -1.874  -2.241  -1.766  -1.731  -1.762  1.530  -1.715  -1.719  -1.715  -1.715  0.138
  651298.440  4765521.450  885.210  1.000  1.490  0.030  55.000  370.000  30.000  0.000  0.000  0.000  0.000  70.000  0.000  0.000  0.000  0.000  60000.000  1.135  -0.502  0.381  1.207  1.154  -2.229  -1.762  -1.727  -1.757  0.209  -1.711  -1.715  -1.711  -1.711  1.210
  651314.040  4765866.760  601.590  1.000  0.560  0.080  150.000  970.000  20.000  0.000  0.000  0.000  10.000  70.000  0.000  0.000  0.000  0.000  40000.000  -0.110  0.511  1.369  1.798  0.938  -2.218  -1.757  -1.723  1.803  0.210  -1.707  -1.711  -1.707  -1.707  0.230
  650762.750  4765266.860  965.880  1.000  -99.000  -99.000  -99.000  -99.000  0.000  5.000  0.000  0.000  0.000  95.000  0.000  0.000  0.000  0.000  30000.000  -99.000  -99.000  -99.000  -99.000  -1.869  -0.920  -1.753  -1.719  -1.753  1.269  -1.703  -1.707  -1.703  -1.703  -0.479
  650579.300  4765756.890  899.540  1.000  0.690  0.020  4.000  56.700  5.000  55.000  0.000  0.000  0.000  40.000  0.000  0.000  0.000  0.000  30000.000  0.097  -0.933  -1.976  0.460  0.634  0.706  -1.749  -1.715  -1.749  -0.551  -1.699  -1.703  -1.699  -1.699  -0.478
  651385.740  4765601.980  736.730  1.000  3.110  0.230  5.000  50.000  10.000  80.000  10.000  0.000  0.000  0.000  0.000  0.000  0.000  0.000  50000.000  2.049  1.352  -1.761  -0.911  0.703  1.384  1.813  -1.711  -1.744  -2.628  -1.695  -1.699  -1.695  -1.695  0.811
  650491.830  4765466.000  864.640  1.000  -99.000  -99.000  -99.000  -99.000  0.000  5.000  0.000  0.000  0.000  95.000  0.000  0.000  0.000  0.000  35000.000  -99.000  -99.000  -99.000  -99.000  -1.863  -0.918  -1.744  -1.707  -1.740  1.271  -1.691  -1.695  -1.691  -1.691  0.139
  651410.670  4765331.120  754.750  1.000  0.560  0.000  27.000  50.000  0.000  30.000  0.000  0.000  20.000  50.000  0.000  0.000  0.000  0.000  30000.000  -0.109  -2.562  -0.214  -0.909  -1.858  -0.066  -1.740  -1.703  2.176  -0.326  -1.687  -1.691  -1.687  -1.687  -0.477
  651418.870  4765499.820  853.750  1.000  0.350  0.030  21.000  50.000  0.000  15.000  0.000  0.000  0.000  85.000  0.000  0.000  0.000  0.000  60000.000  -0.475  -0.501  -0.449  -0.907  -1.853  -0.476  -1.736  -1.699  -1.736  0.821  -1.683  -1.687  -1.683  -1.683  1.212
  650906.810  4766045.960  947.990  1.000  0.290  0.030  26.000  50.000  0.000  40.000  0.000  0.000  0.000  60.000  0.000  0.000  0.000  0.000  50000.000  -0.586  -0.500  -0.245  -0.906  -1.848  0.226  -1.731  -1.695  -1.731  -0.094  -1.679  -1.683  -1.679  -1.679  0.812
  651389.440  4765482.550  664.290  1.000  1.440  0.030  33.000  170.000  40.000  0.000  0.000  0.000  0.000  60.000  0.000  0.000  0.000  0.000  70000.000  1.065  -0.498  -0.054  0.860  1.386  -2.207  -1.727  -1.691  -1.727  -0.093  -1.676  -1.679  -1.676  -1.676  1.604
  650236.130  4765247.420  846.440  1.000  0.520  0.110  10.000  888.000  0.000  5.000  0.000  0.000  0.000  95.000  0.000  0.000  0.000  0.000  40000.000  -0.194  0.754  -1.008  1.723  -1.842  -0.917  -1.723  -1.687  -1.723  1.273  -1.672  -1.676  -1.672  -1.672  0.231
  651338.220  4765732.940  743.760  1.000  3.870  0.160  20.000  430.000  60.000  0.000  0.000  0.000  0.000  40.000  0.000  0.000  0.000  0.000  60000.000  2.385  1.062  -0.487  1.281  1.719  -2.197  -1.719  -1.683  -1.719  -0.550  -1.668  -1.672  -1.668  -1.668  1.214
  651788.530  4766178.320  573.890  1.000  0.830  0.000  15.000  130.000  0.000  0.000  0.000  30.000  10.000  60.000  0.000  0.000  0.000  0.000  30000.000  0.317  -2.535  -0.704  0.699  -1.837  -2.186  -1.715  2.770  1.808  -0.092  -1.664  -1.668  -1.664  -1.664  -0.476
  651262.880  4765429.900  1016.380  1.000  0.030  0.020  56.000  140.000  0.000  0.000  0.000  0.000  0.000  100.000  0.000  0.000  0.000  0.000  10000.000  -1.783  -0.932  0.399  0.743  -1.832  -2.176  -1.711  -1.679  -1.715  1.533  -1.660  -1.664  -1.660  -1.660  -1.744
  651506.180  4765880.220  817.560  1.000  0.700  0.050  64.000  110.000  0.000  0.000  30.000  0.000  0.000  70.000  0.000  0.000  0.000  0.000  40000.000  0.116  0.029  0.513  0.584  -1.827  -2.166  2.425  -1.676  -1.711  0.211  -1.657  -1.660  -1.657  -1.657  0.232
  651305.650  4766536.470  413.400  1.000  -99.000  -99.000  -99.000  -99.000  0.000  5.000  0.000  0.000  0.000  95.000  0.000  0.000  0.000  0.000  25000.000  -99.000  -99.000  -99.000  -99.000  -1.822  -0.915  -1.707  -1.672  -1.707  1.275  -1.653  -1.657  -1.653  -1.653  -0.591
  651324.520  4765875.570  525.020  1.000  0.800  0.220  125.000  1798.000  0.000  20.000  0.000  0.000  0.000  80.000  0.000  0.000  0.000  0.000  50000.000  0.271  1.309  1.163  2.309  -1.817  -0.399  -1.703  -1.668  -1.703  0.520  -1.649  -1.653  -1.649  -1.649  0.813
  651415.280  4765998.020  439.850  1.000  0.550  0.060  130.000  50.000  0.000  80.000  0.000  0.000  0.000  20.000  0.000  0.000  0.000  0.000  30000.000  -0.137  0.244  1.208  -0.904  -1.813  1.386  -1.699  -1.664  -1.699  -1.025  -1.646  -1.649  -1.646  -1.646  -0.475
  651325.940  4765977.580  561.100  1.000  0.360  0.060  63.000  50.000  0.000  30.000  0.000  0.000  0.000  70.000  0.000  0.000  0.000  0.000  30000.000  -0.454  0.245  0.498  -0.903  -1.808  -0.065  -1.695  -1.660  -1.695  0.211  -1.642  -1.646  -1.642  -1.642  -0.473
  651353.780  4766622.560  387.620  1.000  -99.000  -99.000  -99.000  -99.000  0.000  15.000  0.000  0.000  0.000  85.000  0.000  0.000  0.000  0.000  50000.000  -99.000  -99.000  -99.000  -99.000  -1.803  -0.475  -1.691  -1.657  -1.691  0.822  -1.639  -1.642  -1.639  -1.639  0.815
  651332.780  4765564.740  885.930  1.000  0.980  0.030  19.000  -99.000  0.000  20.000  0.000  0.000  0.000  80.000  0.000  0.000  0.000  0.000  30000.000  0.514  -0.497  -0.529  -99.000  -1.798  -0.398  -1.687  -1.653  -1.687  0.521  -1.635  -1.639  -1.635  -1.635  -0.472
  651350.250  4766614.910  434.880  1.000  -99.000  -99.000  -99.000  -99.000  0.000  5.000  0.000  0.000  0.000  95.000  0.000  0.000  0.000  0.000  50000.000  -99.000  -99.000  -99.000  -99.000  -1.793  -0.914  -1.683  -1.649  -1.683  1.277  -1.631  -1.635  -1.631  -1.631  0.816
  651418.340  4766172.120  612.850  1.000  1.730  0.090  160.000  50.000  0.000  100.000  0.000  0.000  0.000  0.000  0.000  0.000  0.000  0.000  50000.000  1.322  0.614  1.442  -0.901  -1.789  2.157  -1.679  -1.646  -1.679  -2.599  -1.628  -1.631  -1.628  -1.628  0.817
  651209.510  4765582.030  834.180  1.000  0.840  0.010  30.000  50.000  0.000  60.000  0.000  0.000  0.000  40.000  0.000  0.000  0.000  0.000  40000.000  0.332  -1.435  -0.129  -0.899  -1.784  0.729  -1.676  -1.642  -1.676  -0.549  -1.624  -1.628  -1.624  -1.624  0.233
  651129.040  4765546.320  1009.520  1.000  0.670  0.030  59.000  410.000  0.000  0.000  0.000  0.000  20.000  80.000  0.000  0.000  0.000  0.000  40000.000  0.065  -0.496  0.445  1.262  -1.780  -2.157  -1.672  -1.639  2.186  0.522  -1.621  -1.624  -1.621  -1.621  0.234
  651417.450  4765448.240  760.570  1.000  1.180  0.020  38.000  160.000  30.000  0.000  0.000  0.000  0.000  70.000  0.000  0.000  0.000  0.000  50000.000  0.777  -0.930  0.056  0.819  1.156  -2.147  -1.668  -1.635  -1.672  0.212  -1.617  -1.621  -1.617  -1.617  0.818
  651296.600  4765781.450  823.180  1.000  1.230  0.050  45.000  50.000  0.000  25.000  0.000  0.000  0.000  75.000  0.000  0.000  0.000  0.000  45000.000  0.820  0.030  0.198  -0.898  -1.775  -0.134  -1.664  -1.631  -1.668  0.456  -1.614  -1.617  -1.614  -1.614  0.748
  651330.860  4765498.920  757.680  1.000  2.130  0.050  24.000  440.000  40.000  0.000  0.000  0.000  0.000  60.000  0.000  0.000  0.000  0.000  40000.000  1.596  0.031  -0.335  1.296  1.389  -2.138  -1.660  -1.628  -1.664  -0.091  -1.610  -1.614  -1.610  -1.610  0.235
  651257.850  4765558.170  915.510  1.000  1.630  0.080  53.000  3040.000  0.000  0.000  0.000  0.000  40.000  60.000  0.000  0.000  0.000  0.000  120000.000  1.237  0.513  0.339  2.891  -1.771  -2.129  -1.657  -1.624  2.770  -0.090  -1.607  -1.610  -1.607  -1.607  2.330
  651498.000  4765889.500  785.890  1.000  1.470  0.000  57.000  180.000  0.000  0.000  15.000  15.000  0.000  70.000  0.000  0.000  0.000  0.000  40000.000  1.098  -2.510  0.409  0.891  -1.766  -2.120  2.120  2.573  -1.660  0.213  -1.604  -1.607  -1.604  -1.604  0.235
  651432.260  4765646.740  837.550  1.000  0.740  0.010  27.000  510.000  10.000  20.000  0.000  10.000  0.000  60.000  0.000  0.000  0.000  0.000  30000.000  0.181  -1.432  -0.213  1.374  0.704  -0.397  -1.653  2.407  -1.657  -0.089  -1.600  -1.604  -1.600  -1.600  -0.471
  651273.240  4765435.940  828.440  1.000  1.260  0.000  41.000  50.000  20.000  10.000  0.000  0.000  0.000  70.000  0.000  0.000  0.000  0.000  35000.000  0.859  -2.486  0.117  -0.896  0.940  -0.781  -1.649  -1.621  -1.653  0.214  -1.597  -1.600  -1.597  -1.597  0.140
  650657.670  4765371.360  957.640  1.000  -99.000  -99.000  -99.000  -99.000  0.000  0.000  0.000  0.000  0.000  100.000  0.000  0.000  0.000  0.000  20000.000  -99.000  -99.000  -99.000  -99.000  -1.762  -2.111  -1.646  -1.617  -1.649  1.536  -1.594  -1.597  -1.594  -1.594  -1.014
  651781.140  4766184.780  552.000  1.000  1.030  0.010  30.000  50.000  10.000  80.000  0.000  0.000  0.000  10.000  0.000  0.000  0.000  0.000  40000.000  0.586  -1.429  -0.128  -0.895  0.706  1.389  -1.642  -1.614  -1.646  -1.303  -1.590  -1.594  -1.590  -1.590  0.236
  650406.010  4765415.830  839.880  1.000  -99.000  -99.000  -99.000  -99.000  0.000  20.000  0.000  0.000  0.000  80.000  0.000  0.000  0.000  0.000  40000.000  -99.000  -99.000  -99.000  -99.000  -1.757  -0.396  -1.639  -1.610  -1.642  0.523  -1.587  -1.590  -1.587  -1.587  0.237
  651791.000  4766176.170  581.190  1.000  1.400  0.070  37.000  1900.000  10.000  0.000  0.000  0.000  20.000  70.000  0.000  0.000  0.000  0.000  45000.000  1.018  0.391  0.035  2.376  0.707  -2.102  -1.635  -1.607  2.197  0.215  -1.584  -1.587  -1.584  -1.584  0.750
  651366.650  4766650.140  218.340  1.000  -99.000  -99.000  -99.000  -99.000  0.000  5.000  0.000  0.000  0.000  95.000  0.000  0.000  0.000  0.000  20000.000  -99.000  -99.000  -99.000  -99.000  -1.753  -0.913  -1.631  -1.604  -1.639  1.279  -1.580  -1.584  -1.580  -1.580  -1.012
  651292.050  4765471.860  902.010  1.000  1.660  0.050  38.000  390.000  35.000  0.000  0.000  0.000  0.000  65.000  0.000  0.000  0.000  0.000  35000.000  1.266  0.032  0.057  1.229  1.377  -2.094  -1.628  -1.600  -1.635  0.138  -1.577  -1.580  -1.577  -1.577  0.141
  651414.650  4765830.840  688.180  1.000  6.950  0.620  34.000  1180.000  40.000  40.000  0.000  0.000  0.000  20.000  0.000  0.000  0.000  0.000  120000.000  3.529  2.198  -0.037  1.968  1.391  0.227  -1.624  -1.597  -1.631  -1.023  -1.574  -1.577  -1.574  -1.574  2.344
  651505.750  4766125.470  740.060  1.000  1.110  0.040  19.000  50.000  0.000  20.000  0.000  0.000  0.000  80.000  0.000  0.000  0.000  0.000  60000.000  0.686  -0.196  -0.527  -0.893  -1.749  -0.395  -1.621  -1.594  -1.628  0.524  -1.571  -1.574  -1.571  -1.571  1.216
  651231.020  4766406.400  471.000  1.000  0.120  0.020  24.800  12.900  0.000  5.000  0.000  0.000  0.000  95.000  0.000  0.000  0.000  0.000  60000.000  -1.048  -0.929  -0.299  -1.458  -1.744  -0.911  -1.617  -1.590  -1.624  1.282  -1.567  -1.571  -1.567  -1.567  1.218
  651372.790  4765464.090  880.080  1.000  0.010  0.000  28.000  50.000  0.000  0.000  0.000  0.000  0.000  100.000  0.000  0.000  0.000  0.000  10000.000  -2.486  -2.464  -0.185  -0.891  -1.740  -2.086  -1.614  -1.587  -1.621  1.539  -1.564  -1.567  -1.564  -1.564  -1.740
  651412.590  4765680.890  941.950  1.000  0.000  0.010  5.000  50.000  0.000  0.000  0.000  0.000  0.000  0.000  0.000  0.000  0.000  0.000  0.000  -2.976  -1.426  -1.756  -0.890  -1.736  -2.077  -1.610  -1.584  -1.617  -2.573  -1.561  -1.564  -1.561  -1.561  -2.816
  650776.820  4765255.680  1037.650  1.000  -99.000  -99.000  -99.000  -99.000  0.000  5.000  0.000  0.000  0.000  95.000  0.000  0.000  0.000  0.000  35000.000  -99.000  -99.000  -99.000  -99.000  -1.731  -0.910  -1.607  -1.580  -1.614  1.284  -1.558  -1.561  -1.558  -1.558  0.142
  651377.430  4765491.010  678.320  1.000  1.740  0.050  48.000  450.000  20.000  0.000  0.000  0.000  0.000  80.000  0.000  0.000  0.000  0.000  70000.000  1.332  0.033  0.255  1.306  0.941  -2.069  -1.604  -1.577  -1.610  0.525  -1.555  -1.558  -1.555  -1.555  1.607
  651296.180  4765648.320  948.700  1.000  1.290  0.020  27.000  390.000  0.000  0.000  0.000  0.000  20.000  80.000  0.000  0.000  0.000  0.000  50000.000  0.896  -0.927  -0.212  1.231  -1.727  -2.062  -1.600  -1.574  2.207  0.527  -1.552  -1.555  -1.552  -1.552  0.820
  650485.100  4765096.300  970.760  1.000  0.040  0.010  34.300  7.300  0.000  5.000  0.000  0.000  0.000  95.000  0.000  0.000  0.000  0.000  20000.000  -1.623  -1.423  -0.016  -1.820  -1.723  -0.908  -1.597  -1.571  -1.607  1.286  -1.549  -1.552  -1.549  -1.549  -1.011
  651452.620  4765684.150  556.050  1.000  2.000  0.130  25.000  50.000  0.000  90.000  0.000  0.000  0.000  10.000  0.000  0.000  0.000  0.000  40000.000  1.512  0.919  -0.294  -0.888  -1.719  1.719  -1.594  -1.567  -1.604  -1.301  -1.545  -1.549  -1.545  -1.545  0.238
  651354.010  4765728.810  641.950  1.000  4.680  0.260  70.000  230.000  30.000  0.000  70.000  0.000  0.000  0.000  0.000  0.000  0.000  0.000  40000.000  2.622  1.450  0.591  1.007  1.157  -2.054  3.110  -1.564  -1.600  -2.548  -1.542  -1.545  -1.542  -1.542  0.239
  651343.420  4766626.420  361.750  1.000  -99.000  -99.000  -99.000  -99.000  0.000  10.000  0.000  0.000  0.000  90.000  0.000  0.000  0.000  0.000  50000.000  -99.000  -99.000  -99.000  -99.000  -1.715  -0.780  -1.590  -1.561  -1.597  0.908  -1.539  -1.542  -1.539  -1.539  0.821
  651344.250  4765401.530  568.630  1.000  0.670  0.020  73.000  50.000  0.000  30.000  0.000  0.000  0.000  70.000  0.000  0.000  0.000  0.000  60000.000  0.066  -0.925  0.634  -0.887  -1.711  -0.064  -1.587  -1.558  -1.594  0.216  -1.536  -1.539  -1.536  -1.536  1.220
  651245.440  4765706.040  708.760  1.000  0.850  0.060  135.000  50.000  10.000  80.000  0.000  0.000  0.000  10.000  0.000  0.000  0.000  0.000  40000.000  0.348  0.246  1.250  -0.885  0.708  1.391  -1.584  -1.555  -1.590  -1.299  -1.533  -1.536  -1.533  -1.533  0.240
  650914.270  4765599.630  897.370  1.000  0.010  0.010  10.000  50.000  0.000  5.000  0.000  0.000  0.000  95.000  0.000  0.000  0.000  0.000  50000.000  -2.464  -1.420  -1.006  -0.883  -1.707  -0.907  -1.580  -1.552  -1.587  1.288  -1.530  -1.533  -1.530  -1.530  0.822
  651129.520  4766094.990  825.350  1.000  0.270  0.020  50.000  50.000  0.000  30.000  0.000  0.000  0.000  70.000  0.000  0.000  0.000  0.000  60000.000  -0.622  -0.924  0.292  -0.882  -1.703  -0.063  -1.577  -1.549  -1.584  0.217  -1.527  -1.530  -1.527  -1.527  1.222
  651320.780  4766503.960  494.310  1.000  -99.000  -99.000  -99.000  -99.000  0.000  10.000  0.000  0.000  0.000  90.000  0.000  0.000  0.000  0.000  15000.000  -99.000  -99.000  -99.000  -99.000  -1.699  -0.779  -1.574  -1.545  -1.580  0.910  -1.524  -1.527  -1.524  -1.524  -1.167
  651417.100  4765932.920  842.730  1.000  0.980  0.050  46.000  1690.000  0.000  70.000  0.000  0.000  0.000  30.000  0.000  0.000  0.000  0.000  30000.000  0.515  0.034  0.223  2.280  -1.695  1.044  -1.571  -1.542  -1.577  -0.809  -1.521  -1.524  -1.521  -1.521  -0.470
  651303.090  4765871.920  588.260  1.000  0.710  0.100  140.000  2500.000  10.000  0.000  0.000  0.000  10.000  80.000  0.000  0.000  0.000  0.000  45000.000  0.130  0.685  1.280  2.582  0.709  -2.046  -1.567  -1.539  1.813  0.528  -1.518  -1.521  -1.518  -1.518  0.751
  651159.190  4765622.900  661.980  1.000  0.430  0.040  47.000  50.000  0.000  20.000  0.000  0.000  0.000  80.000  0.000  0.000  0.000  0.000  40000.000  -0.335  -0.195  0.240  -0.880  -1.691  -0.394  -1.564  -1.536  -1.574  0.529  -1.515  -1.518  -1.515  -1.515  0.241
  651316.350  4766506.090  414.460  1.000  -99.000  -99.000  -99.000  -99.000  0.000  40.000  0.000  0.000  0.000  60.000  0.000  0.000  0.000  0.000  60000.000  -99.000  -99.000  -99.000  -99.000  -1.687  0.228  -1.561  -1.533  -1.571  -0.088  -1.512  -1.515  -1.512  -1.512  1.224
  651241.890  4765566.810  948.900  1.000  0.690  0.000  140.000  630.000  10.000  0.000  0.000  0.000  30.000  60.000  0.000  0.000  0.000  0.000  30000.000  0.098  -2.442  1.283  1.513  0.711  -2.039  -1.558  -1.530  2.524  -0.087  -1.509  -1.512  -1.509  -1.509  -0.469
  651326.490  4765378.700  654.770  1.000  1.830  0.030  42.000  1150.000  30.000  0.000  0.000  0.000  0.000  70.000  0.000  0.000  0.000  0.000  60000.000  1.409  -0.495  0.135  1.946  1.159  -2.031  -1.555  -1.527  -1.567  0.218  -1.506  -1.509  -1.506  -1.506  1.226
  651344.980  4766619.540  405.180  1.000  -99.000  -99.000  -99.000  -99.000  0.000  40.000  0.000  0.000  0.000  60.000  0.000  0.000  0.000  0.000  20000.000  -99.000  -99.000  -99.000  -99.000  -1.683  0.229  -1.552  -1.524  -1.564  -0.086  -1.503  -1.506  -1.503  -1.503  -1.009
  651351.720  4766618.100  415.190  1.000  -99.000  -99.000  -99.000  -99.000  0.000  5.000  0.000  0.000  0.000  95.000  0.000  0.000  0.000  0.000  50000.000  -99.000  -99.000  -99.000  -99.000  -1.679  -0.905  -1.549  -1.521  -1.561  1.290  -1.501  -1.503  -1.501  -1.501  0.824
  651263.590  4765433.680  849.540  1.000  0.580  0.000  77.000  260.000  0.000  0.000  0.000  30.000  0.000  70.000  0.000  0.000  0.000  0.000  70000.000  -0.079  -2.422  0.678  1.056  -1.676  -2.024  -1.545  2.816  -1.558  0.219  -1.498  -1.501  -1.498  -1.498  1.610
  651322.200  4765744.590  700.030  1.000  1.290  0.040  22.000  50.000  0.000  25.000  0.000  0.000  0.000  75.000  0.000  0.000  0.000  0.000  50000.000  0.897  -0.193  -0.414  -0.879  -1.672  -0.133  -1.542  -1.518  -1.555  0.457  -1.495  -1.498  -1.495  -1.495  0.825
  650492.600  4765466.060  860.720  1.000  -99.000  -99.000  -99.000  -99.000  0.000  3.000  0.000  0.000  0.000  97.000  0.000  0.000  0.000  0.000  20000.000  -99.000  -99.000  -99.000  -99.000  -1.668  -0.947  -1.539  -1.515  -1.552  1.440  -1.492  -1.495  -1.492  -1.492  -1.008
  651419.040  4765992.630  456.610  1.000  0.430  0.030  95.000  50.000  0.000  81.250  0.000  0.000  0.000  18.750  0.000  0.000  0.000  0.000  28800.000  -0.334  -0.494  0.891  -0.877  -1.664  1.691  -1.536  -1.512  -1.549  -1.033  -1.489  -1.492  -1.489  -1.489  -0.506
  651740.930  4766616.850  407.080  1.000  3.030  1.160  44.000  280.000  20.000  30.000  0.000  0.000  0.000  50.000  0.000  0.000  0.000  0.000  40000.000  2.001  2.734  0.182  1.100  0.943  -0.062  -1.533  -1.509  -1.545  -0.325  -1.486  -1.489  -1.486  -1.486  0.242
  651167.980  4764778.950  1094.200  1.000  0.090  0.010  3.510  19.940  0.000  30.000  0.000  0.000  0.000  70.000  0.000  0.000  0.000  0.000  60000.000  -1.208  -1.418  -2.056  -1.252  -1.660  -0.061  -1.530  -1.506  -1.542  0.220  -1.483  -1.486  -1.483  -1.483  1.228
  651021.170  4765268.450  640.350  1.000  0.220  0.030  58.000  50.000  0.000  20.000  0.000  0.000  0.000  80.000  0.000  0.000  0.000  0.000  60000.000  -0.733  -0.493  0.421  -0.876  -1.657  -0.393  -1.527  -1.503  -1.539  0.530  -1.481  -1.483  -1.481  -1.481  1.230
  650513.080  4765100.260  1079.140  1.000  0.040  0.010  3.400  17.500  0.000  5.000  0.000  0.000  0.000  95.000  0.000  0.000  0.000  0.000  40000.000  -1.619  -1.415  -2.074  -1.326  -1.653  -0.904  -1.524  -1.501  -1.536  1.292  -1.478  -1.481  -1.478  -1.478  0.243
  650772.850  4764956.510  1063.350  1.000  0.230  0.030  68.160  151.000  0.000  0.000  1.000  0.000  0.000  99.000  0.000  0.000  0.000  0.000  200000.000  -0.699  -0.491  0.578  0.811  -1.649  -2.017  1.749  -1.498  -1.533  1.470  -1.475  -1.478  -1.475  -1.475  3.110
  650361.890  4765047.970  973.450  1.000  2.070  0.830  23.400  12.400  0.000  55.000  0.000  0.000  0.000  45.000  0.000  0.000  0.000  0.000  40000.000  1.553  2.403  -0.345  -1.471  -1.646  0.707  -1.521  -1.495  -1.530  -0.349  -1.472  -1.475  -1.472  -1.472  0.244
  651897.390  4766130.530  456.740  1.000  0.320  0.010  13.000  390.000  10.000  0.000  0.000  0.000  0.000  90.000  0.000  0.000  0.000  0.000  30000.000  -0.524  -1.412  -0.808  1.234  0.712  -2.009  -1.518  -1.492  -1.527  0.911  -1.470  -1.472  -1.470  -1.470  -0.468
  651086.450  4765197.090  842.360  1.000  0.470  0.040  32.000  440.000  0.000  50.000  0.000  0.000  0.000  50.000  0.000  0.000  0.000  0.000  50000.000  -0.269  -0.192  -0.078  1.298  -1.642  0.493  -1.515  -1.489  -1.524  -0.324  -1.467  -1.470  -1.467  -1.467  0.826
  651128.970  4765545.220  1011.190  1.000  0.730  0.000  44.000  380.000  10.000  10.000  10.000  0.000  20.000  50.000  0.000  0.000  0.000  0.000  30000.000  0.167  -2.403  0.183  1.216  0.713  -0.777  1.817  -1.486  2.218  -0.323  -1.464  -1.467  -1.464  -1.464  -0.467
  651458.490  4765843.220  602.250  1.000  2.020  0.340  35.000  1080.000  30.000  30.000  0.000  0.000  0.000  40.000  0.000  0.000  0.000  0.000  30000.000  1.522  1.711  -0.011  1.892  1.161  -0.060  -1.512  -1.483  -1.521  -0.548  -1.461  -1.464  -1.461  -1.461  -0.466
  651246.260  4765579.520  530.010  1.000  0.080  0.000  49.000  50.000  0.000  10.000  0.000  0.000  0.000  90.000  0.000  0.000  0.000  0.000  20000.000  -1.283  -2.385  0.277  -0.874  -1.639  -0.776  -1.509  -1.481  -1.518  0.913  -1.459  -1.461  -1.459  -1.459  -1.006
  651153.500  4765439.420  670.220  1.000  0.500  0.040  110.000  50.000  0.000  20.000  0.000  0.000  10.000  70.000  0.000  0.000  0.000  0.000  50000.000  -0.223  -0.191  1.033  -0.872  -1.635  -0.392  -1.506  -1.478  1.817  0.221  -1.456  -1.459  -1.456  -1.456  0.828
  651479.130  4765769.030  730.450  1.000  0.220  0.000  14.000  50.000  0.000  0.000  10.000  0.000  0.000  90.000  0.000  0.000  0.000  0.000  40000.000  -0.731  -2.367  -0.754  -0.871  -1.631  -2.002  1.822  -1.475  -1.515  0.914  -1.453  -1.456  -1.453  -1.453  0.245
  651315.170  4765295.370  895.280  1.000  0.030  0.010  11.000  50.000  0.000  40.000  0.000  0.000  0.000  60.000  0.000  0.000  0.000  0.000  10000.000  -1.778  -1.409  -0.921  -0.869  -1.628  0.230  -1.503  -1.472  -1.512  -0.085  -1.451  -1.453  -1.451  -1.451  -1.736
  650853.300  4765966.360  869.960  1.000  0.030  0.000  5.000  50.000  0.000  0.000  0.000  0.000  0.000  100.000  0.000  0.000  0.000  0.000  30000.000  -1.773  -2.350  -1.751  -0.868  -1.624  -1.996  -1.501  -1.470  -1.509  1.542  -1.448  -1.451  -1.448  -1.448  -0.465
  651488.400  4765957.020  450.340  1.000  0.770  0.460  150.000  100.000  0.000  30.000  0.000  0.000  0.000  70.000  0.000  0.000  0.000  0.000  40000.000  0.221  2.008  1.371  0.548  -1.621  -0.059  -1.498  -1.467  -1.506  0.222  -1.445  -1.448  -1.445  -1.445  0.246
  651413.640  4766174.350  676.630  1.000  0.160  0.080  42.000  180.000  0.000  65.000  0.000  0.000  0.000  35.000  0.000  0.000  0.000  0.000  30000.000  -0.899  0.514  0.136  0.893  -1.617  1.009  -1.495  -1.464  -1.503  -0.578  -1.443  -1.445  -1.443  -1.443  -0.464
  651584.290  4765930.400  612.390  1.000  1.220  0.010  56.000  50.000  20.000  10.000  0.000  0.000  0.000  70.000  0.000  0.000  0.000  0.000  30000.000  0.806  -1.406  0.400  -0.866  0.944  -0.775  -1.492  -1.461  -1.501  0.223  -1.440  -1.443  -1.440  -1.440  -0.463
  651369.720  4766656.620  178.990  1.000  -99.000  -99.000  -99.000  -99.000  0.000  5.000  0.000  0.000  0.000  95.000  0.000  0.000  0.000  0.000  20000.000  -99.000  -99.000  -99.000  -99.000  -1.614  -0.903  -1.489  -1.459  -1.498  1.294  -1.437  -1.440  -1.437  -1.437  -1.004
  651456.570  4766746.100  253.820  1.000  -99.000  -99.000  -99.000  -99.000  0.000  60.000  0.000  0.000  0.000  40.000  0.000  0.000  0.000  0.000  30000.000  -99.000  -99.000  -99.000  -99.000  -1.610  0.730  -1.486  -1.456  -1.495  -0.547  -1.435  -1.437  -1.435  -1.435  -0.462
  651310.040  4765466.090  797.770  1.000  1.700  0.030  130.000  940.000  30.000  0.000  10.000  0.000  0.000  60.000  0.000  0.000  0.000  0.000  30000.000  1.297  -0.490  1.210  1.777  1.163  -1.989  1.827  -1.453  -1.492  -0.084  -1.432  -1.435  -1.432  -1.432  -0.461
  651272.550  4765326.350  853.980  1.000  0.660  0.040  41.000  260.000  0.000  50.000  0.000  0.000  0.000  50.000  0.000  0.000  0.000  0.000  40000.000  0.042  -0.190  0.118  1.058  -1.607  0.495  -1.483  -1.451  -1.489  -0.322  -1.429  -1.432  -1.429  -1.429  0.247
  651366.170  4765469.620  859.840  1.000  0.190  0.020  5.000  410.000  0.000  0.000  0.000  0.000  0.000  100.000  0.000  0.000  0.000  0.000  10000.000  -0.813  -0.922  -1.746  1.264  -1.604  -1.982  -1.481  -1.448  -1.486  1.545  -1.427  -1.429  -1.427  -1.427  -1.731
  651304.310  4765871.340  589.750  1.000  0.770  0.050  105.000  1090.000  40.000  0.000  0.000  0.000  20.000  40.000  0.000  0.000  0.000  0.000  20000.000  0.222  0.036  0.965  1.898  1.394  -1.975  -1.478  -1.445  2.229  -0.546  -1.424  -1.427  -1.424  -1.424  -1.003
  651068.590  4764703.970  1049.780  1.000  0.580  0.030  13.800  375.000  10.000  20.000  0.000  0.000  0.000  70.000  0.000  0.000  0.000  0.000  50000.000  -0.078  -0.489  -0.757  1.209  0.714  -0.391  -1.475  -1.443  -1.483  0.224  -1.422  -1.424  -1.422  -1.422  0.829
  651389.330  4765598.110  753.940  1.000  2.860  0.260  43.000  890.000  40.000  30.000  10.000  0.000  0.000  20.000  0.000  0.000  0.000  0.000  50000.000  1.884  1.453  0.161  1.732  1.396  -0.058  1.832  -1.440  -1.481  -1.022  -1.419  -1.422  -1.419  -1.419  0.830
  651499.440  4765887.810  791.470  1.000  1.270  0.020  39.000  520.000  10.000  0.000  20.000  5.000  10.000  55.000  0.000  0.000  0.000  0.000  40000.000  0.876  -0.921  0.086  1.390  0.715  -1.969  2.166  2.344  1.822  -0.138  -1.416  -1.419  -1.416  -1.416  0.248
  651127.530  4765512.820  856.510  1.000  0.200  0.020  104.000  205.000  0.000  0.000  15.000  0.000  0.000  85.000  0.000  0.000  0.000  0.000  40000.000  -0.800  -0.919  0.962  0.964  -1.600  -1.962  2.129  -1.437  -1.478  0.824  -1.414  -1.416  -1.414  -1.414  0.249
  650550.280  4765317.240  931.290  1.000  -99.000  -99.000  -99.000  -99.000  0.000  3.000  0.000  0.000  0.000  97.000  0.000  0.000  0.000  0.000  25000.000  -99.000  -99.000  -99.000  -99.000  -1.597  -0.946  -1.472  -1.435  -1.475  1.443  -1.411  -1.414  -1.411  -1.411  -0.590
  651345.410  4766617.660  417.030  1.000  -99.000  -99.000  -99.000  -99.000  5.000  45.000  0.000  0.000  0.000  50.000  0.000  0.000  0.000  0.000  30000.000  -99.000  -99.000  -99.000  -99.000  0.635  0.459  -1.470  -1.432  -1.472  -0.321  -1.409  -1.411  -1.409  -1.409  -0.460
  651409.960  4765471.990  614.630  1.000  2.080  0.020  36.000  50.000  0.000  70.000  0.000  0.000  0.000  30.000  0.000  0.000  0.000  0.000  40000.000  1.564  -0.917  0.010  -0.865  -1.594  1.046  -1.467  -1.429  -1.470  -0.808  -1.406  -1.409  -1.406  -1.406  0.250
  651311.840  4766528.560  478.630  1.000  -99.000  -99.000  -99.000  -99.000  0.000  5.000  0.000  0.000  0.000  95.000  0.000  0.000  0.000  0.000  15000.000  -99.000  -99.000  -99.000  -99.000  -1.590  -0.901  -1.464  -1.427  -1.467  1.297  -1.404  -1.406  -1.404  -1.404  -1.165
  651432.250  4766666.520  498.010  1.000  -99.000  -99.000  -99.000  -99.000  0.000  90.000  0.000  0.000  0.000  10.000  0.000  0.000  0.000  0.000  20000.000  -99.000  -99.000  -99.000  -99.000  -1.587  1.723  -1.461  -1.424  -1.464  -1.297  -1.401  -1.404  -1.401  -1.401  -1.001
  650553.280  4765314.260  944.640  1.000  -99.000  -99.000  -99.000  -99.000  0.000  0.000  0.000  0.000  0.000  100.000  0.000  0.000  0.000  0.000  15000.000  -99.000  -99.000  -99.000  -99.000  -1.584  -1.956  -1.459  -1.422  -1.461  1.549  -1.399  -1.401  -1.399  -1.399  -1.163
  651363.130  4766642.690  263.590  1.000  -99.000  -99.000  -99.000  -99.000  0.000  30.000  0.000  0.000  0.000  70.000  0.000  0.000  0.000  0.000  20000.000  -99.000  -99.000  -99.000  -99.000  -1.580  -0.057  -1.456  -1.419  -1.459  0.225  -1.396  -1.399  -1.396  -1.396  -1.000
  651227.180  4765363.380  751.540  1.000  1.560  0.030  90.000  50.000  70.000  20.000  0.000  0.000  0.000  10.000  0.000  0.000  0.000  0.000  30000.000  1.187  -0.488  0.829  -0.863  1.817  -0.390  -1.453  -1.416  -1.456  -1.294  -1.394  -1.396  -1.394  -1.394  -0.459
  651236.310  4765370.060  691.950  1.000  1.180  0.020  1370.000  50.000  0.000  0.000  0.000  0.000  0.000  0.000  0.000  0.000  0.000  0.000  0.000  0.779  -0.916  3.528  -0.861  -1.577  -1.950  -1.451  -1.414  -1.453  -2.524  -1.391  -1.394  -1.391  -1.391  -2.770
  651332.150  4765497.820  761.300  1.000  2.760  0.090  130.000  1540.000  60.000  0.000  0.000  0.000  0.000  40.000  0.000  0.000  0.000  0.000  60000.000  1.854  0.616  1.212  2.177  1.723  -1.943  -1.448  -1.411  -1.451  -0.545  -1.389  -1.391  -1.389  -1.389  1.232
  651548.480  4765583.880  704.620  1.000  0.020  0.020  5.000  50.000  0.000  0.000  0.000  0.000  0.000  100.000  0.000  0.000  0.000  0.000  10000.000  -1.922  -0.914  -1.742  -0.860  -1.574  -1.937  -1.445  -1.409  -1.448  1.552  -1.386  -1.389  -1.386  -1.386  -1.727
  651037.930  4765249.400  692.500  1.000  0.170  0.030  25.000  620.000  0.000  10.000  0.000  0.000  10.000  80.000  0.000  0.000  0.000  0.000  60000.000  -0.874  -0.487  -0.293  1.490  -1.571  -0.773  -1.443  -1.406  1.827  0.531  -1.384  -1.386  -1.384  -1.384  1.234
  650151.110  4764900.240  1146.880  1.000  0.030  0.000  5.000  16.900  0.000  0.000  0.000  0.000  0.000  100.000  0.000  0.000  0.000  0.000  10000.000  -1.768  -2.334  -1.737  -1.339  -1.567  -1.931  -1.440  -1.404  -1.445  1.555  -1.382  -1.384  -1.382  -1.382  -1.723
  651736.320  4766618.520  400.760  1.000  1.550  0.070  19.000  110.000  0.000  80.000  0.000  0.000  0.000  20.000  0.000  0.000  0.000  0.000  30000.000  1.178  0.392  -0.526  0.586  -1.564  1.394  -1.437  -1.401  -1.443  -1.020  -1.379  -1.382  -1.379  -1.379  -0.458
  650891.120  4766056.180  994.350  1.000  0.050  0.010  12.000  50.000  0.000  20.000  0.000  0.000  0.000  80.000  0.000  0.000  0.000  0.000  40000.000  -1.506  -1.403  -0.865  -0.858  -1.561  -0.389  -1.435  -1.399  -1.440  0.532  -1.377  -1.379  -1.377  -1.377  0.251
  651432.080  4765643.140  842.350  1.000  0.560  0.000  29.000  960.000  10.000  10.000  0.000  0.000  0.000  80.000  0.000  0.000  0.000  0.000  30000.000  -0.108  -2.318  -0.157  1.793  0.717  -0.772  -1.432  -1.396  -1.437  0.533  -1.374  -1.377  -1.374  -1.374  -0.457
  651142.920  4765142.140  739.630  1.000  0.220  0.020  100.000  300.000  0.000  30.000  0.000  0.000  10.000  60.000  0.000  0.000  0.000  0.000  40000.000  -0.730  -0.913  0.937  1.136  -1.558  -0.056  -1.429  -1.394  1.832  -0.083  -1.372  -1.374  -1.372  -1.372  0.252
  651311.660  4765450.660  825.750  1.000  1.150  0.030  35.000  920.000  30.000  0.000  10.000  0.000  0.000  60.000  0.000  0.000  0.000  0.000  30000.000  0.730  -0.485  -0.010  1.752  1.165  -1.925  1.837  -1.391  -1.435  -0.083  -1.370  -1.372  -1.370  -1.370  -0.456
  651337.060  4765514.080  757.700  1.000  3.070  0.000  27.000  740.000  30.000  0.000  20.000  0.000  0.000  50.000  0.000  0.000  0.000  0.000  80000.000  2.033  -2.303  -0.211  1.592  1.167  -1.919  2.176  -1.389  -1.432  -0.320  -1.367  -1.370  -1.367  -1.367  1.817
  650506.050  4765466.920  794.070  1.000  0.210  0.070  13.750  512.000  0.000  20.000  0.000  0.000  0.000  80.000  0.000  0.000  0.000  0.000  35000.000  -0.759  0.393  -0.760  1.388  -1.555  -0.388  -1.427  -1.386  -1.429  0.534  -1.365  -1.367  -1.365  -1.365  0.143
  651275.930  4765423.830  810.630  1.000  1.640  0.010  25.000  580.000  50.000  0.000  0.000  0.000  0.000  50.000  0.000  0.000  0.000  0.000  60000.000  1.252  -1.401  -0.292  1.437  1.536  -1.913  -1.424  -1.384  -1.427  -0.319  -1.362  -1.365  -1.362  -1.362  1.236
  651420.960  4766170.830  578.970  1.000  0.850  0.030  64.000  50.000  0.000  70.000  0.000  0.000  0.000  30.000  0.000  0.000  0.000  0.000  40000.000  0.349  -0.484  0.514  -0.857  -1.552  1.047  -1.422  -1.382  -1.424  -0.807  -1.360  -1.362  -1.360  -1.360  0.253
  650606.810  4765753.930  826.620  1.000  0.170  0.030  14.550  62.000  0.000  5.000  0.000  0.000  0.000  95.000  0.000  0.000  0.000  0.000  50000.000  -0.873  -0.483  -0.723  0.474  -1.549  -0.900  -1.419  -1.379  -1.422  1.299  -1.358  -1.360  -1.358  -1.358  0.832
  651471.170  4765534.880  672.940  1.000  1.470  0.000  30.000  50.000  40.000  0.000  0.000  0.000  0.000  60.000  0.000  0.000  0.000  0.000  50000.000  1.100  -2.289  -0.127  -0.855  1.399  -1.908  -1.416  -1.377  -1.419  -0.082  -1.355  -1.358  -1.355  -1.355  0.833
  651229.450  4765566.680  901.640  1.000  0.960  0.070  45.000  460.000  20.000  10.000  0.000  0.000  0.000  70.000  0.000  0.000  0.000  0.000  30000.000  0.491  0.395  0.199  1.321  0.946  -0.771  -1.414  -1.374  -1.416  0.226  -1.353  -1.355  -1.353  -1.353  -0.455
  651305.370  4765510.450  717.300  1.000  2.990  0.040  27.000  50.000  0.000  100.000  0.000  0.000  0.000  0.000  0.000  0.000  0.000  0.000  40000.000  1.971  -0.189  -0.210  -0.854  -1.545  2.166  -1.411  -1.372  -1.414  -2.502  -1.351  -1.353  -1.351  -1.351  0.254
  651480.610  4765767.710  736.110  1.000  0.280  0.030  31.000  210.000  10.000  0.000  0.000  0.000  0.000  90.000  0.000  0.000  0.000  0.000  50000.000  -0.601  -0.482  -0.100  0.974  0.718  -1.902  -1.409  -1.370  -1.411  0.915  -1.348  -1.351  -1.348  -1.348  0.834
  651418.810  4765500.920  852.080  1.000  0.260  0.040  5.000  50.000  0.000  50.000  0.000  0.000  0.000  50.000  0.000  0.000  0.000  0.000  30000.000  -0.648  -0.188  -1.732  -0.852  -1.542  0.496  -1.406  -1.367  -1.409  -0.318  -1.346  -1.348  -1.346  -1.346  -0.454
  651231.040  4766406.400  477.000  1.000  0.090  0.020  109.000  182.000  0.000  5.000  0.000  0.000  0.000  95.000  0.000  0.000  0.000  0.000  90000.000  -1.206  -0.911  1.028  0.907  -1.539  -0.898  -1.404  -1.365  -1.406  1.301  -1.344  -1.346  -1.344  -1.344  1.956
  651423.830  4765441.030  782.550  1.000  0.530  0.000  30.000  300.000  30.000  10.000  0.000  0.000  0.000  60.000  0.000  0.000  0.000  0.000  40000.000  -0.167  -2.275  -0.126  1.139  1.168  -0.770  -1.401  -1.362  -1.404  -0.081  -1.341  -1.344  -1.341  -1.341  0.255
  651325.940  4765908.580  680.610  1.000  0.180  0.040  67.000  420.000  0.000  30.000  0.000  0.000  0.000  70.000  0.000  0.000  0.000  0.000  40000.000  -0.839  -0.187  0.554  1.271  -1.536  -0.055  -1.399  -1.360  -1.401  0.227  -1.339  -1.341  -1.339  -1.339  0.256
  651459.060  4765803.450  776.660  1.000  0.710  0.020  61.000  820.000  25.000  0.000  0.000  0.000  20.000  55.000  0.000  0.000  0.000  0.000  50000.000  0.131  -0.910  0.470  1.682  1.123  -1.896  -1.396  -1.358  2.241  -0.137  -1.337  -1.339  -1.337  -1.337  0.836
  651278.960  4765421.400  801.410  1.000  2.110  0.060  57.000  2110.000  30.000  0.000  0.000  0.000  0.000  70.000  0.000  0.000  0.000  0.000  70000.000  1.585  0.247  0.410  2.455  1.170  -1.890  -1.394  -1.355  -1.399  0.228  -1.334  -1.337  -1.334  -1.334  1.614
  650809.520  4765966.200  939.290  1.000  0.300  0.020  5.000  100.000  0.000  10.000  0.000  0.000  0.000  90.000  0.000  0.000  0.000  0.000  40000.000  -0.560  -0.908  -1.727  0.549  -1.533  -0.768  -1.391  -1.353  -1.396  0.917  -1.332  -1.334  -1.332  -1.332  0.257
  651239.240  4765564.310  764.490  1.000  0.010  0.090  165.000  1050.000  30.000  50.000  0.000  0.000  0.000  20.000  0.000  0.000  0.000  0.000  40000.000  -2.443  0.617  1.485  1.867  1.172  0.497  -1.389  -1.351  -1.394  -1.019  -1.330  -1.332  -1.330  -1.330  0.258
  651257.230  4765438.750  869.980  1.000  1.540  0.030  44.000  50.000  0.000  80.000  0.000  0.000  0.000  20.000  0.000  0.000  0.000  0.000  60000.000  1.170  -0.481  0.184  -0.851  -1.530  1.396  -1.386  -1.348  -1.391  -1.017  -1.328  -1.330  -1.328  -1.328  1.238
  651398.370  4765852.360  752.770  1.000  2.010  0.130  5.000  50.000  70.000  0.000  0.000  0.000  0.000  30.000  0.000  0.000  0.000  0.000  35000.000  1.519  0.921  -1.723  -0.849  1.822  -1.885  -1.384  -1.346  -1.389  -0.805  -1.325  -1.328  -1.325  -1.325  0.144
  651267.740  4765425.710  807.440  1.000  1.940  0.000  105.000  240.000  40.000  0.000  0.000  0.000  0.000  60.000  0.000  0.000  0.000  0.000  40000.000  1.468  -2.261  0.967  1.025  1.401  -1.879  -1.382  -1.344  -1.386  -0.080  -1.323  -1.325  -1.323  -1.323  0.259
  651268.800  4765429.520  832.820  1.000  1.370  0.030  53.000  140.000  30.000  40.000  0.000  0.000  0.000  30.000  0.000  0.000  0.000  0.000  40000.000  0.985  -0.480  0.341  0.745  1.174  0.231  -1.379  -1.341  -1.384  -0.804  -1.321  -1.323  -1.321  -1.321  0.260
  651430.330  4766166.090  461.440  1.000  2.660  0.240  885.000  390.000  80.000  20.000  0.000  0.000  0.000  0.000  0.000  0.000  0.000  0.000  40000.000  1.820  1.390  3.077  1.236  1.950  -0.387  -1.377  -1.339  -1.382  -2.481  -1.319  -1.321  -1.319  -1.319  0.261
  650433.330  4765386.360  924.850  1.000  -99.000  -99.000  -99.000  -99.000  0.000  5.000  0.000  0.000  0.000  95.000  0.000  0.000  0.000  0.000  20000.000  -99.000  -99.000  -99.000  -99.000  -1.527  -0.897  -1.374  -1.337  -1.379  1.303  -1.316  -1.319  -1.316  -1.316  -0.998
  651219.620  4765459.900  871.670  1.000  1.220  0.050  78.000  1890.000  0.000  70.000  0.000  0.000  0.000  30.000  0.000  0.000  0.000  0.000  30000.000  0.807  0.037  0.693  2.341  -1.524  1.049  -1.372  -1.334  -1.377  -0.803  -1.314  -1.316  -1.314  -1.314  -0.453
  651332.420  4765558.860  894.020  1.000  1.000  0.050  21.000  200.000  0.000  20.000  0.000  0.000  0.000  80.000  0.000  0.000  0.000  0.000  30000.000  0.556  0.038  -0.448  0.938  -1.521  -0.386  -1.370  -1.332  -1.374  0.535  -1.312  -1.314  -1.312  -1.312  -0.452
  651238.870  4765715.550  674.670  1.000  0.590  0.060  71.000  50.000  10.000  20.000  0.000  0.000  0.000  70.000  0.000  0.000  0.000  0.000  30000.000  -0.062  0.248  0.609  -0.848  0.719  -0.385  -1.367  -1.330  -1.372  0.229  -1.310  -1.312  -1.310  -1.310  -0.451
  651175.100  4765609.190  718.190  1.000  1.000  0.050  115.000  1410.000  0.000  10.000  0.000  0.000  0.000  90.000  0.000  0.000  0.000  0.000  50000.000  0.558  0.039  1.088  2.075  -1.518  -0.767  -1.365  -1.328  -1.370  0.918  -1.308  -1.310  -1.308  -1.308  0.837
  651376.850  4765612.010  692.730  1.000  2.420  0.100  48.000  50.000  20.000  80.000  0.000  0.000  0.000  0.000  0.000  0.000  0.000  0.000  60000.000  1.748  0.687  0.256  -0.846  0.947  1.399  -1.362  -1.325  -1.367  -2.462  -1.305  -1.308  -1.305  -1.305  1.240
  651435.950  4765763.230  817.940  1.000  0.120  0.000  53.000  160.000  0.000  10.000  0.000  0.000  10.000  80.000  0.000  0.000  0.000  0.000  20000.000  -1.046  -2.248  0.342  0.820  -1.515  -0.766  -1.360  -1.323  1.837  0.536  -1.303  -1.305  -1.303  -1.303  -0.997
  651868.460  4766160.630  595.670  1.000  0.240  0.010  5.000  600.000  0.000  0.000  0.000  0.000  15.000  85.000  0.000  0.000  0.000  0.000  50000.000  -0.683  -1.398  -1.718  1.468  -1.512  -1.874  -1.358  -1.321  2.120  0.825  -1.301  -1.303  -1.301  -1.301  0.838
  650232.520  4765247.240  824.730  1.000  0.040  0.060  22.000  11.400  0.000  5.000  0.000  0.000  0.000  95.000  0.000  0.000  0.000  0.000  40000.000  -1.615  0.249  -0.413  -1.503  -1.509  -0.896  -1.355  -1.319  -1.365  1.305  -1.299  -1.301  -1.299  -1.299  0.262
  650900.870  4765673.290  749.240  1.000  0.020  0.110  49.000  56.000  0.000  10.000  0.000  0.000  0.000  90.000  0.000  0.000  0.000  0.000  40000.000  -1.916  0.756  0.278  0.458  -1.506  -0.765  -1.353  -1.316  -1.362  0.920  -1.297  -1.299  -1.297  -1.297  0.263
  650518.990  4765101.360  1102.370  1.000  0.020  0.010  3.880  16.400  0.000  5.000  0.000  0.000  0.000  95.000  0.000  0.000  0.000  0.000  40000.000  -1.909  -1.395  -2.007  -1.355  -1.503  -0.894  -1.351  -1.314  -1.360  1.308  -1.294  -1.297  -1.294  -1.294  0.264
  650780.850  4765252.900  1054.970  1.000  -99.000  -99.000  -99.000  -99.000  0.000  5.000  0.000  0.000  0.000  95.000  0.000  0.000  0.000  0.000  30000.000  -99.000  -99.000  -99.000  -99.000  -1.501  -0.893  -1.348  -1.312  -1.358  1.310  -1.292  -1.294  -1.292  -1.292  -0.449
  651330.410  4765491.010  992.950  1.000  0.010  0.070  59.000  -99.000  0.000  0.000  0.000  0.000  0.000  0.000  0.000  0.000  0.000  0.000  0.000  -2.422  0.396  0.446  -99.000  -1.498  -1.869  -1.346  -1.310  -1.355  -2.443  -1.290  -1.292  -1.290  -1.290  -2.729
  651287.710  4765444.610  600.070  1.000  1.020  0.010  190.000  50.000  0.000  60.000  0.000  0.000  0.000  40.000  0.000  0.000  0.000  0.000  20000.000  0.577  -1.392  1.657  -0.845  -1.495  0.731  -1.344  -1.308  -1.353  -0.544  -1.288  -1.290  -1.288  -1.288  -0.995
  651291.280  4765644.490  474.160  1.000  0.930  0.030  350.000  50.000  10.000  10.000  0.000  0.000  0.000  80.000  0.000  0.000  0.000  0.000  30000.000  0.457  -0.478  2.383  -0.843  0.720  -0.763  -1.341  -1.305  -1.351  0.537  -1.286  -1.288  -1.286  -1.286  -0.448
  650441.430  4765377.860  950.270  1.000  -99.000  -99.000  -99.000  -99.000  0.000  5.000  0.000  0.000  0.000  95.000  0.000  0.000  0.000  0.000  20000.000  -99.000  -99.000  -99.000  -99.000  -1.492  -0.891  -1.339  -1.303  -1.348  1.312  -1.284  -1.286  -1.284  -1.284  -0.994
  651284.500  4765416.990  784.860  1.000  1.630  0.040  71.000  2000.000  10.000  30.000  0.000  0.000  20.000  40.000  0.000  0.000  0.000  0.000  40000.000  1.239  -0.186  0.610  2.414  0.721  -0.054  -1.337  -1.301  2.252  -0.543  -1.282  -1.284  -1.282  -1.282  0.264
  651254.350  4765548.180  986.120  1.000  0.630  0.030  150.000  600.000  50.000  20.000  0.000  0.000  0.000  30.000  0.000  0.000  0.000  0.000  30000.000  -0.005  -0.477  1.374  1.471  1.539  -0.384  -1.334  -1.299  -1.346  -0.802  -1.279  -1.282  -1.279  -1.279  -0.447
  651264.340  4765333.140  834.730  1.000  1.180  0.040  19.000  170.000  0.000  70.000  0.000  0.000  0.000  30.000  0.000  0.000  0.000  0.000  30000.000  0.780  -0.185  -0.525  0.861  -1.489  1.051  -1.332  -1.297  -1.344  -0.800  -1.277  -1.279  -1.277  -1.277  -0.446
  650543.390  4765036.840  1080.070  1.000  0.550  0.170  26.750  52.250  0.000  10.000  0.000  0.000  0.000  90.000  0.000  0.000  0.000  0.000  35000.000  -0.136  1.104  -0.216  0.443  -1.486  -0.762  -1.330  -1.294  -1.341  0.921  -1.275  -1.277  -1.275  -1.275  0.145
  651435.520  4765758.420  824.310  1.000  0.280  0.000  78.000  250.000  0.000  30.000  0.000  0.000  0.000  70.000  0.000  0.000  0.000  0.000  20000.000  -0.600  -2.235  0.694  1.043  -1.483  -0.053  -1.328  -1.292  -1.339  0.230  -1.273  -1.275  -1.273  -1.273  -0.992
  651454.080  4765805.330  770.680  1.000  0.790  0.010  46.000  470.000  0.000  0.000  25.000  0.000  10.000  65.000  0.000  0.000  0.000  0.000  50000.000  0.257  -1.390  0.224  1.336  -1.481  -1.863  2.344  -1.290  1.842  0.139  -1.271  -1.273  -1.271  -1.271  0.840
  650921.140  4765041.840  773.610  1.000  0.350  0.020  255.000  -99.000  0.000  20.000  0.000  0.000  0.000  80.000  0.000  0.000  0.000  0.000  50000.000  -0.474  -0.906  2.039  -99.000  -1.478  -0.383  -1.325  -1.288  -1.337  0.538  -1.269  -1.271  -1.269  -1.269  0.841
  651361.140  4766638.490  289.180  1.000  -99.000  -99.000  -99.000  -99.000  0.000  20.000  0.000  0.000  0.000  80.000  0.000  0.000  0.000  0.000  20000.000  -99.000  -99.000  -99.000  -99.000  -1.475  -0.382  -1.323  -1.286  -1.334  0.540  -1.267  -1.269  -1.267  -1.267  -0.991
  651476.450  4766116.980  641.590  1.000  1.580  0.130  13.000  360.000  10.000  40.000  0.000  0.000  0.000  50.000  0.000  0.000  0.000  0.000  50000.000  1.201  0.922  -0.807  1.191  0.723  0.232  -1.321  -1.284  -1.332  -0.317  -1.265  -1.267  -1.265  -1.265  0.842
  651232.030  4765572.260  970.090  1.000  1.010  0.010  51.000  1850.000  10.000  20.000  0.000  0.000  20.000  50.000  0.000  0.000  0.000  0.000  50000.000  0.565  -1.387  0.305  2.325  0.724  -0.381  -1.319  -1.282  2.264  -0.316  -1.263  -1.265  -1.263  -1.263  0.844
  651313.220  4766507.500  360.570  1.000  -99.000  -99.000  -99.000  -99.000  0.000  40.000  0.000  0.000  0.000  60.000  0.000  0.000  0.000  0.000  30000.000  -99.000  -99.000  -99.000  -99.000  -1.472  0.233  -1.316  -1.279  -1.330  -0.079  -1.261  -1.263  -1.261  -1.261  -0.445
  651310.950  4765457.410  813.510  1.000  0.990  0.020  59.000  790.000  30.000  0.000  10.000  0.000  0.000  60.000  0.000  0.000  0.000  0.000  30000.000  0.536  -0.905  0.447  1.639  1.176  -1.858  1.842  -1.277  -1.328  -0.078  -1.258  -1.261  -1.258  -1.258  -0.444
  650574.940  4765471.090  487.770  1.000  0.230  0.050  58.800  51.000  0.000  10.000  0.000  0.000  0.000  90.000  0.000  0.000  0.000  0.000  40000.000  -0.698  0.040  0.440  0.437  -1.470  -0.761  -1.314  -1.275  -1.325  0.923  -1.256  -1.258  -1.256  -1.256  0.265
  650484.150  4765465.450  903.890  1.000  -99.000  -99.000  -99.000  -99.000  0.000  5.000  0.000  0.000  0.000  95.000  0.000  0.000  0.000  0.000  30000.000  -99.000  -99.000  -99.000  -99.000  -1.467  -0.890  -1.312  -1.273  -1.323  1.314  -1.254  -1.256  -1.254  -1.254  -0.443
  651591.390  4765924.970  636.810  1.000  0.790  0.010  48.000  740.000  0.000  0.000  20.000  0.000  0.000  80.000  0.000  0.000  0.000  0.000  40000.000  0.258  -1.384  0.257  1.596  -1.464  -1.853  2.186  -1.271  -1.321  0.541  -1.252  -1.254  -1.252  -1.252  0.266
  650920.810  4765436.930  985.370  1.000  0.500  0.040  86.000  100.000  0.000  40.000  0.000  0.000  0.000  60.000  0.000  0.000  0.000  0.000  40000.000  -0.222  -0.184  0.784  0.550  -1.461  0.234  -1.310  -1.269  -1.319  -0.077  -1.250  -1.252  -1.250  -1.250  0.267
  651126.430  4765415.690  1017.430  1.000  0.140  0.010  92.000  25.000  0.000  30.000  0.000  0.000  0.000  70.000  0.000  0.000  0.000  0.000  30000.000  -0.978  -1.381  0.853  -1.155  -1.459  -0.052  -1.308  -1.267  -1.316  0.231  -1.248  -1.250  -1.248  -1.248  -0.442
  651244.690  4765707.080  704.970  1.000  0.280  0.010  125.000  50.000  0.000  20.000  0.000  0.000  0.000  80.000  0.000  0.000  0.000  0.000  40000.000  -0.598  -1.379  1.165  -0.841  -1.456  -0.380  -1.305  -1.265  -1.314  0.542  -1.246  -1.248  -1.246  -1.246  0.268
  651329.110  4765279.850  752.410  1.000  0.840  0.000  27.000  50.000  0.000  50.000  0.000  0.000  0.000  50.000  0.000  0.000  0.000  0.000  30000.000  0.334  -2.222  -0.209  -0.840  -1.453  0.498  -1.303  -1.263  -1.312  -0.315  -1.244  -1.246  -1.244  -1.244  -0.441
  651428.830  4765677.630  940.850  1.000  0.000  0.040  13.000  50.000  0.000  0.000  0.000  0.000  0.000  0.000  0.000  0.000  0.000  0.000  0.000  -2.898  -0.183  -0.806  -0.838  -1.451  -1.848  -1.301  -1.261  -1.310  -2.425  -1.242  -1.244  -1.242  -1.242  -2.692
  651454.710  4765681.670  563.370  1.000  2.130  0.140  23.000  50.000  0.000  100.000  0.000  0.000  0.000  0.000  0.000  0.000  0.000  0.000  40000.000  1.600  0.978  -0.376  -0.837  -1.448  2.176  -1.299  -1.258  -1.308  -2.407  -1.240  -1.242  -1.240  -1.240  0.269
  650661.240  4765367.490  972.750  1.000  -99.000  -99.000  -99.000  -99.000  0.000  0.000  0.000  0.000  0.000  100.000  0.000  0.000  0.000  0.000  35000.000  -99.000  -99.000  -99.000  -99.000  -1.445  -1.842  -1.297  -1.256  -1.305  1.558  -1.238  -1.240  -1.238  -1.238  0.146
  651130.860  4765572.050  971.430  1.000  0.970  0.030  550.000  130.000  20.000  0.000  10.000  0.000  0.000  70.000  0.000  0.000  0.000  0.000  40000.000  0.501  -0.476  2.692  0.700  0.949  -1.837  1.848  -1.254  -1.303  0.232  -1.236  -1.238  -1.236  -1.236  0.270
  651480.770  4765654.380  653.800  1.000  1.380  0.040  86.000  50.000  0.000  60.000  0.000  0.000  0.000  40.000  0.000  0.000  0.000  0.000  50000.000  0.999  -0.182  0.785  -0.835  -1.443  0.732  -1.294  -1.252  -1.301  -0.542  -1.234  -1.236  -1.234  -1.234  0.845
  651475.240  4765797.650  796.160  1.000  0.210  0.020  125.000  180.000  0.000  0.000  5.000  0.000  30.000  65.000  0.000  0.000  0.000  0.000  30000.000  -0.758  -0.903  1.167  0.895  -1.440  -1.832  1.784  -1.250  2.548  0.140  -1.232  -1.234  -1.232  -1.232  -0.440
  651374.780  4765461.820  384.940  1.000  1.010  0.080  105.000  2280.000  0.000  10.000  10.000  10.000  0.000  70.000  0.000  0.000  0.000  0.000  40000.000  0.566  0.515  0.969  2.501  -1.437  -0.760  1.853  2.425  -1.299  0.233  -1.230  -1.232  -1.230  -1.230  0.271
  651434.080  4765678.300  796.270  1.000  1.220  0.020  43.000  410.000  0.000  0.000  10.000  10.000  0.000  80.000  0.000  0.000  0.000  0.000  30000.000  0.809  -0.902  0.162  1.266  -1.435  -1.827  1.858  2.443  -1.297  0.543  -1.228  -1.230  -1.228  -1.228  -0.439
  651564.570  4765819.690  743.770  1.000  0.020  0.020  76.000  180.000  0.000  0.000  0.000  0.000  0.000  100.000  0.000  0.000  0.000  0.000  10000.000  -1.903  -0.900  0.668  0.896  -1.432  -1.822  -1.292  -1.248  -1.294  1.561  -1.226  -1.228  -1.226  -1.226  -1.719
  651697.430  4766615.350  433.050  1.000  1.110  0.040  24.000  50.000  0.000  50.000  0.000  0.000  0.000  50.000  0.000  0.000  0.000  0.000  50000.000  0.687  -0.181  -0.334  -0.834  -1.429  0.499  -1.290  -1.246  -1.292  -0.314  -1.224  -1.226  -1.224  -1.224  0.846
  651489.820  4765515.230  795.990  1.000  0.540  0.000  25.000  210.000  0.000  30.000  0.000  0.000  10.000  60.000  0.000  0.000  0.000  0.000  50000.000  -0.153  -2.210  -0.291  0.976  -1.427  -0.052  -1.288  -1.244  1.848  -0.076  -1.222  -1.224  -1.222  -1.222  0.848
  650248.960  4765247.910  923.370  1.000  0.310  0.040  40.100  310.000  1.000  3.000  1.000  0.000  0.000  95.000  0.000  0.000  0.000  0.000  150000.000  -0.538  -0.180  0.112  1.151  0.618  -0.944  1.753  -1.242  -1.290  1.316  -1.220  -1.222  -1.220  -1.220  2.391
  650151.110  4764900.270  1138.880  1.000  0.010  0.000  8.690  21.300  0.000  0.000  0.000  0.000  0.000  100.000  0.000  0.000  0.000  0.000  10000.000  -2.403  -2.198  -1.062  -1.222  -1.424  -1.817  -1.286  -1.240  -1.288  1.564  -1.218  -1.220  -1.218  -1.218  -1.715
  651126.360  4765420.690  1008.770  1.000  0.420  0.030  21.000  25.000  0.000  20.000  0.000  0.000  0.000  80.000  0.000  0.000  0.000  0.000  50000.000  -0.351  -0.475  -0.447  -1.153  -1.422  -0.379  -1.284  -1.238  -1.286  0.544  -1.216  -1.218  -1.216  -1.216  0.849
  651125.310  4766088.790  815.980  1.000  0.530  0.060  105.000  50.000  0.000  20.000  0.000  0.000  0.000  80.000  0.000  0.000  0.000  0.000  30000.000  -0.166  0.250  0.970  -0.832  -1.419  -0.378  -1.282  -1.236  -1.284  0.545  -1.214  -1.216  -1.214  -1.214  -0.438
  650559.310  4765470.330  551.890  1.000  0.040  0.000  3.730  8.000  0.000  5.000  0.000  0.000  0.000  95.000  0.000  0.000  0.000  0.000  30000.000  -1.611  -2.187  -2.048  -1.772  -1.416  -0.889  -1.279  -1.234  -1.282  1.319  -1.212  -1.214  -1.212  -1.212  -0.437
  651433.940  4765309.680  826.040  1.000  0.070  0.000  5.000  50.000  0.000  40.000  0.000  0.000  0.000  60.000  0.000  0.000  0.000  0.000  40000.000  -1.339  -2.175  -1.714  -0.831  -1.414  0.235  -1.277  -1.232  -1.279  -0.075  -1.210  -1.212  -1.210  -1.210  0.272
  651130.250  4765564.170  982.990  1.000  0.620  0.010  54.000  50.000  0.000  0.000  10.000  0.000  10.000  80.000  0.000  0.000  0.000  0.000  40000.000  -0.024  -1.376  0.358  -0.829  -1.411  -1.813  1.863  -1.230  1.853  0.546  -1.208  -1.210  -1.208  -1.208  0.273
  650446.050  4765373.110  964.840  1.000  -99.000  -99.000  -99.000  -99.000  0.000  3.500  0.000  0.000  0.000  96.500  0.000  0.000  0.000  0.000  25000.000  -99.000  -99.000  -99.000  -99.000  -1.409  -0.940  -1.275  -1.228  -1.277  1.437  -1.206  -1.208  -1.206  -1.206  -0.589
  651480.910  4765905.680  398.150  1.000  0.530  0.330  655.000  1750.000  0.000  10.000  0.000  0.000  10.000  80.000  0.000  0.000  0.000  0.000  50000.000  -0.165  1.667  2.733  2.294  -1.406  -0.758  -1.273  -1.226  1.858  0.547  -1.204  -1.206  -1.204  -1.204  0.850
  651427.840  4765811.930  632.790  1.000  1.500  0.100  23.000  180.000  20.000  40.000  0.000  0.000  0.000  40.000  0.000  0.000  0.000  0.000  45000.000  1.143  0.688  -0.375  0.898  0.950  0.235  -1.271  -1.224  -1.275  -0.541  -1.203  -1.204  -1.203  -1.203  0.752
  651321.420  4766503.640  506.290  1.000  -99.000  -99.000  -99.000  -99.000  0.000  10.000  0.000  0.000  0.000  90.000  0.000  0.000  0.000  0.000  15000.000  -99.000  -99.000  -99.000  -99.000  -1.404  -0.757  -1.269  -1.222  -1.273  0.924  -1.201  -1.203  -1.201  -1.201  -1.161
  650665.450  4765363.340  989.750  1.000  -99.000  -99.000  -99.000  -99.000  0.000  0.000  0.000  0.000  0.000  100.000  0.000  0.000  0.000  0.000  35000.000  -99.000  -99.000  -99.000  -99.000  -1.401  -1.808  -1.267  -1.220  -1.271  1.567  -1.199  -1.201  -1.199  -1.199  0.147
  651523.100  4766696.450  282.980  1.000  0.300  0.100  67.000  50.000  0.000  60.000  0.000  0.000  0.000  40.000  0.000  0.000  0.000  0.000  30000.000  -0.559  0.689  0.555  -0.828  -1.399  0.734  -1.265  -1.218  -1.269  -0.540  -1.197  -1.199  -1.197  -1.197  -0.436
  651070.710  4764899.440  1047.810  1.000  0.030  0.010  8.310  32.430  0.000  0.000  0.000  0.000  0.000  100.000  0.000  0.000  0.000  0.000  10000.000  -1.763  -1.373  -1.075  -1.043  -1.396  -1.803  -1.263  -1.216  -1.267  1.571  -1.195  -1.197  -1.195  -1.195  -1.711
  650486.110  4765096.420  974.630  1.000  0.010  0.020  24.200  4.930  0.000  5.000  0.000  0.000  0.000  95.000  0.000  0.000  0.000  0.000  20000.000  -2.385  -0.899  -0.306  -2.031  -1.394  -0.887  -1.261  -1.214  -1.265  1.321  -1.193  -1.195  -1.193  -1.193  -0.989
  651473.250  4765661.740  627.850  1.000  1.990  0.070  26.000  160.000  50.000  20.000  0.000  0.000  0.000  30.000  0.000  0.000  0.000  0.000  50000.000  1.499  0.397  -0.244  0.822  1.542  -0.377  -1.258  -1.212  -1.263  -0.799  -1.191  -1.193  -1.191  -1.191  0.852
  651320.990  4766503.850  498.300  1.000  -99.000  -99.000  -99.000  -99.000  0.000  10.000  0.000  0.000  0.000  90.000  0.000  0.000  0.000  0.000  15000.000  -99.000  -99.000  -99.000  -99.000  -1.391  -0.756  -1.256  -1.210  -1.261  0.925  -1.189  -1.191  -1.189  -1.189  -1.159
  651434.340  4765682.010  791.560  1.000  0.890  0.020  38.000  1570.000  0.000  0.000  10.000  10.000  0.000  80.000  0.000  0.000  0.000  0.000  30000.000  0.401  -0.897  0.058  2.189  -1.389  -1.798  1.869  2.462  -1.258  0.548  -1.187  -1.189  -1.187  -1.187  -0.435
  651133.400  4765442.880  562.030  1.000  0.250  0.030  18.000  50.000  0.000  20.000  0.000  0.000  0.000  80.000  0.000  0.000  0.000  0.000  50000.000  -0.666  -0.474  -0.576  -0.826  -1.386  -0.376  -1.254  -1.208  -1.256  0.549  -1.185  -1.187  -1.185  -1.185  0.853
  651311.090  4766529.530  470.730  1.000  -99.000  -99.000  -99.000  -99.000  0.000  8.000  0.000  0.000  0.000  92.000  0.000  0.000  0.000  0.000  15000.000  -99.000  -99.000  -99.000  -99.000  -1.384  -0.802  -1.252  -1.206  -1.254  1.218  -1.183  -1.185  -1.183  -1.183  -1.157
  651417.230  4765677.730  954.770  1.000  0.000  0.030  5.000  50.000  0.000  0.000  0.000  0.000  0.000  0.000  0.000  0.000  0.000  0.000  0.000  -2.835  -0.473  -1.709  -0.825  -1.382  -1.793  -1.250  -1.204  -1.252  -2.391  -1.182  -1.183  -1.182  -1.182  -2.658
  651436.320  4765766.880  813.190  1.000  0.550  0.010  16.000  1460.000  20.000  10.000  0.000  0.000  20.000  50.000  0.000  0.000  0.000  0.000  20000.000  -0.135  -1.371  -0.645  2.113  0.952  -0.755  -1.248  -1.203  2.277  -0.313  -1.180  -1.182  -1.180  -1.180  -0.988
  650512.590  4765100.170  1077.200  1.000  0.030  0.010  11.450  16.950  0.000  5.000  0.000  0.000  0.000  95.000  0.000  0.000  0.000  0.000  40000.000  -1.758  -1.368  -0.879  -1.331  -1.379  -0.886  -1.246  -1.201  -1.250  1.323  -1.178  -1.180  -1.178  -1.178  0.274
  650673.580  4765355.670  1021.860  1.000  -99.000  -99.000  -99.000  -99.000  0.000  0.000  0.000  0.000  0.000  100.000  0.000  0.000  0.000  0.000  35000.000  -99.000  -99.000  -99.000  -99.000  -1.377  -1.789  -1.244  -1.199  -1.248  1.574  -1.176  -1.178  -1.176  -1.176  0.148
  650923.690  4765381.220  1080.170  1.000  0.370  0.020  264.000  -99.000  0.000  20.000  0.000  0.000  0.000  80.000  0.000  0.000  0.000  0.000  60000.000  -0.426  -0.895  2.074  -99.000  -1.374  -0.375  -1.242  -1.197  -1.246  0.550  -1.174  -1.176  -1.174  -1.174  1.242
  651233.260  4765724.230  644.380  1.000  0.040  0.040  130.000  50.000  0.000  5.000  0.000  0.000  0.000  95.000  0.000  0.000  0.000  0.000  50000.000  -1.608  -0.179  1.214  -0.823  -1.372  -0.884  -1.240  -1.195  -1.244  1.325  -1.172  -1.174  -1.172  -1.172  0.854
  651325.940  4765994.580  531.660  1.000  0.640  0.110  170.000  110.000  0.000  65.000  0.000  0.000  0.000  35.000  0.000  0.000  0.000  0.000  30000.000  0.011  0.757  1.537  0.587  -1.370  1.011  -1.238  -1.193  -1.242  -0.577  -1.170  -1.172  -1.170  -1.170  -0.434
  651314.430  4766507.000  380.530  1.000  -99.000  -99.000  -99.000  -99.000  0.000  40.000  0.000  0.000  0.000  60.000  0.000  0.000  0.000  0.000  80000.000  -99.000  -99.000  -99.000  -99.000  -1.367  0.236  -1.236  -1.191  -1.240  -0.074  -1.168  -1.170  -1.168  -1.168  1.822
  651230.890  4766406.390  439.000  1.000  0.410  0.120  29.900  115.000  0.000  6.500  0.000  0.000  0.000  93.500  0.000  0.000  0.000  0.000  84000.000  -0.365  0.842  -0.132  0.631  -1.365  -0.811  -1.234  -1.189  -1.238  1.238  -1.167  -1.168  -1.167  -1.167  1.937
  651590.880  4766420.950  408.070  1.000  0.040  0.000  10.000  50.000  0.000  20.000  0.000  0.000  0.000  80.000  0.000  0.000  0.000  0.000  30000.000  -1.604  -2.164  -1.005  -0.822  -1.362  -0.374  -1.232  -1.187  -1.236  0.551  -1.165  -1.167  -1.165  -1.165  -0.433
  651331.830  4765547.210  910.260  1.000  1.290  0.020  23.000  50.000  0.000  30.000  0.000  0.000  0.000  70.000  0.000  0.000  0.000  0.000  30000.000  0.899  -0.894  -0.374  -0.820  -1.360  -0.051  -1.230  -1.185  -1.234  0.234  -1.163  -1.165  -1.163  -1.163  -0.432
  650889.070  4765953.820  744.230  1.000  0.420  0.040  30.000  50.000  0.000  10.000  0.000  0.000  0.000  90.000  0.000  0.000  0.000  0.000  20000.000  -0.350  -0.178  -0.125  -0.819  -1.358  -0.753  -1.228  -1.183  -1.232  0.927  -1.161  -1.163  -1.161  -1.161  -0.986
  651157.700  4765798.500  688.280  1.000  0.060  0.030  72.000  25.000  0.000  10.000  0.000  0.000  0.000  90.000  0.000  0.000  0.000  0.000  40000.000  -1.404  -0.471  0.624  -1.151  -1.355  -0.752  -1.226  -1.182  -1.230  0.928  -1.159  -1.161  -1.159  -1.159  0.275
  651231.140  4766406.410  505.000  1.000  0.010  0.000  63.100  24.400  0.000  5.000  0.000  0.000  0.000  95.000  0.000  0.000  0.000  0.000  80000.000  -2.367  -2.154  0.512  -1.161  -1.353  -0.883  -1.224  -1.180  -1.228  1.328  -1.157  -1.159  -1.157  -1.157  1.827
  651283.460  4765317.270  880.410  1.000  0.040  0.000  31.000  50.000  0.000  30.000  0.000  0.000  0.000  70.000  0.000  0.000  0.000  0.000  30000.000  -1.600  -2.143  -0.099  -0.817  -1.351  -0.050  -1.222  -1.178  -1.226  0.235  -1.156  -1.157  -1.156  -1.156  -0.431
  651415.280  4766752.450  191.650  1.000  0.710  0.090  67.000  50.000  0.000  70.000  0.000  0.000  0.000  30.000  0.000  0.000  0.000  0.000  30000.000  0.133  0.618  0.557  -0.816  -1.348  1.052  -1.220  -1.176  -1.224  -0.798  -1.154  -1.156  -1.154  -1.154  -0.430
  651663.110  4766629.910  402.820  1.000  2.150  0.760  5.000  50.000  100.000  0.000  0.000  0.000  0.000  0.000  0.000  0.000  0.000  0.000  35000.000  1.611  2.318  -1.705  -0.814  2.359  -1.784  -1.218  -1.174  -1.222  -2.375  -1.152  -1.154  -1.152  -1.152  0.149
  651357.460  4766630.520  338.400  1.000  -99.000  -99.000  -99.000  -99.000  0.000  55.000  0.000  0.000  0.000  45.000  0.000  0.000  0.000  0.000  50000.000  -99.000  -99.000  -99.000  -99.000  -1.346  0.708  -1.216  -1.172  -1.220  -0.348  -1.150  -1.152  -1.150  -1.150  0.856
  651364.810  4766646.260  241.950  1.000  -99.000  -99.000  -99.000  -99.000  0.000  5.000  0.000  0.000  0.000  95.000  0.000  0.000  0.000  0.000  20000.000  -99.000  -99.000  -99.000  -99.000  -1.344  -0.882  -1.214  -1.170  -1.218  1.330  -1.148  -1.150  -1.148  -1.148  -0.985
  651402.480  4765584.330  815.040  1.000  1.150  0.040  71.000  50.000  20.000  20.000  0.000  0.000  0.000  60.000  0.000  0.000  0.000  0.000  40000.000  0.731  -0.176  0.611  -0.813  0.953  -0.373  -1.212  -1.168  -1.216  -0.073  -1.146  -1.148  -1.146  -1.146  0.276
  651261.860  4765435.060  855.120  1.000  0.870  0.010  27.000  50.000  0.000  70.000  0.000  0.000  0.000  30.000  0.000  0.000  0.000  0.000  60000.000  0.372  -1.365  -0.208  -0.811  -1.341  1.054  -1.210  -1.167  -1.214  -0.796  -1.145  -1.146  -1.145  -1.145  1.244
  651418.340  4765515.330  830.440  1.000  0.320  0.010  80.000  50.000  20.000  10.000  0.000  0.000  0.000  70.000  0.000  0.000  0.000  0.000  30000.000  -0.523  -1.363  0.717  -0.810  0.955  -0.751  -1.208  -1.165  -1.212  0.235  -1.143  -1.145  -1.143  -1.143  -0.429
  651243.750  4765555.920  950.460  1.000  0.550  0.020  18.000  300.000  30.000  30.000  0.000  0.000  20.000  20.000  0.000  0.000  0.000  0.000  30000.000  -0.134  -0.892  -0.575  1.141  1.178  -0.049  -1.206  -1.163  2.289  -1.015  -1.141  -1.143  -1.141  -1.141  -0.428
  651310.160  4766530.740  460.840  1.000  -99.000  -99.000  -99.000  -99.000  0.000  10.000  0.000  0.000  0.000  90.000  0.000  0.000  0.000  0.000  15000.000  -99.000  -99.000  -99.000  -99.000  -1.339  -0.750  -1.204  -1.161  -1.210  0.930  -1.139  -1.141  -1.139  -1.139  -1.156
  651240.290  4765713.390  682.240  1.000  1.420  0.040  180.000  3550.000  0.000  20.000  0.000  0.000  0.000  70.000  0.000  10.000  0.000  0.000  150000.000  1.043  -0.175  1.602  2.969  -1.337  -0.372  -1.203  -1.159  -1.208  0.236  -1.138  3.558  -1.138  -1.138  2.407
  651362.790  4765255.380  697.000  1.000  0.060  0.000  20.000  50.000  0.000  10.000  0.000  0.000  20.000  70.000  0.000  0.000  0.000  0.000  30000.000  -1.401  -2.133  -0.486  -0.808  -1.334  -0.748  -1.201  -1.157  2.302  0.237  -1.136  -1.139  -1.136  -1.136  -0.427
  651336.450  4765274.520  770.240  1.000  0.490  0.000  150.000  50.000  0.000  20.000  0.000  0.000  10.000  70.000  0.000  0.000  0.000  0.000  30000.000  -0.242  -2.123  1.377  -0.807  -1.332  -0.371  -1.199  -1.156  1.863  0.238  -1.134  -1.138  -1.134  -1.134  -0.426
  650360.380  4765047.940  969.750  1.000  1.590  0.470  14.350  11.300  0.000  55.000  0.000  0.000  0.000  45.000  0.000  0.000  0.000  0.000  40000.000  1.206  2.033  -0.728  -1.513  -1.330  0.709  -1.197  -1.154  -1.206  -0.347  -1.132  -1.136  -1.132  -1.132  0.277
  651344.630  4765268.770  789.840  1.000  0.210  0.000  63.000  200.000  0.000  0.000  0.000  20.000  20.000  60.000  0.000  0.000  0.000  0.000  30000.000  -0.756  -2.113  0.499  0.940  -1.328  -1.780  -1.195  2.658  2.316  -0.072  -1.130  -1.134  -1.130  -1.130  -0.425
  651294.900  4765649.520  942.960  1.000  1.040  0.010  43.000  530.000  10.000  0.000  0.000  0.000  10.000  80.000  0.000  0.000  0.000  0.000  60000.000  0.600  -1.360  0.163  1.402  0.725  -1.775  -1.193  -1.152  1.869  0.553  -1.129  -1.132  -1.129  -1.129  1.246
  650830.970  4765966.330  905.530  1.000  0.390  0.010  5.000  50.000  0.000  10.000  0.000  0.000  0.000  90.000  0.000  0.000  0.000  0.000  40000.000  -0.395  -1.357  -1.700  -0.805  -1.325  -0.747  -1.191  -1.150  -1.204  0.931  -1.127  -1.130  -1.127  -1.127  0.278
  650553.700  4765313.830  946.540  1.000  -99.000  -99.000  -99.000  -99.000  0.000  0.000  0.000  0.000  0.000  100.000  0.000  0.000  0.000  0.000  15000.000  -99.000  -99.000  -99.000  -99.000  -1.323  -1.771  -1.189  -1.148  -1.203  1.577  -1.125  -1.129  -1.125  -1.125  -1.154
  650976.080  4765420.250  800.870  1.000  -99.000  -99.000  -99.000  -99.000  0.000  7.000  0.000  0.000  0.000  93.000  0.000  0.000  0.000  0.000  45000.000  -99.000  -99.000  -99.000  -99.000  -1.321  -0.809  -1.187  -1.146  -1.201  1.228  -1.123  -1.127  -1.123  -1.123  0.753
  651315.340  4766506.570  396.500  1.000  -99.000  -99.000  -99.000  -99.000  0.000  40.000  0.000  0.000  0.000  60.000  0.000  0.000  0.000  0.000  80000.000  -99.000  -99.000  -99.000  -99.000  -1.319  0.237  -1.185  -1.145  -1.199  -0.071  -1.122  -1.125  -1.122  -1.122  1.832
  651430.490  4766166.010  459.450  1.000  2.990  0.440  320.000  50.000  100.000  0.000  0.000  0.000  0.000  0.000  0.000  0.000  0.000  0.000  40000.000  1.978  1.971  2.317  -0.804  2.375  -1.766  -1.183  -1.143  -1.197  -2.359  -1.120  -1.123  -1.120  -1.120  0.279
  651239.310  4765453.270  929.680  1.000  0.560  0.000  5.000  190.000  40.000  10.000  0.000  0.000  0.000  50.000  0.000  0.000  0.000  0.000  20000.000  -0.107  -2.103  -1.696  0.915  1.404  -0.746  -1.182  -1.141  -1.195  -0.312  -1.118  -1.122  -1.118  -1.118  -0.983
  651325.940  4765997.580  526.460  1.000  0.740  0.130  235.000  50.000  0.000  60.000  0.000  0.000  0.000  40.000  0.000  0.000  0.000  0.000  30000.000  0.182  0.924  1.955  -0.802  -1.316  0.735  -1.180  -1.139  -1.193  -0.538  -1.116  -1.120  -1.116  -1.116  -0.424
  651341.750  4765489.870  788.590  1.000  2.040  0.050  60.000  770.000  50.000  0.000  0.000  0.000  0.000  50.000  0.000  0.000  0.000  0.000  50000.000  1.532  0.041  0.459  1.631  1.545  -1.762  -1.178  -1.138  -1.191  -0.311  -1.115  -1.118  -1.115  -1.115  0.857
  651358.900  4765258.190  683.850  1.000  0.360  0.010  46.000  1040.000  0.000  0.000  10.000  0.000  20.000  70.000  0.000  0.000  0.000  0.000  40000.000  -0.453  -1.355  0.225  1.849  -1.314  -1.757  1.874  -1.136  2.330  0.239  -1.113  -1.116  -1.113  -1.113  0.280
  651409.230  4766063.330  699.200  1.000  1.140  0.080  25.000  3760.000  10.000  0.000  0.000  0.000  20.000  70.000  0.000  0.000  0.000  0.000  45000.000  0.718  0.516  -0.290  3.071  0.726  -1.753  -1.176  -1.134  2.344  0.240  -1.111  -1.115  -1.111  -1.111  0.755
  650756.990  4764943.770  1142.760  1.000  0.070  0.020  55.280  214.400  0.000  0.000  100.000  0.000  0.000  0.000  0.000  0.000  0.000  0.000  10000.000  -1.337  -0.891  0.393  0.984  -1.312  -1.749  3.558  -1.132  -1.189  -2.344  -1.109  -1.113  -1.109  -1.109  -1.707
  651189.850  4765595.950  1064.400  1.000  0.980  0.060  87.000  510.000  30.000  0.000  0.000  10.000  0.000  60.000  0.000  0.000  0.000  0.000  30000.000  0.517  0.251  0.795  1.377  1.180  -1.744  -1.174  2.481  -1.187  -0.070  -1.108  -1.111  -1.108  -1.108  -0.423
  651611.540  4765572.210  618.250  1.000  0.080  0.010  125.000  120.000  0.000  20.000  0.000  0.000  0.000  80.000  0.000  0.000  0.000  0.000  30000.000  -1.280  -1.352  1.169  0.640  -1.310  -0.370  -1.172  -1.130  -1.185  0.554  -1.106  -1.109  -1.106  -1.106  -0.422
  651330.520  4765503.050  974.530  1.000  0.300  0.020  61.000  -99.000  0.000  30.000  0.000  0.000  0.000  70.000  0.000  0.000  0.000  0.000  10000.000  -0.558  -0.889  0.472  -99.000  -1.308  -0.048  -1.170  -1.129  -1.183  0.241  -1.104  -1.108  -1.104  -1.104  -1.703
  651441.220  4765805.340  764.820  1.000  1.170  0.000  28.000  590.000  20.000  0.000  40.000  0.000  0.000  40.000  0.000  0.000  0.000  0.000  30000.000  0.766  -2.094  -0.184  1.455  0.956  -1.740  2.729  -1.127  -1.182  -0.537  -1.102  -1.106  -1.102  -1.102  -0.421
  651264.590  4765428.690  1022.000  1.000  0.010  0.020  66.000  50.000  0.000  0.000  0.000  0.000  0.000  0.000  0.000  0.000  0.000  0.000  0.000  -2.350  -0.888  0.543  -0.801  -1.305  -1.736  -1.168  -1.125  -1.180  -2.330  -1.101  -1.104  -1.101  -1.101  -2.628
  651204.460  4765585.960  817.350  1.000  0.910  0.060  73.000  790.000  20.000  20.000  0.000  0.000  0.000  60.000  0.000  0.000  0.000  0.000  40000.000  0.431  0.252  0.635  1.643  0.957  -0.369  -1.167  -1.123  -1.178  -0.069  -1.099  -1.102  -1.099  -1.099  0.281
  651255.340  4765829.860  678.570  1.000  0.620  0.140  130.000  380.000  0.000  30.000  0.000  0.000  0.000  70.000  0.000  0.000  0.000  0.000  30000.000  -0.022  0.980  1.216  1.218  -1.303  -0.047  -1.165  -1.122  -1.176  0.242  -1.097  -1.101  -1.097  -1.097  -0.420
  651423.450  4766169.590  547.090  1.000  0.360  0.000  10.000  50.000  0.000  60.000  0.000  0.000  0.000  40.000  0.000  0.000  0.000  0.000  30000.000  -0.452  -2.085  -1.003  -0.800  -1.301  0.736  -1.163  -1.120  -1.174  -0.536  -1.096  -1.099  -1.096  -1.096  -0.419
  651238.510  4765716.090  672.770  1.000  0.730  0.130  59.000  50.000  0.000  50.000  0.000  0.000  0.000  50.000  0.000  0.000  0.000  0.000  60000.000  0.168  0.925  0.448  -0.798  -1.299  0.500  -1.161  -1.118  -1.172  -0.310  -1.094  -1.097  -1.094  -1.094  1.248
  650941.080  4766022.190  841.900  1.000  0.080  0.030  5.000  50.000  0.000  20.000  0.000  0.000  0.000  80.000  0.000  0.000  0.000  0.000  60000.000  -1.278  -0.470  -1.691  -0.797  -1.297  -0.368  -1.159  -1.116  -1.170  0.555  -1.092  -1.096  -1.092  -1.092  1.250
  651860.700  4766170.090  570.480  1.000  0.260  0.010  39.000  810.000  0.000  0.000  0.000  0.000  10.000  90.000  0.000  0.000  0.000  0.000  30000.000  -0.647  -1.350  0.087  1.668  -1.294  -1.731  -1.157  -1.115  1.874  0.933  -1.090  -1.094  -1.090  -1.090  -0.418
  651429.010  4765978.540  501.400  1.000  0.580  0.110  130.000  50.000  0.000  30.000  0.000  0.000  0.000  70.000  0.000  0.000  0.000  0.000  50000.000  -0.077  0.759  1.219  -0.795  -1.292  -0.046  -1.156  -1.113  -1.168  0.243  -1.089  -1.092  -1.089  -1.089  0.858
  650759.390  4764827.400  1069.360  1.000  0.150  0.020  8.650  162.800  0.000  0.000  20.000  0.000  0.000  80.000  0.000  0.000  0.000  0.000  40000.000  -0.940  -0.886  -1.066  0.846  -1.290  -1.727  2.197  -1.111  -1.167  0.556  -1.087  -1.090  -1.087  -1.087  0.282
  651215.070  4765581.790  1007.310  1.000  0.550  0.020  195.000  1070.000  30.000  0.000  0.000  0.000  20.000  50.000  0.000  0.000  0.000  0.000  20000.000  -0.133  -0.885  1.691  1.886  1.182  -1.723  -1.154  -1.109  2.359  -0.309  -1.085  -1.089  -1.085  -1.085  -0.981
  651469.350  4765536.830  661.240  1.000  1.120  0.000  60.000  50.000  0.000  50.000  0.000  0.000  0.000  50.000  0.000  0.000  0.000  0.000  40000.000  0.696  -2.076  0.460  -0.794  -1.288  0.501  -1.152  -1.108  -1.165  -0.308  -1.084  -1.087  -1.084  -1.084  0.283
  650219.400  4765246.570  745.820  1.000  0.020  0.010  21.000  17.500  0.000  5.000  0.000  0.000  0.000  95.000  0.000  0.000  0.000  0.000  30000.000  -1.896  -1.347  -0.446  -1.323  -1.286  -0.880  -1.150  -1.106  -1.163  1.332  -1.082  -1.085  -1.082  -1.082  -0.417
  651306.260  4765501.270  961.650  1.000  1.320  0.010  98.000  50.000  20.000  0.000  0.000  0.000  10.000  70.000  0.000  0.000  0.000  0.000  30000.000  0.937  -1.344  0.916  -0.792  0.959  -1.719  -1.148  -1.104  1.879  0.244  -1.080  -1.084  -1.080  -1.080  -0.416
  651831.080  4766613.800  223.040  1.000  0.010  0.020  5.000  50.000  0.000  0.000  0.000  0.000  0.000  0.000  0.000  0.000  0.000  0.000  0.000  -2.334  -0.883  -1.687  -0.791  -1.284  -1.715  -1.146  -1.102  -1.161  -2.316  -1.079  -1.082  -1.079  -1.079  -2.599
  651832.060  4766612.910  228.890  1.000  0.010  0.010  5.000  50.000  0.000  0.000  0.000  0.000  0.000  0.000  0.000  0.000  0.000  0.000  0.000  -2.319  -1.342  -1.683  -0.789  -1.282  -1.711  -1.145  -1.101  -1.159  -2.302  -1.077  -1.080  -1.077  -1.077  -2.573
  651399.130  4765587.780  799.780  1.000  0.940  0.030  38.000  50.000  0.000  30.000  0.000  0.000  0.000  70.000  0.000  0.000  0.000  0.000  50000.000  0.468  -0.469  0.059  -0.788  -1.279  -0.045  -1.143  -1.099  -1.157  0.245  -1.075  -1.079  -1.075  -1.075  0.860
  651472.920  4765919.960  687.510  1.000  3.960  0.230  150.000  310.000  70.000  0.000  10.000  0.000  0.000  20.000  0.000  0.000  0.000  0.000  50000.000  2.443  1.355  1.379  1.153  1.827  -1.707  1.879  -1.097  -1.156  -1.014  -1.074  -1.077  -1.074  -1.074  0.861
  651340.170  4765271.910  779.150  1.000  1.350  0.000  185.000  220.000  0.000  0.000  0.000  50.000  0.000  50.000  0.000  0.000  0.000  0.000  30000.000  0.972  -2.067  1.625  0.990  -1.277  -1.703  -1.141  3.258  -1.154  -0.307  -1.072  -1.075  -1.072  -1.072  -0.415
  651875.770  4766151.950  619.060  1.000  0.770  0.030  230.000  1900.000  0.000  0.000  0.000  0.000  20.000  80.000  0.000  0.000  0.000  0.000  40000.000  0.223  -0.468  1.920  2.394  -1.275  -1.699  -1.139  -1.096  2.375  0.557  -1.070  -1.074  -1.070  -1.070  0.284
  650505.650  4765466.900  796.030  1.000  0.120  0.040  7.370  136.000  0.000  10.000  0.000  0.000  0.000  90.000  0.000  0.000  0.000  0.000  30000.000  -1.045  -0.174  -1.129  0.738  -1.273  -0.745  -1.138  -1.094  -1.152  0.934  -1.069  -1.072  -1.069  -1.069  -0.413
  651021.740  4765267.800  642.150  1.000  0.250  0.030  74.000  50.000  0.000  15.000  0.000  0.000  0.000  85.000  0.000  0.000  0.000  0.000  60000.000  -0.665  -0.467  0.648  -0.786  -1.271  -0.473  -1.136  -1.092  -1.150  0.826  -1.067  -1.070  -1.067  -1.067  1.252
  650887.570  4765232.990  1027.990  1.000  -99.000  -99.000  -99.000  -99.000  0.000  20.000  0.000  0.000  0.000  80.000  0.000  0.000  0.000  0.000  35000.000  -99.000  -99.000  -99.000  -99.000  -1.269  -0.367  -1.134  -1.090  -1.148  0.558  -1.065  -1.069  -1.065  -1.065  0.150
  651291.720  4765427.430  635.970  1.000  1.290  0.020  165.000  50.000  0.000  50.000  0.000  0.000  0.000  50.000  0.000  0.000  0.000  0.000  10000.000  0.900  -0.881  1.488  -0.785  -1.267  0.502  -1.132  -1.089  -1.146  -0.306  -1.064  -1.067  -1.064  -1.064  -1.699
  651366.840  4765562.830  444.240  1.000  1.310  0.040  195.000  50.000  0.000  30.000  0.000  0.000  0.000  70.000  0.000  0.000  0.000  0.000  60000.000  0.924  -0.173  1.696  -0.783  -1.265  -0.044  -1.130  -1.087  -1.145  0.246  -1.062  -1.065  -1.062  -1.062  1.254
  651226.280  4765353.460  656.970  1.000  0.320  0.000  305.000  50.000  0.000  40.000  0.000  0.000  0.000  60.000  0.000  0.000  0.000  0.000  30000.000  -0.521  -2.058  2.260  -0.782  -1.263  0.238  -1.129  -1.085  -1.143  -0.068  -1.060  -1.064  -1.060  -1.060  -0.412
  651237.310  4765371.720  695.450  1.000  1.160  0.000  1280.000  50.000  40.000  20.000  0.000  0.000  0.000  40.000  0.000  0.000  0.000  0.000  15000.000  0.749  -2.049  3.226  -0.780  1.406  -0.366  -1.127  -1.084  -1.141  -0.535  -1.059  -1.062  -1.059  -1.059  -1.152
  650431.590  4765388.210  919.420  1.000  -99.000  -99.000  -99.000  -99.000  0.000  5.000  0.000  0.000  0.000  95.000  0.000  0.000  0.000  0.000  20000.000  -99.000  -99.000  -99.000  -99.000  -1.261  -0.879  -1.125  -1.082  -1.139  1.334  -1.057  -1.060  -1.057  -1.057  -0.980
  651308.670  4766532.680  445.030  1.000  -99.000  -99.000  -99.000  -99.000  0.000  15.000  0.000  0.000  0.000  85.000  0.000  0.000  0.000  0.000  15000.000  -99.000  -99.000  -99.000  -99.000  -1.258  -0.472  -1.123  -1.080  -1.138  0.828  -1.055  -1.059  -1.055  -1.055  -1.150
  650251.590  4765247.980  939.150  1.000  0.030  0.020  98.200  21.600  0.000  0.000  0.000  0.000  0.000  100.000  0.000  0.000  0.000  0.000  7000.000  -1.753  -0.880  0.924  -1.213  -1.256  -1.695  -1.122  -1.079  -1.136  1.580  -1.054  -1.057  -1.054  -1.054  -1.798
  651419.090  4766171.750  602.880  1.000  0.990  0.050  34.000  50.000  0.000  90.000  0.000  0.000  0.000  10.000  0.000  0.000  0.000  0.000  30000.000  0.537  0.042  -0.036  -0.779  -1.254  1.727  -1.120  -1.077  -1.134  -1.292  -1.052  -1.055  -1.052  -1.052  -0.411
  651408.500  4765578.390  841.730  1.000  0.240  0.010  110.000  690.000  0.000  60.000  0.000  0.000  0.000  40.000  0.000  0.000  0.000  0.000  30000.000  -0.682  -1.339  1.035  1.541  -1.252  0.737  -1.118  -1.075  -1.132  -0.534  -1.051  -1.054  -1.051  -1.051  -0.410
  651240.390  4765452.380  925.940  1.000  0.830  0.070  29.000  990.000  30.000  0.000  0.000  0.000  0.000  70.000  0.000  0.000  0.000  0.000  30000.000  0.318  0.398  -0.156  1.826  1.183  -1.691  -1.116  -1.074  -1.130  0.247  -1.049  -1.052  -1.049  -1.049  -0.409
  651127.710  4765523.430  1044.710  1.000  0.590  0.040  66.000  50.000  0.000  30.000  0.000  0.000  0.000  70.000  0.000  0.000  0.000  0.000  30000.000  -0.061  -0.172  0.544  -0.778  -1.250  -0.043  -1.115  -1.072  -1.129  0.248  -1.047  -1.051  -1.047  -1.047  -0.408
  651837.020  4766199.650  493.280  1.000  1.650  0.010  48.000  110.000  10.000  0.000  10.000  0.000  10.000  70.000  0.000  0.000  0.000  0.000  40000.000  1.255  -1.337  0.258  0.588  0.728  -1.687  1.885  -1.070  1.885  0.249  -1.046  -1.049  -1.046  -1.046  0.285
  650921.780  4765418.430  1016.230  1.000  0.850  0.060  37.000  50.000  0.000  40.000  0.000  0.000  0.000  60.000  0.000  0.000  0.000  0.000  60000.000  0.350  0.253  0.036  -0.776  -1.248  0.239  -1.113  -1.069  -1.127  -0.068  -1.044  -1.047  -1.044  -1.044  1.256
  651361.710  4765571.200  434.260  1.000  0.820  0.020  230.000  50.000  0.000  30.000  0.000  0.000  0.000  70.000  0.000  0.000  0.000  0.000  40000.000  0.308  -0.878  1.927  -0.775  -1.246  -0.042  -1.111  -1.067  -1.125  0.250  -1.042  -1.046  -1.042  -1.042  0.286
  651225.330  4765257.980  661.060  1.000  1.070  0.040  31.000  50.000  0.000  30.000  0.000  0.000  0.000  70.000  0.000  0.000  0.000  0.000  70000.000  0.638  -0.171  -0.098  -0.773  -1.244  -0.041  -1.109  -1.065  -1.123  0.251  -1.041  -1.044  -1.041  -1.041  1.617
  651528.190  4765989.320  720.140  1.000  2.420  0.040  30.000  50.000  0.000  70.000  0.000  0.000  0.000  30.000  0.000  0.000  0.000  0.000  50000.000  1.753  -0.170  -0.124  -0.772  -1.242  1.055  -1.108  -1.064  -1.122  -0.795  -1.039  -1.042  -1.039  -1.039  0.863
  651339.830  4765491.440  783.130  1.000  3.110  0.060  150.000  510.000  50.000  0.000  10.000  0.000  0.000  40.000  0.000  0.000  0.000  0.000  50000.000  2.058  0.255  1.382  1.379  1.549  -1.683  1.890  -1.062  -1.120  -0.533  -1.038  -1.041  -1.038  -1.038  0.864
  651477.570  4765914.140  706.070  1.000  3.790  0.630  230.000  50.000  10.000  90.000  0.000  0.000  0.000  0.000  0.000  0.000  0.000  0.000  50000.000  2.350  2.222  1.934  -0.770  0.729  1.731  -1.106  -1.060  -1.118  -2.289  -1.036  -1.039  -1.036  -1.036  0.865
  650914.150  4765600.530  895.580  1.000  0.040  0.010  5.000  50.000  0.000  5.000  0.000  0.000  0.000  95.000  0.000  0.000  0.000  0.000  60000.000  -1.596  -1.334  -1.678  -0.769  -1.240  -0.878  -1.104  -1.059  -1.116  1.337  -1.034  -1.038  -1.034  -1.034  1.258
  651411.720  4765470.960  611.190  1.000  2.810  0.020  525.000  50.000  0.000  100.000  0.000  0.000  0.000  0.000  0.000  0.000  0.000  0.000  50000.000  1.866  -0.877  2.620  -0.768  -1.238  2.186  -1.102  -1.057  -1.115  -2.277  -1.033  -1.036  -1.033  -1.033  0.867
  650572.060  4765296.210  1026.590  1.000  -99.000  -99.000  -99.000  -99.000  0.000  2.000  0.000  0.000  0.000  98.000  0.000  0.000  0.000  0.000  25000.000  -99.000  -99.000  -99.000  -99.000  -1.236  -0.955  -1.101  -1.055  -1.113  1.451  -1.031  -1.034  -1.031  -1.031  -0.588
  651309.630  4765469.950  790.770  1.000  1.690  0.020  135.000  2030.000  30.000  0.000  10.000  0.000  0.000  60.000  0.000  0.000  0.000  0.000  30000.000  1.283  -0.875  1.252  2.434  1.185  -1.679  1.896  -1.054  -1.111  -0.067  -1.030  -1.033  -1.030  -1.030  -0.407
  651227.580  4765713.010  580.790  1.000  0.210  0.030  19.000  100.000  0.000  40.000  0.000  0.000  0.000  60.000  0.000  0.000  0.000  0.000  40000.000  -0.755  -0.466  -0.524  0.552  -1.234  0.240  -1.099  -1.052  -1.109  -0.066  -1.028  -1.031  -1.028  -1.028  0.287
  651355.580  4765739.770  668.880  1.000  4.410  0.200  50.000  50.000  50.000  20.000  0.000  0.000  0.000  30.000  0.000  0.000  0.000  0.000  30000.000  2.591  1.245  0.293  -0.766  1.552  -0.365  -1.097  -1.051  -1.108  -0.794  -1.026  -1.030  -1.026  -1.026  -0.406
  650591.180  4765471.570  423.810  1.000  0.190  0.000  110.500  433.000  0.000  10.000  0.000  0.000  0.000  90.000  0.000  0.000  0.000  0.000  60000.000  -0.811  -2.041  1.075  1.293  -1.232  -0.743  -1.096  -1.049  -1.106  0.935  -1.025  -1.028  -1.025  -1.025  1.261
  651434.620  4765685.750  786.880  1.000  1.600  0.010  40.000  1470.000  0.000  0.000  0.000  30.000  0.000  70.000  0.000  0.000  0.000  0.000  30000.000  1.217  -1.332  0.099  2.123  -1.230  -1.676  -1.094  2.869  -1.104  0.252  -1.023  -1.026  -1.023  -1.023  -0.405
  650865.490  4766099.310  951.000  1.000  0.010  0.010  28.000  50.000  0.000  10.000  0.000  0.000  0.000  90.000  0.000  0.000  0.000  0.000  10000.000  -2.304  -1.329  -0.183  -0.765  -1.228  -0.742  -1.092  -1.047  -1.102  0.937  -1.022  -1.025  -1.022  -1.022  -1.695
  650412.420  4765408.820  859.720  1.000  -99.000  -99.000  -99.000  -99.000  0.000  20.000  0.000  0.000  0.000  80.000  0.000  0.000  0.000  0.000  40000.000  -99.000  -99.000  -99.000  -99.000  -1.226  -0.364  -1.090  -1.046  -1.101  0.559  -1.020  -1.023  -1.020  -1.020  0.288
  651874.640  4766153.270  615.460  1.000  0.370  0.000  15.000  820.000  15.000  0.000  0.000  0.000  15.000  70.000  0.000  0.000  0.000  0.000  40000.000  -0.424  -2.033  -0.702  1.686  0.911  -1.672  -1.089  -1.044  2.129  0.253  -1.019  -1.022  -1.019  -1.019  0.289
  651367.010  4765975.620  675.200  1.000  1.870  0.320  55.000  2190.000  0.000  35.000  35.000  0.000  0.000  30.000  0.000  0.000  0.000  0.000  50000.000  1.435  1.607  0.382  2.477  -1.224  0.157  2.658  -1.042  -1.099  -0.793  -1.017  -1.020  -1.017  -1.017  0.868
  651174.730  4765606.160  931.640  1.000  0.990  0.030  85.000  110.000  20.000  0.000  0.000  0.000  0.000  80.000  0.000  0.000  0.000  0.000  30000.000  0.538  -0.464  0.774  0.590  0.960  -1.668  -1.087  -1.041  -1.097  0.560  -1.015  -1.019  -1.015  -1.015  -0.404
  651333.200  4765371.660  632.830  1.000  1.280  0.070  42.000  50.000  20.000  20.000  0.000  0.000  0.000  60.000  0.000  0.000  0.000  0.000  50000.000  0.888  0.399  0.137  -0.763  0.962  -0.363  -1.085  -1.039  -1.096  -0.065  -1.014  -1.017  -1.014  -1.014  0.869
  651418.760  4765502.030  850.410  1.000  0.160  0.040  15.000  50.000  0.000  30.000  0.000  0.000  0.000  70.000  0.000  0.000  0.000  0.000  40000.000  -0.897  -0.169  -0.701  -0.762  -1.222  -0.040  -1.084  -1.038  -1.094  0.254  -1.012  -1.015  -1.012  -1.012  0.290
  651325.940  4765961.580  588.820  1.000  0.330  0.040  24.000  50.000  0.000  30.000  0.000  0.000  0.000  70.000  0.000  0.000  0.000  0.000  30000.000  -0.504  -0.168  -0.333  -0.760  -1.220  -0.039  -1.082  -1.036  -1.092  0.255  -1.011  -1.014  -1.011  -1.011  -0.403
  650891.750  4766055.770  992.500  1.000  0.030  0.010  22.000  50.000  0.000  20.000  0.000  0.000  0.000  80.000  0.000  0.000  0.000  0.000  30000.000  -1.748  -1.327  -0.411  -0.759  -1.218  -0.362  -1.080  -1.034  -1.090  0.561  -1.009  -1.012  -1.009  -1.009  -0.402
  651325.940  4765943.580  619.990  1.000  0.570  0.030  70.000  50.000  0.000  50.000  0.000  0.000  0.000  50.000  0.000  0.000  0.000  0.000  30000.000  -0.093  -0.463  0.592  -0.757  -1.216  0.503  -1.079  -1.033  -1.089  -0.305  -1.008  -1.011  -1.008  -1.008  -0.401
  651363.360  4765499.220  705.860  1.000  2.310  0.150  105.000  1100.000  60.000  0.000  0.000  0.000  0.000  40.000  0.000  0.000  0.000  0.000  40000.000  1.693  1.012  0.972  1.912  1.727  -1.664  -1.077  -1.031  -1.087  -0.532  -1.006  -1.009  -1.006  -1.006  0.291
  651473.010  4766119.140  628.190  1.000  1.300  0.030  19.000  150.000  10.000  40.000  0.000  0.000  0.000  50.000  0.000  0.000  0.000  0.000  50000.000  0.910  -0.462  -0.523  0.795  0.730  0.241  -1.075  -1.030  -1.085  -0.304  -1.004  -1.008  -1.004  -1.004  0.871
  651358.340  4765258.590  681.970  1.000  0.380  0.010  43.000  720.000  0.000  0.000  0.000  0.000  30.000  70.000  0.000  0.000  0.000  0.000  40000.000  -0.416  -1.324  0.164  1.569  -1.214  -1.660  -1.074  -1.028  2.573  0.256  -1.003  -1.006  -1.003  -1.003  0.292
  651215.880  4765581.340  1005.540  1.000  0.290  0.010  280.000  720.000  20.000  0.000  0.000  0.000  10.000  70.000  0.000  0.000  0.000  0.000  10000.000  -0.585  -1.322  2.174  1.573  0.963  -1.657  -1.072  -1.026  1.890  0.257  -1.001  -1.004  -1.001  -1.001  -1.691
  651355.010  4765261.000  670.700  1.000  0.260  0.020  69.000  50.000  0.000  20.000  0.000  0.000  20.000  60.000  0.000  0.000  0.000  0.000  40000.000  -0.645  -0.874  0.580  -0.756  -1.212  -0.361  -1.070  -1.025  2.391  -0.064  -1.000  -1.003  -1.000  -1.000  0.293
  651432.340  4765973.850  516.330  1.000  0.660  0.060  190.000  200.000  0.000  30.000  0.000  0.000  0.000  70.000  0.000  0.000  0.000  0.000  50000.000  0.043  0.256  1.661  0.942  -1.210  -0.038  -1.069  -1.023  -1.084  0.258  -0.998  -1.001  -0.998  -0.998  0.872
  651389.520  4765956.620  749.580  1.000  0.930  0.030  10.000  160.000  30.000  15.000  25.000  0.000  0.000  30.000  0.000  0.000  0.000  0.000  50000.000  0.458  -0.461  -1.001  0.823  1.187  -0.471  2.359  -1.022  -1.082  -0.791  -0.997  -1.000  -0.997  -0.997  0.873
  651313.180  4765436.200  851.990  1.000  0.980  0.010  110.000  700.000  10.000  0.000  20.000  0.000  0.000  70.000  0.000  0.000  0.000  0.000  30000.000  0.518  -1.319  1.036  1.548  0.731  -1.653  2.207  -1.020  -1.080  0.259  -0.995  -0.998  -0.995  -0.995  -0.400
  651153.860  4765133.030  770.510  1.000  0.200  0.010  64.000  130.000  0.000  50.000  0.000  0.000  0.000  50.000  0.000  0.000  0.000  0.000  30000.000  -0.798  -1.317  0.515  0.702  -1.208  0.504  -1.067  -1.019  -1.079  -0.304  -0.994  -0.997  -0.994  -0.994  -0.399
  650437.980  4765381.420  939.350  1.000  -99.000  -99.000  -99.000  -99.000  0.000  5.000  0.000  0.000  0.000  95.000  0.000  0.000  0.000  0.000  20000.000  -99.000  -99.000  -99.000  -99.000  -1.206  -0.876  -1.065  -1.017  -1.077  1.339  -0.992  -0.995  -0.992  -0.992  -0.978
  651481.860  4765523.580  743.240  1.000  0.480  0.010  42.000  50.000  40.000  0.000  10.000  0.000  0.000  50.000  0.000  0.000  0.000  0.000  40000.000  -0.253  -1.314  0.138  -0.755  1.409  -1.649  1.902  -1.015  -1.075  -0.303  -0.991  -0.994  -0.991  -0.991  0.294
  651377.150  4765967.040  708.660  1.000  1.270  0.100  48.000  50.000  0.000  60.000  0.000  0.000  0.000  40.000  0.000  0.000  0.000  0.000  60000.000  0.877  0.691  0.259  -0.753  -1.204  0.739  -1.064  -1.014  -1.074  -0.531  -0.989  -0.992  -0.989  -0.989  1.263
  651449.120  4765807.270  764.720  1.000  0.760  0.010  32.000  720.000  40.000  0.000  0.000  0.000  0.000  60.000  0.000  0.000  0.000  0.000  50000.000  0.207  -1.312  -0.077  1.577  1.411  -1.646  -1.062  -1.012  -1.072  -0.063  -0.988  -0.991  -0.988  -0.988  0.875
  651395.320  4765474.830  684.040  1.000  1.080  0.030  51.000  280.000  30.000  0.000  0.000  0.000  20.000  50.000  0.000  0.000  0.000  0.000  60000.000  0.657  -0.460  0.306  1.102  1.189  -1.642  -1.060  -1.011  2.407  -0.302  -0.986  -0.989  -0.986  -0.986  1.265
  650219.070  4765246.550  743.850  1.000  0.080  0.030  40.500  23.700  0.000  5.000  0.000  0.000  0.000  95.000  0.000  0.000  0.000  0.000  30000.000  -1.276  -0.459  0.115  -1.178  -1.203  -0.875  -1.059  -1.009  -1.070  1.341  -0.985  -0.988  -0.985  -0.985  -0.398
  651229.580  4765453.280  905.620  1.000  0.430  0.030  34.000  400.000  0.000  40.000  0.000  0.000  0.000  60.000  0.000  0.000  0.000  0.000  40000.000  -0.332  -0.457  -0.035  1.250  -1.201  0.242  -1.057  -1.008  -1.069  -0.062  -0.983  -0.986  -0.983  -0.983  0.295
  651365.890  4766648.520  228.180  1.000  -99.000  -99.000  -99.000  -99.000  0.000  5.000  0.000  0.000  0.000  95.000  0.000  0.000  0.000  0.000  20000.000  -99.000  -99.000  -99.000  -99.000  -1.199  -0.873  -1.055  -1.006  -1.067  1.344  -0.981  -0.985  -0.981  -0.981  -0.977
  651271.740  4765887.380  549.770  1.000  0.550  0.090  110.000  180.000  10.000  10.000  0.000  0.000  0.000  80.000  0.000  0.000  0.000  0.000  40000.000  -0.131  0.619  1.038  0.899  0.732  -0.741  -1.054  -1.004  -1.065  0.562  -0.980  -0.983  -0.980  -0.980  0.296
  651153.060  4765628.720  639.520  1.000  0.520  0.130  53.000  50.000  0.000  10.000  0.000  0.000  0.000  90.000  0.000  0.000  0.000  0.000  30000.000  -0.193  0.927  0.343  -0.752  -1.197  -0.740  -1.052  -1.003  -1.064  0.938  -0.978  -0.981  -0.978  -0.978  -0.397
  651201.190  4765588.710  864.780  1.000  1.100  0.060  49.000  740.000  0.000  40.000  0.000  0.000  0.000  60.000  0.000  0.000  0.000  0.000  30000.000  0.682  0.257  0.279  1.599  -1.195  0.243  -1.051  -1.001  -1.062  -0.061  -0.977  -0.980  -0.977  -0.977  -0.396
  651381.200  4765456.340  366.810  1.000  0.270  0.040  200.000  650.000  10.000  20.000  10.000  0.000  0.000  60.000  0.000  0.000  0.000  0.000  40000.000  -0.621  -0.167  1.771  1.517  0.734  -0.360  1.908  -1.000  -1.060  -0.060  -0.975  -0.978  -0.975  -0.975  0.297
  650666.890  4765361.990  995.420  1.000  -99.000  -99.000  -99.000  -99.000  0.000  0.000  0.000  0.000  0.000  100.000  0.000  0.000  0.000  0.000  35000.000  -99.000  -99.000  -99.000  -99.000  -1.193  -1.639  -1.049  -0.998  -1.059  1.584  -0.974  -0.977  -0.974  -0.974  0.150
  651465.280  4765801.110  784.130  1.000  0.510  0.020  49.000  220.000  20.000  0.000  0.000  0.000  10.000  70.000  0.000  0.000  0.000  0.000  40000.000  -0.206  -0.872  0.280  0.991  0.965  -1.635  -1.047  -0.997  1.896  0.260  -0.972  -0.975  -0.972  -0.972  0.298
  651365.550  4765470.140  858.010  1.000  0.260  0.010  14.000  620.000  0.000  10.000  0.000  0.000  0.000  90.000  0.000  0.000  0.000  0.000  20000.000  -0.644  -1.309  -0.753  1.493  -1.191  -0.739  -1.046  -0.995  -1.057  0.940  -0.971  -0.974  -0.971  -0.971  -0.975
  651341.440  4765511.600  749.060  1.000  2.130  0.070  54.000  980.000  40.000  0.000  10.000  0.000  0.000  50.000  0.000  0.000  0.000  0.000  70000.000  1.604  0.400  0.359  1.804  1.414  -1.631  1.913  -0.994  -1.055  -0.301  -0.969  -0.972  -0.969  -0.969  1.621
  651364.670  4765372.990  443.960  1.000  0.620  0.020  100.000  530.000  0.000  30.000  0.000  0.000  0.000  70.000  0.000  0.000  0.000  0.000  60000.000  -0.021  -0.871  0.939  1.405  -1.189  -0.037  -1.044  -0.992  -1.054  0.261  -0.968  -0.971  -0.968  -0.968  1.267
  651340.830  4765652.380  772.000  1.000  0.920  0.070  140.000  1620.000  50.000  40.000  0.000  0.000  0.000  10.000  0.000  0.000  0.000  0.000  20000.000  0.444  0.401  1.285  2.226  1.555  0.244  -1.042  -0.991  -1.052  -1.290  -0.966  -0.969  -0.966  -0.966  -0.974
  651357.530  4765476.850  834.210  1.000  2.600  0.070  100.000  4990.000  10.000  0.000  0.000  0.000  40.000  50.000  0.000  0.000  0.000  0.000  40000.000  1.788  0.402  0.941  3.523  0.735  -1.628  -1.041  -0.989  2.816  -0.300  -0.965  -0.968  -0.965  -0.965  0.299
  651838.030  4766607.590  263.990  1.000  0.030  0.030  5.000  50.000  0.000  0.000  0.000  0.000  0.000  100.000  0.000  0.000  0.000  0.000  30000.000  -1.743  -0.456  -1.674  -0.750  -1.187  -1.624  -1.039  -0.988  -1.051  1.587  -0.963  -0.966  -0.963  -0.963  -0.395
  651423.050  4765818.940  653.080  1.000  1.780  0.100  42.000  50.000  20.000  30.000  20.000  0.000  0.000  30.000  0.000  0.000  0.000  0.000  30000.000  1.371  0.692  0.139  -0.749  0.966  -0.037  2.218  -0.986  -1.049  -0.790  -0.962  -0.965  -0.962  -0.962  -0.394
  650411.840  4765098.560  976.160  1.000  0.700  0.000  149.500  1240.000  0.000  25.000  0.000  0.000  0.000  75.000  0.000  0.000  0.000  0.000  45000.000  0.117  -2.024  1.363  1.998  -1.185  -0.133  -1.038  -0.985  -1.047  0.458  -0.960  -0.963  -0.960  -0.960  0.756
  651117.980  4765456.050  534.750  1.000  0.180  0.110  28.000  100.000  0.000  20.000  0.000  0.000  0.000  80.000  0.000  0.000  0.000  0.000  40000.000  -0.838  0.760  -0.182  0.553  -1.183  -0.359  -1.036  -0.983  -1.046  0.564  -0.959  -0.962  -0.959  -0.959  0.300
  651405.200  4765685.930  921.850  1.000  0.020  0.000  5.000  50.000  0.000  0.000  0.000  0.000  0.000  0.000  0.000  0.000  0.000  0.000  0.000  -1.890  -2.016  -1.670  -0.748  -1.182  -1.621  -1.034  -0.981  -1.044  -2.264  -0.957  -0.960  -0.957  -0.957  -2.548
  651317.250  4765398.610  920.210  1.000  0.600  0.020  25.000  425.000  0.000  30.000  0.000  0.000  0.000  70.000  0.000  0.000  0.000  0.000  40000.000  -0.049  -0.869  -0.289  1.274  -1.180  -0.036  -1.033  -0.980  -1.042  0.262  -0.956  -0.959  -0.956  -0.956  0.301
  651592.440  4765698.540  630.260  1.000  0.050  0.000  5.000  230.000  0.000  10.000  0.000  0.000  10.000  80.000  0.000  0.000  0.000  0.000  20000.000  -1.503  -2.008  -1.665  1.009  -1.178  -0.737  -1.031  -0.978  1.902  0.565  -0.955  -0.957  -0.955  -0.955  -0.972
  651228.350  4765567.510  897.880  1.000  0.720  0.020  42.000  100.000  30.000  0.000  0.000  0.000  0.000  70.000  0.000  0.000  0.000  0.000  30000.000  0.147  -0.868  0.140  0.554  1.191  -1.617  -1.030  -0.977  -1.041  0.263  -0.953  -0.956  -0.953  -0.953  -0.393
  650997.400  4765398.410  874.810  1.000  -99.000  -99.000  -99.000  -99.000  5.000  55.000  0.000  0.000  0.000  40.000  0.000  0.000  0.000  0.000  30000.000  -99.000  -99.000  -99.000  -99.000  0.636  0.711  -1.028  -0.975  -1.039  -0.530  -0.952  -0.955  -0.952  -0.952  -0.392
  651246.560  4765704.490  714.450  1.000  0.800  0.050  76.000  50.000  80.000  10.000  0.000  0.000  0.000  10.000  0.000  0.000  0.000  0.000  20000.000  0.272  0.043  0.669  -0.746  1.956  -0.736  -1.026  -0.974  -1.038  -1.288  -0.950  -0.953  -0.950  -0.950  -0.971
  651205.740  4765468.960  822.380  1.000  0.520  0.020  11.000  50.000  30.000  30.000  0.000  0.000  0.000  40.000  0.000  0.000  0.000  0.000  20000.000  -0.192  -0.866  -0.920  -0.745  1.193  -0.035  -1.025  -0.972  -1.036  -0.529  -0.949  -0.952  -0.949  -0.949  -0.969
  651287.260  4765462.420  882.720  1.000  1.220  0.030  52.000  1010.000  20.000  0.000  0.000  0.000  0.000  80.000  0.000  0.000  0.000  0.000  30000.000  0.810  -0.455  0.325  1.831  0.968  -1.614  -1.023  -0.971  -1.034  0.566  -0.947  -0.950  -0.947  -0.947  -0.391
  651479.320  4766719.190  245.430  1.000  0.890  0.130  88.000  50.000  0.000  50.000  0.000  0.000  0.000  50.000  0.000  0.000  0.000  0.000  30000.000  0.402  0.929  0.803  -0.743  -1.176  0.505  -1.022  -0.969  -1.033  -0.299  -0.946  -0.949  -0.946  -0.946  -0.390
  651273.220  4765549.800  884.050  1.000  1.090  0.030  33.000  980.000  10.000  20.000  0.000  0.000  0.000  70.000  0.000  0.000  0.000  0.000  50000.000  0.667  -0.454  -0.053  1.809  0.736  -0.358  -1.020  -0.968  -1.031  0.264  -0.944  -0.947  -0.944  -0.944  0.876
  651561.670  4765619.360  400.830  1.000  2.390  0.520  93.000  50.000  60.000  40.000  0.000  0.000  0.000  0.000  0.000  0.000  0.000  0.000  50000.000  1.739  2.103  0.863  -0.742  1.731  0.245  -1.019  -0.966  -1.030  -2.252  -0.943  -0.946  -0.943  -0.943  0.878
  650996.340  4765399.490  871.110  1.000  -99.000  -99.000  -99.000  -99.000  5.000  55.000  0.000  0.000  0.000  40.000  0.000  0.000  0.000  0.000  30000.000  -99.000  -99.000  -99.000  -99.000  0.638  0.712  -1.017  -0.965  -1.028  -0.528  -0.941  -0.944  -0.941  -0.941  -0.389
  650547.740  4765319.720  919.830  1.000  -99.000  -99.000  -99.000  -99.000  0.000  3.000  0.000  0.000  0.000  97.000  0.000  0.000  0.000  0.000  25000.000  -99.000  -99.000  -99.000  -99.000  -1.174  -0.943  -1.015  -0.963  -1.026  1.445  -0.940  -0.943  -0.940  -0.940  -0.587
  650407.170  4765414.530  843.480  1.000  -99.000  -99.000  -99.000  -99.000  0.000  20.000  0.000  0.000  0.000  80.000  0.000  0.000  0.000  0.000  40000.000  -99.000  -99.000  -99.000  -99.000  -1.172  -0.357  -1.014  -0.962  -1.025  0.567  -0.938  -0.941  -0.938  -0.938  0.302
  651435.490  4765812.830  748.360  1.000  1.340  0.040  27.000  710.000  20.000  15.000  0.000  0.000  0.000  65.000  0.000  0.000  0.000  0.000  50000.000  0.960  -0.166  -0.206  1.558  0.969  -0.470  -1.012  -0.960  -1.023  0.141  -0.937  -0.940  -0.937  -0.937  0.879
  651636.100  4765931.580  536.830  1.000  0.170  0.030  40.000  50.000  0.000  20.000  0.000  0.000  0.000  80.000  0.000  0.000  0.000  0.000  30000.000  -0.871  -0.453  0.100  -0.740  -1.170  -0.356  -1.011  -0.959  -1.022  0.568  -0.935  -0.938  -0.935  -0.935  -0.388
  650906.000  4765581.780  739.270  1.000  0.250  0.020  48.000  -99.000  0.000  30.000  0.000  0.000  0.000  70.000  0.000  0.000  0.000  0.000  30000.000  -0.663  -0.865  0.260  -99.000  -1.168  -0.034  -1.009  -0.957  -1.020  0.264  -0.934  -0.937  -0.934  -0.934  -0.387
  651131.970  4765584.500  953.330  1.000  0.660  0.030  170.000  50.000  0.000  50.000  0.000  0.000  0.000  50.000  0.000  0.000  0.000  0.000  30000.000  0.044  -0.452  1.541  -0.739  -1.167  0.506  -1.008  -0.956  -1.019  -0.298  -0.933  -0.935  -0.933  -0.933  -0.386
  651782.360  4766183.700  555.650  1.000  0.900  0.000  5.000  50.000  0.000  40.000  0.000  0.000  0.000  60.000  0.000  0.000  0.000  0.000  60000.000  0.415  -2.001  -1.661  -0.738  -1.165  0.246  -1.006  -0.955  -1.017  -0.059  -0.931  -0.934  -0.931  -0.931  1.269
  651532.290  4765978.450  427.550  1.000  0.460  0.050  300.000  390.000  0.000  20.000  0.000  0.000  0.000  80.000  0.000  0.000  0.000  0.000  20000.000  -0.296  0.044  2.233  1.238  -1.163  -0.355  -1.004  -0.953  -1.015  0.569  -0.930  -0.933  -0.930  -0.930  -0.968
  650419.990  4765400.560  883.190  1.000  -99.000  -99.000  -99.000  -99.000  0.000  20.000  0.000  0.000  0.000  80.000  0.000  0.000  0.000  0.000  40000.000  -99.000  -99.000  -99.000  -99.000  -1.161  -0.354  -1.003  -0.952  -1.014  0.570  -0.928  -0.931  -0.928  -0.928  0.303
  651593.590  4765923.350  644.330  1.000  0.460  0.000  100.000  1500.000  0.000  0.000  0.000  0.000  30.000  70.000  0.000  0.000  0.000  0.000  30000.000  -0.295  -1.993  0.942  2.134  -1.159  -1.610  -1.001  -0.950  2.599  0.265  -0.927  -0.930  -0.927  -0.927  -0.385
  651400.970  4766760.290  180.090  1.000  0.520  0.070  105.000  50.000  0.000  70.000  0.000  0.000  0.000  30.000  0.000  0.000  0.000  0.000  30000.000  -0.191  0.404  0.974  -0.736  -1.157  1.057  -1.000  -0.949  -1.012  -0.789  -0.925  -0.928  -0.925  -0.925  -0.384
  651419.560  4766171.520  596.900  1.000  0.890  0.040  42.000  50.000  0.000  80.000  0.000  0.000  0.000  20.000  0.000  0.000  0.000  0.000  40000.000  0.403  -0.165  0.142  -0.735  -1.156  1.401  -0.998  -0.947  -1.011  -1.012  -0.924  -0.927  -0.924  -0.924  0.304
  651126.830  4765498.890  878.450  1.000  0.690  0.030  103.000  765.000  0.000  0.000  10.000  0.000  0.000  90.000  0.000  0.000  0.000  0.000  50000.000  0.099  -0.450  0.960  1.627  -1.154  -1.607  1.919  -0.946  -1.009  0.941  -0.923  -0.925  -0.923  -0.923  0.880
  651408.320  4765742.260  400.390  1.000  0.330  0.000  52.000  50.000  0.000  30.000  0.000  0.000  0.000  70.000  0.000  0.000  0.000  0.000  30000.000  -0.502  -1.985  0.326  -0.733  -1.152  -0.033  -0.997  -0.944  -1.008  0.266  -0.921  -0.924  -0.921  -0.921  -0.383
  651230.870  4766406.390  433.000  1.000  0.480  0.170  21.200  37.300  0.000  10.000  0.000  0.000  0.000  90.000  0.000  0.000  0.000  0.000  70000.000  -0.252  1.106  -0.425  -1.022  -1.150  -0.735  -0.995  -0.943  -1.006  0.943  -0.920  -0.923  -0.920  -0.920  1.624
  650857.500  4765966.300  863.150  1.000  0.410  0.050  64.000  160.000  0.000  20.000  0.000  0.000  0.000  80.000  0.000  0.000  0.000  0.000  50000.000  -0.363  0.045  0.517  0.825  -1.148  -0.353  -0.994  -0.941  -1.004  0.571  -0.918  -0.921  -0.918  -0.918  0.882
  650402.010  4765098.350  925.100  1.000  0.180  0.020  62.400  30.700  0.000  10.000  0.000  0.000  0.000  90.000  0.000  0.000  0.000  0.000  80000.000  -0.836  -0.863  0.496  -1.062  -1.146  -0.734  -0.992  -0.940  -1.003  0.944  -0.917  -0.920  -0.917  -0.917  1.837
  651325.940  4765931.580  640.780  1.000  0.980  0.140  155.000  240.000  0.000  40.000  0.000  0.000  0.000  60.000  0.000  0.000  0.000  0.000  40000.000  0.519  0.981  1.404  1.027  -1.145  0.247  -0.991  -0.938  -1.001  -0.058  -0.915  -0.918  -0.915  -0.915  0.304
  651417.810  4765548.640  780.540  1.000  0.640  0.010  13.000  110.000  20.000  10.000  0.000  0.000  0.000  70.000  0.000  0.000  0.000  0.000  30000.000  0.012  -1.307  -0.804  0.591  0.971  -0.732  -0.989  -0.937  -1.000  0.267  -0.914  -0.917  -0.914  -0.914  -0.382
  650454.110  4765364.850  990.350  1.000  -99.000  -99.000  -99.000  -99.000  0.000  1.000  0.000  0.000  0.000  99.000  0.000  0.000  0.000  0.000  10000.000  -99.000  -99.000  -99.000  -99.000  -1.143  -0.966  -0.988  -0.935  -0.998  1.472  -0.913  -0.915  -0.913  -0.913  -1.687
  650777.250  4765255.380  1039.580  1.000  -99.000  -99.000  -99.000  -99.000  0.000  5.000  0.000  0.000  0.000  95.000  0.000  0.000  0.000  0.000  35000.000  -99.000  -99.000  -99.000  -99.000  -1.141  -0.872  -0.986  -0.934  -0.997  1.346  -0.911  -0.914  -0.911  -0.911  0.151
  650784.460  4765966.020  977.860  1.000  0.120  0.010  5.000  50.000  0.000  10.000  0.000  0.000  0.000  90.000  0.000  0.000  0.000  0.000  50000.000  -1.043  -1.304  -1.657  -0.732  -1.139  -0.731  -0.985  -0.933  -0.995  0.946  -0.910  -0.913  -0.910  -0.910  0.883
  651335.310  4765515.070  761.160  1.000  1.730  0.020  30.000  280.000  50.000  0.000  0.000  0.000  0.000  50.000  0.000  0.000  0.000  0.000  70000.000  1.324  -0.862  -0.122  1.104  1.558  -1.604  -0.983  -0.931  -0.994  -0.297  -0.908  -0.911  -0.908  -0.908  1.628
  651355.700  4766626.700  362.030  1.000  -99.000  -99.000  -99.000  -99.000  0.000  55.000  0.000  0.000  0.000  45.000  0.000  0.000  0.000  0.000  50000.000  -99.000  -99.000  -99.000  -99.000  -1.138  0.713  -0.981  -0.930  -0.992  -0.346  -0.907  -0.910  -0.907  -0.907  0.884
  651323.070  4765500.230  975.530  1.000  0.650  0.000  27.000  820.000  0.000  20.000  0.000  0.000  10.000  70.000  0.000  0.000  0.000  0.000  50000.000  0.029  -1.978  -0.205  1.690  -1.136  -0.352  -0.980  -0.928  1.908  0.268  -0.905  -0.908  -0.905  -0.905  0.886
  651054.420  4765344.020  1078.040  1.000  -99.000  -99.000  -99.000  -99.000  0.000  5.000  0.000  0.000  0.000  95.000  0.000  0.000  0.000  0.000  45000.000  -99.000  -99.000  -99.000  -99.000  -1.134  -0.871  -0.978  -0.927  -0.991  1.348  -0.904  -0.907  -0.904  -0.904  0.757
  650923.210  4764964.520  924.990  1.000  0.170  0.000  2.500  -99.000  0.000  0.000  0.000  0.000  0.000  100.000  0.000  0.000  0.000  0.000  40000.000  -0.869  -1.971  -2.273  -99.000  -1.132  -1.600  -0.977  -0.925  -0.989  1.590  -0.903  -0.905  -0.903  -0.903  0.305
  651392.120  4765595.100  767.330  1.000  0.640  0.050  150.000  1220.000  30.000  20.000  10.000  0.000  0.000  40.000  0.000  0.000  0.000  0.000  30000.000  0.013  0.046  1.385  1.990  1.195  -0.351  1.925  -0.924  -0.988  -0.527  -0.901  -0.904  -0.901  -0.901  -0.381
  651195.780  4766294.640  600.890  1.000  0.310  0.020  15.000  470.000  0.000  0.000  0.000  0.000  0.000  100.000  0.000  0.000  0.000  0.000  45000.000  -0.537  -0.860  -0.700  1.339  -1.130  -1.597  -0.975  -0.923  -0.986  1.594  -0.900  -0.903  -0.900  -0.900  0.758
  651140.980  4765143.790  734.200  1.000  0.550  0.020  91.000  980.000  0.000  30.000  0.000  0.000  10.000  60.000  0.000  0.000  0.000  0.000  40000.000  -0.130  -0.859  0.841  1.815  -1.129  -0.032  -0.974  -0.921  1.913  -0.057  -0.898  -0.901  -0.898  -0.898  0.306
  651128.900  4765529.330  831.500  1.000  0.350  0.020  36.000  -99.000  0.000  0.000  15.000  0.000  0.000  85.000  0.000  0.000  0.000  0.000  40000.000  -0.473  -0.857  0.011  -99.000  -1.127  -1.594  2.138  -0.920  -0.985  0.829  -0.897  -0.900  -0.897  -0.897  0.307
  650921.120  4765042.770  771.840  1.000  0.330  0.010  155.000  -99.000  0.000  20.000  0.000  0.000  0.000  80.000  0.000  0.000  0.000  0.000  50000.000  -0.501  -1.302  1.407  -99.000  -1.125  -0.350  -0.972  -0.918  -0.983  0.572  -0.896  -0.898  -0.896  -0.896  0.887
  650611.310  4765471.690  346.380  1.000  0.060  0.000  228.000  35.800  0.000  10.000  0.000  0.000  0.000  90.000  0.000  0.000  0.000  0.000  40000.000  -1.398  -1.963  1.901  -1.027  -1.123  -0.730  -0.971  -0.917  -0.981  0.947  -0.894  -0.897  -0.894  -0.894  0.308
  651300.480  4765519.600  892.720  1.000  0.910  0.030  47.000  260.000  30.000  0.000  0.000  0.000  0.000  70.000  0.000  0.000  0.000  0.000  40000.000  0.432  -0.449  0.241  1.060  1.197  -1.590  -0.969  -0.915  -0.980  0.269  -0.893  -0.896  -0.893  -0.893  0.309
  651157.150  4765624.840  654.500  1.000  0.400  0.020  29.000  50.000  0.000  30.000  0.000  0.000  0.000  70.000  0.000  0.000  0.000  0.000  40000.000  -0.378  -0.856  -0.155  -0.731  -1.122  -0.031  -0.968  -0.914  -0.978  0.270  -0.891  -0.894  -0.891  -0.891  0.310
  651358.140  4765476.330  836.040  1.000  0.410  0.040  185.000  1290.000  0.000  0.000  0.000  0.000  40.000  60.000  0.000  0.000  0.000  0.000  40000.000  -0.362  -0.164  1.629  2.039  -1.120  -1.587  -0.966  -0.913  2.869  -0.056  -0.890  -0.893  -0.890  -0.890  0.311
  650231.540  4765247.190  818.820  1.000  0.090  0.070  16.550  9.400  0.000  5.000  0.000  0.000  0.000  95.000  0.000  0.000  0.000  0.000  40000.000  -1.204  0.405  -0.621  -1.619  -1.118  -0.869  -0.965  -0.911  -0.977  1.351  -0.889  -0.891  -0.889  -0.889  0.312
  650894.280  4766054.140  985.090  1.000  0.050  0.000  18.000  50.000  0.000  40.000  0.000  0.000  0.000  60.000  0.000  0.000  0.000  0.000  40000.000  -1.499  -1.956  -0.574  -0.729  -1.116  0.248  -0.963  -0.910  -0.975  -0.055  -0.887  -0.890  -0.887  -0.887  0.313
  651230.950  4766406.400  453.000  1.000  0.110  0.090  26.700  40.700  0.000  5.000  0.000  0.000  0.000  95.000  0.000  0.000  0.000  0.000  70000.000  -1.087  0.621  -0.218  -1.004  -1.115  -0.868  -0.962  -0.908  -0.974  1.353  -0.886  -0.889  -0.886  -0.886  1.631
  651486.380  4765793.820  809.770  1.000  0.030  0.030  5.000  50.000  0.000  0.000  0.000  0.000  0.000  100.000  0.000  0.000  0.000  0.000  20000.000  -1.739  -0.448  -1.653  -0.728  -1.113  -1.584  -0.960  -0.907  -0.972  1.597  -0.884  -0.887  -0.884  -0.884  -0.966
  651343.200  4765510.610  745.610  1.000  2.720  0.070  35.000  50.000  0.000  80.000  0.000  0.000  0.000  20.000  0.000  0.000  0.000  0.000  60000.000  1.842  0.406  -0.009  -0.726  -1.111  1.404  -0.959  -0.905  -0.971  -1.011  -0.883  -0.886  -0.883  -0.883  1.271
  651126.710  4766090.860  819.100  1.000  0.920  0.190  145.000  50.000  0.000  40.000  0.000  0.000  0.000  60.000  0.000  0.000  0.000  0.000  40000.000  0.445  1.195  1.324  -0.725  -1.109  0.249  -0.957  -0.904  -0.969  -0.054  -0.882  -0.884  -0.882  -0.882  0.314
  651238.560  4765564.750  766.320  1.000  2.960  0.150  240.000  740.000  20.000  50.000  0.000  0.000  0.000  30.000  0.000  0.000  0.000  0.000  50000.000  1.936  1.014  1.984  1.603  0.972  0.507  -0.956  -0.903  -0.968  -0.787  -0.880  -0.883  -0.880  -0.880  0.889
  651234.930  4765562.520  920.410  1.000  0.950  0.030  86.000  530.000  30.000  0.000  0.000  0.000  10.000  60.000  0.000  0.000  0.000  0.000  40000.000  0.479  -0.447  0.787  1.408  1.199  -1.580  -0.955  -0.901  1.919  -0.053  -0.879  -0.882  -0.879  -0.879  0.315
  651252.660  4765549.400  980.490  1.000  0.580  0.030  38.000  550.000  50.000  20.000  0.000  0.000  10.000  20.000  0.000  0.000  0.000  0.000  30000.000  -0.076  -0.446  0.060  1.422  1.561  -0.349  -0.953  -0.900  1.925  -1.009  -0.878  -0.880  -0.878  -0.878  -0.380
  651409.530  4765939.530  816.600  1.000  0.650  0.090  24.000  130.000  10.000  40.000  0.000  0.000  0.000  50.000  0.000  0.000  0.000  0.000  40000.000  0.030  0.622  -0.332  0.703  0.737  0.250  -0.952  -0.898  -0.966  -0.296  -0.876  -0.879  -0.876  -0.876  0.316
  651534.160  4766107.910  645.810  1.000  1.560  0.070  25.000  50.000  0.000  50.000  0.000  0.000  0.000  50.000  0.000  0.000  0.000  0.000  100000.000  1.189  0.407  -0.288  -0.724  -1.108  0.508  -0.950  -0.897  -0.965  -0.295  -0.875  -0.878  -0.875  -0.875  1.982
  651268.200  4765426.560  809.190  1.000  1.820  0.010  210.000  260.000  50.000  0.000  0.000  0.000  0.000  50.000  0.000  0.000  0.000  0.000  50000.000  1.395  -1.299  1.813  1.062  1.564  -1.577  -0.949  -0.896  -0.963  -0.294  -0.873  -0.876  -0.873  -0.873  0.890
  651325.940  4765906.580  684.080  1.000  1.210  0.050  64.000  270.000  0.000  35.000  0.000  0.000  0.000  65.000  0.000  0.000  0.000  0.000  40000.000  0.798  0.047  0.518  1.077  -1.106  0.158  -0.947  -0.894  -0.962  0.142  -0.872  -0.875  -0.872  -0.872  0.317
  651282.380  4765453.010  863.450  1.000  0.990  0.010  36.000  730.000  10.000  0.000  10.000  0.000  0.000  80.000  0.000  0.000  0.000  0.000  30000.000  0.539  -1.297  0.012  1.588  0.739  -1.574  1.931  -0.893  -0.960  0.573  -0.871  -0.873  -0.871  -0.871  -0.379
  651413.800  4765452.430  747.720  1.000  1.020  0.020  39.000  410.000  20.000  20.000  0.000  0.000  10.000  50.000  0.000  0.000  0.000  0.000  40000.000  0.579  -0.854  0.088  1.269  0.974  -0.348  -0.946  -0.891  1.931  -0.293  -0.869  -0.872  -0.869  -0.869  0.318
  650886.700  4765954.960  753.870  1.000  0.390  0.020  31.000  50.000  0.000  30.000  0.000  0.000  0.000  70.000  0.000  0.000  0.000  0.000  20000.000  -0.394  -0.853  -0.097  -0.722  -1.104  -0.030  -0.944  -0.890  -0.959  0.271  -0.868  -0.871  -0.868  -0.868  -0.965
  651413.860  4766056.960  685.280  1.000  0.140  0.060  24.000  50.000  20.000  0.000  0.000  0.000  10.000  70.000  0.000  0.000  0.000  0.000  40000.000  -0.977  0.258  -0.331  -0.721  0.975  -1.571  -0.943  -0.889  1.937  0.272  -0.867  -0.869  -0.867  -0.867  0.319
  651131.870  4765583.370  954.980  1.000  0.550  0.020  83.000  50.000  0.000  30.000  0.000  0.000  0.000  70.000  0.000  0.000  0.000  0.000  40000.000  -0.129  -0.851  0.745  -0.720  -1.102  -0.029  -0.941  -0.887  -0.957  0.273  -0.865  -0.868  -0.865  -0.865  0.320
  651365.880  4765976.600  671.490  1.000  1.330  0.070  31.000  710.000  0.000  40.000  30.000  0.000  0.000  30.000  0.000  0.000  0.000  0.000  50000.000  0.948  0.408  -0.096  1.562  -1.101  0.251  2.443  -0.886  -0.956  -0.786  -0.864  -0.867  -0.864  -0.864  0.891
  651554.890  4765827.930  705.850  1.000  0.250  0.040  20.000  50.000  0.000  0.000  0.000  0.000  0.000  100.000  0.000  0.000  0.000  0.000  60000.000  -0.662  -0.163  -0.484  -0.718  -1.099  -1.567  -0.940  -0.884  -0.955  1.600  -0.863  -0.865  -0.863  -0.863  1.273
  651778.700  4766186.960  544.690  1.000  1.260  0.000  17.000  200.000  10.000  0.000  0.000  0.000  0.000  90.000  0.000  0.000  0.000  0.000  65000.000  0.860  -1.949  -0.614  0.943  0.740  -1.564  -0.938  -0.883  -0.953  0.949  -0.861  -0.864  -0.861  -0.861  1.571
  651231.140  4766406.410  503.000  1.000  0.030  0.000  24.600  84.200  0.000  5.000  0.000  0.000  0.000  95.000  0.000  0.000  0.000  0.000  80000.000  -1.734  -1.942  -0.302  0.525  -1.097  -0.867  -0.937  -0.882  -0.952  1.355  -0.860  -0.863  -0.860  -0.860  1.842
  651107.780  4765464.750  517.300  1.000  0.160  0.000  5.000  50.000  0.000  10.000  0.000  0.000  0.000  90.000  0.000  0.000  0.000  0.000  40000.000  -0.896  -1.935  -1.649  -0.717  -1.096  -0.729  -0.935  -0.880  -0.950  0.950  -0.858  -0.861  -0.858  -0.858  0.321
  651394.940  4765692.890  894.530  1.000  0.010  0.010  12.000  50.000  0.000  0.000  0.000  0.000  0.000  0.000  0.000  0.000  0.000  0.000  0.000  -2.289  -1.294  -0.863  -0.715  -1.094  -1.561  -0.934  -0.879  -0.949  -2.241  -0.857  -0.860  -0.857  -0.857  -2.524
  651410.990  4766175.610  712.510  1.000  0.060  0.000  21.000  50.000  0.000  60.000  0.000  0.000  0.000  40.000  0.000  0.000  0.000  0.000  20000.000  -1.395  -1.929  -0.445  -0.714  -1.092  0.740  -0.933  -0.878  -0.947  -0.525  -0.856  -0.858  -0.856  -0.856  -0.963
  651161.890  4765431.410  693.490  1.000  1.040  0.060  160.000  460.000  0.000  0.000  0.000  0.000  30.000  70.000  0.000  0.000  0.000  0.000  40000.000  0.601  0.259  1.445  1.323  -1.090  -1.558  -0.931  -0.876  2.628  0.274  -0.854  -0.857  -0.854  -0.854  0.322
  651434.520  4765684.500  788.430  1.000  1.100  0.020  46.000  840.000  0.000  0.000  0.000  30.000  0.000  70.000  0.000  0.000  0.000  0.000  30000.000  0.683  -0.850  0.226  1.704  -1.089  -1.555  -0.930  2.932  -0.946  0.275  -0.853  -0.856  -0.853  -0.853  -0.378
  650580.700  4765756.730  895.800  1.000  0.860  0.040  3.870  248.000  15.000  50.000  0.000  0.000  0.000  35.000  0.000  0.000  0.000  0.000  30000.000  0.356  -0.162  -2.023  1.040  0.913  0.509  -0.928  -0.875  -0.944  -0.576  -0.852  -0.854  -0.852  -0.852  -0.377
  651830.750  4766614.100  221.090  1.000  0.110  0.000  26.000  50.000  0.000  10.000  0.000  0.000  0.000  90.000  0.000  0.000  0.000  0.000  20000.000  -1.085  -1.922  -0.243  -0.713  -1.087  -0.728  -0.927  -0.873  -0.943  0.952  -0.850  -0.853  -0.850  -0.850  -0.962
  650819.540  4764763.600  1045.730  1.000  0.090  0.010  31.550  335.500  3.000  17.000  0.000  0.000  0.000  80.000  0.000  0.000  0.000  0.000  40000.000  -1.201  -1.292  -0.079  1.172  0.626  -0.423  -0.925  -0.872  -0.941  0.575  -0.849  -0.852  -0.849  -0.849  0.323
  651325.940  4766007.580  509.140  1.000  0.690  0.120  99.000  50.000  0.000  40.000  0.000  0.000  0.000  60.000  0.000  0.000  0.000  0.000  30000.000  0.100  0.844  0.929  -0.711  -1.085  0.252  -0.924  -0.871  -0.940  -0.052  -0.848  -0.850  -0.848  -0.848  -0.376
  651370.510  4766658.270  169.160  1.000  -99.000  -99.000  -99.000  -99.000  0.000  5.000  0.000  0.000  0.000  95.000  0.000  0.000  0.000  0.000  20000.000  -99.000  -99.000  -99.000  -99.000  -1.084  -0.865  -0.923  -0.869  -0.938  1.358  -0.846  -0.849  -0.846  -0.846  -0.960
  651784.830  4766181.550  562.950  1.000  3.770  0.040  145.000  690.000  20.000  0.000  30.000  0.000  0.000  50.000  0.000  0.000  0.000  0.000  65000.000  2.334  -0.161  1.327  1.544  0.977  -1.552  2.462  -0.868  -0.937  -0.292  -0.845  -0.848  -0.845  -0.845  1.574
  650613.910  4765753.170  807.940  1.000  0.210  0.110  13.000  65.300  0.000  10.000  0.000  0.000  0.000  90.000  0.000  0.000  0.000  0.000  50000.000  -0.753  0.761  -0.803  0.482  -1.082  -0.726  -0.921  -0.867  -0.935  0.953  -0.844  -0.846  -0.844  -0.844  0.893
  651258.050  4765407.830  770.690  1.000  1.410  0.020  29.000  130.000  0.000  30.000  0.000  0.000  0.000  70.000  0.000  0.000  0.000  0.000  30000.000  1.027  -0.848  -0.154  0.704  -1.080  -0.028  -0.920  -0.865  -0.934  0.276  -0.842  -0.845  -0.842  -0.842  -0.375
  651509.800  4766123.160  726.860  1.000  1.300  0.040  5.000  50.000  0.000  40.000  0.000  0.000  0.000  60.000  0.000  0.000  0.000  0.000  60000.000  0.911  -0.159  -1.645  -0.710  -1.079  0.253  -0.918  -0.864  -0.933  -0.052  -0.841  -0.844  -0.841  -0.841  1.275
  651362.480  4765499.720  707.590  1.000  2.040  0.160  215.000  1050.000  50.000  0.000  0.000  0.000  0.000  50.000  0.000  0.000  0.000  0.000  45000.000  1.536  1.064  1.841  1.873  1.567  -1.549  -0.917  -0.863  -0.931  -0.291  -0.840  -0.842  -0.840  -0.840  0.760
  650755.960  4765272.770  924.850  1.000  -99.000  -99.000  -99.000  -99.000  0.000  5.000  0.000  0.000  0.000  95.000  0.000  0.000  0.000  0.000  35000.000  -99.000  -99.000  -99.000  -99.000  -1.077  -0.864  -0.915  -0.861  -0.930  1.360  -0.838  -0.841  -0.838  -0.838  0.152
  651244.300  4765555.510  952.340  1.000  0.540  0.030  17.000  320.000  10.000  30.000  0.000  0.000  10.000  50.000  0.000  0.000  0.000  0.000  40000.000  -0.151  -0.445  -0.613  1.163  0.741  -0.027  -0.914  -0.860  1.943  -0.290  -0.837  -0.840  -0.837  -0.837  0.324
  651126.380  4765484.120  902.230  1.000  0.750  0.040  75.000  955.000  20.000  0.000  10.000  0.000  0.000  70.000  0.000  0.000  0.000  0.000  40000.000  0.192  -0.158  0.659  1.787  0.978  -1.545  1.937  -0.858  -0.928  0.277  -0.836  -0.838  -0.836  -0.836  0.325
  650913.070  4765531.160  827.530  2.000  0.460  0.030  46.000  50.000  0.000  60.000  0.000  0.000  0.000  40.000  0.000  0.000  0.000  0.000  40000.000  -0.294  -0.444  0.227  -0.708  -1.075  0.741  -0.913  -0.857  -0.927  -0.524  -0.834  -0.837  -0.834  -0.834  0.326
  651317.640  4765821.330  606.350  2.000  1.410  0.070  96.000  25.000  90.000  10.000  0.000  0.000  0.000  0.000  0.000  0.000  0.000  0.000  15000.000  1.028  0.409  0.899  -1.149  2.094  -0.725  -0.911  -0.856  -0.925  -2.229  -0.833  -0.836  -0.833  -0.833  -1.148
  651436.140  4765799.390  597.890  2.000  3.250  0.220  35.000  50.000  80.000  20.000  0.000  0.000  0.000  0.000  0.000  0.000  0.000  0.000  45000.000  2.094  1.312  -0.008  -0.707  1.962  -0.347  -0.910  -0.854  -0.924  -2.218  -0.832  -0.834  -0.832  -0.832  0.761
  651318.840  4765832.320  589.680  2.000  0.780  0.050  56.000  25.000  20.000  80.000  0.000  0.000  0.000  0.000  0.000  0.000  0.000  0.000  20000.000  0.236  0.048  0.401  -1.147  0.980  1.406  -0.908  -0.853  -0.923  -2.207  -0.830  -0.833  -0.830  -0.830  -0.959
  651822.480  4766217.520  446.660  2.000  1.700  0.080  5.000  50.000  80.000  20.000  0.000  0.000  0.000  0.000  0.000  0.000  0.000  0.000  30000.000  1.300  0.517  -1.641  -0.706  1.969  -0.346  -0.907  -0.852  -0.921  -2.197  -0.829  -0.832  -0.829  -0.829  -0.374
  650918.510  4765347.700  932.620  2.000  0.650  0.080  235.000  50.000  0.000  50.000  0.000  0.000  0.000  50.000  0.000  0.000  0.000  0.000  50000.000  0.031  0.519  1.962  -0.704  -1.074  0.510  -0.905  -0.850  -0.920  -0.289  -0.828  -0.830  -0.828  -0.828  0.894
  651384.630  4765870.470  806.130  2.000  1.650  0.030  5.000  50.000  0.000  60.000  0.000  0.000  0.000  40.000  0.000  0.000  0.000  0.000  40000.000  1.257  -0.442  -1.637  -0.703  -1.072  0.742  -0.904  -0.849  -0.918  -0.523  -0.826  -0.829  -0.826  -0.826  0.327
  651731.870  4766628.980  239.780  2.000  3.430  0.310  5.000  50.000  50.000  50.000  0.000  0.000  0.000  0.000  0.000  0.000  0.000  0.000  45000.000  2.198  1.585  -1.633  -0.702  1.571  0.512  -0.903  -0.848  -0.917  -2.186  -0.825  -0.828  -0.825  -0.825  0.762
  650895.570  4765697.570  696.840  2.000  0.290  0.100  51.000  120.000  0.000  10.000  0.000  0.000  0.000  90.000  0.000  0.000  0.000  0.000  30000.000  -0.583  0.693  0.307  0.641  -1.070  -0.724  -0.901  -0.846  -0.915  0.955  -0.824  -0.826  -0.824  -0.824  -0.373
  651322.190  4765756.730  908.020  2.000  1.150  0.010  10.000  140.000  0.000  15.000  0.000  0.000  0.000  85.000  0.000  0.000  0.000  0.000  30000.000  0.733  -1.290  -0.999  0.746  -1.069  -0.469  -0.900  -0.845  -0.914  0.830  -0.822  -0.825  -0.822  -0.822  -0.372
  651720.220  4766624.710  378.710  2.000  1.050  0.040  5.000  50.000  0.000  60.000  0.000  0.000  0.000  40.000  0.000  0.000  0.000  0.000  20000.000  0.610  -0.157  -1.629  -0.700  -1.067  0.743  -0.898  -0.844  -0.913  -0.522  -0.821  -0.824  -0.821  -0.821  -0.957
  651313.030  4765751.320  674.450  2.000  1.150  0.050  46.000  50.000  90.000  10.000  0.000  0.000  0.000  0.000  0.000  0.000  0.000  0.000  20000.000  0.734  0.049  0.228  -0.699  2.102  -0.723  -0.897  -0.842  -0.911  -2.176  -0.820  -0.822  -0.820  -0.820  -0.956
  650917.600  4765486.260  903.070  2.000  0.560  0.090  113.000  -99.000  0.000  80.000  0.000  0.000  0.000  20.000  0.000  0.000  0.000  0.000  30000.000  -0.106  0.623  1.081  -99.000  -1.065  1.409  -0.896  -0.841  -0.910  -1.008  -0.818  -0.821  -0.818  -0.818  -0.371
  651305.500  4765531.900  819.910  2.000  1.380  0.020  51.000  50.000  0.000  60.000  0.000  0.000  0.000  40.000  0.000  0.000  0.000  0.000  50000.000  1.000  -0.847  0.308  -0.698  -1.064  0.745  -0.894  -0.840  -0.908  -0.521  -0.817  -0.820  -0.817  -0.817  0.896
  651316.460  4765807.270  628.180  2.000  0.870  0.010  115.000  72.000  0.000  100.000  0.000  0.000  0.000  0.000  0.000  0.000  0.000  0.000  20000.000  0.374  -1.287  1.090  0.501  -1.062  2.197  -0.893  -0.838  -0.907  -2.166  -0.816  -0.818  -0.816  -0.816  -0.955
  651245.020  4765575.650  676.670  2.000  1.290  0.040  68.000  50.000  30.000  30.000  0.000  0.000  0.000  40.000  0.000  0.000  0.000  0.000  30000.000  0.902  -0.156  0.561  -0.696  1.201  -0.026  -0.891  -0.837  -0.905  -0.520  -0.815  -0.817  -0.815  -0.815  -0.370
  651138.480  4765646.510  867.630  2.000  0.940  0.040  71.000  25.000  0.000  70.000  0.000  0.000  0.000  30.000  0.000  0.000  0.000  0.000  40000.000  0.469  -0.155  0.613  -1.145  -1.060  1.059  -0.890  -0.836  -0.904  -0.785  -0.813  -0.816  -0.813  -0.813  0.328
  650316.290  4765153.610  895.760  2.000  0.230  0.000  25.900  91.200  3.000  30.000  0.000  0.000  0.000  65.000  0.000  2.000  0.000  0.000  55000.000  -0.696  -1.915  -0.250  0.537  0.627  -0.025  -0.889  -0.834  -0.903  0.143  -0.812  1.817  -0.812  -0.812  1.178
  650369.620  4765115.300  1104.290  2.000  0.010  0.050  116.500  14.350  0.000  0.000  0.000  0.000  0.000  100.000  0.000  0.000  0.000  0.000  5000.000  -2.275  0.050  1.127  -1.408  -1.059  -1.542  -0.887  -0.833  -0.901  1.604  -0.811  -0.815  -0.811  -0.811  -1.969
  651301.620  4765546.130  652.580  2.000  5.110  0.250  26.000  160.000  20.000  30.000  0.000  0.000  0.000  50.000  0.000  0.000  0.000  0.000  40000.000  2.781  1.426  -0.242  0.826  0.981  -0.024  -0.886  -0.832  -0.900  -0.288  -0.809  -0.813  -0.809  -0.809  0.329
  651268.970  4765550.540  772.580  2.000  1.410  0.020  31.000  50.000  0.000  90.000  0.000  0.000  0.000  10.000  0.000  0.000  0.000  0.000  40000.000  1.030  -0.845  -0.095  -0.695  -1.057  1.736  -0.884  -0.830  -0.898  -1.286  -0.808  -0.812  -0.808  -0.808  0.330
  651201.220  4765288.230  591.040  2.000  0.300  0.040  86.000  50.000  0.000  20.000  0.000  0.000  0.000  80.000  0.000  0.000  0.000  0.000  60000.000  -0.556  -0.154  0.788  -0.693  -1.055  -0.345  -0.883  -0.829  -0.897  0.576  -0.807  -0.811  -0.807  -0.807  1.277
  651387.000  4765867.390  796.910  2.000  2.980  0.060  5.000  230.000  0.000  80.000  0.000  0.000  0.000  20.000  0.000  0.000  0.000  0.000  50000.000  1.956  0.260  -1.625  1.011  -1.054  1.411  -0.882  -0.828  -0.896  -1.006  -0.805  -0.809  -0.805  -0.805  0.897
  650922.000  4765291.810  1029.610  2.000  1.010  0.020  400.000  50.000  0.000  40.000  0.000  0.000  0.000  60.000  0.000  0.000  0.000  0.000  60000.000  0.567  -0.844  2.508  -0.692  -1.052  0.254  -0.880  -0.826  -0.894  -0.051  -0.804  -0.808  -0.804  -0.804  1.279
  651139.750  4765657.430  853.370  2.000  1.600  0.120  91.000  116.000  0.000  80.000  0.000  0.000  0.000  20.000  0.000  0.000  0.000  0.000  40000.000  1.219  0.845  0.842  0.633  -1.051  1.414  -0.879  -0.825  -0.893  -1.004  -0.803  -0.807  -0.803  -0.803  0.331
  650626.790  4765000.090  972.460  2.000  0.560  0.080  17.850  368.000  7.000  23.000  0.000  0.000  0.000  70.000  0.000  0.000  0.000  0.000  60000.000  -0.105  0.520  -0.581  1.204  0.688  -0.140  -0.878  -0.824  -0.891  0.278  -0.802  -0.805  -0.802  -0.802  1.282
  651315.480  4765762.980  885.840  2.000  1.520  0.020  38.000  100.000  0.000  50.000  0.000  0.000  0.000  50.000  0.000  0.000  0.000  0.000  30000.000  1.155  -0.842  0.061  0.555  -1.049  0.513  -0.876  -0.822  -0.890  -0.287  -0.800  -0.804  -0.800  -0.800  -0.369
  651470.050  4766121.050  616.720  2.000  0.820  0.070  16.000  170.000  20.000  30.000  0.000  0.000  0.000  50.000  0.000  0.000  0.000  0.000  20000.000  0.309  0.410  -0.643  0.863  0.983  -0.023  -0.875  -0.821  -0.889  -0.286  -0.799  -0.803  -0.799  -0.799  -0.953
  651203.750  4765383.220  700.000  2.000  0.030  0.000  44.000  50.000  0.000  70.000  0.000  0.000  0.000  30.000  0.000  0.000  0.000  0.000  10000.000  -1.729  -1.909  0.185  -0.691  -1.047  1.060  -0.873  -0.820  -0.887  -0.784  -0.798  -0.802  -0.798  -0.798  -1.683
  651189.870  4765304.600  554.070  2.000  0.580  0.030  37.000  50.000  0.000  70.000  0.000  0.000  0.000  30.000  0.000  0.000  0.000  0.000  30000.000  -0.075  -0.441  0.037  -0.689  -1.046  1.062  -0.872  -0.818  -0.886  -0.782  -0.796  -0.800  -0.796  -0.796  -0.368
  651325.940  4765886.580  718.720  2.000  0.800  0.020  87.000  50.000  0.000  40.000  0.000  0.000  0.000  60.000  0.000  0.000  0.000  0.000  40000.000  0.273  -0.841  0.797  -0.688  -1.044  0.255  -0.871  -0.817  -0.884  -0.050  -0.795  -0.799  -0.795  -0.795  0.332
  651346.640  4765734.760  668.300  2.000  5.570  0.340  19.000  -99.000  80.000  20.000  0.000  0.000  0.000  0.000  0.000  0.000  0.000  0.000  50000.000  2.976  1.715  -0.521  -99.000  1.975  -0.344  -0.869  -0.816  -0.883  -2.157  -0.794  -0.798  -0.794  -0.794  0.898
  651484.530  4765628.130  492.430  2.000  1.730  0.290  5.000  50.000  40.000  60.000  0.000  0.000  0.000  0.000  0.000  0.000  0.000  0.000  40000.000  1.327  1.546  -1.621  -0.687  1.416  0.746  -0.868  -0.815  -0.882  -2.147  -0.793  -0.796  -0.793  -0.793  0.333
  650914.520  4765429.080  790.290  2.000  0.330  0.110  21.000  50.000  0.000  20.000  0.000  0.000  0.000  80.000  0.000  0.000  0.000  0.000  40000.000  -0.500  0.763  -0.444  -0.685  -1.042  -0.343  -0.867  -0.813  -0.880  0.577  -0.791  -0.795  -0.791  -0.791  0.334
  651325.940  4765777.580  907.510  2.000  0.860  0.050  13.000  50.000  0.000  60.000  0.000  0.000  0.000  40.000  0.000  0.000  0.000  0.000  40000.000  0.357  0.051  -0.801  -0.684  -1.041  0.747  -0.865  -0.812  -0.879  -0.519  -0.790  -0.794  -0.790  -0.790  0.335
  651310.180  4765449.530  480.570  2.000  0.500  0.020  115.000  50.000  0.000  80.000  0.000  0.000  0.000  20.000  0.000  0.000  0.000  0.000  10000.000  -0.221  -0.839  1.092  -0.683  -1.039  1.416  -0.864  -0.811  -0.878  -1.003  -0.789  -0.793  -0.789  -0.789  -1.679
  651309.790  4765753.720  665.300  2.000  1.050  0.050  42.000  50.000  100.000  0.000  0.000  0.000  0.000  0.000  0.000  0.000  0.000  0.000  15000.000  0.611  0.052  0.143  -0.681  2.391  -1.539  -0.863  -0.809  -0.876  -2.138  -0.787  -0.791  -0.787  -0.787  -1.146
  651444.590  4765772.350  682.520  2.000  1.680  0.050  28.000  50.000  0.000  90.000  0.000  0.000  0.000  10.000  0.000  0.000  0.000  0.000  40000.000  1.276  0.053  -0.181  -0.680  -1.038  1.740  -0.861  -0.808  -0.875  -1.284  -0.786  -0.790  -0.786  -0.786  0.336
  651251.710  4765573.780  543.920  2.000  0.590  0.000  50.000  50.000  0.000  20.000  0.000  0.000  0.000  80.000  0.000  0.000  0.000  0.000  30000.000  -0.060  -1.902  0.294  -0.679  -1.036  -0.342  -0.860  -0.807  -0.873  0.578  -0.785  -0.789  -0.785  -0.785  -0.367
  651288.800  4765537.370  640.850  2.000  1.930  0.030  21.000  50.000  20.000  40.000  0.000  0.000  0.000  40.000  0.000  0.000  0.000  0.000  30000.000  1.462  -0.440  -0.442  -0.677  0.985  0.256  -0.858  -0.805  -0.872  -0.518  -0.784  -0.787  -0.784  -0.784  -0.366
  651296.030  4765530.530  660.470  2.000  2.660  0.130  24.000  50.000  90.000  10.000  0.000  0.000  0.000  0.000  0.000  0.000  0.000  0.000  15000.000  1.826  0.930  -0.329  -0.676  2.111  -0.721  -0.857  -0.804  -0.871  -2.129  -0.782  -0.786  -0.782  -0.782  -1.145
  651566.490  4765731.470  432.660  2.000  1.440  0.200  46.000  100.000  80.000  10.000  0.000  0.000  0.000  10.000  0.000  0.000  0.000  0.000  30000.000  1.066  1.248  0.229  0.557  1.982  -0.720  -0.856  -0.803  -0.869  -1.282  -0.781  -0.785  -0.781  -0.781  -0.365
  651544.360  4765976.680  772.240  2.000  3.050  0.130  5.000  50.000  30.000  60.000  0.000  0.000  0.000  10.000  0.000  0.000  0.000  0.000  30000.000  2.016  0.932  -1.617  -0.674  1.203  0.748  -0.854  -0.802  -0.868  -1.279  -0.780  -0.784  -0.780  -0.780  -0.364
  651376.810  4765367.140  385.490  2.000  0.660  0.040  105.000  50.000  0.000  30.000  0.000  0.000  0.000  70.000  0.000  0.000  0.000  0.000  60000.000  0.045  -0.153  0.976  -0.673  -1.034  -0.022  -0.853  -0.800  -0.867  0.279  -0.779  -0.782  -0.779  -0.779  1.284
  651340.980  4765656.980  501.190  2.000  1.070  0.030  170.000  170.000  0.000  70.000  0.000  0.000  0.000  30.000  0.000  0.000  0.000  0.000  30000.000  0.639  -0.439  1.544  0.865  -1.033  1.064  -0.852  -0.799  -0.865  -0.781  -0.777  -0.781  -0.777  -0.777  -0.363
  651816.760  4766627.450  135.240  2.000  2.080  0.010  12.000  50.000  0.000  90.000  0.000  0.000  0.000  10.000  0.000  0.000  0.000  0.000  50000.000  1.567  -1.285  -0.862  -0.672  -1.031  1.744  -0.850  -0.798  -0.864  -1.277  -0.776  -0.780  -0.776  -0.776  0.900
  650919.100  4765336.720  951.670  2.000  0.500  0.010  75.000  120.000  0.000  40.000  0.000  0.000  0.000  60.000  0.000  0.000  0.000  0.000  40000.000  -0.220  -1.283  0.660  0.643  -1.030  0.257  -0.849  -0.796  -0.863  -0.049  -0.775  -0.779  -0.775  -0.775  0.337
  651491.710  4766107.400  700.910  2.000  1.200  0.030  43.000  50.000  0.000  80.000  0.000  0.000  0.000  20.000  0.000  0.000  0.000  0.000  50000.000  0.794  -0.438  0.165  -0.670  -1.028  1.419  -0.848  -0.795  -0.861  -1.001  -0.773  -0.777  -0.773  -0.773  0.901
  650916.390  4765499.590  880.790  2.000  0.540  0.050  429.000  -99.000  0.000  60.000  0.000  0.000  0.000  40.000  0.000  0.000  0.000  0.000  40000.000  -0.150  0.054  2.560  -99.000  -1.026  0.750  -0.846  -0.794  -0.860  -0.517  -0.772  -0.776  -0.772  -0.772  0.338
  651318.560  4765652.460  896.540  2.000  1.170  0.000  5.000  50.000  0.000  45.000  0.000  0.000  0.000  55.000  0.000  0.000  0.000  0.000  40000.000  0.767  -1.896  -1.613  -0.669  -1.025  0.460  -0.845  -0.793  -0.858  -0.136  -0.771  -0.775  -0.771  -0.771  0.339
  651310.190  4765395.510  707.840  2.000  0.420  0.020  49.000  50.000  90.000  10.000  0.000  0.000  0.000  0.000  0.000  0.000  0.000  0.000  20000.000  -0.349  -0.838  0.281  -0.668  2.120  -0.719  -0.844  -0.791  -0.857  -2.120  -0.770  -0.773  -0.770  -0.770  -0.952
  650912.490  4765509.500  649.680  2.000  0.870  0.180  21.000  50.000  0.000  75.000  0.000  0.000  0.000  25.000  0.000  0.000  0.000  0.000  30000.000  0.375  1.165  -0.441  -0.666  -1.023  1.362  -0.842  -0.790  -0.856  -0.825  -0.768  -0.772  -0.768  -0.768  -0.362
  650921.850  4765293.810  1026.150  2.000  0.520  0.030  265.000  50.000  0.000  25.000  0.000  0.000  0.000  75.000  0.000  0.000  0.000  0.000  60000.000  -0.190  -0.437  2.083  -0.665  -1.022  -0.132  -0.841  -0.789  -0.854  0.459  -0.767  -0.771  -0.767  -0.767  1.286
  650429.310  4765004.160  1090.030  2.000  0.650  0.110  18.100  937.000  0.000  0.000  0.000  0.000  0.000  100.000  0.000  0.000  0.000  0.000  20000.000  0.032  0.764  -0.544  1.772  -1.020  -1.536  -0.840  -0.787  -0.853  1.607  -0.766  -0.770  -0.766  -0.766  -0.950
  651317.700  4765661.910  878.940  2.000  1.990  0.040  14.000  170.000  0.000  60.000  0.000  0.000  0.000  40.000  0.000  0.000  0.000  0.000  70000.000  1.503  -0.152  -0.752  0.866  -1.019  0.751  -0.838  -0.786  -0.852  -0.516  -0.765  -0.768  -0.765  -0.765  1.635
  651320.510  4765758.260  902.470  2.000  1.270  0.020  18.000  110.000  0.000  20.000  0.000  0.000  0.000  80.000  0.000  0.000  0.000  0.000  35000.000  0.879  -0.836  -0.573  0.592  -1.017  -0.341  -0.837  -0.785  -0.850  0.579  -0.763  -0.767  -0.763  -0.763  0.153
  650548.110  4764821.050  1132.950  2.000  0.010  0.000  2.320  6.770  0.000  0.000  0.000  0.000  0.000  100.000  0.000  0.000  0.000  0.000  30000.000  -2.261  -1.890  -2.366  -1.849  -1.015  -1.533  -0.836  -0.784  -0.849  1.610  -0.762  -0.766  -0.762  -0.762  -0.361
  651749.650  4766056.740  613.490  2.000  -99.000  -99.000  -99.000  -99.000  0.000  10.000  0.000  0.000  0.000  90.000  0.000  0.000  0.000  0.000  65000.000  -99.000  -99.000  -99.000  -99.000  -1.014  -0.718  -0.834  -0.782  -0.848  0.956  -0.761  -0.765  -0.761  -0.761  1.577
  651731.580  4766564.800  241.560  2.000  3.500  0.080  5.000  50.000  0.000  100.000  0.000  0.000  0.000  0.000  0.000  0.000  0.000  0.000  50000.000  2.210  0.521  -1.609  -0.664  -1.012  2.207  -0.833  -0.781  -0.846  -2.111  -0.760  -0.763  -0.760  -0.760  0.903
  651295.380  4765531.140  658.680  2.000  2.180  0.100  47.000  50.000  60.000  40.000  0.000  0.000  0.000  0.000  0.000  0.000  0.000  0.000  30000.000  1.631  0.695  0.242  -0.662  1.736  0.258  -0.832  -0.780  -0.845  -2.102  -0.758  -0.762  -0.758  -0.758  -0.360
  651336.860  4765742.380  702.100  2.000  2.710  0.090  22.000  50.000  10.000  70.000  0.000  0.000  0.000  20.000  0.000  0.000  0.000  0.000  30000.000  1.837  0.624  -0.410  -0.661  0.742  1.065  -0.830  -0.779  -0.844  -1.000  -0.757  -0.761  -0.757  -0.757  -0.359
  651325.940  4765816.580  839.960  2.000  1.630  0.050  13.000  50.000  10.000  40.000  0.000  0.000  0.000  50.000  0.000  0.000  0.000  0.000  40000.000  1.241  0.055  -0.800  -0.660  0.743  0.259  -0.829  -0.777  -0.842  -0.285  -0.756  -0.760  -0.756  -0.756  0.340
  650431.980  4765004.270  1105.800  2.000  0.140  0.020  19.800  137.500  0.000  0.000  0.000  0.000  0.000  100.000  0.000  0.000  0.000  0.000  20000.000  -0.975  -0.835  -0.489  0.739  -1.011  -1.530  -0.828  -0.776  -0.841  1.614  -0.755  -0.758  -0.755  -0.755  -0.949
  651314.540  4765712.580  785.890  2.000  1.340  0.020  22.000  190.000  0.000  40.000  0.000  0.000  0.000  60.000  0.000  0.000  0.000  0.000  60000.000  0.962  -0.833  -0.409  0.917  -1.009  0.260  -0.826  -0.775  -0.840  -0.048  -0.753  -0.757  -0.753  -0.753  1.288
  650632.620  4764999.960  1062.270  2.000  0.530  0.020  21.400  107.500  5.000  25.000  0.000  0.000  0.000  70.000  0.000  0.000  0.000  0.000  60000.000  -0.164  -0.832  -0.423  0.577  0.639  -0.131  -0.825  -0.773  -0.838  0.280  -0.752  -0.756  -0.752  -0.752  1.290
  651136.360  4765627.370  893.180  2.000  0.820  0.040  24.000  50.000  0.000  80.000  0.000  0.000  0.000  20.000  0.000  0.000  0.000  0.000  30000.000  0.310  -0.151  -0.328  -0.658  -1.008  1.422  -0.824  -0.772  -0.837  -0.998  -0.751  -0.755  -0.751  -0.751  -0.358
  651358.070  4765634.720  595.080  2.000  1.900  0.050  23.000  50.000  0.000  100.000  0.000  0.000  0.000  0.000  0.000  0.000  0.000  0.000  20000.000  1.453  0.056  -0.373  -0.657  -1.006  2.218  -0.822  -0.771  -0.836  -2.094  -0.750  -0.753  -0.750  -0.750  -0.947
  651616.130  4766057.030  501.240  2.000  1.060  0.050  75.000  50.000  0.000  80.000  0.000  0.000  0.000  20.000  0.000  0.000  0.000  0.000  10000.000  0.625  0.057  0.661  -0.656  -1.004  1.424  -0.821  -0.770  -0.834  -0.997  -0.748  -0.752  -0.748  -0.748  -1.676
  651771.370  4766193.480  522.790  2.000  1.660  0.030  165.000  50.000  30.000  70.000  0.000  0.000  0.000  0.000  0.000  0.000  0.000  0.000  40000.000  1.269  -0.436  1.491  -0.654  1.204  1.067  -0.820  -0.768  -0.833  -2.086  -0.747  -0.751  -0.747  -0.747  0.341
  651256.240  4765691.930  761.870  2.000  1.590  0.050  45.000  50.000  100.000  0.000  0.000  0.000  0.000  0.000  0.000  0.000  0.000  0.000  30000.000  1.208  0.059  0.200  -0.653  2.407  -1.527  -0.818  -0.767  -0.832  -2.077  -0.746  -0.750  -0.746  -0.746  -0.357
  651335.770  4765743.220  705.850  2.000  2.270  0.040  22.000  50.000  0.000  90.000  0.000  0.000  0.000  10.000  0.000  0.000  0.000  0.000  30000.000  1.685  -0.150  -0.408  -0.652  -1.003  1.749  -0.817  -0.766  -0.830  -1.275  -0.745  -0.748  -0.745  -0.745  -0.356
  651293.210  4765626.170  507.390  2.000  1.310  0.040  290.000  50.000  30.000  10.000  0.000  0.000  0.000  60.000  0.000  0.000  0.000  0.000  30000.000  0.926  -0.149  2.197  -0.650  1.206  -0.717  -0.816  -0.765  -0.829  -0.047  -0.743  -0.747  -0.743  -0.743  -0.355
  651760.640  4766178.860  267.040  2.000  -99.000  -99.000  -99.000  -99.000  0.000  80.000  0.000  0.000  0.000  20.000  0.000  0.000  0.000  0.000  20000.000  -99.000  -99.000  -99.000  -99.000  -1.001  1.427  -0.815  -0.763  -0.828  -0.995  -0.742  -0.746  -0.742  -0.742  -0.946
  650921.180  4765302.790  1010.560  2.000  0.680  0.040  69.000  50.000  0.000  50.000  0.000  0.000  0.000  50.000  0.000  0.000  0.000  0.000  60000.000  0.080  -0.148  0.581  -0.649  -1.000  0.514  -0.813  -0.762  -0.826  -0.284  -0.741  -0.745  -0.741  -0.741  1.292
  650535.560  4765000.400  1113.170  2.000  0.010  0.000  -99.000  -99.000  0.000  10.000  0.000  0.000  0.000  90.000  0.000  0.000  0.000  0.000  25000.000  -2.248  -1.884  -99.000  -99.000  -0.998  -0.715  -0.812  -0.761  -0.825  0.957  -0.740  -0.743  -0.740  -0.740  -0.586
  651452.390  4765815.310  633.040  2.000  1.760  0.050  52.000  50.000  0.000  70.000  0.000  0.000  0.000  30.000  0.000  0.000  0.000  0.000  40000.000  1.355  0.060  0.327  -0.648  -0.997  1.069  -0.811  -0.760  -0.824  -0.780  -0.739  -0.742  -0.739  -0.739  0.342
  651198.430  4765292.080  582.240  2.000  0.230  0.020  77.000  50.000  0.000  20.000  0.000  0.000  0.000  80.000  0.000  0.000  0.000  0.000  50000.000  -0.695  -0.830  0.680  -0.647  -0.995  -0.340  -0.809  -0.758  -0.822  0.580  -0.737  -0.741  -0.737  -0.737  0.904
  650916.250  4765388.430  861.490  2.000  0.680  0.120  145.000  50.000  0.000  50.000  0.000  0.000  0.000  50.000  0.000  0.000  0.000  0.000  40000.000  0.081  0.847  1.330  -0.645  -0.994  0.515  -0.808  -0.757  -0.821  -0.283  -0.736  -0.740  -0.736  -0.736  0.343
  651466.080  4766123.720  601.450  2.000  0.810  0.320  32.000  50.000  0.000  40.000  0.000  0.000  0.000  60.000  0.000  0.000  0.000  0.000  30000.000  0.294  1.611  -0.076  -0.644  -0.992  0.261  -0.807  -0.756  -0.820  -0.046  -0.735  -0.739  -0.735  -0.735  -0.354
  651293.830  4765527.650  616.450  2.000  1.310  0.020  46.000  50.000  20.000  60.000  10.000  0.000  0.000  10.000  0.000  0.000  0.000  0.000  30000.000  0.927  -0.829  0.230  -0.643  0.986  0.752  1.943  -0.755  -0.818  -1.273  -0.734  -0.737  -0.734  -0.734  -0.353
  651906.210  4766234.860  343.130  2.000  0.470  0.040  28.000  50.000  0.000  20.000  0.000  0.000  0.000  80.000  0.000  0.000  0.000  0.000  10000.000  -0.268  -0.147  -0.180  -0.641  -0.991  -0.339  -0.805  -0.753  -0.817  0.581  -0.732  -0.736  -0.732  -0.732  -1.672
  650699.810  4764961.700  1131.550  2.000  0.100  0.010  13.770  21.720  0.000  0.000  0.000  0.000  0.000  100.000  0.000  0.000  0.000  0.000  30000.000  -1.121  -1.280  -0.759  -1.209  -0.989  -1.524  -0.804  -0.752  -0.816  1.617  -0.731  -0.735  -0.731  -0.731  -0.352
  651368.110  4765711.540  823.710  2.000  1.690  0.010  11.000  50.000  20.000  60.000  0.000  0.000  0.000  20.000  0.000  0.000  0.000  0.000  40000.000  1.285  -1.278  -0.918  -0.640  0.988  0.753  -0.803  -0.751  -0.815  -0.994  -0.730  -0.734  -0.730  -0.730  0.344
  651415.570  4766095.810  742.510  2.000  0.650  0.020  5.000  50.000  0.000  70.000  0.000  0.000  0.000  30.000  0.000  0.000  0.000  0.000  30000.000  0.033  -0.827  -1.606  -0.639  -0.988  1.070  -0.802  -0.750  -0.813  -0.779  -0.729  -0.732  -0.729  -0.729  -0.351
  650912.490  4765513.380  642.690  2.000  1.060  0.140  20.000  50.000  0.000  80.000  0.000  0.000  0.000  20.000  0.000  0.000  0.000  0.000  30000.000  0.626  0.983  -0.483  -0.637  -0.986  1.429  -0.800  -0.748  -0.812  -0.992  -0.728  -0.731  -0.728  -0.728  -0.350
  650919.520  4765328.730  965.530  2.000  0.670  0.020  170.000  50.000  0.000  50.000  0.000  0.000  0.000  50.000  0.000  0.000  0.000  0.000  40000.000  0.067  -0.826  1.547  -0.636  -0.985  0.516  -0.799  -0.747  -0.811  -0.282  -0.726  -0.730  -0.726  -0.726  0.345
  651315.650  4765795.490  646.740  2.000  2.350  0.050  255.000  50.000  20.000  80.000  0.000  0.000  0.000  0.000  0.000  0.000  0.000  0.000  30000.000  1.725  0.061  2.048  -0.635  0.989  1.432  -0.798  -0.746  -0.809  -2.069  -0.725  -0.729  -0.725  -0.725  -0.349
  650916.020  4765503.700  873.930  2.000  0.710  0.100  113.000  -99.000  0.000  50.000  0.000  0.000  0.000  50.000  0.000  0.000  0.000  0.000  60000.000  0.134  0.696  1.082  -99.000  -0.983  0.517  -0.796  -0.745  -0.808  -0.281  -0.724  -0.728  -0.724  -0.724  1.294
  651412.750  4766174.770  688.590  2.000  0.910  0.060  5.000  50.000  0.000  60.000  0.000  0.000  0.000  40.000  0.000  0.000  0.000  0.000  30000.000  0.434  0.261  -1.602  -0.633  -0.981  0.755  -0.795  -0.743  -0.807  -0.515  -0.723  -0.726  -0.723  -0.723  -0.348
  651310.700  4765643.580  821.540  2.000  1.300  0.040  5.000  50.000  0.000  70.000  0.000  0.000  0.000  30.000  0.000  0.000  0.000  0.000  40000.000  0.913  -0.146  -1.598  -0.632  -0.980  1.072  -0.794  -0.742  -0.805  -0.777  -0.721  -0.725  -0.721  -0.721  0.346
  651216.760  4765268.570  636.600  2.000  1.510  0.020  63.000  290.000  30.000  0.000  0.000  0.000  0.000  70.000  0.000  0.000  0.000  0.000  60000.000  1.147  -0.824  0.500  1.120  1.208  -1.521  -0.793  -0.741  -0.804  0.281  -0.720  -0.724  -0.720  -0.720  1.297
  651451.780  4765557.650  544.380  2.000  5.240  0.180  5.000  50.000  50.000  50.000  0.000  0.000  0.000  0.000  0.000  0.000  0.000  0.000  60000.000  2.835  1.167  -1.594  -0.631  1.574  0.518  -0.791  -0.740  -0.803  -2.062  -0.719  -0.723  -0.719  -0.719  1.299
  651451.580  4765864.460  697.790  2.000  3.370  0.120  19.000  50.000  30.000  50.000  0.000  0.000  0.000  20.000  0.000  0.000  0.000  0.000  50000.000  2.176  0.848  -0.520  -0.629  1.210  0.519  -0.790  -0.739  -0.802  -0.991  -0.718  -0.721  -0.718  -0.718  0.905
  651282.090  4765468.660  549.810  2.000  0.980  0.060  130.000  50.000  0.000  50.000  0.000  0.000  0.000  50.000  0.000  0.000  0.000  0.000  40000.000  0.520  0.262  1.221  -0.628  -0.978  0.520  -0.789  -0.737  -0.800  -0.280  -0.717  -0.720  -0.717  -0.717  0.347
  651480.490  4765925.230  517.510  2.000  1.220  0.040  135.000  50.000  0.000  70.000  0.000  0.000  0.000  30.000  0.000  0.000  0.000  0.000  20000.000  0.811  -0.145  1.255  -0.627  -0.977  1.074  -0.787  -0.736  -0.799  -0.776  -0.715  -0.719  -0.715  -0.715  -0.944
  650428.640  4765004.140  1086.080  2.000  0.660  0.040  11.950  461.000  0.000  2.000  0.000  0.000  0.000  98.000  0.000  0.000  0.000  0.000  20000.000  0.046  -0.144  -0.868  1.331  -0.975  -0.953  -0.786  -0.735  -0.798  1.453  -0.714  -0.718  -0.714  -0.714  -0.943
  651291.160  4765659.410  764.870  2.000  1.790  0.040  5.000  50.000  0.000  60.000  0.000  0.000  0.000  40.000  0.000  0.000  0.000  0.000  60000.000  1.379  -0.143  -1.591  -0.626  -0.974  0.756  -0.785  -0.734  -0.796  -0.514  -0.713  -0.717  -0.713  -0.713  1.301
  650634.630  4764999.950  1092.210  2.000  0.030  0.000  5.210  12.700  0.000  10.000  0.000  0.000  0.000  90.000  0.000  0.000  0.000  0.000  35000.000  -1.725  -1.878  -1.252  -1.465  -0.972  -0.714  -0.784  -0.732  -0.795  0.959  -0.712  -0.715  -0.712  -0.712  0.154
  651301.930  4765543.240  657.830  2.000  1.560  0.070  105.000  160.000  10.000  30.000  0.000  0.000  0.000  60.000  0.000  0.000  0.000  0.000  40000.000  1.191  0.412  0.977  0.828  0.745  -0.022  -0.782  -0.731  -0.794  -0.045  -0.711  -0.714  -0.711  -0.711  0.348
  651429.330  4765815.450  740.940  2.000  1.880  0.080  5.000  50.000  15.000  75.000  0.000  0.000  0.000  10.000  0.000  0.000  0.000  0.000  30000.000  1.441  0.522  -1.587  -0.624  0.914  1.365  -0.781  -0.730  -0.793  -1.271  -0.709  -0.713  -0.709  -0.709  -0.347
  651315.980  4765687.350  831.340  2.000  1.460  0.080  10.000  50.000  20.000  30.000  0.000  0.000  0.000  50.000  0.000  0.000  0.000  0.000  40000.000  1.083  0.523  -0.998  -0.623  0.991  -0.021  -0.780  -0.729  -0.791  -0.279  -0.708  -0.712  -0.708  -0.708  0.349
  651621.860  4766051.440  519.570  2.000  1.340  0.070  89.000  50.000  30.000  70.000  0.000  0.000  0.000  0.000  0.000  0.000  0.000  0.000  20000.000  0.963  0.413  0.814  -0.622  1.212  1.075  -0.779  -0.728  -0.790  -2.054  -0.707  -0.711  -0.707  -0.707  -0.941
  651325.940  4765813.580  845.160  2.000  1.040  0.010  27.000  50.000  15.000  35.000  0.000  0.000  0.000  50.000  0.000  0.000  0.000  0.000  40000.000  0.602  -1.275  -0.204  -0.620  0.915  0.159  -0.777  -0.726  -0.789  -0.278  -0.706  -0.709  -0.706  -0.706  0.350
  650526.000  4765000.940  991.550  2.000  0.640  0.120  5.400  124.000  5.000  35.000  0.000  0.000  0.000  60.000  0.000  0.000  0.000  0.000  50000.000  0.014  0.850  -1.241  0.691  0.640  0.160  -0.776  -0.725  -0.787  -0.044  -0.704  -0.708  -0.704  -0.704  0.907
  651180.070  4765403.200  650.970  2.000  0.440  0.030  41.000  50.000  0.000  30.000  0.000  0.000  0.000  70.000  0.000  0.000  0.000  0.000  20000.000  -0.317  -0.434  0.119  -0.619  -0.971  -0.020  -0.775  -0.724  -0.786  0.282  -0.703  -0.707  -0.703  -0.703  -0.940
  651306.880  4765646.610  810.580  2.000  1.750  0.040  19.000  50.000  0.000  50.000  0.000  0.000  0.000  50.000  0.000  0.000  0.000  0.000  60000.000  1.350  -0.142  -0.519  -0.618  -0.969  0.521  -0.773  -0.723  -0.785  -0.277  -0.702  -0.706  -0.702  -0.702  1.303
  650735.670  4765966.170  1051.100  2.000  0.070  0.000  5.000  110.000  0.000  0.000  0.000  0.000  0.000  0.000  0.000  0.000  0.000  0.000  0.000  -1.334  -1.872  -1.583  0.593  -0.968  -1.518  -0.772  -0.721  -0.784  -2.046  -0.701  -0.704  -0.701  -0.701  -2.502
  651301.710  4765463.630  457.910  2.000  0.890  0.020  74.000  50.000  0.000  100.000  0.000  0.000  0.000  0.000  0.000  0.000  0.000  0.000  30000.000  0.404  -0.823  0.650  -0.616  -0.966  2.229  -0.771  -0.720  -0.782  -2.039  -0.700  -0.703  -0.700  -0.700  -0.346
  651344.740  4765651.950  522.270  2.000  0.770  0.030  145.000  50.000  20.000  70.000  10.000  0.000  0.000  0.000  0.000  0.000  0.000  0.000  30000.000  0.224  -0.433  1.332  -0.615  0.992  1.077  1.950  -0.719  -0.781  -2.031  -0.699  -0.702  -0.699  -0.699  -0.345
  650516.990  4765467.650  741.190  2.000  0.150  0.040  24.700  12.200  0.000  10.000  0.000  0.000  0.000  90.000  0.000  0.000  0.000  0.000  40000.000  -0.939  -0.140  -0.301  -1.477  -0.965  -0.713  -0.770  -0.718  -0.780  0.960  -0.697  -0.701  -0.697  -0.697  0.351
  651375.780  4765366.880  650.080  2.000  1.450  0.010  19.000  50.000  10.000  70.000  0.000  0.000  0.000  20.000  0.000  0.000  0.000  0.000  30000.000  1.078  -1.273  -0.518  -0.614  0.746  1.079  -0.768  -0.717  -0.779  -0.989  -0.696  -0.700  -0.696  -0.696  -0.344
  651399.370  4766076.870  728.790  2.000  1.050  0.060  5.000  50.000  0.000  50.000  0.000  0.000  0.000  50.000  0.000  0.000  0.000  0.000  40000.000  0.612  0.263  -1.579  -0.613  -0.963  0.522  -0.767  -0.715  -0.777  -0.276  -0.695  -0.699  -0.695  -0.695  0.352
  651462.120  4765544.670  614.440  2.000  1.050  0.010  5.000  50.000  1.670  60.000  0.000  0.000  0.000  38.330  0.000  0.000  0.000  0.000  38300.000  0.613  -1.271  -1.576  -0.611  0.623  0.757  -0.766  -0.714  -0.776  -0.562  -0.694  -0.697  -0.694  -0.694  0.204
  651133.420  4765599.370  932.050  2.000  0.810  0.020  68.000  50.000  0.000  50.000  0.000  0.000  0.000  50.000  0.000  0.000  0.000  0.000  20000.000  0.295  -0.821  0.563  -0.610  -0.962  0.523  -0.765  -0.713  -0.775  -0.275  -0.693  -0.696  -0.693  -0.693  -0.938
  651300.700  4765760.430  639.680  2.000  1.150  0.030  105.000  110.000  90.000  10.000  0.000  0.000  0.000  0.000  0.000  0.000  0.000  0.000  30000.000  0.735  -0.432  0.979  0.595  2.129  -0.712  -0.763  -0.712  -0.773  -2.024  -0.691  -0.695  -0.691  -0.691  -0.343
  651289.280  4765660.950  759.380  2.000  1.690  0.040  235.000  50.000  0.000  50.000  0.000  0.000  0.000  50.000  0.000  0.000  0.000  0.000  60000.000  1.288  -0.139  1.969  -0.609  -0.960  0.524  -0.762  -0.711  -0.772  -0.274  -0.690  -0.694  -0.690  -0.690  1.305
  651316.450  4765389.260  687.690  2.000  1.140  0.020  58.000  50.000  0.000  40.000  0.000  0.000  0.000  60.000  0.000  0.000  0.000  0.000  60000.000  0.719  -0.820  0.422  -0.607  -0.959  0.262  -0.761  -0.709  -0.771  -0.043  -0.689  -0.693  -0.689  -0.689  1.308
  650913.850  4765524.050  839.560  2.000  0.600  0.050  30.000  -99.000  0.000  60.000  0.000  0.000  0.000  40.000  0.000  0.000  0.000  0.000  35000.000  -0.048  0.062  -0.121  -99.000  -0.957  0.758  -0.760  -0.708  -0.770  -0.513  -0.688  -0.691  -0.688  -0.688  0.155
  650918.310  4765478.050  916.790  2.000  0.490  0.070  213.000  -99.000  0.000  40.000  0.000  0.000  0.000  60.000  0.000  0.000  0.000  0.000  50000.000  -0.241  0.414  1.835  -99.000  -0.956  0.263  -0.758  -0.707  -0.768  -0.042  -0.687  -0.690  -0.687  -0.687  0.908
  650904.300  4765657.880  781.600  2.000  0.330  0.080  15.000  25.000  0.000  10.000  0.000  0.000  0.000  90.000  0.000  0.000  0.000  0.000  60000.000  -0.499  0.525  -0.698  -1.143  -0.955  -0.711  -0.757  -0.706  -0.767  0.962  -0.685  -0.689  -0.685  -0.685  1.310
  650627.390  4765000.050  982.440  2.000  0.990  0.480  93.000  1060.000  10.000  30.000  0.000  0.000  0.000  60.000  0.000  0.000  0.000  0.000  60000.000  0.541  2.049  0.865  1.879  0.747  -0.019  -0.756  -0.704  -0.766  -0.041  -0.684  -0.688  -0.684  -0.684  1.312
  651485.610  4765942.100  501.220  2.000  0.930  0.050  86.000  50.000  25.000  20.000  0.000  0.000  0.000  55.000  0.000  0.000  0.000  0.000  10000.000  0.459  0.063  0.790  -0.606  1.125  -0.338  -0.755  -0.703  -0.765  -0.135  -0.683  -0.687  -0.683  -0.683  -1.668
  650568.310  4765470.760  514.980  2.000  0.230  0.020  186.000  271.000  0.000  10.000  0.000  0.000  0.000  90.000  0.000  0.000  0.000  0.000  60000.000  -0.694  -0.818  1.649  1.089  -0.953  -0.709  -0.753  -0.702  -0.763  0.963  -0.682  -0.685  -0.682  -0.682  1.314
  651437.310  4765678.370  735.410  2.000  1.630  0.000  5.000  50.000  0.000  60.000  0.000  0.000  0.000  40.000  0.000  0.000  0.000  0.000  40000.000  1.243  -1.866  -1.572  -0.605  -0.952  0.760  -0.752  -0.701  -0.762  -0.512  -0.681  -0.684  -0.681  -0.681  0.353
  651309.660  4765517.710  698.070  2.000  3.950  0.090  93.000  160.000  60.000  40.000  0.000  0.000  0.000  0.000  0.000  0.000  0.000  0.000  50000.000  2.422  0.626  0.867  0.829  1.740  0.264  -0.751  -0.700  -0.761  -2.017  -0.679  -0.683  -0.679  -0.679  0.910
  650526.620  4765468.390  696.220  2.000  0.190  0.050  65.800  11.000  0.000  10.000  0.000  0.000  0.000  90.000  0.000  0.000  0.000  0.000  30000.000  -0.810  0.064  0.542  -1.527  -0.950  -0.708  -0.750  -0.699  -0.760  0.965  -0.678  -0.682  -0.678  -0.678  -0.342
  650310.890  4765154.930  813.940  2.000  0.300  0.120  5.970  890.000  0.000  15.000  0.000  0.000  0.000  83.000  0.000  2.000  0.000  0.000  45000.000  -0.555  0.851  -1.201  1.737  -0.949  -0.468  -0.748  -0.697  -0.758  0.804  -0.677  1.822  -0.677  -0.677  0.763
  651133.780  4765602.830  927.170  2.000  0.660  0.000  215.000  50.000  0.000  50.000  0.000  0.000  0.000  50.000  0.000  0.000  0.000  0.000  30000.000  0.048  -1.860  1.846  -0.604  -0.947  0.525  -0.747  -0.696  -0.757  -0.273  -0.676  -0.681  -0.676  -0.676  -0.341
  651559.950  4765964.490  822.490  2.000  0.710  0.010  25.000  50.000  0.000  60.000  0.000  0.000  0.000  40.000  0.000  0.000  0.000  0.000  40000.000  0.135  -1.268  -0.287  -0.602  -0.946  0.761  -0.746  -0.695  -0.756  -0.510  -0.675  -0.679  -0.675  -0.675  0.354
  650699.720  4764963.800  1123.830  2.000  0.150  0.010  7.600  73.450  0.000  0.000  0.000  0.000  0.000  100.000  0.000  0.000  0.000  0.000  30000.000  -0.937  -1.266  -1.109  0.503  -0.944  -1.515  -0.745  -0.694  -0.755  1.621  -0.674  -0.678  -0.674  -0.674  -0.340
  651328.050  4765749.100  732.120  2.000  2.580  0.090  39.000  50.000  0.000  90.000  0.000  0.000  0.000  10.000  0.000  0.000  0.000  0.000  60000.000  1.778  0.627  0.089  -0.601  -0.943  1.753  -0.743  -0.693  -0.753  -1.269  -0.672  -0.677  -0.672  -0.672  1.316
  650915.410  4765509.820  863.630  2.000  0.680  0.050  94.000  -99.000  0.000  50.000  0.000  0.000  0.000  50.000  0.000  0.000  0.000  0.000  40000.000  0.082  0.065  0.880  -99.000  -0.941  0.527  -0.742  -0.691  -0.752  -0.272  -0.671  -0.676  -0.671  -0.671  0.355
  651444.300  4765672.110  766.000  2.000  0.990  0.010  15.000  50.000  0.000  20.000  0.000  0.000  0.000  80.000  0.000  0.000  0.000  0.000  50000.000  0.542  -1.264  -0.697  -0.600  -0.940  -0.337  -0.741  -0.690  -0.751  0.582  -0.670  -0.675  -0.670  -0.670  0.911
  651349.840  4765353.910  580.190  2.000  4.330  0.080  38.000  50.000  80.000  20.000  0.000  0.000  0.000  0.000  0.000  0.000  0.000  0.000  60000.000  2.562  0.526  0.062  -0.598  1.989  -0.336  -0.740  -0.689  -0.750  -2.009  -0.669  -0.674  -0.669  -0.669  1.319
  651195.860  4766294.940  556.890  2.000  0.150  0.020  10.000  50.000  0.000  0.000  0.000  0.000  0.000  100.000  0.000  0.000  0.000  0.000  40000.000  -0.935  -0.817  -0.996  -0.597  -0.938  -1.512  -0.739  -0.688  -0.748  1.624  -0.668  -0.672  -0.668  -0.668  0.356
  651488.140  4766022.530  590.170  2.000  0.810  0.050  54.000  50.000  0.000  50.000  0.000  0.000  0.000  50.000  0.000  0.000  0.000  0.000  30000.000  0.296  0.066  0.361  -0.596  -0.937  0.528  -0.737  -0.687  -0.747  -0.271  -0.667  -0.671  -0.667  -0.667  -0.339
  651314.340  4765723.630  766.870  2.000  1.610  0.030  15.000  50.000  0.000  40.000  0.000  0.000  0.000  60.000  0.000  0.000  0.000  0.000  70000.000  1.223  -0.431  -0.696  -0.595  -0.935  0.264  -0.736  -0.685  -0.746  -0.040  -0.665  -0.670  -0.665  -0.665  1.639
  650918.560  4765346.700  934.350  2.000  0.260  0.050  175.000  50.000  0.000  35.000  0.000  0.000  0.000  65.000  0.000  0.000  0.000  0.000  40000.000  -0.643  0.067  1.576  -0.593  -0.934  0.161  -0.735  -0.684  -0.745  0.144  -0.664  -0.669  -0.664  -0.664  0.357
  651285.210  4765793.580  784.620  2.000  1.820  0.060  11.000  50.000  0.000  45.000  0.000  0.000  0.000  55.000  0.000  0.000  0.000  0.000  30000.000  1.398  0.264  -0.916  -0.592  -0.933  0.461  -0.734  -0.683  -0.743  -0.134  -0.663  -0.668  -0.663  -0.663  -0.338
  651388.580  4765353.180  687.660  2.000  0.580  0.030  11.000  50.000  0.000  30.000  0.000  0.000  0.000  70.000  0.000  0.000  0.000  0.000  30000.000  -0.074  -0.430  -0.915  -0.591  -0.931  -0.018  -0.732  -0.682  -0.742  0.283  -0.662  -0.667  -0.662  -0.662  -0.337
  651571.400  4765940.820  567.350  2.000  1.850  0.080  13.000  50.000  20.000  70.000  0.000  0.000  0.000  10.000  0.000  0.000  0.000  0.000  25000.000  1.421  0.527  -0.798  -0.590  0.994  1.080  -0.731  -0.681  -0.741  -1.267  -0.661  -0.665  -0.661  -0.661  -0.585
  650975.070  4765737.750  820.930  2.000  -99.000  -99.000  -99.000  -99.000  0.000  40.000  0.000  0.000  0.000  60.000  0.000  0.000  0.000  0.000  30000.000  -99.000  -99.000  -99.000  -99.000  -0.930  0.265  -0.730  -0.679  -0.740  -0.039  -0.660  -0.664  -0.660  -0.660  -0.336
  651251.060  4765569.350  701.160  2.000  1.190  0.010  36.000  50.000  20.000  80.000  0.000  0.000  0.000  0.000  0.000  0.000  0.000  0.000  30000.000  0.784  -1.261  0.013  -0.588  0.995  1.435  -0.729  -0.678  -0.739  -2.002  -0.658  -0.663  -0.658  -0.658  -0.335
  650633.560  4764999.960  1076.240  2.000  0.410  0.040  107.000  126.500  7.000  23.000  0.000  0.000  0.000  70.000  0.000  0.000  0.000  0.000  60000.000  -0.361  -0.138  1.024  0.693  0.689  -0.139  -0.728  -0.677  -0.737  0.284  -0.657  -0.662  -0.657  -0.657  1.321
  651537.840  4765843.010  637.540  2.000  1.800  0.020  23.000  110.000  10.000  30.000  0.000  0.000  0.000  60.000  0.000  0.000  0.000  0.000  60000.000  1.384  -0.816  -0.372  0.596  0.748  -0.017  -0.726  -0.676  -0.736  -0.038  -0.656  -0.661  -0.656  -0.656  1.323
  651205.310  4765282.930  603.340  2.000  0.350  0.040  155.000  50.000  0.000  40.000  0.000  0.000  0.000  60.000  0.000  0.000  0.000  0.000  30000.000  -0.472  -0.137  1.410  -0.587  -0.928  0.266  -0.725  -0.675  -0.735  -0.037  -0.655  -0.660  -0.655  -0.655  -0.334
  651823.600  4766216.150  450.240  2.000  1.240  0.120  5.000  50.000  30.000  60.000  0.000  0.000  0.000  10.000  0.000  0.000  0.000  0.000  30000.000  0.836  0.853  -1.569  -0.586  1.214  0.762  -0.724  -0.674  -0.734  -1.265  -0.654  -0.658  -0.654  -0.654  -0.333
  651563.450  4766434.840  428.520  2.000  2.160  0.020  5.000  50.000  0.000  90.000  0.000  0.000  0.000  10.000  0.000  0.000  0.000  0.000  50000.000  1.623  -0.814  -1.565  -0.584  -0.927  1.757  -0.723  -0.672  -0.732  -1.263  -0.653  -0.657  -0.653  -0.653  0.913
  651314.620  4765758.940  777.140  2.000  1.540  0.030  21.000  50.000  0.000  60.000  0.000  0.000  0.000  40.000  0.000  0.000  0.000  0.000  30000.000  1.172  -0.429  -0.440  -0.583  -0.925  0.763  -0.721  -0.671  -0.731  -0.509  -0.651  -0.656  -0.651  -0.651  -0.332
  651183.310  4765485.820  738.980  2.000  0.380  0.040  115.000  50.000  0.000  30.000  0.000  0.000  0.000  70.000  0.000  0.000  0.000  0.000  20000.000  -0.415  -0.136  1.094  -0.582  -0.924  -0.016  -0.720  -0.670  -0.730  0.285  -0.650  -0.655  -0.650  -0.650  -0.937
  651245.870  4765348.190  793.060  2.000  1.400  0.030  125.000  50.000  0.000  70.000  0.000  0.000  0.000  30.000  0.000  0.000  0.000  0.000  30000.000  1.020  -0.427  1.171  -0.581  -0.923  1.082  -0.719  -0.669  -0.729  -0.775  -0.649  -0.654  -0.649  -0.649  -0.331
  651261.030  4765684.480  677.240  2.000  1.160  0.040  77.000  50.000  0.000  50.000  0.000  0.000  0.000  50.000  0.000  0.000  0.000  0.000  60000.000  0.751  -0.135  0.681  -0.579  -0.921  0.529  -0.718  -0.668  -0.728  -0.270  -0.648  -0.653  -0.648  -0.648  1.325
  651334.590  4765745.480  948.710  2.000  1.570  0.000  22.000  50.000  30.000  30.000  0.000  0.000  0.000  40.000  0.000  0.000  0.000  0.000  30000.000  1.195  -1.854  -0.407  -0.578  1.216  -0.015  -0.717  -0.667  -0.726  -0.508  -0.647  -0.651  -0.647  -0.647  -0.330
  651609.860  4766063.230  481.080  2.000  0.700  0.040  70.000  50.000  0.000  80.000  0.000  0.000  0.000  20.000  0.000  0.000  0.000  0.000  30000.000  0.118  -0.134  0.594  -0.577  -0.920  1.437  -0.715  -0.665  -0.725  -0.988  -0.646  -0.650  -0.646  -0.646  -0.329
  651574.050  4765938.610  576.730  2.000  1.460  0.060  61.000  50.000  30.000  50.000  0.000  0.000  0.000  20.000  0.000  0.000  0.000  0.000  20000.000  1.085  0.265  0.473  -0.576  1.218  0.530  -0.714  -0.664  -0.724  -0.986  -0.644  -0.649  -0.644  -0.644  -0.935
  651532.810  4765985.710  735.030  2.000  2.640  0.120  5.000  50.000  0.000  90.000  0.000  0.000  0.000  10.000  0.000  0.000  0.000  0.000  60000.000  1.799  0.854  -1.561  -0.574  -0.918  1.762  -0.713  -0.663  -0.723  -1.261  -0.643  -0.648  -0.643  -0.643  1.328
  651453.220  4765819.280  628.620  2.000  3.050  0.070  34.000  50.000  10.000  50.000  0.000  0.000  0.000  40.000  0.000  0.000  0.000  0.000  40000.000  2.025  0.415  -0.034  -0.573  0.750  0.531  -0.712  -0.662  -0.721  -0.507  -0.642  -0.647  -0.642  -0.642  0.358
  651325.430  4765425.510  521.670  2.000  1.020  0.020  105.000  50.000  10.000  90.000  0.000  0.000  0.000  0.000  0.000  0.000  0.000  0.000  30000.000  0.580  -0.813  0.981  -0.572  0.751  1.766  -0.711  -0.661  -0.720  -1.996  -0.641  -0.646  -0.641  -0.641  -0.328
  651298.990  4765571.200  607.100  2.000  1.820  0.030  160.000  50.000  20.000  20.000  0.000  0.000  0.000  60.000  0.000  0.000  0.000  0.000  40000.000  1.401  -0.426  1.448  -0.571  0.997  -0.335  -0.709  -0.660  -0.719  -0.037  -0.640  -0.644  -0.640  -0.640  0.359
  651320.110  4765635.450  928.230  2.000  1.450  0.060  20.000  50.000  0.000  80.000  0.000  0.000  0.000  20.000  0.000  0.000  0.000  0.000  40000.000  1.079  0.266  -0.482  -0.569  -0.917  1.440  -0.708  -0.658  -0.718  -0.985  -0.639  -0.643  -0.639  -0.639  0.360
  651486.790  4766110.490  681.770  2.000  0.800  0.030  10.000  170.000  0.000  80.000  0.000  0.000  0.000  20.000  0.000  0.000  0.000  0.000  40000.000  0.274  -0.425  -0.994  0.868  -0.915  1.443  -0.707  -0.657  -0.717  -0.983  -0.638  -0.642  -0.638  -0.638  0.361
  651279.630  4765479.880  526.480  2.000  0.580  0.060  125.000  50.000  0.000  30.000  0.000  0.000  0.000  70.000  0.000  0.000  0.000  0.000  50000.000  -0.073  0.268  1.174  -0.568  -0.914  -0.014  -0.706  -0.656  -0.715  0.286  -0.636  -0.641  -0.636  -0.636  0.914
  651434.720  4765680.710  723.930  2.000  1.350  0.000  5.000  50.000  0.000  70.000  0.000  0.000  0.000  30.000  0.000  0.000  0.000  0.000  40000.000  0.973  -1.848  -1.558  -0.567  -0.913  1.084  -0.704  -0.655  -0.714  -0.773  -0.635  -0.640  -0.635  -0.635  0.362
  651272.800  4765552.680  598.260  2.000  0.970  0.010  195.000  50.000  0.000  70.000  0.000  0.000  0.000  30.000  0.000  0.000  0.000  0.000  25000.000  0.502  -1.259  1.700  -0.566  -0.911  1.085  -0.703  -0.654  -0.713  -0.772  -0.634  -0.639  -0.634  -0.634  -0.583
  651263.910  4765548.570  698.710  2.000  1.480  0.030  32.000  50.000  10.000  80.000  0.000  0.000  0.000  10.000  0.000  0.000  0.000  0.000  30000.000  1.129  -0.424  -0.075  -0.564  0.752  1.445  -0.702  -0.653  -0.712  -1.258  -0.633  -0.638  -0.633  -0.633  -0.327
  651323.700  4765381.640  663.920  2.000  1.290  0.010  63.000  50.000  0.000  80.000  0.000  0.000  0.000  20.000  0.000  0.000  0.000  0.000  40000.000  0.904  -1.257  0.501  -0.563  -0.910  1.448  -0.701  -0.651  -0.711  -0.981  -0.632  -0.636  -0.632  -0.632  0.363
  651437.140  4765714.640  751.170  2.000  1.420  0.030  22.000  50.000  0.000  90.000  0.000  0.000  0.000  10.000  0.000  0.000  0.000  0.000  30000.000  1.045  -0.423  -0.406  -0.562  -0.908  1.771  -0.700  -0.650  -0.709  -1.256  -0.631  -0.635  -0.631  -0.631  -0.326
  651314.540  4765759.190  706.580  2.000  1.170  0.050  90.000  50.000  90.000  0.000  0.000  0.000  0.000  10.000  0.000  0.000  0.000  0.000  15000.000  0.769  0.068  0.830  -0.560  2.138  -1.509  -0.699  -0.649  -0.708  -1.254  -0.630  -0.634  -0.630  -0.630  -1.143
  651319.250  4765644.900  910.630  2.000  1.890  0.080  28.000  270.000  10.000  45.000  0.000  0.000  0.000  45.000  0.000  0.000  0.000  0.000  40000.000  1.444  0.528  -0.179  1.079  0.753  0.462  -0.697  -0.648  -0.707  -0.345  -0.628  -0.633  -0.628  -0.628  0.364
  651450.790  4765860.390  702.130  2.000  3.270  0.130  45.000  50.000  20.000  60.000  0.000  0.000  0.000  20.000  0.000  0.000  0.000  0.000  60000.000  2.104  0.933  0.201  -0.559  0.998  0.765  -0.696  -0.647  -0.706  -0.980  -0.627  -0.632  -0.627  -0.627  1.330
  651310.780  4765448.540  482.190  2.000  0.460  0.020  53.000  50.000  0.000  80.000  0.000  0.000  0.000  20.000  0.000  0.000  0.000  0.000  10000.000  -0.293  -0.811  0.344  -0.558  -0.907  1.451  -0.695  -0.646  -0.704  -0.978  -0.626  -0.631  -0.626  -0.626  -1.664
  651746.070  4766542.680  310.680  2.000  1.890  0.040  11.000  50.000  0.000  60.000  0.000  0.000  0.000  40.000  0.000  0.000  0.000  0.000  50000.000  1.447  -0.133  -0.913  -0.557  -0.905  0.766  -0.694  -0.644  -0.703  -0.506  -0.625  -0.630  -0.625  -0.625  0.915
  651728.090  4766630.510  232.900  2.000  4.730  0.110  5.000  50.000  50.000  50.000  0.000  0.000  0.000  0.000  0.000  0.000  0.000  0.000  45000.000  2.656  0.766  -1.554  -0.555  1.577  0.532  -0.693  -0.643  -0.702  -1.989  -0.624  -0.628  -0.624  -0.624  0.765
  651297.160  4765588.560  575.610  2.000  1.370  0.050  185.000  250.000  20.000  20.000  0.000  0.000  0.000  60.000  0.000  0.000  0.000  0.000  40000.000  0.987  0.069  1.633  1.045  1.000  -0.334  -0.691  -0.642  -0.701  -0.036  -0.623  -0.627  -0.623  -0.623  0.365
  651443.460  4766067.290  792.560  2.000  0.810  0.030  14.000  50.000  0.000  50.000  0.000  0.000  0.000  50.000  0.000  0.000  0.000  0.000  40000.000  0.297  -0.422  -0.750  -0.554  -0.904  0.533  -0.690  -0.641  -0.700  -0.269  -0.622  -0.626  -0.622  -0.622  0.366
  651340.960  4765739.850  969.000  2.000  1.280  0.030  17.000  50.000  0.000  40.000  0.000  0.000  0.000  60.000  0.000  0.000  0.000  0.000  45000.000  0.889  -0.421  -0.611  -0.553  -0.903  0.267  -0.689  -0.640  -0.699  -0.035  -0.620  -0.625  -0.620  -0.620  0.766
  650431.640  4765004.250  1103.830  2.000  0.150  0.030  12.900  121.000  0.000  0.000  0.000  0.000  0.000  100.000  0.000  0.000  0.000  0.000  30000.000  -0.934  -0.419  -0.813  0.685  -0.901  -1.506  -0.688  -0.639  -0.697  1.628  -0.619  -0.624  -0.619  -0.619  -0.325
  650732.310  4765966.260  1056.070  2.000  0.020  0.000  5.000  50.000  0.000  10.000  0.000  0.000  0.000  90.000  0.000  0.000  0.000  0.000  20000.000  -1.884  -1.842  -1.551  -0.552  -0.900  -0.707  -0.687  -0.638  -0.696  0.966  -0.618  -0.623  -0.618  -0.618  -0.934
  650242.030  4765247.720  881.950  2.000  0.270  0.140  14.750  31.500  0.000  0.000  0.000  0.000  0.000  100.000  0.000  0.000  0.000  0.000  150000.000  -0.620  0.985  -0.710  -1.056  -0.898  -1.503  -0.685  -0.636  -0.695  1.631  -0.617  -0.622  -0.617  -0.617  2.425
  651131.010  4765546.370  806.910  2.000  0.760  0.040  120.000  50.000  0.000  40.000  0.000  0.000  0.000  60.000  0.000  0.000  0.000  0.000  40000.000  0.208  -0.132  1.137  -0.550  -0.897  0.268  -0.684  -0.635  -0.694  -0.034  -0.616  -0.620  -0.616  -0.616  0.367
  651274.830  4765550.690  603.550  2.000  1.160  0.030  105.000  50.000  10.000  40.000  0.000  0.000  0.000  50.000  0.000  0.000  0.000  0.000  10000.000  0.752  -0.418  0.982  -0.549  0.755  0.269  -0.683  -0.634  -0.693  -0.268  -0.615  -0.619  -0.615  -0.615  -1.660
  651270.770  4765554.660  592.980  2.000  0.890  0.020  140.000  50.000  0.000  70.000  0.000  0.000  0.000  30.000  0.000  0.000  0.000  0.000  10000.000  0.405  -0.810  1.288  -0.548  -0.896  1.087  -0.682  -0.633  -0.691  -0.771  -0.614  -0.618  -0.614  -0.614  -1.657
  651621.280  4766051.990  517.730  2.000  0.930  0.050  53.000  50.000  20.000  80.000  0.000  0.000  0.000  0.000  0.000  0.000  0.000  0.000  20000.000  0.460  0.070  0.345  -0.547  1.001  1.453  -0.681  -0.632  -0.690  -1.982  -0.613  -0.617  -0.613  -0.613  -0.933
  651300.820  4765302.220  681.000  2.000  1.320  0.020  68.000  50.000  0.000  60.000  0.000  0.000  0.000  40.000  0.000  0.000  0.000  0.000  40000.000  0.939  -0.808  0.564  -0.546  -0.894  0.767  -0.679  -0.631  -0.689  -0.505  -0.611  -0.616  -0.611  -0.611  0.368
  651341.660  4765656.070  505.020  2.000  0.780  0.020  110.000  110.000  40.000  60.000  0.000  0.000  0.000  0.000  0.000  0.000  0.000  0.000  20000.000  0.237  -0.807  1.040  0.597  1.419  0.768  -0.678  -0.630  -0.688  -1.975  -0.610  -0.615  -0.610  -0.610  -0.931
  650246.650  4765247.850  909.560  2.000  0.360  0.040  14.650  797.000  1.000  3.000  1.000  0.000  0.000  95.000  0.000  0.000  0.000  0.000  150000.000  -0.451  -0.131  -0.717  1.652  0.619  -0.941  1.757  -0.628  -0.687  1.362  -0.609  -0.614  -0.609  -0.609  2.443
  651454.580  4765553.920  563.830  2.000  4.070  0.030  75.000  50.000  30.000  60.000  0.000  0.000  0.000  10.000  0.000  0.000  0.000  0.000  70000.000  2.464  -0.417  0.663  -0.544  1.220  0.770  -0.677  -0.627  -0.685  -1.252  -0.608  -0.613  -0.608  -0.608  1.642
  651299.490  4765566.380  615.850  2.000  2.230  0.030  38.000  50.000  20.000  20.000  0.000  0.000  0.000  60.000  0.000  0.000  0.000  0.000  40000.000  1.659  -0.416  0.063  -0.543  1.003  -0.333  -0.676  -0.626  -0.684  -0.033  -0.607  -0.611  -0.607  -0.607  0.369
  651556.490  4765967.200  811.320  2.000  1.070  0.020  17.000  50.000  0.000  60.000  0.000  0.000  0.000  40.000  0.000  0.000  0.000  0.000  40000.000  0.640  -0.805  -0.610  -0.542  -0.893  0.771  -0.675  -0.625  -0.683  -0.504  -0.606  -0.610  -0.606  -0.606  0.370
  651299.330  4765652.750  788.640  2.000  1.260  0.060  24.000  250.000  30.000  20.000  0.000  0.000  0.000  50.000  0.000  0.000  0.000  0.000  60000.000  0.862  0.269  -0.327  1.047  1.222  -0.332  -0.674  -0.624  -0.682  -0.267  -0.605  -0.609  -0.605  -0.605  1.332
  651314.690  4765768.360  691.090  2.000  1.330  0.030  25.000  50.000  0.000  35.000  0.000  0.000  0.000  65.000  0.000  0.000  0.000  0.000  60000.000  0.950  -0.415  -0.285  -0.541  -0.891  0.162  -0.672  -0.623  -0.681  0.145  -0.604  -0.608  -0.604  -0.604  1.334
  651764.260  4766053.330  340.950  2.000  -99.000  -99.000  -99.000  -99.000  90.000  10.000  0.000  0.000  0.000  0.000  0.000  0.000  0.000  0.000  10000.000  -99.000  -99.000  -99.000  -99.000  2.147  -0.706  -0.671  -0.622  -0.679  -1.969  -0.602  -0.607  -0.602  -0.602  -1.653
  651253.900  4765694.920  750.480  2.000  1.710  0.080  36.000  50.000  0.000  30.000  0.000  0.000  0.000  70.000  0.000  0.000  0.000  0.000  100000.000  1.307  0.529  0.014  -0.539  -0.890  -0.013  -0.670  -0.620  -0.678  0.287  -0.601  -0.606  -0.601  -0.601  1.989
  651727.680  4766570.760  222.880  2.000  1.470  0.220  60.000  170.000  0.000  83.450  0.000  0.000  0.000  16.550  0.000  0.000  0.000  0.000  40000.000  1.102  1.314  0.461  0.869  -0.889  1.695  -0.669  -0.619  -0.677  -1.034  -0.600  -0.605  -0.600  -0.600  0.371
  651316.870  4765438.780  498.550  2.000  0.750  0.020  46.000  50.000  40.000  10.000  0.000  0.000  0.000  50.000  0.000  0.000  0.000  0.000  30000.000  0.193  -0.804  0.231  -0.538  1.422  -0.704  -0.668  -0.618  -0.676  -0.266  -0.599  -0.604  -0.599  -0.599  -0.324
  651312.940  4765760.170  782.770  2.000  0.750  0.020  19.000  50.000  0.000  20.000  0.000  0.000  0.000  80.000  0.000  0.000  0.000  0.000  40000.000  0.194  -0.803  -0.517  -0.537  -0.887  -0.331  -0.667  -0.617  -0.675  0.583  -0.598  -0.602  -0.598  -0.598  0.372
  651318.120  4765387.500  682.210  2.000  0.620  0.020  76.000  50.000  0.000  40.000  0.000  0.000  0.000  60.000  0.000  0.000  0.000  0.000  50000.000  -0.020  -0.801  0.671  -0.536  -0.886  0.270  -0.665  -0.616  -0.674  -0.032  -0.597  -0.601  -0.597  -0.597  0.917
  651317.450  4765664.750  873.660  2.000  1.630  0.030  24.000  50.000  0.000  65.000  0.000  0.000  0.000  35.000  0.000  0.000  0.000  0.000  50000.000  1.246  -0.414  -0.326  -0.534  -0.884  1.012  -0.664  -0.615  -0.672  -0.575  -0.596  -0.600  -0.596  -0.596  0.918
  651229.640  4765570.500  790.060  2.000  1.410  0.040  160.000  50.000  20.000  60.000  0.000  0.000  0.000  20.000  0.000  0.000  0.000  0.000  40000.000  1.032  -0.130  1.451  -0.533  1.004  0.772  -0.663  -0.614  -0.671  -0.977  -0.595  -0.599  -0.595  -0.595  0.373
  651275.730  4765668.840  855.090  2.000  1.620  0.120  39.000  50.000  0.000  60.000  0.000  0.000  0.000  40.000  0.000  0.000  0.000  0.000  60000.000  1.228  0.856  0.090  -0.532  -0.883  0.773  -0.662  -0.613  -0.670  -0.503  -0.593  -0.598  -0.593  -0.593  1.337
  651273.480  4765552.020  600.030  2.000  0.900  0.020  93.000  50.000  0.000  40.000  0.000  0.000  0.000  60.000  0.000  0.000  0.000  0.000  10000.000  0.416  -0.800  0.868  -0.531  -0.882  0.271  -0.661  -0.611  -0.669  -0.031  -0.592  -0.597  -0.592  -0.592  -1.649
  651366.250  4765515.610  586.110  2.000  0.740  0.020  33.000  50.000  0.000  50.000  0.000  0.000  0.000  50.000  0.000  0.000  0.000  0.000  50000.000  0.183  -0.798  -0.052  -0.529  -0.880  0.534  -0.660  -0.610  -0.668  -0.265  -0.591  -0.596  -0.591  -0.591  0.920
  651340.700  4765739.420  688.970  2.000  3.080  0.150  46.000  50.000  40.000  50.000  0.000  0.000  0.000  10.000  0.000  0.000  0.000  0.000  55000.000  2.041  1.016  0.232  -0.528  1.424  0.535  -0.658  -0.609  -0.667  -1.250  -0.590  -0.595  -0.590  -0.590  1.180
  651356.640  4765726.680  632.540  2.000  0.820  0.110  26.000  120.000  20.000  70.000  0.000  0.000  0.000  10.000  0.000  0.000  0.000  0.000  20000.000  0.312  0.767  -0.241  0.644  1.006  1.089  -0.657  -0.608  -0.665  -1.248  -0.589  -0.593  -0.589  -0.589  -0.930
  651451.650  4765795.070  622.920  2.000  2.330  0.080  21.000  50.000  20.000  50.000  0.000  0.000  0.000  30.000  0.000  0.000  0.000  0.000  40000.000  1.716  0.531  -0.439  -0.527  1.008  0.536  -0.656  -0.607  -0.664  -0.770  -0.588  -0.592  -0.588  -0.588  0.374
  651134.370  4765608.630  919.040  2.000  0.750  0.000  48.000  50.000  0.000  70.000  0.000  0.000  0.000  30.000  0.000  0.000  0.000  0.000  20000.000  0.195  -1.837  0.261  -0.526  -0.879  1.090  -0.655  -0.606  -0.663  -0.768  -0.587  -0.591  -0.587  -0.587  -0.928
  651318.960  4765833.420  588.010  2.000  1.250  0.090  110.000  25.000  0.000  75.000  0.000  0.000  0.000  25.000  0.000  0.000  0.000  0.000  30000.000  0.845  0.628  1.042  -1.141  -0.878  1.367  -0.654  -0.605  -0.662  -0.824  -0.586  -0.590  -0.586  -0.586  -0.323
  651550.140  4765972.160  790.850  2.000  2.650  0.120  5.000  50.000  0.000  60.000  0.000  0.000  0.000  40.000  0.000  0.000  0.000  0.000  50000.000  1.809  0.857  -1.547  -0.525  -0.876  0.775  -0.653  -0.604  -0.661  -0.502  -0.585  -0.589  -0.585  -0.585  0.921
  650627.270  4765000.050  980.450  2.000  0.140  0.040  20.900  195.500  7.000  23.000  0.000  0.000  0.000  70.000  0.000  0.000  0.000  0.000  55000.000  -0.973  -0.129  -0.454  0.934  0.690  -0.138  -0.651  -0.602  -0.660  0.288  -0.583  -0.588  -0.583  -0.583  1.182
  650915.300  4765510.840  861.910  2.000  0.630  0.050  63.000  -99.000  0.000  30.000  0.000  0.000  0.000  70.000  0.000  0.000  0.000  0.000  60000.000  -0.004  0.071  0.502  -99.000  -0.875  -0.012  -0.650  -0.601  -0.658  0.289  -0.582  -0.587  -0.582  -0.582  1.339
  651278.590  4765669.720  728.320  2.000  0.890  0.030  29.000  50.000  0.000  70.000  0.000  0.000  0.000  30.000  0.000  0.000  0.000  0.000  40000.000  0.406  -0.413  -0.153  -0.523  -0.873  1.092  -0.649  -0.600  -0.657  -0.767  -0.581  -0.586  -0.581  -0.581  0.375
  651458.000  4765549.550  587.180  2.000  2.050  0.080  31.000  50.000  0.000  60.000  0.000  0.000  0.000  40.000  0.000  0.000  0.000  0.000  60000.000  1.543  0.532  -0.094  -0.522  -0.872  0.776  -0.648  -0.599  -0.656  -0.501  -0.580  -0.585  -0.580  -0.580  1.341
  651345.590  4765735.610  672.060  2.000  2.990  0.210  10.000  -99.000  50.000  50.000  0.000  0.000  0.000  0.000  0.000  0.000  0.000  0.000  50000.000  1.986  1.275  -0.993  -99.000  1.580  0.537  -0.647  -0.598  -0.655  -1.962  -0.579  -0.583  -0.579  -0.579  0.923
  651276.230  4765543.180  800.740  2.000  1.300  0.050  57.000  50.000  0.000  50.000  0.000  0.000  0.000  50.000  0.000  0.000  0.000  0.000  60000.000  0.915  0.072  0.411  -0.521  -0.871  0.538  -0.646  -0.597  -0.654  -0.264  -0.578  -0.582  -0.578  -0.578  1.344
  651255.690  4765553.820  720.640  2.000  1.380  0.030  47.000  50.000  0.000  70.000  0.000  0.000  0.000  30.000  0.000  0.000  0.000  0.000  40000.000  1.002  -0.412  0.243  -0.520  -0.869  1.094  -0.644  -0.596  -0.653  -0.766  -0.577  -0.581  -0.577  -0.577  0.376
  651455.930  4765790.880  639.890  2.000  1.620  0.070  19.000  50.000  40.000  60.000  0.000  0.000  0.000  0.000  0.000  0.000  0.000  0.000  40000.000  1.230  0.416  -0.515  -0.518  1.427  0.777  -0.643  -0.595  -0.651  -1.956  -0.576  -0.580  -0.576  -0.576  0.377
  651347.580  4765356.450  587.430  2.000  2.970  0.130  32.000  50.000  60.000  40.000  0.000  0.000  0.000  0.000  0.000  0.000  0.000  0.000  90000.000  1.942  0.935  -0.074  -0.517  1.744  0.272  -0.642  -0.593  -0.650  -1.950  -0.575  -0.579  -0.575  -0.575  1.962
  651266.340  4765815.730  718.760  2.000  0.800  0.080  65.000  140.000  0.000  70.000  0.000  0.000  0.000  30.000  0.000  0.000  0.000  0.000  25000.000  0.276  0.533  0.530  0.748  -0.868  1.096  -0.641  -0.592  -0.649  -0.765  -0.573  -0.578  -0.573  -0.573  -0.582
  651197.510  4765309.130  562.790  2.000  0.460  0.030  32.000  50.000  0.000  80.000  0.000  0.000  0.000  20.000  0.000  0.000  0.000  0.000  10000.000  -0.292  -0.410  -0.073  -0.516  -0.867  1.456  -0.640  -0.591  -0.648  -0.975  -0.572  -0.577  -0.572  -0.572  -1.646
  651320.430  4765631.680  935.280  2.000  1.140  0.010  21.000  50.000  0.000  70.000  0.000  0.000  0.000  30.000  0.000  0.000  0.000  0.000  35000.000  0.720  -1.254  -0.438  -0.515  -0.865  1.097  -0.639  -0.590  -0.647  -0.763  -0.571  -0.576  -0.571  -0.571  0.156
  651270.880  4765548.560  780.100  2.000  1.110  0.030  24.000  50.000  0.000  60.000  0.000  0.000  0.000  40.000  0.000  0.000  0.000  0.000  40000.000  0.688  -0.409  -0.325  -0.514  -0.864  0.779  -0.638  -0.589  -0.646  -0.500  -0.570  -0.575  -0.570  -0.570  0.378
  651180.920  4765402.490  652.630  2.000  0.280  0.040  37.000  50.000  0.000  40.000  0.000  0.000  0.000  60.000  0.000  0.000  0.000  0.000  10000.000  -0.597  -0.128  0.038  -0.512  -0.863  0.273  -0.636  -0.588  -0.644  -0.030  -0.569  -0.573  -0.569  -0.569  -1.642
  651402.020  4765509.320  515.730  2.000  0.790  0.060  30.000  50.000  33.530  20.000  0.000  0.000  0.000  46.470  0.000  0.000  0.000  0.000  35300.000  0.259  0.270  -0.120  -0.511  1.372  -0.330  -0.635  -0.587  -0.643  -0.336  -0.568  -0.572  -0.568  -0.568  0.202
  650245.660  4765247.820  903.650  2.000  0.380  0.030  12.700  18.800  0.000  0.000  0.000  0.000  0.000  100.000  0.000  0.000  0.000  0.000  150000.000  -0.414  -0.408  -0.819  -1.293  -0.861  -1.501  -0.634  -0.586  -0.642  1.635  -0.567  -0.571  -0.567  -0.567  2.462
  651355.110  4765377.580  490.770  2.000  0.650  0.020  110.000  50.000  0.000  60.000  0.000  0.000  0.000  40.000  0.000  0.000  0.000  0.000  30000.000  0.034  -0.797  1.044  -0.510  -0.860  0.780  -0.633  -0.585  -0.641  -0.499  -0.566  -0.570  -0.566  -0.566  -0.322
  650627.870  4765000.010  990.430  2.000  0.160  0.030  8.070  23.300  5.000  25.000  0.000  0.000  0.000  70.000  0.000  0.000  0.000  0.000  50000.000  -0.894  -0.407  -1.086  -1.185  0.641  -0.130  -0.632  -0.583  -0.640  0.290  -0.565  -0.569  -0.565  -0.565  0.924
  650921.110  4765303.780  1008.830  2.000  0.420  0.050  61.000  50.000  0.000  30.000  0.000  0.000  0.000  70.000  0.000  0.000  0.000  0.000  60000.000  -0.348  0.073  0.474  -0.509  -0.858  -0.011  -0.631  -0.582  -0.639  0.291  -0.564  -0.568  -0.564  -0.564  1.346
  651264.800  4765817.620  713.280  2.000  0.810  0.090  105.000  50.000  0.000  30.000  0.000  0.000  0.000  70.000  0.000  0.000  0.000  0.000  25000.000  0.298  0.630  0.984  -0.507  -0.857  -0.010  -0.630  -0.581  -0.638  0.292  -0.562  -0.567  -0.562  -0.562  -0.581
  650311.660  4765154.730  825.920  2.000  0.090  0.020  5.430  18.000  0.000  20.000  0.000  0.000  0.000  80.000  0.000  0.000  0.000  0.000  40000.000  -1.199  -0.795  -1.236  -1.318  -0.856  -0.329  -0.628  -0.580  -0.636  0.585  -0.561  -0.566  -0.561  -0.561  0.379
  651273.800  4765545.630  791.360  2.000  2.070  0.020  52.000  50.000  0.000  20.000  0.000  0.000  0.000  80.000  0.000  0.000  0.000  0.000  80000.000  1.557  -0.794  0.328  -0.506  -0.854  -0.328  -0.627  -0.579  -0.635  0.586  -0.560  -0.565  -0.560  -0.560  1.848
  651305.110  4765765.910  809.030  2.000  2.030  0.030  25.000  50.000  0.000  70.000  0.000  0.000  0.000  30.000  0.000  0.000  0.000  0.000  70000.000  1.529  -0.406  -0.284  -0.505  -0.853  1.099  -0.626  -0.578  -0.634  -0.762  -0.559  -0.564  -0.559  -0.559  1.646
  651302.150  4765775.890  841.570  2.000  2.210  0.060  5.000  50.000  0.000  50.000  0.000  0.000  0.000  50.000  0.000  0.000  0.000  0.000  35000.000  1.651  0.271  -1.544  -0.504  -0.852  0.540  -0.625  -0.577  -0.633  -0.264  -0.558  -0.562  -0.558  -0.558  0.157
  651586.510  4766425.040  397.670  2.000  2.810  0.130  11.000  50.000  30.000  50.000  0.000  0.000  0.000  20.000  0.000  0.000  0.000  0.000  50000.000  1.872  0.937  -0.912  -0.503  1.224  0.541  -0.624  -0.576  -0.632  -0.974  -0.557  -0.561  -0.557  -0.557  0.925
  651335.170  4765744.970  950.550  2.000  1.800  0.030  26.000  110.000  0.000  50.000  0.000  0.000  0.000  50.000  0.000  0.000  0.000  0.000  50000.000  1.387  -0.405  -0.240  0.598  -0.850  0.542  -0.623  -0.575  -0.631  -0.263  -0.556  -0.560  -0.556  -0.556  0.927
  651293.820  4765620.380  517.890  2.000  0.910  0.030  115.000  50.000  15.000  20.000  0.000  0.000  0.000  65.000  0.000  0.000  0.000  0.000  30000.000  0.435  -0.404  1.096  -0.501  0.917  -0.327  -0.622  -0.573  -0.630  0.146  -0.555  -0.559  -0.555  -0.555  -0.321
  651816.880  4766224.390  428.730  2.000  1.230  0.090  51.000  50.000  0.000  100.000  0.000  0.000  0.000  0.000  0.000  0.000  0.000  0.000  40000.000  0.822  0.631  0.310  -0.500  -0.849  2.241  -0.620  -0.572  -0.628  -1.943  -0.554  -0.558  -0.554  -0.554  0.380
  651140.180  4765661.090  848.630  2.000  0.680  0.030  45.000  25.000  0.000  80.000  0.000  0.000  0.000  20.000  0.000  0.000  0.000  0.000  30000.000  0.083  -0.402  0.202  -1.139  -0.848  1.459  -0.619  -0.571  -0.627  -0.972  -0.553  -0.557  -0.553  -0.553  -0.320
  651325.940  4765761.580  935.230  2.000  0.380  0.020  26.000  50.000  0.000  60.000  0.000  0.000  0.000  40.000  0.000  0.000  0.000  0.000  40000.000  -0.413  -0.792  -0.239  -0.499  -0.846  0.781  -0.618  -0.570  -0.626  -0.498  -0.551  -0.556  -0.551  -0.551  0.381
  651250.210  4765557.320  735.250  2.000  1.050  0.030  58.000  260.000  30.000  50.000  0.000  0.000  10.000  10.000  0.000  0.000  0.000  0.000  20000.000  0.615  -0.401  0.423  1.064  1.226  0.543  -0.617  -0.569  1.950  -1.246  -0.550  -0.555  -0.550  -0.550  -0.927
  650632.080  4764999.960  1054.290  2.000  0.250  0.040  78.900  182.500  10.000  25.000  0.000  0.000  0.000  65.000  0.000  0.000  0.000  0.000  55000.000  -0.661  -0.127  0.706  0.909  0.756  -0.129  -0.616  -0.568  -0.625  0.147  -0.549  -0.554  -0.549  -0.549  1.183
  651485.090  4765904.890  735.770  2.000  1.250  0.020  80.000  280.000  20.000  30.000  0.000  0.000  0.000  50.000  0.000  0.000  0.000  0.000  40000.000  0.847  -0.791  0.719  1.106  1.009  -0.009  -0.615  -0.567  -0.624  -0.262  -0.548  -0.553  -0.548  -0.548  0.382
  651735.080  4766559.440  258.390  2.000  1.490  0.030  5.000  140.000  50.000  50.000  0.000  0.000  0.000  0.000  0.000  0.000  0.000  0.000  40000.000  1.137  -0.400  -1.541  0.749  1.584  0.544  -0.614  -0.566  -0.623  -1.937  -0.547  -0.551  -0.547  -0.547  0.383
  651276.140  4765668.400  857.000  2.000  0.990  0.190  37.000  50.000  0.000  40.000  0.000  0.000  0.000  60.000  0.000  0.000  0.000  0.000  55000.000  0.543  1.197  0.039  -0.498  -0.845  0.274  -0.613  -0.565  -0.622  -0.029  -0.546  -0.550  -0.546  -0.546  1.185
  651449.060  4765798.250  652.370  2.000  2.090  0.050  18.000  50.000  0.000  70.000  0.000  0.000  0.000  30.000  0.000  0.000  0.000  0.000  40000.000  1.571  0.074  -0.571  -0.496  -0.844  1.101  -0.611  -0.564  -0.620  -0.761  -0.545  -0.549  -0.545  -0.545  0.384
  651351.760  4765723.150  780.100  2.000  2.320  0.060  32.000  50.000  0.000  80.000  0.000  0.000  0.000  20.000  0.000  0.000  0.000  0.000  40000.000  1.706  0.272  -0.072  -0.495  -0.842  1.461  -0.610  -0.562  -0.619  -0.971  -0.544  -0.548  -0.544  -0.544  0.385
  651304.560  4765365.770  760.990  2.000  1.690  0.000  87.000  50.000  40.000  50.000  0.000  0.000  0.000  10.000  0.000  0.000  0.000  0.000  30000.000  1.290  -1.831  0.798  -0.494  1.429  0.545  -0.609  -0.561  -0.618  -1.244  -0.543  -0.547  -0.543  -0.543  -0.319
  651314.190  4765391.570  695.010  2.000  1.060  0.020  190.000  50.000  70.000  20.000  0.000  0.000  0.000  10.000  0.000  0.000  0.000  0.000  30000.000  0.627  -0.790  1.665  -0.493  1.832  -0.326  -0.608  -0.560  -0.617  -1.242  -0.542  -0.546  -0.542  -0.542  -0.318
  651133.200  4765597.080  935.320  2.000  0.730  0.000  25.000  50.000  0.000  65.000  0.000  0.000  0.000  35.000  0.000  0.000  0.000  0.000  30000.000  0.169  -1.825  -0.283  -0.492  -0.841  1.014  -0.607  -0.559  -0.616  -0.573  -0.541  -0.545  -0.541  -0.541  -0.317
  651300.590  4765651.730  792.290  2.000  1.520  0.030  5.000  50.000  0.000  50.000  0.000  0.000  0.000  50.000  0.000  0.000  0.000  0.000  60000.000  1.157  -0.399  -1.537  -0.490  -0.840  0.546  -0.606  -0.558  -0.615  -0.261  -0.540  -0.544  -0.540  -0.540  1.348
  651285.210  4765658.880  898.980  2.000  1.080  0.000  84.000  50.000  0.000  60.000  0.000  0.000  0.000  40.000  0.000  0.000  0.000  0.000  40000.000  0.658  -1.820  0.763  -0.489  -0.838  0.782  -0.605  -0.557  -0.614  -0.497  -0.538  -0.543  -0.538  -0.538  0.386
  651551.820  4765492.660  630.020  2.000  0.680  0.010  34.000  120.000  0.000  20.000  0.000  0.000  0.000  80.000  0.000  0.000  0.000  0.000  50000.000  0.084  -1.252  -0.033  0.645  -0.837  -0.325  -0.604  -0.556  -0.613  0.587  -0.537  -0.542  -0.537  -0.537  0.928
  651476.320  4766241.940  628.580  2.000  1.240  0.050  5.000  50.000  0.000  70.000  0.000  0.000  0.000  30.000  0.000  0.000  0.000  0.000  40000.000  0.838  0.075  -1.534  -0.488  -0.836  1.102  -0.602  -0.555  -0.611  -0.760  -0.536  -0.541  -0.536  -0.536  0.387
  651757.650  4766525.360  364.800  2.000  1.320  0.030  29.000  50.000  0.000  90.000  0.000  0.000  0.000  10.000  0.000  0.000  0.000  0.000  30000.000  0.940  -0.398  -0.152  -0.487  -0.834  1.775  -0.601  -0.554  -0.610  -1.240  -0.535  -0.540  -0.535  -0.535  -0.316
  651463.460  4765932.370  648.520  2.000  3.740  0.150  28.000  50.000  100.000  0.000  0.000  0.000  0.000  0.000  0.000  0.000  0.000  0.000  25000.000  2.304  1.018  -0.178  -0.486  2.425  -1.498  -0.600  -0.553  -0.609  -1.931  -0.534  -0.538  -0.534  -0.534  -0.580
  651549.950  4765495.750  600.240  2.000  1.070  0.040  30.000  50.000  20.000  80.000  0.000  0.000  0.000  0.000  0.000  0.000  0.000  0.000  30000.000  0.641  -0.126  -0.119  -0.484  1.011  1.464  -0.599  -0.551  -0.608  -1.925  -0.533  -0.537  -0.533  -0.533  -0.315
  651259.800  4765824.040  695.010  2.000  0.560  0.040  155.000  50.000  0.000  70.000  0.000  0.000  0.000  30.000  0.000  0.000  0.000  0.000  20000.000  -0.104  -0.125  1.413  -0.483  -0.833  1.104  -0.598  -0.550  -0.607  -0.758  -0.532  -0.536  -0.532  -0.532  -0.925
  651550.200  4765495.340  604.210  2.000  0.610  0.030  115.000  50.000  0.000  60.000  0.000  0.000  0.000  40.000  0.000  0.000  0.000  0.000  40000.000  -0.036  -0.397  1.098  -0.482  -0.832  0.784  -0.597  -0.549  -0.606  -0.496  -0.531  -0.535  -0.531  -0.531  0.388
  651457.870  4765678.150  574.390  2.000  1.420  0.070  30.000  50.000  0.000  100.000  0.000  0.000  0.000  0.000  0.000  0.000  0.000  0.000  30000.000  1.046  0.417  -0.118  -0.481  -0.830  2.252  -0.596  -0.548  -0.605  -1.919  -0.530  -0.534  -0.530  -0.530  -0.314
  651186.710  4765397.640  664.420  2.000  0.520  0.050  195.000  50.000  0.000  70.000  0.000  0.000  0.000  30.000  0.000  0.000  0.000  0.000  30000.000  -0.189  0.076  1.705  -0.480  -0.829  1.106  -0.595  -0.547  -0.604  -0.757  -0.529  -0.533  -0.529  -0.529  -0.313
  650315.720  4765153.720  887.780  2.000  0.360  0.020  19.150  97.100  7.000  35.000  0.000  0.000  0.000  55.000  0.000  3.000  0.000  0.000  65000.000  -0.450  -0.788  -0.496  0.544  0.691  0.163  -0.593  -0.546  -0.602  -0.133  -0.528  2.111  -0.528  -0.528  1.580
  651587.240  4766424.340  399.400  2.000  2.880  0.110  5.000  140.000  10.000  50.000  0.000  0.000  0.000  40.000  0.000  0.000  0.000  0.000  60000.000  1.903  0.768  -1.530  0.750  0.757  0.547  -0.592  -0.545  -0.601  -0.495  -0.527  -0.532  -0.527  -0.527  1.351
  651316.850  4765673.230  857.790  2.000  1.130  0.070  15.000  430.000  10.000  30.000  0.000  0.000  0.000  60.000  0.000  0.000  0.000  0.000  30000.000  0.707  0.418  -0.694  1.283  0.758  -0.008  -0.591  -0.544  -0.600  -0.028  -0.525  -0.531  -0.525  -0.525  -0.312
  651194.580  4765297.500  569.930  2.000  0.480  0.100  155.000  50.000  0.000  50.000  0.000  0.000  0.000  50.000  0.000  0.000  0.000  0.000  40000.000  -0.251  0.697  1.416  -0.478  -0.828  0.548  -0.590  -0.543  -0.599  -0.260  -0.524  -0.530  -0.524  -0.524  0.389
  651316.020  4765801.860  636.580  2.000  1.070  0.020  190.000  50.000  10.000  80.000  0.000  0.000  0.000  10.000  0.000  0.000  0.000  0.000  30000.000  0.643  -0.787  1.670  -0.477  0.760  1.467  -0.589  -0.542  -0.598  -1.238  -0.523  -0.529  -0.523  -0.523  -0.311
  651314.330  4765724.640  765.150  2.000  2.210  0.040  13.000  50.000  0.000  60.000  0.000  0.000  0.000  40.000  0.000  0.000  0.000  0.000  70000.000  1.655  -0.124  -0.797  -0.476  -0.826  0.785  -0.588  -0.541  -0.597  -0.493  -0.522  -0.528  -0.522  -0.522  1.649
  650928.580  4766030.990  881.020  2.000  0.230  0.050  10.000  130.000  0.000  20.000  0.000  0.000  0.000  80.000  0.000  0.000  0.000  0.000  30000.000  -0.692  0.077  -0.991  0.706  -0.825  -0.324  -0.587  -0.540  -0.596  0.588  -0.521  -0.527  -0.521  -0.521  -0.310
  651813.920  4766630.200  117.680  2.000  3.710  0.050  5.000  50.000  10.000  70.000  0.000  0.000  0.000  20.000  0.000  0.000  0.000  0.000  80000.000  2.275  0.078  -1.527  -0.475  0.761  1.108  -0.586  -0.538  -0.595  -0.969  -0.520  -0.525  -0.520  -0.520  1.853
  651355.140  4765720.710  789.190  2.000  1.850  0.160  29.000  50.000  10.000  70.000  0.000  0.000  0.000  20.000  0.000  0.000  0.000  0.000  40000.000  1.424  1.066  -0.151  -0.474  0.762  1.109  -0.585  -0.537  -0.593  -0.968  -0.519  -0.524  -0.519  -0.519  0.390
  651346.150  4765363.230  655.680  2.000  1.230  0.020  35.000  50.000  0.000  70.000  0.000  0.000  0.000  30.000  0.000  0.000  0.000  0.000  30000.000  0.823  -0.785  -0.007  -0.472  -0.824  1.111  -0.583  -0.536  -0.592  -0.756  -0.518  -0.523  -0.518  -0.518  -0.309
  651640.190  4766640.010  382.910  2.000  2.940  0.340  5.000  50.000  0.000  100.000  0.000  0.000  0.000  0.000  0.000  0.000  0.000  0.000  50000.000  1.922  1.720  -1.524  -0.471  -0.822  2.264  -0.582  -0.535  -0.591  -1.913  -0.517  -0.522  -0.517  -0.517  0.930
  651325.940  4765844.580  791.470  2.000  0.750  0.030  27.000  50.000  0.000  35.000  0.000  0.000  0.000  65.000  0.000  0.000  0.000  0.000  40000.000  0.196  -0.396  -0.203  -0.470  -0.821  0.164  -0.581  -0.534  -0.590  0.148  -0.516  -0.521  -0.516  -0.516  0.391
  651577.780  4766433.480  376.970  2.000  1.700  0.020  5.000  50.000  0.000  40.000  0.000  0.000  0.000  60.000  0.000  0.000  0.000  0.000  40000.000  1.302  -0.784  -1.520  -0.469  -0.820  0.275  -0.580  -0.533  -0.589  -0.027  -0.515  -0.520  -0.515  -0.515  0.392
  650528.040  4765000.770  1017.470  2.000  0.440  0.040  23.700  68.400  10.000  15.000  0.000  0.000  0.000  75.000  0.000  0.000  0.000  0.000  50000.000  -0.316  -0.123  -0.339  0.490  0.763  -0.467  -0.579  -0.532  -0.588  0.460  -0.514  -0.519  -0.514  -0.514  0.931
  651261.960  4765563.360  570.120  2.000  1.240  0.040  145.000  50.000  0.000  0.000  0.000  0.000  0.000  0.000  0.000  0.000  0.000  0.000  0.000  0.839  -0.122  1.335  -0.468  -0.818  -1.495  -0.578  -0.531  -0.587  -1.908  -0.513  -0.518  -0.513  -0.513  -2.481
  651191.670  4765393.480  674.520  2.000  0.390  0.080  310.000  50.000  0.000  40.000  0.000  0.000  0.000  60.000  0.000  0.000  0.000  0.000  40000.000  -0.393  0.534  2.287  -0.466  -0.817  0.276  -0.577  -0.530  -0.586  -0.026  -0.512  -0.517  -0.512  -0.512  0.393
  651325.940  4765809.580  852.090  2.000  1.140  0.030  25.000  50.000  10.000  40.000  0.000  0.000  0.000  50.000  0.000  0.000  0.000  0.000  40000.000  0.722  -0.395  -0.282  -0.465  0.765  0.277  -0.576  -0.529  -0.585  -0.259  -0.510  -0.516  -0.510  -0.510  0.394
  651557.720  4765743.080  366.240  2.000  1.530  0.220  18.000  50.000  100.000  0.000  0.000  0.000  0.000  0.000  0.000  0.000  0.000  0.000  20000.000  1.162  1.317  -0.570  -0.464  2.443  -1.492  -0.575  -0.528  -0.583  -1.902  -0.509  -0.515  -0.509  -0.509  -0.924
  651314.580  4765761.230  703.140  2.000  1.470  0.050  13.000  120.000  90.000  10.000  0.000  0.000  0.000  0.000  0.000  0.000  0.000  0.000  20000.000  1.104  0.079  -0.795  0.647  2.157  -0.703  -0.573  -0.527  -0.582  -1.896  -0.508  -0.514  -0.508  -0.508  -0.923
  651444.990  4765801.580  596.510  2.000  1.670  0.130  21.000  50.000  80.000  20.000  0.000  0.000  0.000  0.000  0.000  0.000  0.000  0.000  30000.000  1.271  0.938  -0.437  -0.463  1.996  -0.323  -0.572  -0.525  -0.581  -1.890  -0.507  -0.513  -0.507  -0.507  -0.308
  651453.460  4765555.410  556.050  2.000  2.840  0.070  17.000  50.000  90.000  10.000  0.000  0.000  0.000  0.000  0.000  0.000  0.000  0.000  40000.000  1.878  0.419  -0.609  -0.462  2.166  -0.702  -0.571  -0.524  -0.580  -1.885  -0.506  -0.512  -0.506  -0.506  0.395
  651424.770  4765689.680  679.920  2.000  1.190  0.000  27.000  50.000  0.000  70.000  0.000  0.000  0.000  30.000  0.000  0.000  0.000  0.000  40000.000  0.786  -1.814  -0.202  -0.460  -0.816  1.113  -0.570  -0.523  -0.579  -0.755  -0.505  -0.510  -0.505  -0.505  0.396
  651330.980  4765500.510  514.340  2.000  0.540  0.040  43.000  1270.000  0.000  30.000  0.000  0.000  0.000  70.000  0.000  0.000  0.000  0.000  40000.000  -0.149  -0.120  0.166  2.031  -0.815  -0.007  -0.569  -0.522  -0.578  0.293  -0.504  -0.509  -0.504  -0.504  0.397
  651490.970  4766020.080  599.440  2.000  0.670  0.070  41.000  50.000  0.000  100.000  0.000  0.000  0.000  0.000  0.000  0.000  0.000  0.000  25000.000  0.068  0.421  0.120  -0.459  -0.813  2.277  -0.568  -0.521  -0.577  -1.879  -0.503  -0.508  -0.503  -0.503  -0.579
  651710.850  4766637.450  202.070  2.000  1.130  0.140  76.000  50.000  0.000  70.000  0.000  0.000  0.000  30.000  0.000  0.000  0.000  0.000  30000.000  0.708  0.987  0.672  -0.458  -0.812  1.115  -0.567  -0.520  -0.576  -0.753  -0.502  -0.507  -0.502  -0.502  -0.307
  651232.220  4765589.400  623.910  2.000  1.290  0.020  50.000  50.000  30.000  40.000  0.000  0.000  0.000  30.000  0.000  0.000  0.000  0.000  40000.000  0.905  -0.782  0.295  -0.457  1.228  0.278  -0.566  -0.519  -0.575  -0.752  -0.501  -0.506  -0.501  -0.501  0.398
  651296.780  4765404.860  682.540  2.000  1.250  0.010  46.000  50.000  0.000  50.000  10.000  0.000  0.000  40.000  0.000  0.000  0.000  0.000  30000.000  0.848  -1.250  0.233  -0.456  -0.811  0.549  1.956  -0.518  -0.573  -0.492  -0.500  -0.505  -0.500  -0.500  -0.306
  651282.740  4765544.560  864.920  2.000  1.420  0.020  31.000  50.000  0.000  60.000  0.000  0.000  0.000  40.000  0.000  0.000  0.000  0.000  40000.000  1.048  -0.781  -0.093  -0.455  -0.809  0.786  -0.565  -0.517  -0.572  -0.491  -0.499  -0.504  -0.499  -0.499  0.399
  651351.320  4765643.290  558.680  2.000  0.720  0.040  72.000  50.000  0.000  80.000  0.000  0.000  0.000  20.000  0.000  0.000  0.000  0.000  30000.000  0.148  -0.119  0.625  -0.453  -0.808  1.470  -0.564  -0.516  -0.571  -0.966  -0.498  -0.503  -0.498  -0.498  -0.305
  651473.290  4766038.390  843.850  2.000  1.030  0.030  29.000  50.000  0.000  40.000  0.000  0.000  0.000  60.000  0.000  0.000  0.000  0.000  50000.000  0.587  -0.393  -0.150  -0.452  -0.807  0.279  -0.562  -0.515  -0.570  -0.025  -0.497  -0.502  -0.497  -0.497  0.933
  651244.320  4765349.460  789.600  2.000  1.470  0.020  49.000  50.000  0.000  70.000  0.000  0.000  0.000  30.000  0.000  0.000  0.000  0.000  40000.000  1.106  -0.780  0.282  -0.451  -0.805  1.116  -0.561  -0.514  -0.569  -0.751  -0.496  -0.501  -0.496  -0.496  0.400
  651418.880  4765604.310  695.090  2.000  1.460  0.030  35.000  50.000  0.000  70.000  0.000  0.000  0.000  30.000  0.000  0.000  0.000  0.000  40000.000  1.087  -0.392  -0.006  -0.450  -0.804  1.118  -0.560  -0.513  -0.568  -0.750  -0.495  -0.500  -0.495  -0.495  0.401
  651260.400  4765685.010  675.410  2.000  1.230  0.040  81.000  50.000  10.000  40.000  0.000  0.000  0.000  50.000  0.000  0.000  0.000  0.000  50000.000  0.825  -0.118  0.725  -0.449  0.766  0.280  -0.559  -0.512  -0.567  -0.258  -0.493  -0.499  -0.493  -0.493  0.934
  651215.540  4765270.080  633.100  2.000  1.780  0.020  63.000  350.000  25.000  0.000  0.000  0.000  0.000  75.000  0.000  0.000  0.000  0.000  70000.000  1.374  -0.778  0.503  1.187  1.127  -1.489  -0.558  -0.510  -0.566  0.461  -0.492  -0.498  -0.492  -0.492  1.653
  651245.410  4765560.380  748.050  2.000  0.950  0.030  77.000  120.000  20.000  40.000  0.000  0.000  0.000  40.000  0.000  0.000  0.000  0.000  30000.000  0.480  -0.391  0.682  0.648  1.012  0.281  -0.557  -0.509  -0.565  -0.490  -0.491  -0.497  -0.491  -0.491  -0.304
  650313.320  4765154.290  851.860  2.000  0.050  0.010  13.400  10.300  0.000  18.000  0.000  0.000  0.000  80.000  0.000  2.000  0.000  0.000  40000.000  -1.496  -1.248  -0.770  -1.566  -0.803  -0.413  -0.556  -0.508  -0.564  0.589  -0.490  1.827  -0.490  -0.490  0.402
  651258.200  4765689.490  771.360  2.000  1.750  0.080  33.000  50.000  10.000  70.000  0.000  0.000  0.000  20.000  0.000  0.000  0.000  0.000  60000.000  1.352  0.535  -0.051  -0.447  0.767  1.120  -0.555  -0.507  -0.562  -0.965  -0.489  -0.496  -0.489  -0.489  1.353
  651762.380  4766616.560  296.970  2.000  2.330  0.030  10.000  50.000  10.000  80.000  0.000  0.000  0.000  10.000  0.000  0.000  0.000  0.000  40000.000  1.720  -0.390  -0.989  -0.446  0.768  1.472  -0.554  -0.506  -0.561  -1.236  -0.488  -0.495  -0.488  -0.488  0.403
  651330.280  4765747.450  724.620  2.000  2.360  0.100  16.000  50.000  0.000  80.000  0.000  0.000  0.000  20.000  0.000  0.000  0.000  0.000  30000.000  1.734  0.699  -0.642  -0.445  -0.802  1.475  -0.553  -0.505  -0.560  -0.963  -0.487  -0.493  -0.487  -0.487  -0.304
  651325.940  4765833.580  810.520  2.000  1.340  0.070  19.000  50.000  0.000  40.000  0.000  0.000  0.000  60.000  0.000  0.000  0.000  0.000  40000.000  0.965  0.422  -0.514  -0.444  -0.800  0.282  -0.551  -0.504  -0.559  -0.024  -0.486  -0.492  -0.486  -0.486  0.404
  651179.230  4765403.910  649.300  2.000  0.810  0.030  64.000  50.000  0.000  40.000  0.000  0.000  0.000  60.000  0.000  0.000  0.000  0.000  20000.000  0.299  -0.389  0.519  -0.443  -0.799  0.283  -0.550  -0.503  -0.558  -0.023  -0.485  -0.491  -0.485  -0.485  -0.921
  651434.390  4765802.030  605.240  2.000  2.980  0.320  56.000  50.000  50.000  50.000  0.000  0.000  0.000  0.000  0.000  0.000  0.000  0.000  40000.000  1.964  1.615  0.402  -0.442  1.587  0.550  -0.549  -0.502  -0.557  -1.874  -0.484  -0.490  -0.484  -0.484  0.405
  651280.000  4765478.150  530.070  2.000  0.770  0.030  185.000  170.000  0.000  60.000  0.000  0.000  0.000  40.000  0.000  0.000  0.000  0.000  40000.000  0.225  -0.388  1.637  0.871  -0.798  0.787  -0.548  -0.501  -0.556  -0.489  -0.483  -0.489  -0.483  -0.483  0.406
  651436.450  4765679.150  731.580  2.000  1.350  0.000  5.000  50.000  0.000  70.000  0.000  0.000  0.000  30.000  0.000  0.000  0.000  0.000  35000.000  0.975  -1.809  -1.517  -0.440  -0.796  1.122  -0.547  -0.500  -0.555  -0.748  -0.482  -0.488  -0.482  -0.482  0.158
  651293.900  4765525.670  868.310  2.000  0.460  0.020  18.000  50.000  0.000  30.000  0.000  0.000  0.000  70.000  0.000  0.000  0.000  0.000  70000.000  -0.291  -0.777  -0.569  -0.439  -0.795  -0.007  -0.546  -0.499  -0.554  0.294  -0.481  -0.487  -0.481  -0.481  1.657
  651469.860  4765777.550  694.590  2.000  1.150  0.020  25.000  120.000  0.000  40.000  0.000  0.000  0.000  60.000  0.000  0.000  0.000  0.000  50000.000  0.737  -0.775  -0.281  0.649  -0.794  0.284  -0.545  -0.498  -0.553  -0.022  -0.480  -0.486  -0.480  -0.480  0.935
  650567.340  4764999.240  980.990  3.000  0.500  0.060  14.570  278.250  5.000  5.000  0.000  0.000  0.000  90.000  0.000  0.000  0.000  0.000  70000.000  -0.218  0.273  -0.719  1.093  0.642  -0.863  -0.544  -0.497  -0.551  0.968  -0.479  -0.485  -0.479  -0.479  1.660
  651163.030  4766199.130  -609.190  3.000  0.090  0.090  98.800  20.700  0.000  30.000  0.000  0.000  0.000  68.000  0.000  2.000  0.000  0.000  30000.000  -1.197  0.632  0.928  -1.234  -0.793  -0.006  -0.543  -0.496  -0.550  0.189  -0.478  1.832  -0.478  -0.478  -0.303
  650427.180  4764953.770  1108.830  3.000  0.090  0.400  14.650  8.900  0.000  18.000  0.000  0.000  0.000  80.000  0.000  2.000  0.000  0.000  20000.000  -1.195  1.860  -0.716  -1.673  -0.791  -0.412  -0.542  -0.495  -0.549  0.590  -0.477  1.837  -0.477  -0.477  -0.920
  651748.680  4765982.750  204.640  3.000  0.170  0.070  26.000  50.000  0.000  10.000  0.000  0.000  0.000  90.000  0.000  0.000  0.000  0.000  60000.000  -0.868  0.423  -0.238  -0.438  -0.790  -0.701  -0.541  -0.493  -0.548  0.969  -0.476  -0.484  -0.476  -0.476  1.355
  651578.890  4766098.980  375.180  3.000  0.670  1.040  39.000  230.000  0.000  30.000  0.000  0.000  0.000  70.000  0.000  0.000  0.000  0.000  40000.000  0.070  2.622  0.091  1.013  -0.789  -0.005  -0.540  -0.492  -0.547  0.295  -0.475  -0.483  -0.475  -0.475  0.407
  650395.730  4764801.930  1026.470  3.000  0.080  0.030  11.230  15.840  0.000  0.000  0.000  0.000  0.000  100.000  0.000  0.000  0.000  0.000  5000.000  -1.273  -0.387  -0.885  -1.368  -0.787  -1.486  -0.538  -0.491  -0.546  1.639  -0.473  -0.482  -0.473  -0.473  -1.962
  650624.910  4764948.880  978.620  3.000  0.250  0.100  16.250  112.000  0.000  25.000  0.000  0.000  0.000  75.000  0.000  0.000  0.000  0.000  20000.000  -0.659  0.700  -0.624  0.627  -0.786  -0.128  -0.537  -0.490  -0.545  0.462  -0.472  -0.481  -0.472  -0.472  -0.918
  650254.240  4765049.590  951.630  3.000  0.200  0.110  29.900  52.300  0.000  15.000  0.000  0.000  0.000  85.000  0.000  0.000  0.000  0.000  30000.000  -0.797  0.770  -0.131  0.444  -0.785  -0.466  -0.536  -0.489  -0.544  0.832  -0.471  -0.480  -0.471  -0.471  -0.302
  651007.820  4765955.860  615.420  3.000  0.940  0.350  34.000  50.000  20.000  70.000  0.000  0.000  0.000  10.000  0.000  0.000  0.000  0.000  20000.000  0.471  1.753  -0.032  -0.437  1.014  1.123  -0.535  -0.488  -0.543  -1.234  -0.470  -0.479  -0.470  -0.470  -0.917
  651553.220  4766132.720  284.620  3.000  0.460  0.080  21.000  50.000  0.000  70.000  0.000  0.000  0.000  30.000  0.000  0.000  0.000  0.000  20000.000  -0.290  0.537  -0.436  -0.436  -0.784  1.125  -0.534  -0.487  -0.542  -0.747  -0.469  -0.478  -0.469  -0.469  -0.915
  650629.830  4765751.400  766.960  3.000  0.250  0.030  111.500  11.300  0.000  30.000  0.000  0.000  0.000  70.000  0.000  0.000  0.000  0.000  20000.000  -0.658  -0.385  1.077  -1.510  -0.782  -0.004  -0.533  -0.486  -0.541  0.296  -0.468  -0.477  -0.468  -0.468  -0.914
  651492.650  4765951.380  435.990  3.000  0.590  0.070  215.000  50.000  0.000  50.000  0.000  0.000  0.000  50.000  0.000  0.000  0.000  0.000  30000.000  -0.059  0.424  1.852  -0.434  -0.781  0.551  -0.532  -0.485  -0.540  -0.257  -0.467  -0.476  -0.467  -0.467  -0.301
  651422.760  4765476.840  564.280  3.000  3.360  0.240  11.000  50.000  70.000  20.000  0.000  0.000  0.000  10.000  0.000  0.000  0.000  0.000  40000.000  2.165  1.392  -0.910  -0.433  1.837  -0.322  -0.531  -0.484  -0.538  -1.232  -0.466  -0.475  -0.466  -0.466  0.408
  651421.850  4765599.760  336.710  3.000  0.560  0.040  130.000  510.000  0.000  30.000  0.000  0.000  0.000  70.000  0.000  0.000  0.000  0.000  50000.000  -0.103  -0.117  1.223  1.382  -0.780  -0.003  -0.530  -0.483  -0.537  0.297  -0.465  -0.473  -0.465  -0.465  0.937
  650745.390  4765132.640  938.330  3.000  -99.000  -99.000  -99.000  -99.000  0.000  10.000  0.000  0.000  0.000  90.000  0.000  0.000  0.000  0.000  25000.000  -99.000  -99.000  -99.000  -99.000  -0.779  -0.700  -0.529  -0.482  -0.536  0.971  -0.464  -0.472  -0.464  -0.464  -0.578
  651329.030  4765279.980  582.380  3.000  1.120  0.030  58.000  50.000  0.000  90.000  0.000  0.000  0.000  10.000  0.000  0.000  0.000  0.000  30000.000  0.698  -0.384  0.424  -0.432  -0.777  1.780  -0.528  -0.481  -0.535  -1.230  -0.463  -0.471  -0.463  -0.463  -0.300
  650165.940  4764997.480  1045.130  3.000  0.200  0.130  56.800  240.000  0.000  15.000  0.000  0.000  0.000  85.000  0.000  0.000  0.000  0.000  25000.000  -0.796  0.940  0.408  1.029  -0.776  -0.465  -0.527  -0.480  -0.534  0.833  -0.462  -0.470  -0.462  -0.462  -0.577
  650548.700  4764835.030  1066.410  3.000  0.050  0.020  9.190  29.180  0.000  1.000  1.000  0.000  0.000  98.000  0.000  0.000  0.000  0.000  50000.000  -1.493  -0.774  -1.040  -1.079  -0.775  -0.965  1.762  -0.479  -0.533  1.456  -0.461  -0.469  -0.461  -0.461  0.938
  650084.290  4765048.130  1038.540  3.000  0.130  0.230  4.090  248.000  0.000  18.000  0.000  0.000  0.000  80.000  0.000  2.000  0.000  0.000  30000.000  -1.014  1.357  -1.941  1.042  -0.773  -0.411  -0.525  -0.478  -0.532  0.591  -0.460  1.842  -0.460  -0.460  -0.299
  651231.260  4766406.380  671.000  3.000  -99.000  -99.000  -99.000  -99.000  0.000  0.000  0.000  0.000  0.000  100.000  0.000  0.000  0.000  0.000  15000.000  -99.000  -99.000  -99.000  -99.000  -0.772  -1.483  -0.524  -0.477  -0.531  1.642  -0.459  -0.468  -0.459  -0.459  -1.141
  650735.350  4765099.360  1025.920  3.000  0.050  0.020  25.810  20.510  0.000  20.000  0.000  0.000  0.000  80.000  0.000  0.000  0.000  0.000  70000.000  -1.490  -0.773  -0.251  -1.238  -0.771  -0.321  -0.523  -0.476  -0.530  0.592  -0.458  -0.467  -0.458  -0.458  1.664
  651857.800  4766471.120  163.560  3.000  1.470  0.060  18.000  50.000  25.000  45.000  0.000  0.000  0.000  30.000  0.000  0.000  0.000  0.000  25000.000  1.108  0.274  -0.568  -0.431  1.129  0.463  -0.522  -0.475  -0.529  -0.746  -0.457  -0.466  -0.457  -0.457  -0.576
  651426.700  4766152.100  449.000  3.000  1.030  0.050  140.000  50.000  0.000  80.000  0.000  0.000  0.000  20.000  0.000  0.000  0.000  0.000  40000.000  0.588  0.081  1.290  -0.430  -0.770  1.478  -0.521  -0.473  -0.528  -0.962  -0.456  -0.465  -0.456  -0.456  0.409
  651491.410  4766495.610  299.230  3.000  0.100  0.020  55.000  50.000  0.000  40.000  0.000  0.000  0.000  60.000  0.000  0.000  0.000  0.000  10000.000  -1.120  -0.771  0.383  -0.429  -0.768  0.285  -0.520  -0.472  -0.527  -0.022  -0.455  -0.464  -0.455  -0.455  -1.639
  650277.990  4764997.970  1000.650  3.000  0.220  0.080  15.000  56.400  0.000  10.000  0.000  0.000  0.000  90.000  0.000  0.000  0.000  0.000  30000.000  -0.729  0.538  -0.693  0.459  -0.767  -0.699  -0.519  -0.471  -0.525  0.972  -0.454  -0.463  -0.454  -0.454  -0.298
  650331.630  4764901.580  954.800  3.000  0.070  0.020  3.870  8.700  0.000  45.000  0.000  0.000  0.000  55.000  0.000  0.000  0.000  0.000  10000.000  -1.332  -0.770  -2.015  -1.695  -0.766  0.464  -0.518  -0.470  -0.524  -0.133  -0.453  -0.462  -0.453  -0.453  -1.635
  650589.560  4764920.160  1111.210  3.000  0.360  0.040  10.340  246.750  0.000  0.000  0.000  0.000  0.000  100.000  0.000  0.000  0.000  0.000  20000.000  -0.449  -0.116  -0.954  1.038  -0.765  -1.481  -0.517  -0.469  -0.523  1.646  -0.452  -0.461  -0.452  -0.452  -0.913
  651408.400  4765824.510  715.720  3.000  3.690  0.590  41.000  120.000  10.000  90.000  0.000  0.000  0.000  0.000  0.000  0.000  0.000  0.000  50000.000  2.261  2.164  0.121  0.650  0.770  1.784  -0.516  -0.468  -0.522  -1.869  -0.451  -0.460  -0.451  -0.451  0.940
  651436.890  4766144.250  488.980  3.000  0.690  0.020  99.000  50.000  0.000  100.000  0.000  0.000  0.000  0.000  0.000  0.000  0.000  0.000  30000.000  0.101  -0.768  0.931  -0.427  -0.763  2.289  -0.515  -0.467  -0.521  -1.863  -0.449  -0.459  -0.449  -0.449  -0.297
  650268.790  4764997.820  974.210  3.000  0.160  0.100  16.200  64.700  0.000  10.000  0.000  0.000  0.000  88.000  0.000  2.000  0.000  0.000  30000.000  -0.893  0.701  -0.625  0.481  -0.762  -0.697  -0.514  -0.466  -0.520  0.891  -0.448  1.848  -0.448  -0.448  -0.296
  651084.450  4765630.330  299.140  3.000  0.250  0.100  24.000  50.000  0.000  30.000  0.000  0.000  0.000  70.000  0.000  0.000  0.000  0.000  30000.000  -0.657  0.703  -0.324  -0.426  -0.761  -0.002  -0.513  -0.465  -0.519  0.298  -0.447  -0.458  -0.447  -0.447  -0.295
  650905.370  4765724.010  98.280  3.000  0.290  0.040  59.200  4.900  0.000  25.000  0.000  0.000  0.000  75.000  0.000  0.000  0.000  0.000  30000.000  -0.582  -0.115  0.456  -2.039  -0.760  -0.127  -0.512  -0.464  -0.518  0.463  -0.446  -0.457  -0.446  -0.446  -0.294
  651784.520  4766247.690  193.150  3.000  0.820  0.330  15.000  50.000  20.000  50.000  0.000  0.000  0.000  30.000  0.000  0.000  0.000  0.000  30000.000  0.313  1.672  -0.692  -0.425  1.015  0.553  -0.510  -0.463  -0.517  -0.745  -0.445  -0.456  -0.445  -0.445  -0.293
  650956.600  4765919.320  468.470  3.000  0.350  0.040  20.000  50.000  0.000  70.000  0.000  0.000  0.000  30.000  0.000  0.000  0.000  0.000  30000.000  -0.471  -0.114  -0.481  -0.424  -0.758  1.127  -0.509  -0.462  -0.516  -0.743  -0.444  -0.455  -0.444  -0.444  -0.292
  650849.050  4766169.720  112.760  3.000  0.910  0.510  14.700  57.500  0.000  15.000  0.000  0.000  0.000  83.000  0.000  2.000  0.000  0.000  60000.000  0.436  2.076  -0.712  0.462  -0.757  -0.464  -0.508  -0.461  -0.515  0.805  -0.443  1.853  -0.443  -0.443  1.358
  650387.250  4764950.880  864.090  3.000  0.050  0.030  2.530  45.600  0.000  30.000  0.000  0.000  0.000  70.000  0.000  0.000  0.000  0.000  1000.000  -1.487  -0.383  -2.185  -0.990  -0.756  -0.001  -0.507  -0.460  -0.514  0.299  -0.442  -0.454  -0.442  -0.442  -2.086
  650264.860  4764997.760  962.870  3.000  0.160  0.210  36.100  82.100  0.000  15.000  0.000  0.000  0.000  84.000  0.000  1.000  0.000  0.000  20000.000  -0.891  1.278  0.031  0.520  -0.755  -0.463  -0.506  -0.459  -0.513  0.813  -0.441  1.789  -0.441  -0.441  -0.911
  650234.220  4765098.650  1127.500  3.000  0.900  0.150  37.200  37.000  0.000  5.000  10.000  0.000  0.000  85.000  0.000  0.000  0.000  0.000  20000.000  0.418  1.019  0.051  -1.023  -0.753  -0.861  1.962  -0.458  -0.512  0.834  -0.440  -0.453  -0.440  -0.440  -0.910
  651146.920  4765516.270  607.280  3.000  0.380  0.070  44.000  50.000  0.000  30.000  0.000  0.000  0.000  70.000  0.000  0.000  0.000  0.000  30000.000  -0.412  0.425  0.186  -0.423  -0.752  0.000  -0.505  -0.457  -0.510  0.300  -0.439  -0.452  -0.439  -0.439  -0.291
  651163.820  4765771.970  53.250  3.000  0.220  0.110  16.000  50.000  0.000  20.000  0.000  0.000  0.000  80.000  0.000  0.000  0.000  0.000  10000.000  -0.727  0.771  -0.641  -0.422  -0.751  -0.320  -0.504  -0.456  -0.509  0.593  -0.438  -0.451  -0.438  -0.438  -1.631
  651613.770  4766671.930  236.290  3.000  -99.000  -99.000  -99.000  -99.000  0.000  0.000  0.000  0.000  0.000  100.000  0.000  0.000  0.000  0.000  10000.000  -99.000  -99.000  -99.000  -99.000  -0.750  -1.478  -0.503  -0.455  -0.508  1.649  -0.437  -0.449  -0.437  -0.437  -1.628
  651406.200  4766679.500  145.040  3.000  1.260  0.160  110.000  50.000  0.000  70.000  0.000  0.000  0.000  30.000  0.000  0.000  0.000  0.000  40000.000  0.863  1.068  1.045  -0.420  -0.748  1.129  -0.502  -0.454  -0.507  -0.742  -0.436  -0.448  -0.436  -0.436  0.410
  650059.920  4764884.080  1086.810  3.000  0.130  0.060  5.800  26.350  0.000  0.000  0.000  0.000  0.000  100.000  0.000  0.000  0.000  0.000  10000.000  -1.013  0.275  -1.216  -1.104  -0.747  -1.475  -0.501  -0.453  -0.506  1.653  -0.435  -0.447  -0.435  -0.435  -1.624
  650816.720  4766120.730  768.070  3.000  0.080  0.030  5.000  50.000  0.000  10.000  0.000  0.000  0.000  90.000  0.000  0.000  0.000  0.000  40000.000  -1.271  -0.382  -1.514  -0.419  -0.746  -0.696  -0.500  -0.452  -0.505  0.974  -0.434  -0.446  -0.434  -0.434  0.411
  650860.060  4765727.170  202.830  3.000  0.140  0.020  21.800  13.400  0.000  70.000  0.000  0.000  0.000  28.000  0.000  2.000  0.000  0.000  15000.000  -0.972  -0.767  -0.418  -1.437  -0.745  1.130  -0.499  -0.451  -0.504  -0.816  -0.433  1.858  -0.433  -0.433  -1.139
  651330.100  4766007.880  559.140  3.000  0.940  0.060  140.000  50.000  0.000  40.000  0.000  0.000  0.000  60.000  0.000  0.000  0.000  0.000  40000.000  0.472  0.276  1.292  -0.418  -0.743  0.286  -0.498  -0.449  -0.503  -0.021  -0.432  -0.445  -0.432  -0.432  0.412
  651874.260  4766345.800  204.690  3.000  0.830  0.260  5.000  50.000  30.000  30.000  0.000  0.000  0.000  40.000  0.000  0.000  0.000  0.000  30000.000  0.319  1.456  -1.510  -0.417  1.230  0.001  -0.497  -0.448  -0.502  -0.488  -0.431  -0.444  -0.431  -0.431  -0.290
  651592.950  4766081.760  424.390  3.000  0.900  0.210  61.000  230.000  0.000  30.000  0.000  0.000  0.000  70.000  0.000  0.000  0.000  0.000  40000.000  0.419  1.280  0.475  1.014  -0.742  0.002  -0.496  -0.447  -0.501  0.301  -0.430  -0.443  -0.430  -0.430  0.413
  650132.420  4764996.300  985.970  3.000  0.110  0.080  2.110  47.800  0.000  45.000  0.000  0.000  0.000  55.000  0.000  0.000  0.000  0.000  15000.000  -1.083  0.539  -2.402  -0.977  -0.741  0.465  -0.495  -0.446  -0.500  -0.132  -0.429  -0.442  -0.429  -0.429  -1.138
  650653.780  4765471.910  190.050  3.000  0.520  0.420  48.100  90.500  0.000  15.000  0.000  0.000  0.000  85.000  0.000  0.000  0.000  0.000  80000.000  -0.188  1.902  0.271  0.536  -0.740  -0.462  -0.493  -0.445  -0.499  0.836  -0.428  -0.441  -0.428  -0.428  1.858
  651018.150  4765954.550  598.340  3.000  1.030  0.170  120.000  50.000  0.000  80.000  0.000  0.000  0.000  20.000  0.000  0.000  0.000  0.000  30000.000  0.590  1.108  1.139  -0.416  -0.739  1.481  -0.492  -0.444  -0.498  -0.960  -0.427  -0.440  -0.427  -0.427  -0.289
  650217.070  4765098.020  1035.080  3.000  0.430  0.220  65.000  33.600  0.000  40.000  0.000  0.000  0.000  52.000  0.000  8.000  0.000  0.000  30000.000  -0.331  1.319  0.531  -1.036  -0.737  0.287  -0.491  -0.443  -0.497  -0.142  -0.426  3.258  -0.426  -0.426  -0.288
  651588.960  4765592.740  523.020  3.000  1.020  0.020  39.000  50.000  10.000  80.000  0.000  0.000  0.000  10.000  0.000  0.000  0.000  0.000  30000.000  0.581  -0.766  0.092  -0.415  0.771  1.483  -0.490  -0.442  -0.496  -1.228  -0.425  -0.439  -0.425  -0.425  -0.287
  650393.850  4764802.190  1112.450  3.000  0.080  0.060  7.140  31.800  0.000  0.000  0.000  0.000  0.000  100.000  0.000  0.000  0.000  0.000  5000.000  -1.269  0.277  -1.141  -1.049  -0.736  -1.472  -0.489  -0.441  -0.495  1.657  -0.424  -0.438  -0.424  -0.424  -1.956
  651331.900  4766676.310  70.220  3.000  -99.000  -99.000  -99.000  -99.000  10.000  35.000  0.000  0.000  0.000  50.000  0.000  0.000  5.000  0.000  20000.000  -99.000  -99.000  -99.000  -99.000  0.772  0.165  -0.488  -0.440  -0.493  -0.256  -0.423  -0.437  3.110  -0.423  -0.908
  651406.660  4766168.150  369.020  3.000  0.890  0.080  34.000  50.000  0.000  80.000  0.000  0.000  0.000  20.000  0.000  0.000  0.000  0.000  40000.000  0.407  0.540  -0.031  -0.413  -0.735  1.486  -0.487  -0.439  -0.492  -0.959  -0.422  -0.436  -0.423  -0.422  0.415
  651413.790  4765699.590  632.160  3.000  2.040  0.080  13.000  50.000  20.000  50.000  0.000  0.000  0.000  30.000  0.000  0.000  0.000  0.000  30000.000  1.539  0.542  -0.794  -0.412  1.017  0.554  -0.486  -0.438  -0.491  -0.741  -0.421  -0.435  -0.422  -0.421  -0.286
  650719.700  4765737.940  549.170  3.000  -99.000  -99.000  -99.000  -99.000  0.000  38.000  0.000  0.000  0.000  60.000  0.000  2.000  0.000  0.000  35000.000  -99.000  -99.000  -99.000  -99.000  -0.734  0.215  -0.485  -0.437  -0.490  -0.020  -0.420  1.863  -0.421  -0.420  0.159
  650091.940  4765048.050  1128.220  3.000  0.260  0.310  45.400  42.900  0.000  10.000  0.000  0.000  0.000  90.000  0.000  0.000  0.000  0.000  3000.000  -0.641  1.589  0.219  -0.995  -0.732  -0.695  -0.484  -0.436  -0.489  0.975  -0.419  -0.434  -0.420  -0.419  -2.024
  651359.440  4766159.030  636.000  3.000  1.060  0.050  88.000  50.000  0.000  70.000  0.000  0.000  0.000  30.000  0.000  0.000  0.000  0.000  30000.000  0.629  0.082  0.804  -0.411  -0.731  1.132  -0.483  -0.435  -0.488  -0.740  -0.418  -0.433  -0.419  -0.418  -0.285
  651230.960  4766406.130  1085.000  3.000  -99.000  -99.000  -99.000  -99.000  0.000  0.000  0.000  0.000  0.000  0.000  0.000  0.000  0.000  0.000  0.000  -99.000  -99.000  -99.000  -99.000  -0.730  -1.470  -0.482  -0.434  -0.487  -1.858  -0.417  -0.432  -0.418  -0.417  -2.462
  650933.170  4765932.040  564.850  3.000  0.580  0.060  52.000  50.000  0.000  40.000  0.000  0.000  0.000  60.000  0.000  0.000  0.000  0.000  40000.000  -0.072  0.278  0.329  -0.410  -0.729  0.288  -0.481  -0.433  -0.486  -0.019  -0.416  -0.431  -0.417  -0.416  0.416
  651554.010  4766680.080  309.680  3.000  0.800  0.090  270.000  50.000  0.000  80.000  0.000  0.000  0.000  20.000  0.000  0.000  0.000  0.000  20000.000  0.277  0.633  2.112  -0.409  -0.728  1.489  -0.480  -0.432  -0.485  -0.957  -0.415  -0.430  -0.416  -0.415  -0.907
  651168.150  4764775.430  1012.280  3.000  0.630  0.030  56.720  140.320  0.000  0.000  0.000  0.000  0.000  100.000  0.000  0.000  0.000  0.000  60000.000  -0.003  -0.381  0.407  0.783  -0.726  -1.467  -0.479  -0.431  -0.484  1.660  -0.413  -0.429  -0.415  -0.413  1.360
  650472.290  4764922.110  1120.420  3.000  2.240  1.370  12.270  70.800  0.000  30.000  40.000  0.000  0.000  30.000  0.000  0.000  0.000  0.000  70000.000  1.667  2.898  -0.833  0.498  -0.725  0.003  2.770  -0.430  -0.483  -0.739  -0.412  -0.428  -0.413  -0.412  1.668
  650938.560  4765720.760  23.360  3.000  0.970  0.400  109.000  25.500  0.000  43.000  0.000  0.000  0.000  55.000  0.000  2.000  0.000  0.000  35000.000  0.504  1.866  1.029  -1.112  -0.724  0.456  -0.478  -0.429  -0.482  -0.131  -0.411  1.869  -0.412  -0.411  0.160
  651839.940  4766479.030  138.220  3.000  0.830  0.260  13.000  50.000  80.000  0.000  0.000  0.000  0.000  20.000  0.000  0.000  0.000  0.000  10000.000  0.320  1.459  -0.793  -0.408  2.002  -1.464  -0.477  -0.428  -0.481  -0.956  -0.410  -0.427  -0.411  -0.410  -1.621
  650928.430  4765934.430  584.130  3.000  0.990  0.160  130.000  50.000  0.000  70.000  0.000  0.000  0.000  30.000  0.000  0.000  0.000  0.000  40000.000  0.544  1.070  1.225  -0.406  -0.723  1.134  -0.476  -0.427  -0.480  -0.737  -0.409  -0.426  -0.410  -0.409  0.417
  650258.570  4765049.540  962.820  3.000  0.090  0.020  15.800  7.600  0.000  10.000  0.000  0.000  0.000  90.000  0.000  0.000  0.000  0.000  15000.000  -1.193  -0.764  -0.655  -1.793  -0.721  -0.694  -0.475  -0.426  -0.479  0.977  -0.408  -0.425  -0.409  -0.408  -1.136
  650994.870  4765981.000  668.700  3.000  0.270  0.050  19.000  50.000  0.000  60.000  0.000  0.000  0.000  40.000  0.000  0.000  0.000  0.000  30000.000  -0.618  0.083  -0.513  -0.405  -0.720  0.789  -0.473  -0.425  -0.478  -0.487  -0.407  -0.424  -0.408  -0.407  -0.284
  651598.950  4766046.420  393.220  3.000  0.890  0.060  155.000  50.000  0.000  60.000  0.000  0.000  0.000  40.000  0.000  0.000  0.000  0.000  40000.000  0.408  0.279  1.418  -0.404  -0.719  0.790  -0.472  -0.424  -0.477  -0.486  -0.406  -0.423  -0.407  -0.406  0.418
  650151.160  4764996.960  1019.030  3.000  0.080  0.090  23.500  49.800  0.000  15.000  0.000  0.000  0.000  85.000  0.000  0.000  0.000  0.000  25000.000  -1.266  0.635  -0.342  -0.967  -0.718  -0.461  -0.471  -0.423  -0.476  0.837  -0.405  -0.422  -0.406  -0.405  -0.575
  650644.700  4765471.750  222.810  3.000  0.050  0.020  17.000  18.300  0.000  5.870  0.000  0.000  0.000  94.130  0.000  0.000  0.000  0.000  30000.000  -1.484  -0.763  -0.608  -1.298  -0.717  -0.816  -0.470  -0.422  -0.475  1.240  -0.404  -0.421  -0.405  -0.404  -0.283
  651441.340  4766141.000  506.110  3.000  0.860  0.020  72.000  120.000  0.000  80.000  0.000  0.000  0.000  20.000  0.000  0.000  0.000  0.000  40000.000  0.358  -0.761  0.627  0.652  -0.715  1.492  -0.469  -0.421  -0.473  -0.955  -0.403  -0.420  -0.404  -0.403  0.419
  650960.760  4765916.940  451.120  3.000  0.030  0.000  5.000  50.000  0.000  0.000  0.000  0.000  0.000  100.000  0.000  0.000  0.000  0.000  20000.000  -1.720  -1.804  -1.507  -0.403  -0.714  -1.461  -0.468  -0.420  -0.472  1.664  -0.402  -0.419  -0.403  -0.402  -0.905
  651826.440  4766199.530  289.980  3.000  1.170  0.340  190.000  620.000  0.000  40.000  0.000  0.000  0.000  60.000  0.000  0.000  0.000  0.000  50000.000  0.770  1.724  1.674  1.497  -0.713  0.289  -0.467  -0.419  -0.471  -0.018  -0.401  -0.418  -0.402  -0.401  0.941
  651224.450  4766252.180  685.940  3.000  1.330  0.170  63.000  50.000  0.000  40.000  0.000  0.000  0.000  60.000  0.000  0.000  0.000  0.000  40000.000  0.952  1.110  0.505  -0.402  -0.712  0.290  -0.466  -0.418  -0.470  -0.017  -0.400  -0.417  -0.401  -0.400  0.420
  651221.780  4765717.950  564.480  3.000  0.500  0.140  53.000  140.000  0.000  10.000  0.000  0.000  0.000  90.000  0.000  0.000  0.000  0.000  40000.000  -0.217  0.988  0.346  0.752  -0.711  -0.693  -0.465  -0.417  -0.469  0.978  -0.399  -0.416  -0.400  -0.399  0.421
  650875.280  4766079.010  547.520  3.000  0.370  0.130  71.000  50.000  0.000  20.000  0.000  0.000  0.000  80.000  0.000  0.000  0.000  0.000  30000.000  -0.423  0.942  0.614  -0.401  -0.709  -0.319  -0.464  -0.416  -0.468  0.595  -0.398  -0.415  -0.399  -0.398  -0.282
  650924.430  4764928.170  998.480  3.000  0.050  0.010  11.000  -99.000  0.000  0.000  0.000  0.000  0.000  100.000  0.000  0.000  0.000  0.000  40000.000  -1.480  -1.245  -0.909  -99.000  -0.708  -1.459  -0.463  -0.415  -0.467  1.668  -0.397  -0.413  -0.398  -0.397  0.422
  650072.670  4764993.080  1081.840  3.000  0.070  0.030  2.500  10.000  0.000  25.000  0.000  0.000  0.000  75.000  0.000  0.000  0.000  0.000  10000.000  -1.329  -0.380  -2.260  -1.588  -0.707  -0.126  -0.462  -0.413  -0.466  0.464  -0.396  -0.412  -0.397  -0.396  -1.617
  651548.940  4766708.160  -52.460  3.000  0.740  0.150  19.000  50.000  0.000  50.000  0.000  0.000  0.000  50.000  0.000  0.000  0.000  0.000  40000.000  0.184  1.021  -0.512  -0.399  -0.706  0.555  -0.461  -0.412  -0.465  -0.255  -0.395  -0.411  -0.396  -0.395  0.423
  650984.210  4765990.190  704.000  3.000  0.330  0.090  23.000  50.000  0.000  25.000  0.000  0.000  0.000  75.000  0.000  0.000  0.000  0.000  50000.000  -0.498  0.636  -0.371  -0.398  -0.704  -0.125  -0.460  -0.411  -0.464  0.465  -0.394  -0.410  -0.395  -0.394  0.943
  650480.330  4764927.670  1092.810  3.000  1.460  0.410  15.550  803.500  10.000  30.000  0.000  0.000  0.000  60.000  0.000  0.000  0.000  0.000  70000.000  1.089  1.878  -0.661  1.660  0.773  0.004  -0.459  -0.410  -0.463  -0.016  -0.393  -0.409  -0.394  -0.393  1.672
  651143.390  4766198.130  -558.900  3.000  0.220  0.060  13.350  4.500  0.000  35.000  0.000  0.000  0.000  63.000  0.000  2.000  0.000  0.000  30000.000  -0.726  0.281  -0.774  -2.123  -0.703  0.166  -0.458  -0.409  -0.462  0.133  -0.392  1.874  -0.393  -0.392  -0.281
  651810.720  4766232.030  409.040  3.000  0.830  0.060  49.000  50.000  0.000  30.000  0.000  0.000  0.000  70.000  0.000  0.000  0.000  0.000  40000.000  0.321  0.282  0.283  -0.397  -0.702  0.005  -0.457  -0.408  -0.461  0.302  -0.391  -0.408  -0.392  -0.391  0.424
  651570.020  4766014.800  326.200  3.000  0.830  0.170  78.000  50.000  0.000  50.000  0.000  0.000  0.000  50.000  0.000  0.000  0.000  0.000  30000.000  0.322  1.111  0.696  -0.396  -0.701  0.556  -0.456  -0.407  -0.460  -0.254  -0.390  -0.407  -0.391  -0.390  -0.280
  650676.080  4765138.100  1075.110  3.000  0.030  0.010  1.690  6.470  0.000  20.000  0.000  0.000  0.000  80.000  0.000  0.000  0.000  0.000  50000.000  -1.716  -1.243  -2.485  -1.873  -0.700  -0.318  -0.455  -0.406  -0.459  0.596  -0.389  -0.406  -0.390  -0.389  0.944
  651370.050  4766146.690  656.270  3.000  0.940  0.080  68.000  50.000  0.000  50.000  0.000  0.000  0.000  50.000  0.000  0.000  0.000  0.000  30000.000  0.473  0.543  0.565  -0.395  -0.699  0.557  -0.454  -0.405  -0.458  -0.253  -0.388  -0.405  -0.389  -0.388  -0.279
  651546.750  4766141.960  261.190  3.000  0.080  0.050  12.000  50.000  0.000  0.000  0.000  0.000  0.000  100.000  0.000  0.000  0.000  0.000  10000.000  -1.264  0.084  -0.860  -0.394  -0.697  -1.456  -0.453  -0.404  -0.457  1.672  -0.387  -0.404  -0.388  -0.387  -1.614
  650631.130  4764949.230  1056.370  3.000  0.020  0.000  1.760  8.000  0.000  10.000  0.000  0.000  0.000  90.000  0.000  0.000  0.000  0.000  30000.000  -1.878  -1.798  -2.462  -1.767  -0.696  -0.691  -0.452  -0.403  -0.456  0.980  -0.386  -0.403  -0.387  -0.386  -0.278
  650782.100  4766163.950  260.160  3.000  0.660  0.220  38.200  33.300  0.000  33.000  0.000  0.000  0.000  65.000  0.000  2.000  0.000  0.000  30000.000  0.049  1.322  0.082  -1.038  -0.695  0.152  -0.451  -0.402  -0.455  0.149  -0.385  1.879  -0.386  -0.385  -0.277
  650400.460  4765003.600  918.440  3.000  0.200  0.050  29.000  6.400  0.000  30.000  0.000  0.000  0.000  70.000  0.000  0.000  0.000  0.000  30000.000  -0.794  0.085  -0.149  -1.886  -0.694  0.006  -0.449  -0.401  -0.454  0.303  -0.384  -0.402  -0.385  -0.384  -0.276
  650759.320  4765731.830  455.380  3.000  0.720  0.210  54.300  81.400  0.000  55.000  0.000  0.000  0.000  45.000  0.000  0.000  0.000  0.000  35000.000  0.149  1.283  0.376  0.516  -0.693  0.714  -0.448  -0.400  -0.453  -0.344  -0.383  -0.401  -0.384  -0.383  0.161
  650316.960  4764999.000  1112.030  3.000  0.020  0.000  3.170  19.700  0.000  0.000  0.000  0.000  0.000  100.000  0.000  0.000  0.000  0.000  5000.000  -1.872  -1.793  -2.102  -1.262  -0.691  -1.453  -0.447  -0.399  -0.452  1.676  -0.382  -0.400  -0.383  -0.382  -1.950
  651423.080  4766138.560  473.340  3.000  0.730  0.040  58.000  50.000  0.000  60.000  0.000  0.000  0.000  40.000  0.000  0.000  0.000  0.000  40000.000  0.171  -0.113  0.425  -0.392  -0.690  0.791  -0.446  -0.398  -0.451  -0.485  -0.381  -0.399  -0.382  -0.381  0.425
  651313.990  4765291.470  529.670  3.000  2.990  0.230  105.000  50.000  40.000  50.000  0.000  0.000  0.000  10.000  0.000  0.000  0.000  0.000  30000.000  1.993  1.360  0.986  -0.391  1.432  0.558  -0.445  -0.397  -0.449  -1.226  -0.380  -0.398  -0.381  -0.380  -0.275
  651531.200  4766603.860  304.090  3.000  0.540  0.120  215.000  50.000  0.000  50.000  0.000  0.000  0.000  50.000  0.000  0.000  0.000  0.000  30000.000  -0.148  0.859  1.858  -0.390  -0.689  0.559  -0.444  -0.396  -0.448  -0.252  -0.379  -0.397  -0.380  -0.379  -0.274
  650077.100  4764993.040  1107.460  3.000  1.190  0.420  5.670  12.100  0.000  40.000  0.000  0.000  0.000  57.000  0.000  3.000  0.000  0.000  60000.000  0.787  1.909  -1.225  -1.484  -0.688  0.291  -0.443  -0.395  -0.447  -0.110  -0.378  2.120  -0.379  -0.378  1.362
  650399.780  4765003.610  914.490  3.000  0.140  0.060  13.800  26.600  0.000  25.000  0.000  0.000  0.000  75.000  0.000  0.000  0.000  0.000  30000.000  -0.970  0.283  -0.756  -1.100  -0.687  -0.124  -0.442  -0.394  -0.446  0.466  -0.377  -0.396  -0.378  -0.377  -0.273
  650739.600  4765103.660  1011.100  3.000  0.710  0.070  54.720  11.110  0.000  20.000  0.000  0.000  0.000  80.000  0.000  0.000  0.000  0.000  70000.000  0.136  0.426  0.379  -1.520  -0.685  -0.317  -0.441  -0.393  -0.445  0.597  -0.376  -0.395  -0.377  -0.376  1.676
  650472.270  4764921.740  1110.430  3.000  2.090  0.800  28.450  130.500  10.000  30.000  30.000  0.000  0.000  30.000  0.000  0.000  0.000  0.000  70000.000  1.574  2.367  -0.164  0.728  0.775  0.007  2.481  -0.392  -0.444  -0.736  -0.375  -0.394  -0.376  -0.375  1.679
  650687.120  4765150.130  1040.790  3.000  0.900  0.080  112.250  10.950  0.000  40.000  0.000  0.000  0.000  60.000  0.000  0.000  0.000  0.000  80000.000  0.420  0.544  1.079  -1.534  -0.684  0.292  -0.440  -0.391  -0.443  -0.015  -0.374  -0.393  -0.375  -0.374  1.863
  650867.030  4764838.610  1058.570  3.000  0.030  0.000  10.690  108.250  0.000  0.000  0.000  0.000  0.000  100.000  0.000  0.000  0.000  0.000  25000.000  -1.711  -1.788  -0.936  0.578  -0.683  -1.451  -0.439  -0.390  -0.442  1.679  -0.373  -0.392  -0.374  -0.373  -0.573
  650196.150  4764950.570  1059.020  3.000  0.150  0.050  -99.000  -99.000  0.000  20.000  0.000  0.000  0.000  80.000  0.000  0.000  0.000  0.000  30000.000  -0.932  0.086  -99.000  -99.000  -0.682  -0.316  -0.438  -0.389  -0.441  0.598  -0.372  -0.391  -0.373  -0.372  -0.272
  650749.940  4765733.240  477.420  3.000  -99.000  -99.000  -99.000  -99.000  0.000  40.000  0.000  0.000  0.000  60.000  0.000  0.000  0.000  0.000  15000.000  -99.000  -99.000  -99.000  -99.000  -0.681  0.293  -0.437  -0.388  -0.440  -0.014  -0.371  -0.390  -0.372  -0.371  -1.134
  650675.300  4764899.080  937.190  3.000  0.060  0.010  6.560  8.030  0.000  20.000  0.000  0.000  0.000  80.000  0.000  0.000  0.000  0.000  70000.000  -1.393  -1.241  -1.171  -1.757  -0.679  -0.315  -0.436  -0.387  -0.439  0.599  -0.370  -0.389  -0.371  -0.370  1.683
  651142.130  4765677.610  -379.250  3.000  0.380  0.580  90.900  139.500  0.000  35.000  0.000  0.000  0.000  63.000  0.000  2.000  0.000  0.000  30000.000  -0.411  2.154  0.839  0.740  -0.678  0.167  -0.435  -0.386  -0.438  0.134  -0.369  1.885  -0.370  -0.369  -0.271
  651230.680  4766406.370  377.010  3.000  0.650  0.090  17.300  16.900  0.000  55.000  0.000  0.000  0.000  45.000  0.000  0.000  0.000  0.000  35000.000  0.035  0.637  -0.586  -1.336  -0.677  0.715  -0.434  -0.385  -0.437  -0.343  -0.368  -0.388  -0.369  -0.368  0.162
  650680.740  4765143.290  1060.710  3.000  0.160  0.020  12.690  6.860  0.000  20.000  0.000  0.000  0.000  80.000  0.000  0.000  0.000  0.000  70000.000  -0.889  -0.760  -0.820  -1.837  -0.676  -0.314  -0.433  -0.384  -0.436  0.600  -0.367  -0.387  -0.368  -0.367  1.687
  651277.390  4766565.110  148.450  3.000  -99.000  -99.000  -99.000  -99.000  0.000  70.000  0.000  0.000  0.000  30.000  0.000  0.000  0.000  0.000  10000.000  -99.000  -99.000  -99.000  -99.000  -0.675  1.136  -0.432  -0.383  -0.435  -0.735  -0.366  -0.386  -0.367  -0.366  -1.610
  651671.210  4766288.420  209.880  3.000  0.810  0.060  160.000  50.000  0.000  30.000  0.000  0.000  0.000  70.000  0.000  0.000  0.000  0.000  30000.000  0.301  0.284  1.454  -0.389  -0.674  0.007  -0.431  -0.382  -0.434  0.304  -0.365  -0.385  -0.366  -0.365  -0.270
  651415.130  4765698.380  637.880  3.000  2.050  0.080  20.000  50.000  0.000  70.000  0.000  0.000  0.000  30.000  0.000  0.000  0.000  0.000  40000.000  1.546  0.545  -0.480  -0.388  -0.672  1.138  -0.430  -0.381  -0.433  -0.734  -0.364  -0.384  -0.365  -0.364  0.426
  650711.220  4765739.290  569.420  3.000  1.090  0.050  42.800  6.500  3.000  30.000  0.000  0.000  0.000  67.000  0.000  0.000  0.000  0.000  45000.000  0.669  0.087  0.157  -1.867  0.628  0.008  -0.429  -0.380  -0.432  0.183  -0.363  -0.383  -0.364  -0.363  0.767
  650753.070  4765732.770  470.070  3.000  0.560  0.070  70.200  5.600  0.000  40.000  0.000  0.000  0.000  60.000  0.000  0.000  0.000  0.000  30000.000  -0.102  0.427  0.606  -1.968  -0.671  0.294  -0.428  -0.379  -0.431  -0.013  -0.362  -0.382  -0.363  -0.362  -0.269
  651553.630  4766092.730  576.060  3.000  1.260  0.100  96.000  50.000  0.000  80.000  0.000  0.000  0.000  20.000  0.000  0.000  0.000  0.000  50000.000  0.865  0.704  0.901  -0.387  -0.670  1.495  -0.427  -0.378  -0.430  -0.953  -0.361  -0.381  -0.362  -0.361  0.946
  651480.770  4766028.900  566.060  3.000  0.840  0.070  96.000  50.000  0.000  80.000  0.000  0.000  0.000  20.000  0.000  0.000  0.000  0.000  30000.000  0.335  0.429  0.902  -0.386  -0.669  1.498  -0.426  -0.377  -0.429  -0.952  -0.360  -0.380  -0.361  -0.360  -0.268
  651730.890  4766007.920  109.520  3.000  0.460  0.410  74.000  140.000  0.000  40.000  0.000  0.000  0.000  60.000  0.000  0.000  0.000  0.000  40000.000  -0.289  1.884  0.651  0.753  -0.668  0.295  -0.425  -0.376  -0.428  -0.012  -0.359  -0.379  -0.360  -0.359  0.427
  651175.350  4765928.170  636.210  3.000  0.080  0.000  150.000  50.000  0.000  40.000  0.000  0.000  0.000  60.000  0.000  0.000  0.000  0.000  10000.000  -1.262  -1.783  1.388  -0.384  -0.667  0.296  -0.424  -0.375  -0.427  -0.011  -0.358  -0.378  -0.359  -0.358  -1.607
  651229.030  4766407.160  -4.990  3.000  -99.000  -99.000  -99.000  -99.000  27.000  63.000  0.000  0.000  0.000  10.000  0.000  0.000  0.000  0.000  29000.000  -99.000  -99.000  -99.000  -99.000  1.132  1.008  -0.423  -0.374  -0.426  -1.224  -0.357  -0.377  -0.358  -0.357  -0.505
  650621.400  4765000.530  874.610  3.000  0.350  0.160  48.100  62.400  0.000  30.000  0.000  0.000  0.000  67.000  0.000  3.000  0.000  0.000  30000.000  -0.469  1.072  0.272  0.475  -0.665  0.009  -0.422  -0.373  -0.425  0.184  -0.356  2.129  -0.357  -0.356  -0.267
  651817.610  4766442.760  234.770  3.000  0.390  0.300  61.000  50.000  0.000  20.000  0.000  0.000  0.000  80.000  0.000  0.000  0.000  0.000  40000.000  -0.392  1.567  0.476  -0.383  -0.664  -0.313  -0.421  -0.372  -0.424  0.601  -0.355  -0.376  -0.356  -0.355  0.428
  650534.510  4765000.500  1099.210  3.000  0.240  0.020  -99.000  -99.000  0.000  8.000  0.000  0.000  0.000  92.000  0.000  0.000  0.000  0.000  40000.000  -0.680  -0.759  -99.000  -99.000  -0.663  -0.800  -0.420  -0.371  -0.423  1.220  -0.354  -0.375  -0.355  -0.354  0.429
  650869.930  4764799.760  965.780  3.000  0.040  0.000  8.650  68.000  0.000  40.000  0.000  0.000  0.000  60.000  0.000  0.000  0.000  0.000  30000.000  -1.593  -1.778  -1.064  0.488  -0.662  0.297  -0.419  -0.370  -0.422  -0.010  -0.353  -0.374  -0.354  -0.353  -0.266
  650640.460  4765471.710  238.240  3.000  0.240  0.030  57.300  4.700  0.000  17.000  0.000  0.000  0.000  83.000  0.000  0.000  0.000  0.000  30000.000  -0.679  -0.379  0.419  -2.084  -0.661  -0.422  -0.418  -0.369  -0.421  0.807  -0.352  -0.373  -0.353  -0.352  -0.265
  650921.190  4765065.280  729.450  3.000  0.020  0.020  5.000  -99.000  0.000  0.000  0.000  0.000  0.000  100.000  0.000  0.000  0.000  0.000  50000.000  -1.866  -0.757  -1.504  -99.000  -0.660  -1.448  -0.417  -0.368  -0.420  1.683  -0.351  -0.372  -0.352  -0.351  0.947
  651219.170  4765720.180  557.250  3.000  0.200  0.040  180.000  50.000  0.000  20.000  0.000  0.000  0.000  80.000  0.000  0.000  0.000  0.000  30000.000  -0.793  -0.112  1.606  -0.382  -0.658  -0.312  -0.416  -0.367  -0.419  0.602  -0.350  -0.371  -0.351  -0.350  -0.264
  650394.360  4765003.720  882.960  3.000  0.130  0.220  10.050  34.300  0.000  40.000  0.000  0.000  0.000  60.000  0.000  0.000  0.000  0.000  15000.000  -1.011  1.324  -0.960  -1.031  -0.657  0.298  -0.415  -0.366  -0.418  -0.009  -0.349  -0.370  -0.350  -0.349  -1.132
  650687.640  4764885.350  1053.690  3.000  0.350  0.040  19.000  7.750  0.000  22.500  0.000  0.000  0.000  77.500  0.000  0.000  0.000  0.000  85000.000  -0.468  -0.111  -0.511  -1.777  -0.656  -0.141  -0.413  -0.365  -0.417  0.502  -0.348  -0.369  -0.349  -0.348  1.943
  650509.560  4765034.280  1003.230  3.000  0.220  0.100  12.190  108.500  0.000  7.000  0.000  0.000  0.000  93.000  0.000  0.000  0.000  0.000  60000.000  -0.725  0.705  -0.838  0.579  -0.655  -0.808  -0.412  -0.364  -0.416  1.230  -0.347  -0.368  -0.348  -0.347  1.365
  651176.420  4765932.050  631.760  3.000  0.180  0.030  130.000  50.000  0.000  30.000  0.000  0.000  0.000  70.000  0.000  0.000  0.000  0.000  10000.000  -0.835  -0.378  1.227  -0.381  -0.654  0.010  -0.411  -0.363  -0.415  0.304  -0.346  -0.367  -0.347  -0.346  -1.604
  650685.350  4764924.360  1053.790  3.000  0.620  0.020  16.950  292.000  0.000  28.000  0.000  0.000  0.000  70.000  0.000  2.000  0.000  0.000  50000.000  -0.019  -0.756  -0.616  1.130  -0.653  -0.081  -0.410  -0.362  -0.413  0.305  -0.345  1.890  -0.346  -0.345  0.949
  651468.920  4766787.730  131.280  3.000  -99.000  -99.000  -99.000  -99.000  0.000  40.000  0.000  0.000  0.000  60.000  0.000  0.000  0.000  0.000  30000.000  -99.000  -99.000  -99.000  -99.000  -0.651  0.299  -0.409  -0.361  -0.412  -0.008  -0.344  -0.366  -0.345  -0.344  -0.264
  650794.130  4765728.910  368.150  3.000  0.340  0.060  53.900  3.600  0.000  30.000  0.000  0.000  0.000  70.000  0.000  0.000  0.000  0.000  15000.000  -0.489  0.285  0.357  -2.280  -0.650  0.011  -0.408  -0.360  -0.411  0.306  -0.343  -0.365  -0.344  -0.343  -1.130
  650085.650  4765048.120  1054.480  3.000  0.200  0.670  -99.000  -99.000  0.000  12.000  0.000  0.000  0.000  85.000  0.000  3.000  0.000  0.000  30000.000  -0.791  2.261  -99.000  -99.000  -0.649  -0.483  -0.407  -0.359  -0.410  0.838  -0.342  2.138  -0.343  -0.342  -0.263
  651750.000  4766186.310  291.850  3.000  0.390  0.080  18.000  430.000  0.000  10.000  0.000  0.000  0.000  90.000  0.000  0.000  0.000  0.000  50000.000  -0.390  0.546  -0.566  1.286  -0.648  -0.690  -0.406  -0.358  -0.409  0.981  -0.341  -0.364  -0.342  -0.341  0.950
  650472.850  4764918.610  1008.480  3.000  0.090  0.350  9.220  80.700  0.000  10.000  0.000  0.000  0.000  90.000  0.000  0.000  0.000  0.000  40000.000  -1.191  1.758  -1.038  0.512  -0.647  -0.689  -0.405  -0.357  -0.408  0.983  -0.340  -0.363  -0.341  -0.340  0.430
  651534.550  4766459.090  376.820  3.000  1.160  0.140  315.000  50.000  10.000  80.000  0.000  0.000  0.000  10.000  0.000  0.000  0.000  0.000  30000.000  0.753  0.990  2.302  -0.380  0.776  1.501  -0.404  -0.356  -0.407  -1.222  -0.339  -0.362  -0.340  -0.339  -0.262
  651228.980  4766406.860  -66.990  3.000  -99.000  -99.000  -99.000  -99.000  0.000  60.000  0.000  0.000  0.000  40.000  0.000  0.000  0.000  0.000  5000.000  -99.000  -99.000  -99.000  -99.000  -0.646  0.793  -0.403  -0.355  -0.406  -0.484  -0.338  -0.361  -0.339  -0.338  -1.943
  650945.820  4765925.170  512.800  3.000  0.690  0.120  25.000  50.000  0.000  40.000  0.000  0.000  0.000  60.000  0.000  0.000  0.000  0.000  40000.000  0.102  0.860  -0.280  -0.379  -0.644  0.300  -0.402  -0.354  -0.405  -0.007  -0.337  -0.360  -0.338  -0.337  0.431
  651624.300  4766646.930  369.350  3.000  2.120  0.200  51.000  50.000  0.000  100.000  0.000  0.000  0.000  0.000  0.000  0.000  0.000  0.000  40000.000  1.589  1.250  0.311  -0.377  -0.643  2.302  -0.401  -0.353  -0.404  -1.853  -0.336  -0.359  -0.337  -0.336  0.432
  651810.160  4766232.730  407.250  3.000  0.860  0.100  52.000  50.000  0.000  30.000  0.000  0.000  0.000  70.000  0.000  0.000  0.000  0.000  40000.000  0.359  0.707  0.331  -0.376  -0.642  0.012  -0.400  -0.352  -0.403  0.307  -0.335  -0.358  -0.336  -0.335  0.433
  651490.270  4766040.680  536.910  3.000  0.970  0.030  140.000  50.000  20.000  30.000  0.000  0.000  0.000  50.000  0.000  0.000  0.000  0.000  30000.000  0.505  -0.377  1.295  -0.375  1.019  0.013  -0.399  -0.351  -0.402  -0.251  -0.334  -0.357  -0.335  -0.334  -0.261
  650334.880  4764877.920  1009.850  3.000  0.130  0.050  4.790  18.000  0.000  25.000  0.000  0.000  0.000  75.000  0.000  0.000  0.000  0.000  30000.000  -1.009  0.088  -1.807  -1.316  -0.641  -0.123  -0.398  -0.350  -0.401  0.467  -0.333  -0.356  -0.334  -0.333  -0.260
  651042.590  4765676.520  524.660  3.000  0.740  0.150  70.000  50.000  0.000  30.000  0.000  0.000  0.000  70.000  0.000  0.000  0.000  0.000  40000.000  0.185  1.023  0.595  -0.374  -0.640  0.014  -0.397  -0.349  -0.400  0.308  -0.332  -0.355  -0.333  -0.332  0.434
  650661.200  4765747.210  689.150  3.000  -99.000  -99.000  -99.000  -99.000  0.000  25.000  0.000  0.000  0.000  75.000  0.000  0.000  0.000  0.000  30000.000  -99.000  -99.000  -99.000  -99.000  -0.639  -0.122  -0.396  -0.348  -0.399  0.468  -0.331  -0.354  -0.332  -0.331  -0.259
  650165.240  4765049.860  976.050  3.000  0.100  0.120  13.200  30.400  0.000  30.000  0.000  0.000  0.000  70.000  0.000  0.000  0.000  0.000  35000.000  -1.118  0.862  -0.781  -1.070  -0.638  0.015  -0.395  -0.347  -0.398  0.309  -0.330  -0.353  -0.331  -0.330  0.163
  651474.760  4766750.900  60.060  3.000  0.680  0.060  225.000  50.000  0.000  60.000  0.000  0.000  0.000  40.000  0.000  0.000  0.000  0.000  30000.000  0.085  0.286  1.876  -0.373  -0.636  0.794  -0.394  -0.346  -0.397  -0.483  -0.329  -0.352  -0.330  -0.329  -0.258
  651498.700  4766074.840  510.490  3.000  0.740  0.040  140.000  50.000  0.000  75.000  0.000  0.000  0.000  25.000  0.000  0.000  0.000  0.000  30000.000  0.186  -0.110  1.297  -0.372  -0.635  1.370  -0.393  -0.345  -0.396  -0.822  -0.328  -0.351  -0.329  -0.328  -0.257
  650761.270  4764888.580  1019.460  3.000  0.150  0.090  5.860  425.000  0.000  20.000  0.000  0.000  0.000  80.000  0.000  0.000  0.000  0.000  60000.000  -0.931  0.639  -1.210  1.276  -0.634  -0.311  -0.392  -0.344  -0.395  0.604  -0.327  -0.350  -0.328  -0.327  1.367
  651430.070  4766149.440  462.320  3.000  1.470  0.050  275.000  50.000  0.000  100.000  0.000  0.000  0.000  0.000  0.000  0.000  0.000  0.000  40000.000  1.110  0.089  2.142  -0.371  -0.633  2.316  -0.391  -0.343  -0.394  -1.848  -0.326  -0.349  -0.327  -0.326  0.435
  651463.130  4765672.280  592.770  3.000  2.430  0.080  11.000  50.000  0.000  60.000  0.000  0.000  0.000  40.000  0.000  0.000  0.000  0.000  50000.000  1.758  0.548  -0.907  -0.369  -0.632  0.795  -0.390  -0.342  -0.393  -0.482  -0.325  -0.348  -0.326  -0.325  0.952
  650921.170  4765064.340  731.210  3.000  0.020  0.020  5.000  -99.000  0.000  0.000  0.000  0.000  0.000  100.000  0.000  0.000  0.000  0.000  50000.000  -1.860  -0.754  -1.501  -99.000  -0.631  -1.445  -0.389  -0.341  -0.392  1.687  -0.324  -0.347  -0.325  -0.324  0.953
  651004.870  4765711.760  697.090  3.000  0.760  0.170  15.000  50.000  0.000  60.000  0.000  0.000  0.000  40.000  0.000  0.000  0.000  0.000  30000.000  0.209  1.113  -0.690  -0.368  -0.630  0.796  -0.388  -0.340  -0.391  -0.481  -0.323  -0.346  -0.324  -0.323  -0.256
  651163.330  4765882.770  690.770  3.000  0.840  0.050  195.000  50.000  0.000  70.000  0.000  0.000  0.000  30.000  0.000  0.000  0.000  0.000  20000.000  0.336  0.090  1.709  -0.367  -0.628  1.139  -0.387  -0.339  -0.390  -0.732  -0.322  -0.345  -0.323  -0.322  -0.904
  650522.660  4764950.540  949.660  3.000  0.110  0.140  4.750  125.000  0.000  17.000  0.000  0.000  0.000  80.000  0.000  3.000  0.000  0.000  30000.000  -1.081  0.992  -1.813  0.692  -0.627  -0.421  -0.386  -0.338  -0.389  0.605  -0.321  2.147  -0.322  -0.321  -0.255
  651168.140  4764772.780  968.360  3.000  0.910  0.040  165.500  678.500  0.000  20.000  0.000  0.000  0.000  80.000  0.000  0.000  0.000  0.000  70000.000  0.437  -0.109  1.530  1.537  -0.626  -0.310  -0.385  -0.337  -0.388  0.606  -0.320  -0.344  -0.321  -0.320  1.691
  651238.640  4766862.010  68.510  3.000  1.120  0.120  83.000  50.000  10.000  50.000  0.000  0.000  0.000  40.000  0.000  0.000  0.000  0.000  30000.000  0.699  0.863  0.746  -0.366  0.777  0.560  -0.384  -0.336  -0.387  -0.480  -0.319  -0.343  -0.320  -0.319  -0.254
  650624.420  4765098.750  1113.220  3.000  0.030  0.010  3.370  23.400  0.000  0.000  0.000  0.000  0.000  100.000  0.000  0.000  0.000  0.000  50000.000  -1.706  -1.239  -2.083  -1.183  -0.625  -1.443  -0.383  -0.335  -0.386  1.691  -0.318  -0.342  -0.319  -0.318  0.955
  651587.910  4766689.900  5.260  3.000  0.720  0.110  69.000  50.000  0.000  50.000  0.000  0.000  0.000  50.000  0.000  0.000  0.000  0.000  30000.000  0.150  0.773  0.582  -0.365  -0.624  0.561  -0.382  -0.334  -0.385  -0.250  -0.317  -0.341  -0.318  -0.317  -0.253
  651053.730  4765665.810  470.840  3.000  0.730  0.130  50.000  50.000  0.000  40.000  0.000  0.000  0.000  60.000  0.000  0.000  0.000  0.000  30000.000  0.172  0.943  0.296  -0.364  -0.623  0.301  -0.381  -0.333  -0.384  -0.007  -0.316  -0.340  -0.317  -0.316  -0.252
  651325.300  4766199.000  570.470  3.000  0.190  0.050  41.000  50.000  0.000  10.000  0.000  0.000  0.000  90.000  0.000  0.000  0.000  0.000  20000.000  -0.809  0.091  0.122  -0.363  -0.622  -0.688  -0.380  -0.332  -0.383  0.985  -0.315  -0.339  -0.316  -0.315  -0.903
  651011.760  4765711.560  -136.410  3.000  0.130  0.090  45.300  21.800  0.000  10.000  0.000  0.000  0.000  90.000  0.000  0.000  0.000  0.000  30000.000  -1.007  0.640  0.218  -1.207  -0.620  -0.687  -0.379  -0.331  -0.382  0.986  -0.314  -0.338  -0.315  -0.314  -0.251
  651884.650  4766336.430  252.690  3.000  0.670  0.120  5.000  50.000  0.000  50.000  0.000  0.000  0.000  50.000  0.000  0.000  0.000  0.000  40000.000  0.071  0.865  -1.497  -0.361  -0.619  0.562  -0.378  -0.330  -0.381  -0.249  -0.313  -0.337  -0.314  -0.313  0.436
  651533.650  4766459.850  375.210  3.000  1.490  0.140  130.000  50.000  10.000  80.000  0.000  0.000  0.000  10.000  0.000  0.000  0.000  0.000  20000.000  1.139  0.993  1.230  -0.360  0.779  1.503  -0.377  -0.329  -0.380  -1.220  -0.312  -0.336  -0.313  -0.312  -0.901
  651234.550  4766241.730  664.380  3.000  0.050  0.030  5.000  50.000  0.000  0.000  0.000  0.000  0.000  0.000  0.000  0.000  0.000  0.000  0.000  -1.477  -0.375  -1.494  -0.359  -0.618  -1.440  -0.376  -0.328  -0.379  -1.842  -0.311  -0.335  -0.312  -0.311  -2.443
  651030.060  4765688.620  584.160  3.000  0.840  0.070  25.000  140.000  0.000  50.000  0.000  0.000  0.000  50.000  0.000  0.000  0.000  0.000  20000.000  0.337  0.430  -0.279  0.755  -0.617  0.564  -0.375  -0.327  -0.378  -0.248  -0.310  -0.334  -0.311  -0.310  -0.900
  651674.130  4766285.670  219.040  3.000  1.300  0.050  98.000  50.000  0.000  40.000  0.000  0.000  0.000  60.000  0.000  0.000  0.000  0.000  50000.000  0.916  0.092  0.918  -0.358  -0.616  0.302  -0.374  -0.326  -0.377  -0.006  -0.309  -0.333  -0.310  -0.309  0.956
  650207.190  4765097.800  981.990  3.000  0.240  0.330  94.000  101.000  0.000  35.000  0.000  0.000  0.000  65.000  0.000  0.000  0.000  0.000  25000.000  -0.678  1.676  0.882  0.571  -0.615  0.168  -0.373  -0.325  -0.376  0.150  -0.308  -0.332  -0.309  -0.308  -0.572
  650792.810  4766136.340  853.420  3.000  0.320  0.040  21.000  50.000  0.000  20.000  0.000  0.000  0.000  80.000  0.000  0.000  0.000  0.000  30000.000  -0.520  -0.108  -0.434  -0.357  -0.614  -0.309  -0.372  -0.324  -0.375  0.607  -0.307  -0.331  -0.308  -0.307  -0.250
  651678.800  4766297.780  389.760  3.000  1.540  0.220  23.000  2710.000  0.000  70.000  0.000  0.000  0.000  30.000  0.000  0.000  0.000  0.000  40000.000  1.174  1.327  -0.370  2.685  -0.613  1.141  -0.371  -0.323  -0.374  -0.731  -0.306  -0.330  -0.307  -0.306  0.437
  651562.840  4765736.270  405.320  3.000  1.300  0.310  42.000  150.000  30.000  40.000  0.000  0.000  0.000  30.000  0.000  0.000  0.000  0.000  20000.000  0.918  1.592  0.144  0.797  1.232  0.303  -0.370  -0.322  -0.373  -0.730  -0.305  -0.329  -0.306  -0.305  -0.898
  651176.950  4765664.720  -433.810  3.000  0.450  0.050  22.800  54.800  0.000  35.000  0.000  0.000  0.000  65.000  0.000  0.000  0.000  0.000  25000.000  -0.307  0.093  -0.379  0.456  -0.611  0.169  -0.369  -0.321  -0.372  0.150  -0.304  -0.328  -0.305  -0.304  -0.571
  650517.840  4765001.960  885.870  3.000  0.060  0.020  4.090  30.200  0.000  5.000  0.000  0.000  0.000  95.000  0.000  0.000  0.000  0.000  20000.000  -1.390  -0.753  -1.934  -1.071  -0.610  -0.860  -0.368  -0.320  -0.371  1.365  -0.304  -0.327  -0.304  -0.304  -0.897
  651467.730  4766176.730  554.260  3.000  0.670  0.030  24.000  50.000  0.000  80.000  0.000  0.000  0.000  20.000  0.000  0.000  0.000  0.000  45000.000  0.072  -0.374  -0.323  -0.356  -0.609  1.506  -0.367  -0.319  -0.370  -0.950  -0.303  -0.326  -0.304  -0.303  0.768
  651578.370  4766099.630  373.360  3.000  0.490  0.560  53.000  430.000  0.000  30.000  0.000  0.000  0.000  70.000  0.000  0.000  0.000  0.000  30000.000  -0.240  2.143  0.347  1.288  -0.608  0.016  -0.366  -0.318  -0.369  0.310  -0.302  -0.325  -0.303  -0.302  -0.249
  651334.060  4766665.710  129.240  3.000  -99.000  -99.000  -99.000  -99.000  0.000  35.000  0.000  0.000  0.000  65.000  0.000  0.000  0.000  0.000  20000.000  -99.000  -99.000  -99.000  -99.000  -0.607  0.169  -0.365  -0.317  -0.368  0.151  -0.301  -0.324  -0.302  -0.301  -0.896
  650988.180  4765958.180  647.870  3.000  0.940  0.160  125.000  50.000  20.000  70.000  0.000  0.000  0.000  10.000  0.000  0.000  0.000  0.000  30000.000  0.474  1.074  1.176  -0.355  1.020  1.143  -0.364  -0.316  -0.367  -1.218  -0.300  -0.323  -0.301  -0.300  -0.248
  650736.670  4765735.240  508.660  3.000  0.500  0.080  155.000  4.100  0.000  40.000  0.000  0.000  0.000  57.000  0.000  3.000  0.000  0.000  20000.000  -0.216  0.549  1.421  -2.189  -0.606  0.304  -0.363  -0.315  -0.366  -0.109  -0.299  2.157  -0.300  -0.299  -0.894
  651282.530  4766523.130  -174.320  3.000  -99.000  -99.000  -99.000  -99.000  0.000  80.000  0.000  0.000  0.000  20.000  0.000  0.000  0.000  0.000  15000.000  -99.000  -99.000  -99.000  -99.000  -0.605  1.509  -0.362  -0.314  -0.365  -0.949  -0.298  -0.322  -0.299  -0.298  -1.129
  651376.710  4766670.820  94.460  3.000  -99.000  -99.000  -99.000  -99.000  0.000  90.000  0.000  0.000  0.000  10.000  0.000  0.000  0.000  0.000  15000.000  -99.000  -99.000  -99.000  -99.000  -0.604  1.789  -0.361  -0.313  -0.364  -1.216  -0.297  -0.321  -0.298  -0.297  -1.127
  651391.820  4766111.840  416.690  3.000  0.350  0.120  125.000  50.000  0.000  90.000  0.000  0.000  0.000  10.000  0.000  0.000  0.000  0.000  10000.000  -0.467  0.866  1.178  -0.353  -0.602  1.793  -0.360  -0.312  -0.363  -1.214  -0.296  -0.320  -0.297  -0.296  -1.600
  651818.160  4766441.920  276.760  3.000  0.690  0.150  39.000  50.000  0.000  30.000  0.000  0.000  0.000  70.000  0.000  0.000  0.000  0.000  30000.000  0.103  1.025  0.093  -0.352  -0.601  0.017  -0.359  -0.311  -0.362  0.311  -0.295  -0.319  -0.296  -0.295  -0.247
  651743.970  4766190.580  306.040  3.000  0.910  0.240  36.000  200.000  0.000  54.000  0.000  0.000  0.000  46.000  0.000  0.000  0.000  0.000  29000.000  0.438  1.395  0.015  0.945  -0.600  0.704  -0.358  -0.310  -0.361  -0.337  -0.294  -0.318  -0.295  -0.294  -0.504
  651581.560  4766180.640  636.860  3.000  1.200  0.050  27.000  50.000  0.000  40.000  0.000  0.000  0.000  60.000  0.000  0.000  0.000  0.000  60000.000  0.796  0.094  -0.201  -0.351  -0.599  0.304  -0.357  -0.309  -0.360  -0.005  -0.293  -0.317  -0.294  -0.293  1.370
  650683.840  4764925.230  1057.390  3.000  0.120  0.020  6.300  140.000  0.000  20.000  0.000  0.000  0.000  78.000  0.000  2.000  0.000  0.000  45000.000  -1.041  -0.752  -1.180  0.756  -0.598  -0.308  -0.356  -0.308  -0.359  0.503  -0.292  1.896  -0.293  -0.292  0.770
  651522.320  4766722.210  120.370  3.000  1.060  0.120  140.000  50.000  0.000  60.000  0.000  0.000  0.000  40.000  0.000  0.000  0.000  0.000  30000.000  0.630  0.868  1.300  -0.350  -0.597  0.798  -0.355  -0.307  -0.358  -0.479  -0.291  -0.316  -0.292  -0.291  -0.246
  651230.630  4766406.830  163.010  3.000  0.370  0.000  25.000  7.000  0.000  30.000  0.000  0.000  0.000  70.000  0.000  0.000  0.000  0.000  30000.000  -0.422  -1.773  -0.278  -1.826  -0.596  0.018  -0.354  -0.306  -0.357  0.312  -0.290  -0.315  -0.291  -0.290  -0.245
  651388.600  4765319.840  583.940  3.000  0.710  0.010  205.000  50.000  0.000  70.000  0.000  0.000  0.000  30.000  0.000  0.000  0.000  0.000  30000.000  0.137  -1.236  1.791  -0.349  -0.595  1.145  -0.353  -0.305  -0.356  -0.729  -0.289  -0.314  -0.290  -0.289  -0.244
  650924.070  4764939.580  975.120  3.000  0.110  0.010  23.000  -99.000  0.000  0.000  0.000  0.000  0.000  100.000  0.000  0.000  0.000  0.000  50000.000  -1.079  -1.234  -0.368  -99.000  -0.593  -1.437  -0.352  -0.304  -0.355  1.695  -0.288  -0.313  -0.289  -0.288  0.957
  650934.110  4765931.540  560.990  3.000  0.620  0.080  27.000  50.000  0.000  60.000  0.000  0.000  0.000  40.000  0.000  0.000  0.000  0.000  40000.000  -0.018  0.550  -0.200  -0.348  -0.592  0.799  -0.351  -0.304  -0.354  -0.478  -0.287  -0.312  -0.288  -0.287  0.438
  650082.610  4765048.200  1018.610  3.000  0.140  0.420  5.590  261.000  0.000  15.000  0.000  0.000  0.000  85.000  0.000  0.000  0.000  0.000  25000.000  -0.968  1.915  -1.230  1.070  -0.591  -0.460  -0.350  -0.303  -0.353  0.840  -0.286  -0.311  -0.287  -0.286  -0.570
  650921.090  4765059.640  740.040  3.000  0.010  0.010  5.000  -99.000  0.000  15.000  0.000  0.000  0.000  85.000  0.000  0.000  0.000  0.000  50000.000  -2.235  -1.232  -1.491  -99.000  -0.590  -0.459  -0.349  -0.302  -0.352  0.841  -0.285  -0.310  -0.286  -0.285  0.959
  651195.240  4765927.190  455.180  3.000  0.350  0.150  30.000  50.000  0.000  20.000  0.000  0.000  0.000  80.000  0.000  0.000  0.000  0.000  30000.000  -0.466  1.026  -0.117  -0.347  -0.589  -0.307  -0.348  -0.301  -0.351  0.608  -0.284  -0.309  -0.285  -0.284  -0.243
  650522.380  4764950.550  945.670  3.000  0.210  0.100  31.400  79.900  0.000  22.000  0.000  0.000  0.000  75.000  0.000  3.000  0.000  0.000  25000.000  -0.752  0.708  -0.081  0.510  -0.588  -0.142  -0.347  -0.300  -0.350  0.469  -0.283  2.166  -0.284  -0.283  -0.569
  650918.010  4765939.680  626.550  3.000  0.980  0.430  22.000  50.000  0.000  40.000  0.000  0.000  0.000  60.000  0.000  0.000  0.000  0.000  40000.000  0.521  1.949  -0.405  -0.346  -0.587  0.305  -0.346  -0.299  -0.349  -0.004  -0.282  -0.308  -0.283  -0.282  0.439
  651494.790  4766059.240  522.370  3.000  0.840  0.020  78.000  50.000  0.000  90.000  0.000  0.000  0.000  10.000  0.000  0.000  0.000  0.000  30000.000  0.338  -0.750  0.697  -0.344  -0.586  1.798  -0.345  -0.298  -0.348  -1.212  -0.281  -0.307  -0.282  -0.281  -0.242
  650073.010  4764993.070  1083.810  3.000  0.100  0.050  4.900  18.000  0.000  30.000  0.000  0.000  0.000  70.000  0.000  0.000  0.000  0.000  10000.000  -1.116  0.095  -1.797  -1.313  -0.585  0.019  -0.344  -0.297  -0.347  0.313  -0.280  -0.306  -0.281  -0.280  -1.597
  651735.300  4766001.360  134.280  3.000  0.760  0.530  185.000  200.000  0.000  50.000  0.000  0.000  0.000  50.000  0.000  0.000  0.000  0.000  40000.000  0.210  2.123  1.641  0.947  -0.583  0.565  -0.343  -0.296  -0.346  -0.247  -0.279  -0.305  -0.280  -0.279  0.440
  651002.390  4765713.030  -116.560  3.000  0.090  0.060  9.070  48.500  0.000  10.000  0.000  0.000  0.000  90.000  0.000  0.000  0.000  0.000  20000.000  -1.189  0.287  -1.047  -0.976  -0.582  -0.685  -0.342  -0.295  -0.345  0.988  -0.278  -0.304  -0.279  -0.278  -0.893
  650832.510  4766110.490  711.100  3.000  0.060  0.110  5.000  50.000  0.000  10.000  0.000  0.000  0.000  90.000  0.000  0.000  0.000  0.000  30000.000  -1.387  0.774  -1.488  -0.343  -0.581  -0.684  -0.341  -0.294  -0.344  0.989  -0.277  -0.304  -0.278  -0.277  -0.241
  651526.890  4766718.710  -84.120  3.000  0.660  0.230  43.000  50.000  20.000  80.000  0.000  0.000  0.000  0.000  0.000  0.000  0.000  0.000  30000.000  0.050  1.363  0.167  -0.342  1.022  1.512  -0.340  -0.293  -0.343  -1.837  -0.276  -0.303  -0.277  -0.276  -0.240
  650260.020  4765049.520  966.550  3.000  0.280  0.120  30.500  70.700  0.000  10.000  0.000  0.000  0.000  90.000  0.000  0.000  0.000  0.000  15000.000  -0.596  0.869  -0.101  0.496  -0.580  -0.683  -0.339  -0.292  -0.342  0.991  -0.275  -0.302  -0.276  -0.275  -1.125
  651286.620  4765688.850  393.690  3.000  0.210  0.030  12.000  50.000  0.000  10.000  0.000  0.000  0.000  90.000  0.000  0.000  0.000  0.000  20000.000  -0.751  -0.373  -0.859  -0.341  -0.579  -0.682  -0.338  -0.291  -0.341  0.992  -0.274  -0.301  -0.275  -0.274  -0.891
  650725.500  4765089.440  1059.090  3.000  0.010  0.010  35.800  7.340  0.000  10.000  0.000  0.000  0.000  90.000  0.000  0.000  0.000  0.000  10000.000  -2.222  -1.230  0.007  -1.815  -0.578  -0.681  -0.337  -0.290  -0.340  0.994  -0.273  -0.300  -0.274  -0.273  -1.594
  650173.100  4765101.100  1084.150  3.000  0.090  0.050  38.000  14.900  0.000  40.000  0.000  0.000  0.000  60.000  0.000  0.000  0.000  0.000  5000.000  -1.187  0.096  0.065  -1.402  -0.577  0.306  -0.336  -0.289  -0.339  -0.003  -0.272  -0.299  -0.273  -0.272  -1.937
  650242.970  4765064.010  991.900  3.000  0.180  0.460  30.400  277.500  0.000  15.000  0.000  0.000  0.000  85.000  0.000  0.000  0.000  0.000  20000.000  -0.833  2.016  -0.103  1.091  -0.576  -0.458  -0.335  -0.288  -0.338  0.842  -0.271  -0.298  -0.272  -0.271  -0.890
  650536.720  4765469.150  649.300  3.000  0.240  0.040  55.000  15.200  0.000  10.000  0.000  0.000  0.000  90.000  0.000  0.000  0.000  0.000  50000.000  -0.676  -0.107  0.384  -1.382  -0.575  -0.679  -0.334  -0.287  -0.337  0.995  -0.270  -0.297  -0.271  -0.270  0.960
  650084.630  4765048.130  1042.530  3.000  0.200  0.400  14.400  188.500  0.000  23.000  0.000  0.000  0.000  75.000  0.000  2.000  0.000  0.000  30000.000  -0.790  1.872  -0.725  0.912  -0.573  -0.137  -0.333  -0.286  -0.336  0.470  -0.269  1.902  -0.270  -0.269  -0.239
  651202.410  4765923.370  464.010  3.000  0.900  0.180  125.000  50.000  0.000  40.000  0.000  0.000  0.000  60.000  0.000  0.000  0.000  0.000  40000.000  0.421  1.170  1.180  -0.340  -0.572  0.307  -0.332  -0.285  -0.335  -0.002  -0.268  -0.296  -0.269  -0.268  0.441
  651374.950  4766141.030  665.650  3.000  1.330  0.080  51.000  50.000  0.000  70.000  0.000  0.000  0.000  30.000  0.000  0.000  0.000  0.000  30000.000  0.953  0.551  0.312  -0.339  -0.571  1.146  -0.331  -0.284  -0.334  -0.728  -0.267  -0.295  -0.268  -0.267  -0.238
  651090.850  4765874.990  327.550  3.000  0.620  0.210  25.000  140.000  0.000  40.000  0.000  0.000  0.000  60.000  0.000  0.000  0.000  0.000  30000.000  -0.017  1.285  -0.277  0.757  -0.570  0.308  -0.330  -0.283  -0.333  -0.001  -0.266  -0.294  -0.267  -0.266  -0.237
  651506.740  4766106.340  487.190  3.000  0.960  0.790  180.000  270.000  0.000  70.000  0.000  0.000  0.000  30.000  0.000  0.000  0.000  0.000  30000.000  0.492  2.350  1.609  1.081  -0.569  1.148  -0.329  -0.282  -0.332  -0.726  -0.265  -0.293  -0.266  -0.265  -0.236
  651081.540  4765633.980  316.530  3.000  0.350  0.380  37.000  120.000  0.000  30.000  0.000  0.000  0.000  70.000  0.000  0.000  0.000  0.000  30000.000  -0.465  1.820  0.040  0.653  -0.568  0.020  -0.328  -0.281  -0.331  0.314  -0.264  -0.292  -0.265  -0.264  -0.235
  651501.270  4766487.250  317.030  3.000  0.170  0.040  57.000  50.000  0.000  30.000  0.000  0.000  0.000  70.000  0.000  0.000  0.000  0.000  20000.000  -0.866  -0.106  0.413  -0.338  -0.567  0.021  -0.327  -0.280  -0.330  0.315  -0.264  -0.291  -0.264  -0.264  -0.889
  650481.050  4764959.290  1014.660  3.000  0.040  0.070  51.800  60.800  0.000  20.000  0.000  0.000  0.000  80.000  0.000  0.000  0.000  0.000  35000.000  -1.589  0.431  0.323  0.469  -0.566  -0.306  -0.326  -0.279  -0.329  0.609  -0.263  -0.290  -0.264  -0.263  0.164
  651135.880  4765814.200  159.830  3.000  0.360  0.190  43.000  50.000  0.000  50.000  0.000  0.000  0.000  50.000  0.000  0.000  0.000  0.000  20000.000  -0.447  1.199  0.168  -0.336  -0.565  0.566  -0.325  -0.278  -0.328  -0.246  -0.262  -0.289  -0.263  -0.262  -0.887
  651609.730  4765805.990  654.020  3.000  0.010  0.010  125.000  50.000  0.000  0.000  0.000  0.000  0.000  0.000  0.000  0.000  0.000  0.000  0.000  -2.210  -1.227  1.182  -0.335  -0.564  -1.435  -0.324  -0.277  -0.327  -1.832  -0.261  -0.288  -0.262  -0.261  -2.425
  651452.200  4766731.820  295.200  3.000  -99.000  -99.000  -99.000  -99.000  0.000  70.000  0.000  0.000  0.000  30.000  0.000  0.000  0.000  0.000  30000.000  -99.000  -99.000  -99.000  -99.000  -0.562  1.150  -0.323  -0.276  -0.326  -0.725  -0.260  -0.287  -0.261  -0.260  -0.235
  650173.720  4765101.100  1088.110  3.000  0.140  0.210  47.900  19.700  0.000  15.000  0.000  0.000  0.000  85.000  0.000  0.000  0.000  0.000  15000.000  -0.967  1.287  0.254  -1.259  -0.561  -0.457  -0.322  -0.275  -0.325  0.844  -0.259  -0.286  -0.260  -0.259  -1.123
  651186.880  4765931.640  444.880  3.000  0.270  0.050  40.000  50.000  0.000  10.000  0.000  0.000  0.000  90.000  0.000  0.000  0.000  0.000  30000.000  -0.617  0.097  0.101  -0.334  -0.560  -0.678  -0.321  -0.274  -0.324  0.997  -0.258  -0.285  -0.259  -0.258  -0.234
  651467.320  4766516.300  255.560  3.000  0.050  0.010  92.000  50.000  0.000  60.000  0.000  0.000  0.000  40.000  0.000  0.000  0.000  0.000  30000.000  -1.474  -1.225  0.854  -0.333  -0.559  0.800  -0.320  -0.273  -0.323  -0.477  -0.257  -0.284  -0.258  -0.257  -0.233
  651059.700  4765659.540  440.030  3.000  0.600  0.110  130.000  50.000  0.000  30.000  0.000  0.000  0.000  70.000  0.000  0.000  0.000  0.000  30000.000  -0.046  0.775  1.232  -0.332  -0.558  0.022  -0.319  -0.272  -0.322  0.316  -0.256  -0.283  -0.257  -0.256  -0.232
  651846.820  4766373.600  66.100  3.000  1.050  0.320  38.000  50.000  0.000  70.000  0.000  0.000  0.000  30.000  0.000  0.000  0.000  0.000  20000.000  0.616  1.619  0.066  -0.331  -0.557  1.152  -0.318  -0.271  -0.321  -0.724  -0.255  -0.282  -0.256  -0.255  -0.886
  650586.770  4764914.550  1003.410  3.000  0.090  0.100  12.640  60.450  0.000  5.000  0.000  0.000  0.000  95.000  0.000  0.000  0.000  0.000  10000.000  -1.184  0.709  -0.823  0.468  -0.556  -0.858  -0.317  -0.270  -0.320  1.367  -0.254  -0.281  -0.255  -0.254  -1.590
  650329.990  4764912.520  929.080  3.000  0.080  0.030  5.390  13.100  0.000  50.000  0.000  0.000  0.000  50.000  0.000  0.000  0.000  0.000  5000.000  -1.259  -0.372  -1.243  -1.452  -0.555  0.567  -0.316  -0.269  -0.319  -0.245  -0.253  -0.280  -0.254  -0.253  -1.931
  651865.430  4766354.110  162.390  3.000  1.000  0.330  5.000  50.000  70.000  20.000  0.000  0.000  0.000  10.000  0.000  0.000  0.000  0.000  10000.000  0.559  1.680  -1.485  -0.330  1.842  -0.305  -0.315  -0.268  -0.318  -1.210  -0.252  -0.279  -0.253  -0.252  -1.587
  651581.410  4766065.010  462.660  3.000  0.870  0.870  82.000  400.000  0.000  10.000  0.000  0.000  0.000  90.000  0.000  0.000  0.000  0.000  40000.000  0.376  2.464  0.732  1.252  -0.554  -0.677  -0.314  -0.267  -0.317  0.998  -0.251  -0.278  -0.252  -0.251  0.442
  651397.850  4765854.210  394.530  3.000  0.580  0.060  84.000  50.000  0.000  40.000  0.000  0.000  0.000  60.000  0.000  0.000  0.000  0.000  30000.000  -0.071  0.288  0.764  -0.329  -0.553  0.309  -0.313  -0.266  -0.316  0.000  -0.250  -0.277  -0.251  -0.250  -0.231
  651230.630  4766406.830  165.010  3.000  0.550  0.060  25.100  9.200  0.000  30.000  0.000  0.000  0.000  70.000  0.000  0.000  0.000  0.000  30000.000  -0.128  0.289  -0.258  -1.635  -0.551  0.022  -0.312  -0.265  -0.315  0.317  -0.249  -0.276  -0.250  -0.249  -0.230
  651543.450  4766710.760  -60.410  3.000  1.270  0.360  36.000  830.000  20.000  65.000  0.000  0.000  0.000  15.000  0.000  0.000  0.000  0.000  40000.000  0.880  1.788  0.016  1.699  1.023  1.015  -0.311  -0.264  -0.314  -1.039  -0.248  -0.275  -0.249  -0.248  0.443
  650834.890  4765282.220  887.420  3.000  -99.000  -99.000  -99.000  -99.000  0.000  5.000  0.000  0.000  0.000  95.000  0.000  0.000  0.000  0.000  20000.000  -99.000  -99.000  -99.000  -99.000  -0.550  -0.857  -0.310  -0.264  -0.313  1.370  -0.247  -0.274  -0.248  -0.247  -0.884
  650490.600  4765033.110  959.150  3.000  0.510  0.120  6.480  9.100  0.000  25.000  0.000  0.000  0.000  75.000  0.000  0.000  0.000  0.000  70000.000  -0.205  0.871  -1.174  -1.643  -0.549  -0.121  -0.309  -0.263  -0.312  0.471  -0.246  -0.273  -0.247  -0.246  1.695
  650823.290  4765293.610  857.560  3.000  -99.000  -99.000  -99.000  -99.000  0.000  15.000  0.000  0.000  0.000  85.000  0.000  0.000  0.000  0.000  50000.000  -99.000  -99.000  -99.000  -99.000  -0.548  -0.456  -0.308  -0.262  -0.311  0.845  -0.245  -0.272  -0.246  -0.245  0.962
  651167.390  4765898.940  670.820  3.000  0.290  0.050  70.000  50.000  0.000  90.000  0.000  0.000  0.000  10.000  0.000  0.000  0.000  0.000  10000.000  -0.581  0.098  0.596  -0.327  -0.547  1.803  -0.307  -0.261  -0.310  -1.208  -0.244  -0.271  -0.245  -0.244  -1.584
  651231.250  4766406.390  633.000  3.000  -99.000  -99.000  -99.000  -99.000  0.000  0.000  0.000  0.000  0.000  100.000  0.000  0.000  0.000  0.000  15000.000  -99.000  -99.000  -99.000  -99.000  -0.546  -1.432  -0.306  -0.260  -0.309  1.699  -0.243  -0.270  -0.244  -0.243  -1.122
  651231.260  4766406.380  679.000  3.000  -99.000  -99.000  -99.000  -99.000  0.000  0.000  0.000  0.000  0.000  100.000  0.000  0.000  0.000  0.000  5000.000  -99.000  -99.000  -99.000  -99.000  -0.545  -1.429  -0.305  -0.259  -0.308  1.703  -0.242  -0.269  -0.243  -0.242  -1.925
  650517.700  4765001.980  883.870  3.000  0.150  0.020  21.600  8.700  0.000  10.000  0.000  0.000  0.000  90.000  0.000  0.000  0.000  0.000  30000.000  -0.929  -0.749  -0.421  -1.690  -0.544  -0.676  -0.304  -0.258  -0.307  1.000  -0.241  -0.268  -0.242  -0.241  -0.229
  651443.580  4766770.530  20.580  3.000  -99.000  -99.000  -99.000  -99.000  0.000  0.000  0.000  0.000  0.000  100.000  0.000  0.000  0.000  0.000  30000.000  -99.000  -99.000  -99.000  -99.000  -0.543  -1.427  -0.304  -0.257  -0.306  1.707  -0.240  -0.267  -0.241  -0.240  -0.228
  651669.040  4766654.450  131.230  3.000  0.520  0.110  35.000  50.000  0.000  50.000  0.000  0.000  0.000  50.000  0.000  0.000  0.000  0.000  30000.000  -0.186  0.777  -0.005  -0.326  -0.542  0.568  -0.303  -0.256  -0.305  -0.244  -0.239  -0.266  -0.240  -0.239  -0.227
  651463.510  4766044.430  508.580  3.000  0.880  0.070  265.000  50.000  0.000  70.000  0.000  0.000  0.000  30.000  0.000  0.000  0.000  0.000  30000.000  0.386  0.432  2.092  -0.325  -0.541  1.154  -0.302  -0.255  -0.304  -0.723  -0.238  -0.265  -0.239  -0.238  -0.226
  650550.610  4764861.600  928.660  3.000  0.040  0.020  6.810  13.160  0.000  5.000  0.000  0.000  0.000  95.000  0.000  0.000  0.000  0.000  60000.000  -1.585  -0.747  -1.157  -1.449  -0.540  -0.856  -0.301  -0.254  -0.304  1.372  -0.237  -0.264  -0.238  -0.237  1.372
  650629.210  4764949.120  1032.450  3.000  0.040  0.010  3.860  37.600  0.000  10.000  0.000  0.000  0.000  90.000  0.000  0.000  0.000  0.000  30000.000  -1.582  -1.223  -2.031  -1.016  -0.538  -0.675  -0.300  -0.253  -0.303  1.001  -0.236  -0.264  -0.237  -0.236  -0.225
  651622.260  4766674.480  57.010  3.000  -99.000  -99.000  -99.000  -99.000  0.000  0.000  0.000  0.000  0.000  0.000  0.000  0.000  0.000  0.000  0.000  -99.000  -99.000  -99.000  -99.000  -0.537  -1.424  -0.299  -0.252  -0.302  -1.827  -0.235  -0.263  -0.236  -0.235  -2.407
  650766.360  4765730.770  438.840  3.000  0.460  0.110  54.500  10.200  0.000  40.000  0.000  0.000  0.000  60.000  0.000  0.000  0.000  0.000  30000.000  -0.287  0.778  0.377  -1.569  -0.536  0.310  -0.298  -0.251  -0.301  0.001  -0.235  -0.262  -0.235  -0.235  -0.224
  651081.220  4765634.380  318.460  3.000  0.350  0.170  38.000  50.000  0.000  20.000  0.000  0.000  0.000  80.000  0.000  0.000  0.000  0.000  30000.000  -0.464  1.115  0.067  -0.324  -0.535  -0.304  -0.297  -0.250  -0.300  0.610  -0.234  -0.261  -0.235  -0.234  -0.223
  651152.160  4766198.580  -581.230  3.000  0.200  0.100  19.100  16.800  0.000  30.000  0.000  0.000  0.000  68.000  0.000  2.000  0.000  0.000  25000.000  -0.788  0.711  -0.499  -1.347  -0.534  0.023  -0.296  -0.249  -0.299  0.189  -0.233  1.908  -0.234  -0.233  -0.568
  650124.530  4764996.120  972.060  3.000  0.080  0.070  2.190  68.600  0.000  30.000  0.000  0.000  0.000  70.000  0.000  0.000  0.000  0.000  15000.000  -1.257  0.433  -2.383  0.492  -0.533  0.024  -0.295  -0.248  -0.298  0.318  -0.232  -0.260  -0.233  -0.232  -1.120
  650876.120  4764815.560  1004.060  3.000  0.040  0.010  7.840  69.950  0.000  0.000  0.000  0.000  0.000  100.000  0.000  0.000  0.000  0.000  20000.000  -1.578  -1.221  -1.092  0.494  -0.532  -1.422  -0.294  -0.247  -0.297  1.711  -0.231  -0.259  -0.232  -0.231  -0.883
  651206.000  4765921.460  468.430  3.000  0.520  0.110  93.000  50.000  0.000  20.000  0.000  0.000  0.000  80.000  0.000  0.000  0.000  0.000  50000.000  -0.185  0.780  0.870  -0.323  -0.531  -0.304  -0.293  -0.246  -0.296  0.611  -0.230  -0.258  -0.231  -0.230  0.963
  650059.610  4764892.790  1037.580  3.000  0.200  0.100  13.350  16.880  0.000  0.000  0.000  0.000  0.000  100.000  0.000  0.000  0.000  0.000  10000.000  -0.787  0.712  -0.773  -1.341  -0.530  -1.419  -0.292  -0.245  -0.295  1.715  -0.229  -0.257  -0.230  -0.229  -1.580
  651229.410  4765597.950  486.700  3.000  0.030  0.030  60.000  50.000  0.000  30.000  0.000  0.000  0.000  70.000  0.000  0.000  0.000  0.000  40000.000  -1.702  -0.371  0.462  -0.322  -0.529  0.025  -0.291  -0.244  -0.294  0.319  -0.228  -0.256  -0.229  -0.228  0.444
  651082.860  4765485.910  476.870  3.000  0.830  0.060  195.000  50.000  0.000  80.000  0.000  0.000  0.000  20.000  0.000  0.000  0.000  0.000  30000.000  0.324  0.290  1.714  -0.321  -0.528  1.515  -0.290  -0.243  -0.293  -0.947  -0.227  -0.255  -0.228  -0.227  -0.222
  651328.340  4766712.910  -116.180  3.000  -99.000  -99.000  -99.000  -99.000  5.000  65.000  0.000  0.000  0.000  30.000  0.000  0.000  0.000  0.000  20000.000  -99.000  -99.000  -99.000  -99.000  0.643  1.017  -0.289  -0.242  -0.292  -0.721  -0.226  -0.254  -0.227  -0.226  -0.882
  651674.710  4765521.080  119.310  3.000  0.350  0.060  18.000  50.000  0.000  30.000  0.000  0.000  0.000  70.000  0.000  0.000  0.000  0.000  30000.000  -0.462  0.291  -0.565  -0.319  -0.527  0.026  -0.288  -0.241  -0.291  0.320  -0.225  -0.253  -0.226  -0.225  -0.221
  650394.250  4764802.180  1084.450  3.000  0.090  0.020  10.600  23.500  0.000  0.000  0.000  0.000  0.000  100.000  0.000  0.000  0.000  0.000  10000.000  -1.182  -0.746  -0.939  -1.180  -0.525  -1.416  -0.287  -0.240  -0.290  1.719  -0.224  -0.252  -0.225  -0.224  -1.577
  651230.740  4766406.380  397.010  3.000  0.340  0.110  7.550  19.600  0.000  46.000  0.000  0.000  0.000  54.000  0.000  0.000  0.000  0.000  13200.000  -0.488  0.781  -1.115  -1.264  -0.524  0.485  -0.286  -0.239  -0.289  -0.140  -0.223  -0.251  -0.224  -0.223  -1.170
  650762.260  4764892.400  1028.640  3.000  0.170  0.060  6.450  237.000  0.000  10.000  0.000  0.000  0.000  90.000  0.000  0.000  0.000  0.000  60000.000  -0.865  0.293  -1.176  1.023  -0.523  -0.674  -0.285  -0.238  -0.288  1.003  -0.222  -0.250  -0.223  -0.222  1.374
  650392.660  4765003.760  873.100  3.000  0.100  0.000  4.330  6.700  0.000  50.000  0.000  0.000  0.000  50.000  0.000  0.000  0.000  0.000  5000.000  -1.114  -1.768  -1.876  -1.855  -0.522  0.569  -0.284  -0.237  -0.287  -0.243  -0.221  -0.249  -0.222  -0.221  -1.919
  651393.820  4765859.260  375.600  3.000  0.230  0.080  66.000  50.000  0.000  20.000  0.000  0.000  0.000  80.000  0.000  0.000  0.000  0.000  20000.000  -0.691  0.552  0.546  -0.318  -0.521  -0.303  -0.283  -0.236  -0.286  0.613  -0.220  -0.248  -0.221  -0.220  -0.880
  650550.060  4764855.340  960.350  3.000  0.140  0.060  16.910  26.720  0.000  0.000  0.000  0.000  0.000  100.000  0.000  0.000  0.000  0.000  40000.000  -0.965  0.294  -0.618  -1.098  -0.520  -1.414  -0.282  -0.235  -0.285  1.723  -0.219  -0.247  -0.220  -0.219  0.445
  651167.980  4764768.910  908.480  3.000  0.180  0.010  10.550  223.390  15.000  15.000  0.000  0.000  0.000  70.000  0.000  0.000  0.000  0.000  60000.000  -0.832  -1.219  -0.941  0.997  0.918  -0.455  -0.281  -0.235  -0.284  0.321  -0.218  -0.246  -0.219  -0.218  1.377
  650240.210  4765055.660  1020.580  3.000  0.270  0.070  20.630  49.350  0.000  20.000  0.000  0.000  0.000  80.000  0.000  0.000  0.000  0.000  30000.000  -0.616  0.434  -0.455  -0.971  -0.519  -0.302  -0.280  -0.234  -0.283  0.614  -0.217  -0.245  -0.218  -0.217  -0.220
  651228.970  4766406.870  -62.990  3.000  -99.000  -99.000  -99.000  -99.000  0.000  60.000  0.000  0.000  0.000  40.000  0.000  0.000  0.000  0.000  5000.000  -99.000  -99.000  -99.000  -99.000  -0.518  0.802  -0.279  -0.233  -0.282  -0.476  -0.216  -0.244  -0.217  -0.216  -1.913
  651521.060  4765859.900  565.370  3.000  2.260  0.200  24.000  50.000  30.000  70.000  0.000  0.000  0.000  0.000  0.000  0.000  0.000  0.000  50000.000  1.680  1.252  -0.322  -0.317  1.234  1.156  -0.278  -0.232  -0.281  -1.822  -0.215  -0.243  -0.216  -0.215  0.965
  651230.650  4766406.610  267.010  3.000  0.520  0.120  80.800  14.500  0.000  67.750  0.000  0.000  0.000  32.250  0.000  0.000  0.000  0.000  31500.000  -0.184  0.872  0.724  -1.405  -0.517  1.036  -0.277  -0.231  -0.280  -0.580  -0.214  -0.242  -0.215  -0.214  0.130
  651230.940  4766406.110  1091.000  3.000  -99.000  -99.000  -99.000  -99.000  0.000  0.000  0.000  0.000  0.000  0.000  0.000  0.000  0.000  0.000  0.000  -99.000  -99.000  -99.000  -99.000  -0.516  -1.411  -0.276  -0.230  -0.279  -1.817  -0.213  -0.241  -0.214  -0.213  -2.391
  650901.020  4766175.550  0.330  3.000  0.490  0.290  10.950  70.200  0.000  30.000  0.000  0.000  0.000  68.000  0.000  2.000  0.000  0.000  40000.000  -0.239  1.549  -0.928  0.495  -0.515  0.027  -0.275  -0.229  -0.278  0.190  -0.212  1.913  -0.213  -0.212  0.446
  650929.650  4765721.690  43.460  3.000  0.360  0.170  73.100  23.700  0.000  35.000  0.000  0.000  0.000  62.000  0.000  3.000  0.000  0.000  40000.000  -0.446  1.117  0.643  -1.176  -0.514  0.170  -0.274  -0.228  -0.277  0.126  -0.211  2.176  -0.212  -0.211  0.447
  651134.630  4765647.120  570.260  3.000  0.830  0.060  54.000  50.000  0.000  50.000  0.000  0.000  0.000  50.000  0.000  0.000  0.000  0.000  30000.000  0.325  0.295  0.362  -0.316  -0.513  0.570  -0.273  -0.227  -0.276  -0.242  -0.211  -0.240  -0.211  -0.211  -0.219
  650828.760  4765288.210  871.590  3.000  -99.000  -99.000  -99.000  -99.000  0.000  5.000  0.000  0.000  0.000  95.000  0.000  0.000  0.000  0.000  10000.000  -99.000  -99.000  -99.000  -99.000  -0.512  -0.854  -0.272  -0.226  -0.275  1.374  -0.210  -0.239  -0.211  -0.210  -1.574
  650721.080  4765085.000  1073.810  3.000  0.030  0.010  40.750  4.670  0.000  10.000  0.000  0.000  0.000  90.000  0.000  0.000  0.000  0.000  10000.000  -1.698  -1.216  0.116  -2.094  -0.510  -0.672  -0.271  -0.225  -0.274  1.004  -0.209  -0.238  -0.210  -0.209  -1.571
  650330.580  4765048.210  897.670  3.000  0.090  0.050  16.850  39.400  0.000  10.000  0.000  0.000  0.000  90.000  0.000  0.000  0.000  0.000  30000.000  -1.180  0.099  -0.619  -1.009  -0.509  -0.671  -0.270  -0.224  -0.273  1.006  -0.208  -0.237  -0.209  -0.208  -0.218
  650924.180  4764936.070  982.310  3.000  0.800  0.040  290.000  -99.000  20.000  0.000  0.000  0.000  0.000  80.000  0.000  0.000  0.000  0.000  30000.000  0.278  -0.105  2.209  -99.000  1.025  -1.409  -0.269  -0.223  -0.272  0.615  -0.207  -0.236  -0.208  -0.207  -0.217
  651471.940  4766798.640  99.220  3.000  -99.000  -99.000  -99.000  -99.000  55.000  35.000  0.000  0.000  0.000  10.000  0.000  0.000  0.000  0.000  100000.000  -99.000  -99.000  -99.000  -99.000  1.703  0.171  -0.268  -0.222  -0.271  -1.206  -0.206  -0.235  -0.207  -0.206  1.996
  651226.740  4765600.960  479.780  3.000  0.220  0.070  52.000  50.000  0.000  0.000  0.000  0.000  0.000  100.000  0.000  0.000  0.000  0.000  30000.000  -0.723  0.436  0.332  -0.315  -0.508  -1.406  -0.267  -0.221  -0.270  1.727  -0.205  -0.235  -0.206  -0.205  -0.216
  650955.190  4765920.080  474.250  3.000  0.610  0.070  28.000  50.000  0.000  60.000  0.000  0.000  0.000  40.000  0.000  0.000  0.000  0.000  40000.000  -0.035  0.437  -0.177  -0.314  -0.507  0.803  -0.266  -0.220  -0.269  -0.475  -0.204  -0.234  -0.205  -0.204  0.448
  651489.890  4766039.130  538.120  3.000  0.870  0.040  190.000  140.000  20.000  30.000  0.000  0.000  0.000  50.000  0.000  0.000  0.000  0.000  30000.000  0.377  -0.104  1.678  0.759  1.026  0.028  -0.265  -0.219  -0.268  -0.241  -0.203  -0.233  -0.204  -0.203  -0.215
  650321.780  4765034.140  950.950  3.000  0.200  0.090  11.200  19.350  0.000  10.000  0.000  0.000  0.000  90.000  0.000  0.000  0.000  0.000  100000.000  -0.786  0.641  -0.887  -1.269  -0.506  -0.670  -0.264  -0.218  -0.267  1.008  -0.202  -0.232  -0.203  -0.202  2.002
  650287.980  4765100.350  896.040  3.000  0.270  0.450  24.500  224.000  0.000  35.000  0.000  0.000  0.000  65.000  0.000  0.000  0.000  0.000  30000.000  -0.615  1.985  -0.303  1.000  -0.505  0.172  -0.264  -0.217  -0.266  0.152  -0.201  -0.231  -0.202  -0.201  -0.214
  651352.720  4765987.990  628.910  3.000  0.610  0.050  105.000  240.000  0.000  60.000  10.000  0.000  0.000  30.000  0.000  0.000  0.000  0.000  40000.000  -0.034  0.100  0.987  1.031  -0.504  0.804  1.969  -0.216  -0.265  -0.720  -0.200  -0.230  -0.201  -0.200  0.449
  651230.630  4766406.830  171.010  3.000  0.760  0.120  32.900  8.400  0.000  30.000  0.000  0.000  0.000  70.000  0.000  0.000  0.000  0.000  30000.000  0.211  0.874  -0.057  -1.723  -0.503  0.029  -0.263  -0.215  -0.264  0.322  -0.199  -0.229  -0.200  -0.199  -0.213
  651412.080  4765822.880  720.170  3.000  3.030  1.130  25.000  110.000  0.000  100.000  0.000  0.000  0.000  0.000  0.000  0.000  0.000  0.000  50000.000  2.009  2.693  -0.276  0.600  -0.502  2.330  -0.262  -0.214  -0.264  -1.813  -0.198  -0.228  -0.199  -0.198  0.966
  650629.050  4764949.110  1030.460  3.000  0.010  0.000  4.200  18.800  0.000  10.000  0.000  0.000  0.000  90.000  0.000  0.000  0.000  0.000  20000.000  -2.198  -1.763  -1.901  -1.291  -0.501  -0.669  -0.261  -0.213  -0.263  1.009  -0.197  -0.227  -0.198  -0.197  -0.879
  651131.860  4766350.890  -164.590  3.000  -99.000  -99.000  -99.000  -99.000  0.000  20.000  0.000  0.000  0.000  80.000  0.000  0.000  0.000  0.000  20000.000  -99.000  -99.000  -99.000  -99.000  -0.500  -0.301  -0.260  -0.212  -0.262  0.616  -0.196  -0.226  -0.197  -0.196  -0.878
  650242.620  4764997.750  898.610  3.000  0.100  0.000  6.720  22.400  0.000  15.000  0.000  0.000  0.000  85.000  0.000  0.000  0.000  0.000  10000.000  -1.112  -1.758  -1.165  -1.200  -0.499  -0.454  -0.259  -0.211  -0.261  0.846  -0.195  -0.225  -0.196  -0.195  -1.567
  651458.680  4766761.000  39.480  3.000  0.170  0.160  18.000  50.000  0.000  10.000  0.000  0.000  0.000  90.000  0.000  0.000  0.000  0.000  20000.000  -0.863  1.075  -0.564  -0.313  -0.498  -0.668  -0.258  -0.211  -0.260  1.011  -0.194  -0.224  -0.195  -0.194  -0.876
  651867.810  4766351.840  173.930  3.000  0.670  0.250  5.000  50.000  70.000  10.000  0.000  0.000  0.000  20.000  0.000  0.000  0.000  0.000  10000.000  0.073  1.429  -1.481  -0.312  1.848  -0.667  -0.257  -0.210  -0.259  -0.946  -0.193  -0.223  -0.194  -0.193  -1.564
  650532.490  4765468.840  668.840  3.000  0.290  0.100  82.200  19.100  0.000  15.000  0.000  0.000  0.000  85.000  0.000  0.000  0.000  0.000  50000.000  -0.580  0.713  0.743  -1.286  -0.497  -0.453  -0.256  -0.209  -0.258  0.848  -0.192  -0.222  -0.193  -0.192  0.968
  651329.830  4766690.900  -6.370  3.000  -99.000  -99.000  -99.000  -99.000  10.000  35.000  0.000  0.000  0.000  50.000  0.000  5.000  0.000  0.000  20000.000  -99.000  -99.000  -99.000  -99.000  0.780  0.173  -0.255  -0.208  -0.257  -0.240  -0.191  2.481  -0.192  -0.191  -0.875
  651455.940  4766526.530  234.530  3.000  0.640  0.070  35.000  50.000  0.000  50.000  0.000  0.000  0.000  50.000  0.000  0.000  0.000  0.000  30000.000  0.015  0.438  -0.004  -0.310  -0.496  0.571  -0.254  -0.207  -0.256  -0.239  -0.190  -0.221  -0.191  -0.190  -0.212
  650824.130  4766115.970  741.490  3.000  0.150  0.160  66.000  280.000  0.000  10.000  0.000  0.000  0.000  90.000  0.000  0.000  0.000  0.000  40000.000  -0.927  1.077  0.547  1.108  -0.495  -0.665  -0.253  -0.206  -0.255  1.012  -0.189  -0.220  -0.190  -0.189  0.451
  650253.010  4764899.660  1090.810  3.000  0.050  0.060  2.340  52.600  0.000  0.100  0.000  0.000  0.000  99.800  0.000  0.100  0.000  0.000  150000.000  -1.471  0.296  -2.317  0.445  -0.493  -0.972  -0.252  -0.205  -0.254  1.492  -0.189  1.775  -0.189  -0.189  2.481
  651609.290  4766063.810  479.250  3.000  0.750  0.070  110.000  520.000  0.000  60.000  0.000  0.000  0.000  40.000  0.000  0.000  0.000  0.000  40000.000  0.197  0.439  1.047  1.393  -0.492  0.805  -0.251  -0.204  -0.253  -0.473  -0.188  -0.219  -0.189  -0.188  0.452
  650527.240  4765035.460  1043.500  3.000  0.610  0.240  34.350  22.020  0.000  5.000  0.000  0.000  0.000  95.000  0.000  0.000  0.000  0.000  70000.000  -0.033  1.398  -0.014  -1.202  -0.491  -0.853  -0.250  -0.203  -0.252  1.377  -0.187  -0.218  -0.188  -0.187  1.699
  651845.110  4766375.640  56.460  3.000  0.530  0.260  5.000  50.000  15.000  45.000  0.000  0.000  0.000  40.000  0.000  0.000  0.000  0.000  20000.000  -0.163  1.462  -1.478  -0.309  0.920  0.466  -0.249  -0.202  -0.251  -0.472  -0.186  -0.217  -0.187  -0.186  -0.873
  650661.960  4765747.090  687.300  3.000  -99.000  -99.000  -99.000  -99.000  1.000  60.000  0.000  0.000  0.000  39.000  0.000  0.000  0.000  0.000  10000.000  -99.000  -99.000  -99.000  -99.000  0.620  0.807  -0.248  -0.201  -0.250  -0.561  -0.185  -0.216  -0.186  -0.185  -1.561
  651364.720  4765743.410  449.720  3.000  0.430  0.020  20.000  50.000  0.000  20.000  0.000  0.000  0.000  80.000  0.000  0.000  0.000  0.000  20000.000  -0.330  -0.745  -0.479  -0.308  -0.490  -0.300  -0.247  -0.200  -0.249  0.617  -0.184  -0.215  -0.185  -0.184  -0.872
  650924.540  4764924.660  1005.670  3.000  0.040  0.000  2.500  -99.000  0.000  0.000  0.000  0.000  0.000  100.000  0.000  0.000  0.000  0.000  40000.000  -1.574  -1.753  -2.246  -99.000  -0.489  -1.404  -0.246  -0.199  -0.248  1.731  -0.183  -0.214  -0.184  -0.183  0.453
  650314.040  4765099.420  1037.660  3.000  0.300  0.270  105.500  51.400  0.000  30.000  0.000  0.000  0.000  67.000  0.000  3.000  0.000  0.000  30000.000  -0.554  1.487  1.022  0.440  -0.488  0.030  -0.245  -0.198  -0.247  0.185  -0.182  2.186  -0.183  -0.182  -0.211
  651178.460  4765936.140  434.630  3.000  0.690  0.100  120.000  50.000  0.000  40.000  0.000  0.000  0.000  60.000  0.000  0.000  0.000  0.000  30000.000  0.104  0.715  1.141  -0.307  -0.487  0.311  -0.244  -0.197  -0.246  0.002  -0.181  -0.213  -0.182  -0.181  -0.211
  651722.020  4766240.570  369.270  3.000  0.930  0.390  40.000  980.000  0.000  10.000  0.000  0.000  0.000  90.000  0.000  0.000  0.000  0.000  50000.000  0.461  1.854  0.102  1.820  -0.486  -0.664  -0.243  -0.196  -0.245  1.014  -0.180  -0.212  -0.181  -0.180  0.969
  651143.140  4765677.240  -380.930  3.000  0.220  0.330  9.630  104.000  0.000  30.000  0.000  0.000  0.000  68.000  0.000  2.000  0.000  0.000  25000.000  -0.722  1.684  -1.024  0.574  -0.485  0.031  -0.242  -0.195  -0.244  0.191  -0.179  1.919  -0.180  -0.179  -0.567
  650089.730  4765048.070  1102.310  3.000  0.150  0.030  -99.000  -99.000  0.000  30.000  0.000  0.000  0.000  70.000  0.000  0.000  0.000  0.000  20000.000  -0.926  -0.370  -99.000  -99.000  -0.484  0.032  -0.241  -0.194  -0.243  0.323  -0.178  -0.211  -0.179  -0.178  -0.871
  651662.640  4766649.060  300.660  3.000  1.220  0.130  85.000  50.000  0.000  60.000  0.000  0.000  0.000  40.000  0.000  0.000  0.000  0.000  40000.000  0.813  0.945  0.775  -0.306  -0.483  0.808  -0.240  -0.193  -0.242  -0.471  -0.177  -0.211  -0.178  -0.177  0.454
  651230.650  4766406.620  265.010  3.000  0.540  0.180  44.600  10.600  0.000  55.000  0.000  0.000  0.000  45.000  0.000  0.000  0.000  0.000  40000.000  -0.147  1.172  0.197  -1.548  -0.482  0.717  -0.239  -0.192  -0.241  -0.342  -0.176  -0.210  -0.177  -0.176  0.455
  650988.940  4765714.850  -87.580  3.000  0.250  0.060  22.200  85.100  0.000  10.000  0.000  0.000  0.000  90.000  0.000  0.000  0.000  0.000  25000.000  -0.656  0.297  -0.386  0.527  -0.481  -0.663  -0.238  -0.191  -0.240  1.015  -0.175  -0.209  -0.176  -0.175  -0.566
  651032.590  4765952.490  574.450  3.000  1.090  0.180  29.000  140.000  50.000  50.000  0.000  0.000  0.000  0.000  0.000  0.000  0.000  0.000  40000.000  0.670  1.174  -0.148  0.760  1.590  0.572  -0.237  -0.190  -0.239  -1.808  -0.174  -0.208  -0.175  -0.174  0.456
  651130.590  4765821.830  179.780  3.000  0.290  0.170  14.000  50.000  0.000  70.000  0.000  0.000  0.000  30.000  0.000  0.000  0.000  0.000  30000.000  -0.579  1.119  -0.749  -0.305  -0.480  1.157  -0.236  -0.189  -0.238  -0.719  -0.173  -0.207  -0.174  -0.173  -0.210
  651370.340  4765889.290  263.930  3.000  0.530  0.060  24.000  50.000  0.000  40.000  0.000  0.000  0.000  60.000  0.000  0.000  0.000  0.000  30000.000  -0.162  0.298  -0.321  -0.304  -0.479  0.312  -0.235  -0.189  -0.237  0.003  -0.172  -0.206  -0.173  -0.172  -0.209
  651165.200  4765769.750  47.850  3.000  0.110  0.050  13.000  50.000  0.000  30.000  0.000  0.000  0.000  70.000  0.000  0.000  0.000  0.000  20000.000  -1.078  0.102  -0.791  -0.303  -0.478  0.033  -0.235  -0.188  -0.236  0.324  -0.171  -0.205  -0.172  -0.171  -0.869
  651831.000  4766482.990  125.550  3.000  1.310  0.370  19.000  130.000  0.000  40.000  0.000  0.000  0.000  60.000  0.000  0.000  0.000  0.000  30000.000  0.929  1.809  -0.509  0.707  -0.477  0.313  -0.234  -0.187  -0.235  0.004  -0.170  -0.204  -0.171  -0.170  -0.208
  651578.050  4766125.390  508.120  3.000  1.010  0.130  52.000  120.000  0.000  60.000  0.000  0.000  0.000  40.000  0.000  0.000  0.000  0.000  40000.000  0.569  0.947  0.333  0.654  -0.476  0.809  -0.233  -0.186  -0.235  -0.470  -0.169  -0.203  -0.170  -0.169  0.457
  650178.630  4765101.080  1117.700  3.000  0.450  0.070  21.100  20.100  0.000  40.000  0.000  0.000  0.000  60.000  0.000  0.000  0.000  0.000  10000.000  -0.306  0.440  -0.426  -1.248  -0.475  0.314  -0.232  -0.185  -0.234  0.005  -0.169  -0.202  -0.169  -0.169  -1.558
  651060.610  4766002.320  692.640  3.000  0.690  0.060  5.000  50.000  0.000  60.000  0.000  0.000  0.000  40.000  0.000  0.000  0.000  0.000  40000.000  0.105  0.299  -1.475  -0.302  -0.473  0.811  -0.231  -0.184  -0.233  -0.469  -0.168  -0.201  -0.169  -0.168  0.458
  651900.340  4766240.580  314.270  3.000  0.970  0.060  36.000  50.000  10.000  60.000  0.000  0.000  0.000  30.000  0.000  0.000  0.000  0.000  30000.000  0.506  0.300  0.017  -0.300  0.781  0.812  -0.230  -0.183  -0.232  -0.718  -0.167  -0.200  -0.168  -0.167  -0.207
  651141.910  4766198.050  -555.180  3.000  0.080  0.030  27.800  3.700  0.000  25.000  0.000  0.000  0.000  75.000  0.000  0.000  0.000  0.000  15000.000  -1.255  -0.369  -0.188  -2.238  -0.472  -0.120  -0.229  -0.182  -0.231  0.472  -0.166  -0.199  -0.167  -0.166  -1.118
  650677.290  4765744.690  650.440  3.000  0.180  0.030  18.100  27.600  0.000  10.000  0.000  0.000  0.000  90.000  0.000  0.000  0.000  0.000  35000.000  -0.831  -0.368  -0.543  -1.095  -0.471  -0.662  -0.228  -0.181  -0.230  1.017  -0.165  -0.198  -0.166  -0.165  0.165
  651750.840  4766521.430  7.250  3.000  0.780  0.080  115.000  50.000  0.000  40.000  0.000  0.000  0.000  60.000  0.000  0.000  0.000  0.000  30000.000  0.238  0.554  1.100  -0.299  -0.470  0.315  -0.227  -0.180  -0.229  0.006  -0.164  -0.197  -0.165  -0.164  -0.206
  650621.820  4765000.500  882.600  3.000  0.550  0.160  7.660  31.600  0.000  28.000  0.000  0.000  0.000  70.000  0.000  2.000  0.000  0.000  50000.000  -0.127  1.079  -1.105  -1.055  -0.469  -0.080  -0.226  -0.179  -0.228  0.325  -0.163  1.925  -0.164  -0.163  0.971
  651475.600  4766811.980  60.100  3.000  -99.000  -99.000  -99.000  -99.000  55.000  35.000  0.000  0.000  0.000  10.000  0.000  0.000  0.000  0.000  150000.000  -99.000  -99.000  -99.000  -99.000  1.707  0.174  -0.225  -0.178  -0.227  -1.204  -0.162  -0.196  -0.163  -0.162  2.502
  651693.930  4766266.950  281.350  3.000  0.800  0.100  37.000  580.000  0.000  30.000  0.000  0.000  0.000  70.000  0.000  0.000  0.000  0.000  30000.000  0.279  0.716  0.041  1.440  -0.468  0.034  -0.224  -0.177  -0.226  0.326  -0.161  -0.195  -0.162  -0.161  -0.205
  650061.820  4764993.320  1018.760  3.000  0.170  0.190  10.050  7.700  0.000  25.000  0.000  0.000  0.000  73.000  0.000  2.000  0.000  0.000  30000.000  -0.862  1.201  -0.959  -1.787  -0.467  -0.119  -0.223  -0.176  -0.225  0.448  -0.160  1.931  -0.161  -0.160  -0.204
  651166.580  4765767.530  42.450  3.000  0.280  0.300  24.000  50.000  0.000  35.000  0.000  0.000  0.000  65.000  0.000  0.000  0.000  0.000  30000.000  -0.595  1.571  -0.319  -0.298  -0.466  0.175  -0.222  -0.175  -0.224  0.153  -0.159  -0.194  -0.160  -0.159  -0.203
  650134.060  4765050.340  893.760  3.000  0.160  0.120  28.500  28.300  0.000  15.000  0.000  0.000  0.000  85.000  0.000  0.000  0.000  0.000  20000.000  -0.888  0.875  -0.163  -1.091  -0.465  -0.452  -0.221  -0.174  -0.223  0.849  -0.158  -0.193  -0.159  -0.158  -0.868
  651489.520  4766037.590  539.330  3.000  0.970  0.040  105.000  50.000  10.000  40.000  0.000  0.000  0.000  50.000  0.000  0.000  0.000  0.000  40000.000  0.507  -0.103  0.989  -0.297  0.782  0.316  -0.220  -0.173  -0.222  -0.238  -0.157  -0.192  -0.158  -0.157  0.459
  651575.020  4766692.080  186.810  3.000  0.980  0.090  78.000  50.000  0.000  80.000  0.000  0.000  0.000  20.000  0.000  0.000  0.000  0.000  35000.000  0.523  0.642  0.698  -0.296  -0.464  1.518  -0.219  -0.172  -0.221  -0.944  -0.156  -0.191  -0.157  -0.156  0.166
  651557.800  4766589.530  336.060  3.000  0.380  0.100  76.000  50.000  0.000  60.000  0.000  0.000  0.000  40.000  0.000  0.000  0.000  0.000  30000.000  -0.410  0.717  0.673  -0.295  -0.463  0.813  -0.218  -0.171  -0.220  -0.468  -0.155  -0.190  -0.156  -0.155  -0.202
  650893.870  4766064.540  473.160  3.000  0.570  0.160  33.000  50.000  0.000  30.000  0.000  0.000  0.000  70.000  0.000  0.000  0.000  0.000  40000.000  -0.092  1.081  -0.050  -0.294  -0.462  0.035  -0.217  -0.170  -0.219  0.327  -0.154  -0.189  -0.155  -0.154  0.460
  651617.190  4766556.750  406.750  3.000  0.690  0.090  20.000  50.000  0.000  60.000  0.000  0.000  0.000  40.000  0.000  0.000  0.000  0.000  40000.000  0.106  0.644  -0.477  -0.293  -0.461  0.815  -0.216  -0.169  -0.218  -0.467  -0.153  -0.189  -0.154  -0.153  0.461
  651432.950  4766147.160  473.750  3.000  1.070  0.080  160.000  50.000  0.000  70.000  0.000  0.000  0.000  30.000  0.000  0.000  0.000  0.000  50000.000  0.644  0.555  1.457  -0.291  -0.460  1.159  -0.215  -0.169  -0.217  -0.717  -0.152  -0.188  -0.153  -0.152  0.972
  651474.580  4766034.340  545.670  3.000  0.860  0.040  62.000  50.000  30.000  60.000  0.000  0.000  0.000  10.000  0.000  0.000  0.000  0.000  30000.000  0.360  -0.102  0.486  -0.290  1.236  0.816  -0.214  -0.168  -0.216  -1.203  -0.151  -0.187  -0.152  -0.151  -0.201
  651287.030  4765684.990  400.690  3.000  0.290  0.020  17.000  50.000  0.000  40.000  0.000  0.000  0.000  60.000  0.000  0.000  0.000  0.000  20000.000  -0.577  -0.743  -0.606  -0.289  -0.459  0.317  -0.213  -0.167  -0.215  0.007  -0.150  -0.186  -0.151  -0.150  -0.867
  651876.310  4766343.920  214.300  3.000  1.350  0.250  15.000  120.000  0.000  70.000  0.000  0.000  0.000  30.000  0.000  0.000  0.000  0.000  30000.000  0.977  1.432  -0.689  0.656  -0.458  1.161  -0.212  -0.166  -0.214  -0.715  -0.150  -0.185  -0.150  -0.150  -0.200
  650935.030  4766178.840  -74.210  3.000  0.720  0.430  15.550  98.600  0.000  35.000  0.000  0.000  0.000  62.000  0.000  3.000  0.000  0.000  40000.000  0.151  1.956  -0.660  0.546  -0.457  0.176  -0.211  -0.165  -0.213  0.127  -0.149  2.197  -0.150  -0.149  0.462
  651501.470  4766085.790  502.230  3.000  0.910  0.090  110.000  50.000  0.000  70.000  0.000  0.000  0.000  30.000  0.000  0.000  0.000  0.000  30000.000  0.439  0.645  1.049  -0.288  -0.456  1.163  -0.211  -0.164  -0.212  -0.714  -0.148  -0.184  -0.149  -0.148  -0.199
  651540.770  4766598.490  315.730  3.000  0.030  0.010  5.000  50.000  0.000  0.000  0.000  0.000  0.000  0.000  0.000  0.000  0.000  0.000  0.000  -1.693  -1.214  -1.472  -0.287  -0.455  -1.401  -0.210  -0.163  -0.211  -1.803  -0.147  -0.183  -0.148  -0.147  -2.375
  651057.540  4765661.920  451.590  3.000  0.430  0.070  47.000  50.000  0.000  30.000  0.000  0.000  0.000  70.000  0.000  0.000  0.000  0.000  30000.000  -0.329  0.441  0.244  -0.286  -0.454  0.036  -0.209  -0.162  -0.211  0.328  -0.146  -0.182  -0.147  -0.146  -0.198
  651589.850  4765591.910  526.830  3.000  0.840  0.010  46.000  50.000  0.000  80.000  0.000  0.000  0.000  20.000  0.000  0.000  0.000  0.000  35000.000  0.339  -1.212  0.234  -0.285  -0.453  1.521  -0.208  -0.161  -0.210  -0.943  -0.145  -0.181  -0.146  -0.145  0.167
  651548.040  4766707.030  152.690  3.000  0.970  0.190  130.000  50.000  10.000  60.000  0.000  0.000  0.000  30.000  0.000  0.000  0.000  0.000  35000.000  0.508  1.203  1.234  -0.284  0.784  0.817  -0.207  -0.160  -0.209  -0.713  -0.144  -0.180  -0.145  -0.144  0.168
  651304.320  4766511.300  210.880  3.000  -99.000  -99.000  -99.000  -99.000  0.000  25.000  0.000  0.000  0.000  70.000  0.000  5.000  0.000  0.000  20000.000  -99.000  -99.000  -99.000  -99.000  -0.452  -0.118  -0.206  -0.159  -0.208  0.329  -0.143  2.502  -0.144  -0.143  -0.865
  651595.750  4766569.700  380.900  3.000  0.200  0.050  50.000  50.000  0.000  50.000  0.000  0.000  0.000  50.000  0.000  0.000  0.000  0.000  10000.000  -0.784  0.103  0.297  -0.283  -0.451  0.573  -0.205  -0.158  -0.207  -0.237  -0.142  -0.179  -0.143  -0.142  -1.555
  650877.270  4765726.370  162.340  3.000  0.290  0.040  54.200  20.700  0.000  40.000  0.000  0.000  0.000  60.000  0.000  0.000  0.000  0.000  20000.000  -0.576  -0.100  0.375  -1.231  -0.449  0.318  -0.204  -0.157  -0.206  0.007  -0.141  -0.178  -0.142  -0.141  -0.864
  651445.290  4766138.120  521.350  3.000  0.680  0.100  74.000  50.000  0.000  60.000  0.000  0.000  0.000  40.000  0.000  0.000  0.000  0.000  40000.000  0.086  0.719  0.652  -0.281  -0.448  0.818  -0.203  -0.156  -0.205  -0.466  -0.140  -0.177  -0.141  -0.140  0.463
  651499.890  4766079.530  506.940  3.000  0.690  0.050  91.000  50.000  0.000  75.000  0.000  0.000  0.000  25.000  0.000  0.000  0.000  0.000  30000.000  0.107  0.104  0.844  -0.280  -0.447  1.372  -0.202  -0.155  -0.204  -0.821  -0.139  -0.176  -0.140  -0.139  -0.197
  650203.540  4765097.720  962.330  3.000  0.320  0.050  14.800  59.900  0.000  30.000  0.000  0.000  0.000  70.000  0.000  0.000  0.000  0.000  25000.000  -0.519  0.105  -0.706  0.465  -0.446  0.037  -0.201  -0.154  -0.203  0.330  -0.138  -0.175  -0.139  -0.138  -0.565
  650893.450  4765707.160  674.940  3.000  0.500  0.050  72.000  168.000  0.000  10.000  0.000  0.000  0.000  90.000  0.000  0.000  0.000  0.000  30000.000  -0.215  0.106  0.628  0.851  -0.445  -0.661  -0.200  -0.153  -0.202  1.019  -0.137  -0.174  -0.138  -0.137  -0.196
  651053.340  4765666.190  472.760  3.000  0.720  0.110  86.000  50.000  0.000  30.000  0.000  0.000  0.000  70.000  0.000  0.000  0.000  0.000  30000.000  0.153  0.782  0.791  -0.279  -0.444  0.037  -0.199  -0.152  -0.201  0.331  -0.136  -0.173  -0.137  -0.136  -0.195
  650767.650  4764912.750  1076.190  3.000  0.060  0.020  5.450  18.000  0.000  10.000  0.000  0.000  0.000  90.000  0.000  0.000  0.000  0.000  50000.000  -1.384  -0.742  -1.234  -1.311  -0.443  -0.660  -0.198  -0.151  -0.200  1.020  -0.135  -0.172  -0.136  -0.135  0.974
  651476.360  4765911.510  379.560  3.000  0.660  0.070  130.000  50.000  0.000  20.000  0.000  0.000  0.000  80.000  0.000  0.000  0.000  0.000  30000.000  0.051  0.442  1.236  -0.278  -0.442  -0.299  -0.197  -0.150  -0.199  0.618  -0.134  -0.171  -0.135  -0.134  -0.194
  651502.480  4766622.490  267.650  3.000  0.790  0.040  175.000  50.000  0.000  70.000  0.000  0.000  0.000  30.000  0.000  0.000  0.000  0.000  40000.000  0.260  -0.099  1.579  -0.277  -0.441  1.165  -0.196  -0.150  -0.198  -0.712  -0.133  -0.170  -0.134  -0.133  0.464
  651301.750  4765768.380  820.280  3.000  1.310  0.020  5.000  50.000  0.000  50.000  0.000  0.000  0.000  50.000  0.000  0.000  0.000  0.000  30000.000  0.931  -0.741  -1.469  -0.276  -0.440  0.575  -0.195  -0.149  -0.197  -0.236  -0.133  -0.169  -0.133  -0.133  -0.193
  650473.700  4764917.430  956.500  3.000  0.110  0.080  10.360  65.600  0.000  40.000  10.000  0.000  0.000  50.000  0.000  0.000  0.000  0.000  70000.000  -1.076  0.556  -0.947  0.483  -0.439  0.319  1.975  -0.148  -0.196  -0.235  -0.132  -0.169  -0.133  -0.132  1.703
  650646.810  4765471.770  215.100  3.000  0.210  0.040  12.550  446.000  0.000  10.000  0.000  0.000  0.000  90.000  0.000  0.000  0.000  0.000  40000.000  -0.749  -0.098  -0.826  1.301  -0.438  -0.658  -0.194  -0.147  -0.195  1.022  -0.131  -0.168  -0.132  -0.131  0.465
  650922.380  4764996.180  862.570  3.000  0.060  0.020  2.500  -99.000  0.000  0.000  0.000  0.000  0.000  100.000  0.000  0.000  0.000  0.000  40000.000  -1.382  -0.739  -2.233  -99.000  -0.437  -1.399  -0.193  -0.146  -0.194  1.736  -0.130  -0.167  -0.131  -0.130  0.466
  651653.660  4766660.780  106.260  3.000  -99.000  -99.000  -99.000  -99.000  0.000  0.000  0.000  0.000  0.000  0.000  0.000  0.000  0.000  0.000  0.000  -99.000  -99.000  -99.000  -99.000  -0.436  -1.396  -0.192  -0.145  -0.193  -1.798  -0.129  -0.166  -0.130  -0.129  -2.359
  651221.110  4765746.520  570.640  3.000  0.510  0.060  45.000  50.000  0.000  10.000  0.000  0.000  0.000  90.000  0.000  0.000  0.000  0.000  40000.000  -0.203  0.301  0.203  -0.275  -0.435  -0.657  -0.191  -0.144  -0.192  1.023  -0.128  -0.165  -0.129  -0.128  0.467
  651559.390  4766155.850  401.980  3.000  0.870  0.190  175.000  50.000  0.000  20.000  0.000  0.000  0.000  80.000  0.000  0.000  0.000  0.000  30000.000  0.378  1.205  1.583  -0.274  -0.434  -0.298  -0.190  -0.143  -0.191  0.619  -0.127  -0.164  -0.128  -0.127  -0.192
  651547.240  4766141.240  262.990  3.000  0.260  0.050  64.000  50.000  0.000  0.000  0.000  0.000  0.000  100.000  0.000  0.000  0.000  0.000  10000.000  -0.640  0.107  0.520  -0.273  -0.433  -1.394  -0.189  -0.142  -0.190  1.740  -0.126  -0.163  -0.127  -0.126  -1.552
  650764.750  4764901.720  1050.620  3.000  0.060  0.040  7.020  202.000  0.000  10.000  0.000  0.000  0.000  90.000  0.000  0.000  0.000  0.000  50000.000  -1.379  -0.097  -1.145  0.959  -0.432  -0.656  -0.189  -0.141  -0.189  1.025  -0.125  -0.162  -0.126  -0.125  0.975
  651304.880  4766511.040  220.860  3.000  -99.000  -99.000  -99.000  -99.000  0.000  25.000  0.000  0.000  0.000  70.000  0.000  5.000  0.000  0.000  20000.000  -99.000  -99.000  -99.000  -99.000  -0.431  -0.117  -0.188  -0.140  -0.189  0.332  -0.124  2.524  -0.125  -0.124  -0.863
  651160.130  4766198.980  -601.730  3.000  0.050  0.040  14.100  4.200  0.000  15.000  0.000  0.000  0.000  85.000  0.000  0.000  0.000  0.000  20000.000  -1.468  -0.096  -0.730  -2.155  -0.430  -0.451  -0.187  -0.139  -0.188  0.850  -0.123  -0.161  -0.124  -0.123  -0.861
  651331.690  4766677.400  64.320  3.000  -99.000  -99.000  -99.000  -99.000  0.000  20.000  0.000  0.000  0.000  80.000  0.000  0.000  0.000  0.000  20000.000  -99.000  -99.000  -99.000  -99.000  -0.429  -0.297  -0.186  -0.138  -0.187  0.620  -0.122  -0.160  -0.123  -0.122  -0.860
  650274.700  4764997.910  991.210  3.000  0.400  0.370  11.250  15.000  0.000  30.000  0.000  0.000  0.000  70.000  0.000  0.000  0.000  0.000  30000.000  -0.377  1.814  -0.883  -1.396  -0.428  0.038  -0.185  -0.137  -0.186  0.333  -0.121  -0.159  -0.122  -0.121  -0.191
  650564.690  4764991.940  1009.970  3.000  0.300  0.020  5.920  301.750  0.000  5.000  0.000  0.000  0.000  95.000  0.000  0.000  0.000  0.000  70000.000  -0.553  -0.738  -1.203  1.145  -0.427  -0.852  -0.184  -0.136  -0.185  1.379  -0.120  -0.158  -0.121  -0.120  1.707
  650767.140  4765730.650  437.000  3.000  1.040  0.120  66.100  8.900  0.000  70.000  0.000  0.000  0.000  30.000  0.000  0.000  0.000  0.000  40000.000  0.603  0.877  0.553  -1.668  -0.426  1.167  -0.183  -0.135  -0.184  -0.711  -0.119  -0.157  -0.120  -0.119  0.468
  651161.060  4765776.400  64.060  3.000  0.260  0.110  14.000  50.000  0.000  20.000  0.000  0.000  0.000  80.000  0.000  0.000  0.000  0.000  10000.000  -0.639  0.784  -0.747  -0.271  -0.425  -0.296  -0.182  -0.134  -0.183  0.622  -0.118  -0.156  -0.119  -0.118  -1.549
  650397.070  4765003.670  898.730  3.000  0.110  0.060  9.780  40.300  0.000  20.000  0.000  0.000  0.000  80.000  0.000  0.000  0.000  0.000  10000.000  -1.074  0.302  -1.020  -1.005  -0.424  -0.295  -0.181  -0.133  -0.182  0.623  -0.117  -0.155  -0.118  -0.117  -1.545
  651136.030  4765679.800  -369.150  3.000  0.260  0.650  7.400  92.700  0.000  20.000  0.000  0.000  0.000  80.000  0.000  0.000  0.000  0.000  30000.000  -0.638  2.235  -1.127  0.538  -0.423  -0.294  -0.180  -0.133  -0.181  0.624  -0.116  -0.154  -0.117  -0.116  -0.190
  650753.930  4764880.390  927.840  3.000  0.160  0.050  8.750  53.060  0.000  20.000  0.000  0.000  0.000  80.000  0.000  0.000  0.000  0.000  70000.000  -0.886  0.108  -1.060  0.449  -0.422  -0.293  -0.179  -0.132  -0.180  0.625  -0.116  -0.153  -0.116  -0.116  1.711
  651140.090  4765807.790  143.550  3.000  0.260  0.150  50.000  50.000  0.000  60.000  0.000  0.000  0.000  40.000  0.000  0.000  0.000  0.000  20000.000  -0.636  1.028  0.299  -0.270  -0.421  0.820  -0.178  -0.131  -0.179  -0.465  -0.115  -0.152  -0.116  -0.115  -0.858
  651534.340  4766690.490  292.690  3.000  0.050  0.010  5.000  50.000  0.000  0.000  0.000  0.000  0.000  100.000  0.000  0.000  0.000  0.000  20000.000  -1.465  -1.210  -1.466  -0.269  -0.420  -1.391  -0.177  -0.130  -0.178  1.744  -0.114  -0.151  -0.115  -0.114  -0.857
  651327.210  4765676.390  420.630  3.000  0.010  0.030  5.000  100.000  0.000  20.000  0.000  0.000  0.000  80.000  0.000  0.000  0.000  0.000  20000.000  -2.187  -0.366  -1.463  0.558  -0.419  -0.292  -0.176  -0.129  -0.177  0.626  -0.113  -0.150  -0.114  -0.113  -0.856
  650688.910  4764883.940  1065.530  3.000  0.290  0.080  35.180  81.250  0.000  20.000  0.000  0.000  0.000  80.000  0.000  0.000  0.000  0.000  80000.000  -0.575  0.557  0.006  0.515  -0.418  -0.291  -0.175  -0.128  -0.176  0.627  -0.112  -0.150  -0.113  -0.112  1.869
  651565.500  4766445.900  347.800  3.000  1.690  0.100  145.000  50.000  30.000  50.000  0.000  0.000  0.000  20.000  0.000  0.000  0.000  0.000  50000.000  1.292  0.720  1.337  -0.268  1.238  0.576  -0.174  -0.127  -0.175  -0.941  -0.111  -0.149  -0.112  -0.111  0.977
  651317.750  4765691.010  359.040  3.000  0.250  0.070  5.000  120.000  0.000  20.000  0.000  0.000  0.000  80.000  0.000  0.000  0.000  0.000  30000.000  -0.654  0.444  -1.460  0.657  -0.417  -0.290  -0.173  -0.126  -0.174  0.628  -0.110  -0.148  -0.111  -0.110  -0.189
  651155.060  4766198.730  -588.690  3.000  0.070  0.050  9.150  8.600  0.000  25.000  0.000  0.000  0.000  75.000  0.000  0.000  0.000  0.000  20000.000  -1.327  0.109  -1.042  -1.704  -0.416  -0.116  -0.172  -0.125  -0.173  0.473  -0.109  -0.147  -0.110  -0.109  -0.854
  650892.410  4765725.240  127.510  3.000  0.510  0.050  206.000  7.400  0.000  35.000  0.000  0.000  0.000  62.000  0.000  3.000  0.000  0.000  50000.000  -0.202  0.110  1.802  -1.809  -0.415  0.177  -0.171  -0.124  -0.172  0.128  -0.108  2.207  -0.109  -0.108  0.978
  651530.040  4766462.900  368.750  3.000  1.260  0.220  165.000  50.000  10.000  80.000  0.000  0.000  0.000  10.000  0.000  0.000  0.000  0.000  30000.000  0.866  1.329  1.494  -0.267  0.785  1.524  -0.170  -0.123  -0.171  -1.201  -0.107  -0.146  -0.108  -0.107  -0.189
  650520.840  4764950.600  923.730  3.000  0.070  0.060  4.030  41.800  0.000  15.000  0.000  0.000  0.000  85.000  0.000  0.000  0.000  0.000  30000.000  -1.324  0.303  -1.962  -1.000  -0.413  -0.449  -0.169  -0.122  -0.170  0.852  -0.106  -0.145  -0.107  -0.106  -0.188
  651045.430  4765673.860  511.210  3.000  0.650  0.080  62.000  160.000  0.000  45.000  0.000  0.000  0.000  55.000  0.000  0.000  0.000  0.000  30000.000  0.036  0.559  0.487  0.831  -0.412  0.467  -0.169  -0.121  -0.169  -0.130  -0.105  -0.144  -0.106  -0.105  -0.187
  651337.400  4766184.730  593.930  3.000  1.850  0.150  81.000  50.000  0.000  80.000  0.000  0.000  0.000  20.000  0.000  0.000  0.000  0.000  30000.000  1.426  1.030  0.727  -0.266  -0.411  1.527  -0.168  -0.120  -0.169  -0.940  -0.104  -0.143  -0.105  -0.104  -0.186
  651213.930  4765724.630  542.810  3.000  -99.000  -99.000  -99.000  -99.000  0.000  0.000  0.000  0.000  0.000  100.000  0.000  0.000  0.000  0.000  20000.000  -99.000  -99.000  -99.000  -99.000  -0.410  -1.389  -0.167  -0.119  -0.168  1.749  -0.103  -0.142  -0.104  -0.103  -0.853
  650238.530  4765050.590  1037.770  3.000  0.470  0.200  12.500  23.890  0.000  35.000  0.000  0.000  0.000  65.000  0.000  0.000  0.000  0.000  60000.000  -0.267  1.254  -0.829  -1.168  -0.409  0.178  -0.166  -0.118  -0.167  0.154  -0.102  -0.141  -0.103  -0.102  1.379
  650472.260  4764921.300  1098.440  3.000  1.530  0.420  15.700  33.900  10.000  30.000  30.000  0.000  0.000  30.000  0.000  0.000  0.000  0.000  70000.000  1.164  1.922  -0.657  -1.032  0.786  0.039  2.502  -0.117  -0.166  -0.709  -0.101  -0.140  -0.102  -0.101  1.715
  650763.670  4766162.710  302.290  3.000  0.620  0.330  37.600  99.900  5.000  35.000  0.000  0.000  0.000  55.000  0.000  5.000  0.000  0.000  30000.000  -0.016  1.689  0.054  0.547  0.644  0.179  -0.165  -0.116  -0.165  -0.129  -0.100  2.548  -0.101  -0.100  -0.185
  651152.530  4765673.850  -395.910  3.000  0.450  0.180  90.200  60.400  0.000  43.000  0.000  0.000  0.000  55.000  0.000  2.000  0.000  0.000  30000.000  -0.305  1.176  0.838  0.466  -0.408  0.457  -0.164  -0.116  -0.164  -0.128  -0.099  1.937  -0.100  -0.099  -0.184
  651571.680  4766697.350  -18.850  3.000  0.180  0.000  5.000  50.000  0.000  30.000  0.000  0.000  0.000  70.000  0.000  0.000  0.000  0.000  5000.000  -0.829  -1.748  -1.457  -0.265  -0.407  0.040  -0.163  -0.115  -0.163  0.334  -0.099  -0.139  -0.099  -0.099  -1.908
  651590.350  4766084.930  415.270  3.000  0.560  0.590  61.000  130.000  0.000  40.000  0.000  0.000  0.000  60.000  0.000  0.000  0.000  0.000  30000.000  -0.101  2.175  0.477  0.708  -0.406  0.320  -0.162  -0.114  -0.162  0.008  -0.098  -0.138  -0.099  -0.098  -0.183
  651236.090  4765590.420  503.980  3.000  0.200  0.030  5.000  50.000  0.000  30.000  0.000  0.000  0.000  70.000  0.000  0.000  0.000  0.000  20000.000  -0.783  -0.365  -1.454  -0.264  -0.405  0.041  -0.161  -0.113  -0.161  0.335  -0.097  -0.137  -0.098  -0.097  -0.852
  651513.740  4765868.080  533.190  3.000  1.740  0.170  92.000  50.000  30.000  70.000  0.000  0.000  0.000  0.000  0.000  0.000  0.000  0.000  50000.000  1.334  1.121  0.856  -0.263  1.240  1.168  -0.160  -0.112  -0.160  -1.793  -0.096  -0.136  -0.097  -0.096  0.980
  650871.080  4764831.090  1040.490  3.000  0.120  0.010  48.800  52.800  0.000  0.000  0.000  0.000  0.000  100.000  0.000  0.000  0.000  0.000  20000.000  -1.039  -1.208  0.275  0.446  -0.404  -1.386  -0.159  -0.111  -0.159  1.753  -0.095  -0.135  -0.096  -0.095  -0.850
  650290.530  4764998.290  1036.520  3.000  0.090  0.170  8.300  5.500  0.000  15.000  0.000  0.000  0.000  85.000  0.000  0.000  0.000  0.000  20000.000  -1.178  1.123  -1.077  -1.975  -0.403  -0.448  -0.158  -0.110  -0.158  0.853  -0.094  -0.134  -0.095  -0.094  -0.849
  651187.780  4765971.680  588.170  3.000  0.640  0.110  105.000  50.000  0.000  50.000  0.000  0.000  0.000  50.000  0.000  0.000  0.000  0.000  20000.000  0.016  0.785  0.991  -0.261  -0.402  0.577  -0.157  -0.109  -0.157  -0.235  -0.093  -0.133  -0.094  -0.093  -0.848
  651852.220  4766473.590  155.640  3.000  2.650  0.170  5.000  140.000  30.000  30.000  0.000  0.000  0.000  40.000  0.000  0.000  0.000  0.000  30000.000  1.815  1.125  -1.451  0.762  1.242  0.042  -0.156  -0.108  -0.156  -0.464  -0.092  -0.133  -0.093  -0.092  -0.182
  651446.420  4765800.180  602.170  3.000  3.200  0.180  165.000  50.000  60.000  30.000  0.000  0.000  0.000  10.000  0.000  0.000  0.000  0.000  50000.000  2.085  1.178  1.497  -0.260  1.749  0.043  -0.155  -0.107  -0.155  -1.199  -0.091  -0.132  -0.092  -0.091  0.981
  650288.710  4765100.320  899.980  3.000  0.260  0.290  32.500  151.500  0.000  35.000  0.000  0.000  0.000  65.000  0.000  0.000  0.000  0.000  25000.000  -0.635  1.553  -0.058  0.813  -0.401  0.180  -0.154  -0.106  -0.154  0.155  -0.090  -0.131  -0.091  -0.090  -0.564
  651013.270  4765704.300  660.790  3.000  0.440  0.060  42.000  50.000  0.000  60.000  0.000  0.000  0.000  40.000  0.000  0.000  0.000  0.000  30000.000  -0.315  0.305  0.145  -0.259  -0.400  0.821  -0.153  -0.105  -0.153  -0.463  -0.089  -0.130  -0.090  -0.089  -0.181
  650241.450  4764788.290  1006.890  3.000  0.070  0.070  9.490  95.450  0.000  10.000  0.000  0.000  0.000  90.000  0.000  0.000  0.000  0.000  50000.000  -1.322  0.445  -1.029  0.543  -0.399  -0.655  -0.152  -0.104  -0.152  1.026  -0.088  -0.129  -0.089  -0.088  0.983
  650077.570  4765048.520  958.830  3.000  0.040  0.030  2.320  87.700  0.000  15.000  0.000  0.000  0.000  85.000  0.000  0.000  0.000  0.000  15000.000  -1.571  -0.364  -2.349  0.529  -0.398  -0.447  -0.151  -0.103  -0.151  0.854  -0.087  -0.128  -0.088  -0.087  -1.116
  651139.630  4765808.510  145.360  3.000  0.310  0.120  18.000  50.000  0.000  60.000  0.000  0.000  0.000  40.000  0.000  0.000  0.000  0.000  20000.000  -0.536  0.878  -0.563  -0.258  -0.397  0.822  -0.150  -0.102  -0.150  -0.462  -0.086  -0.127  -0.087  -0.086  -0.846
  650241.550  4764788.370  1000.890  3.000  0.040  0.110  6.090  133.250  0.000  10.000  0.000  0.000  0.000  90.000  0.000  0.000  0.000  0.000  50000.000  -1.567  0.787  -1.197  0.733  -0.396  -0.654  -0.150  -0.101  -0.150  1.028  -0.085  -0.126  -0.086  -0.085  0.985
  651228.930  4766406.960  -44.990  3.000  -99.000  -99.000  -99.000  -99.000  0.000  45.000  0.000  0.000  0.000  55.000  0.000  0.000  0.000  0.000  25000.000  -99.000  -99.000  -99.000  -99.000  -0.395  0.468  -0.149  -0.100  -0.149  -0.127  -0.084  -0.125  -0.085  -0.084  -0.562
  651327.820  4765675.470  424.470  3.000  0.020  0.010  5.000  140.000  0.000  20.000  0.000  0.000  0.000  80.000  0.000  0.000  0.000  0.000  20000.000  -1.854  -1.205  -1.448  0.763  -0.394  -0.289  -0.148  -0.099  -0.148  0.630  -0.083  -0.124  -0.084  -0.083  -0.845
  650282.610  4764998.090  1013.870  3.000  0.080  0.000  22.300  17.600  0.000  10.000  0.000  0.000  0.000  90.000  0.000  0.000  0.000  0.000  30000.000  -1.252  -1.743  -0.385  -1.321  -0.393  -0.653  -0.147  -0.099  -0.147  1.030  -0.083  -0.123  -0.083  -0.083  -0.180
  650921.580  4765027.100  802.010  3.000  0.170  0.050  92.000  -99.000  0.000  10.000  0.000  0.000  0.000  90.000  0.000  0.000  0.000  0.000  40000.000  -0.860  0.111  0.857  -99.000  -0.392  -0.651  -0.146  -0.098  -0.146  1.031  -0.082  -0.122  -0.083  -0.082  0.469
  651264.550  4765891.050  540.890  3.000  0.320  0.050  120.000  50.000  0.000  70.000  0.000  0.000  0.000  30.000  0.000  0.000  0.000  0.000  20000.000  -0.518  0.112  1.143  -0.257  -0.391  1.170  -0.145  -0.097  -0.145  -0.708  -0.081  -0.121  -0.082  -0.081  -0.844
  651815.760  4766225.760  425.140  3.000  1.160  0.020  78.000  50.000  0.000  80.000  0.000  0.000  0.000  20.000  0.000  0.000  0.000  0.000  30000.000  0.755  -0.736  0.700  -0.256  -0.390  1.530  -0.144  -0.096  -0.144  -0.938  -0.080  -0.120  -0.081  -0.080  -0.179
  651714.310  4766247.690  345.480  3.000  0.660  0.080  14.000  50.000  0.000  40.000  0.000  0.000  0.000  60.000  0.000  0.000  0.000  0.000  30000.000  0.052  0.560  -0.746  -0.255  -0.389  0.321  -0.143  -0.095  -0.143  0.009  -0.079  -0.119  -0.080  -0.079  -0.178
  650728.700  4766160.440  383.010  3.000  0.220  0.050  25.500  22.400  0.000  10.000  0.000  0.000  0.000  90.000  0.000  0.000  0.000  0.000  20000.000  -0.720  0.113  -0.252  -1.198  -0.388  -0.650  -0.142  -0.094  -0.142  1.033  -0.078  -0.118  -0.079  -0.078  -0.842
  650395.530  4764951.650  915.420  3.000  0.020  0.120  2.950  37.300  0.000  40.000  0.000  0.000  0.000  60.000  0.000  0.000  0.000  0.000  1000.000  -1.848  0.880  -2.131  -1.020  -0.387  0.322  -0.141  -0.093  -0.141  0.010  -0.077  -0.117  -0.078  -0.077  -2.077
  651185.510  4765661.130  -446.830  3.000  0.240  0.040  20.200  47.500  0.000  15.000  0.000  0.000  0.000  85.000  0.000  0.000  0.000  0.000  20000.000  -0.675  -0.095  -0.459  -0.981  -0.386  -0.446  -0.140  -0.092  -0.140  0.856  -0.076  -0.116  -0.077  -0.076  -0.841
  651817.710  4766442.600  242.770  3.000  0.580  0.050  31.000  50.000  0.000  30.000  0.000  0.000  0.000  70.000  0.000  0.000  0.000  0.000  50000.000  -0.070  0.114  -0.092  -0.254  -0.385  0.044  -0.139  -0.091  -0.139  0.336  -0.075  -0.116  -0.076  -0.075  0.986
  651418.020  4764757.240  919.280  3.000  0.190  0.020  26.440  63.380  0.000  20.000  0.000  0.000  0.000  80.000  0.000  0.000  0.000  0.000  30000.000  -0.807  -0.735  -0.220  0.477  -0.384  -0.288  -0.138  -0.090  -0.138  0.631  -0.074  -0.115  -0.075  -0.074  -0.177
  651307.980  4766509.650  274.760  3.000  -99.000  -99.000  -99.000  -99.000  0.000  20.000  0.000  0.000  0.000  80.000  0.000  0.000  0.000  0.000  20000.000  -99.000  -99.000  -99.000  -99.000  -0.383  -0.287  -0.137  -0.089  -0.137  0.632  -0.073  -0.114  -0.074  -0.073  -0.840
  651230.630  4766406.860  137.010  3.000  0.520  0.050  18.300  3.400  0.000  45.000  0.000  0.000  0.000  55.000  0.000  0.000  0.000  0.000  30000.000  -0.183  0.115  -0.538  -2.325  -0.382  0.469  -0.136  -0.088  -0.136  -0.126  -0.072  -0.113  -0.073  -0.072  -0.176
  651284.180  4764794.420  922.800  3.000  0.740  0.040  84.920  671.950  10.000  25.000  0.000  0.000  0.000  65.000  0.000  0.000  0.000  0.000  70000.000  0.188  -0.094  0.773  1.530  0.787  -0.116  -0.135  -0.087  -0.135  0.156  -0.071  -0.112  -0.072  -0.071  1.719
  651689.890  4766283.980  421.110  3.000  0.910  0.290  66.000  1170.000  0.000  60.000  0.000  0.000  0.000  40.000  0.000  0.000  0.000  0.000  30000.000  0.440  1.556  0.548  1.953  -0.381  0.824  -0.134  -0.086  -0.134  -0.461  -0.070  -0.111  -0.071  -0.070  -0.175
  651686.850  4766023.560  329.180  3.000  0.860  0.180  30.000  50.000  0.000  100.000  0.000  0.000  0.000  0.000  0.000  0.000  0.000  0.000  10000.000  0.361  1.180  -0.116  -0.253  -0.380  2.344  -0.133  -0.085  -0.133  -1.789  -0.069  -0.110  -0.070  -0.069  -1.542
  651174.230  4765754.770  11.880  3.000  0.220  0.250  5.000  50.000  0.000  20.000  0.000  0.000  0.000  80.000  0.000  0.000  0.000  0.000  30000.000  -0.719  1.435  -1.445  -0.251  -0.379  -0.286  -0.133  -0.084  -0.133  0.633  -0.068  -0.109  -0.069  -0.068  -0.174
  651858.920  4766470.630  165.140  3.000  0.900  0.040  34.000  180.000  16.500  46.500  0.000  0.000  0.000  37.000  0.000  0.000  0.000  0.000  10000.000  0.422  -0.093  -0.030  0.901  0.927  0.486  -0.132  -0.083  -0.132  -0.564  -0.068  -0.108  -0.068  -0.068  -1.539
  651454.160  4765944.810  609.500  3.000  5.020  0.180  55.000  1240.000  40.000  0.000  60.000  0.000  0.000  0.000  0.000  0.000  0.000  0.000  70000.000  2.734  1.182  0.385  2.006  1.435  -1.384  3.009  -0.083  -0.131  -1.784  -0.067  -0.107  -0.068  -0.067  1.723
  651516.950  4766189.240  148.280  3.000  0.420  0.060  16.000  50.000  0.000  70.000  0.000  0.000  0.000  30.000  0.000  0.000  0.000  0.000  20000.000  -0.347  0.306  -0.639  -0.250  -0.378  1.172  -0.131  -0.082  -0.130  -0.707  -0.066  -0.106  -0.067  -0.066  -0.838
  651332.040  4766675.580  74.150  3.000  -99.000  -99.000  -99.000  -99.000  10.000  35.000  0.000  0.000  0.000  50.000  0.000  0.000  5.000  0.000  20000.000  -99.000  -99.000  -99.000  -99.000  0.789  0.181  -0.130  -0.081  -0.129  -0.234  -0.065  -0.105  3.258  -0.065  -0.837
  651594.590  4766051.040  410.060  3.000  0.820  1.210  83.000  200.000  0.000  50.000  0.000  0.000  0.000  50.000  0.000  0.000  0.000  0.000  40000.000  0.314  2.781  0.747  0.949  -0.377  0.578  -0.129  -0.080  -0.128  -0.233  -0.064  -0.104  -0.066  -0.064  0.470
  651270.280  4765534.940  413.550  3.000  0.090  0.530  11.000  50.000  0.000  20.000  0.000  0.000  0.000  80.000  0.000  0.000  0.000  0.000  20000.000  -1.176  2.133  -0.905  -0.249  -0.376  -0.285  -0.128  -0.079  -0.127  0.634  -0.063  -0.103  -0.065  -0.063  -0.836
  650618.500  4765097.860  1089.970  3.000  0.020  0.020  2.600  3.880  0.000  0.200  0.000  0.000  0.000  99.800  0.000  0.000  0.000  0.000  200000.000  -1.842  -0.734  -2.163  -2.226  -0.375  -0.971  -0.127  -0.078  -0.126  1.495  -0.062  -0.102  -0.064  -0.062  3.258
  651284.180  4764794.420  898.800  3.000  0.130  0.060  18.070  341.500  10.000  10.000  0.000  0.000  0.000  80.000  0.000  0.000  0.000  0.000  100000.000  -1.006  0.307  -0.546  1.183  0.790  -0.649  -0.126  -0.077  -0.125  0.635  -0.061  -0.101  -0.063  -0.061  2.009
  651452.400  4766732.470  293.320  3.000  -99.000  -99.000  -99.000  -99.000  0.000  70.000  0.000  0.000  0.000  30.000  0.000  0.000  0.000  0.000  30000.000  -99.000  -99.000  -99.000  -99.000  -0.374  1.174  -0.125  -0.076  -0.124  -0.706  -0.060  -0.100  -0.062  -0.060  -0.173
  651665.990  4766655.700  126.220  3.000  0.860  0.140  105.000  50.000  10.000  70.000  0.000  0.000  0.000  20.000  0.000  0.000  0.000  0.000  30000.000  0.362  0.995  0.993  -0.248  0.791  1.176  -0.124  -0.075  -0.123  -0.937  -0.059  -0.099  -0.061  -0.059  -0.172
  651537.130  4766600.420  311.370  3.000  1.010  0.170  130.000  50.000  0.000  60.000  0.000  0.000  0.000  40.000  0.000  0.000  0.000  0.000  30000.000  0.570  1.127  1.239  -0.247  -0.373  0.825  -0.123  -0.074  -0.122  -0.460  -0.058  -0.099  -0.060  -0.058  -0.171
  651558.770  4766125.020  304.460  3.000  1.030  0.160  57.000  50.000  0.000  80.000  0.000  0.000  0.000  20.000  0.000  0.000  0.000  0.000  30000.000  0.591  1.083  0.414  -0.246  -0.372  1.533  -0.122  -0.073  -0.121  -0.935  -0.057  -0.098  -0.059  -0.057  -0.170
  650964.360  4765960.570  687.150  3.000  0.560  0.150  14.000  50.000  0.000  60.000  0.000  0.000  0.000  40.000  0.000  0.000  0.000  0.000  30000.000  -0.100  1.032  -0.745  -0.245  -0.371  0.826  -0.121  -0.072  -0.120  -0.459  -0.056  -0.097  -0.058  -0.056  -0.169
  651230.630  4766406.860  135.010  3.000  0.470  0.070  12.650  4.000  0.000  45.000  0.000  0.000  0.000  55.000  0.000  0.000  0.000  0.000  30000.000  -0.266  0.446  -0.822  -2.213  -0.370  0.470  -0.120  -0.071  -0.119  -0.125  -0.055  -0.096  -0.057  -0.055  -0.169
  651392.170  4766121.330  698.500  3.000  1.370  0.090  24.000  120.000  0.000  90.000  0.000  0.000  0.000  10.000  0.000  0.000  0.000  0.000  40000.000  0.988  0.646  -0.318  0.658  -0.369  1.808  -0.119  -0.070  -0.118  -1.197  -0.054  -0.095  -0.056  -0.054  0.471
  651799.650  4766586.850  101.230  3.000  0.640  0.090  66.000  50.000  0.000  60.000  0.000  0.000  0.000  40.000  0.000  0.000  0.000  0.000  40000.000  0.017  0.648  0.549  -0.244  -0.368  0.828  -0.118  -0.069  -0.117  -0.458  -0.053  -0.094  -0.055  -0.053  0.472
  651751.780  4765978.790  219.830  3.000  0.160  0.120  11.000  130.000  0.000  20.000  0.000  0.000  0.000  80.000  0.000  0.000  0.000  0.000  50000.000  -0.885  0.881  -0.904  0.710  -0.367  -0.284  -0.117  -0.068  -0.116  0.636  -0.052  -0.093  -0.054  -0.052  0.988
  651512.150  4766198.060  128.700  3.000  0.410  0.050  37.000  50.000  0.000  70.000  0.000  0.000  0.000  30.000  0.000  0.000  0.000  0.000  40000.000  -0.360  0.116  0.042  -0.243  -0.366  1.178  -0.116  -0.068  -0.116  -0.704  -0.052  -0.092  -0.053  -0.052  0.473
  650749.270  4765129.380  949.210  3.000  -99.000  -99.000  -99.000  -99.000  0.000  0.000  0.000  0.000  0.000  100.000  0.000  0.000  0.000  0.000  5000.000  -99.000  -99.000  -99.000  -99.000  -0.365  -1.382  -0.116  -0.067  -0.115  1.757  -0.051  -0.091  -0.052  -0.051  -1.902
  651322.560  4765284.900  559.790  3.000  0.830  0.020  70.000  50.000  0.000  90.000  0.000  0.000  0.000  10.000  0.000  0.000  0.000  0.000  30000.000  0.326  -0.732  0.597  -0.242  -0.364  1.813  -0.115  -0.066  -0.114  -1.195  -0.050  -0.090  -0.052  -0.050  -0.168
  650796.260  4765728.880  362.540  3.000  0.510  0.050  89.500  4.200  0.000  45.000  0.000  0.000  0.000  55.000  0.000  0.000  0.000  0.000  25000.000  -0.201  0.117  0.828  -2.144  -0.363  0.471  -0.114  -0.065  -0.113  -0.124  -0.049  -0.089  -0.051  -0.049  -0.561
  651144.310  4765801.390  127.260  3.000  0.460  0.130  23.000  50.000  0.000  45.000  0.000  0.000  0.000  55.000  0.000  0.000  0.000  0.000  30000.000  -0.286  0.948  -0.367  -0.240  -0.362  0.472  -0.113  -0.064  -0.112  -0.123  -0.048  -0.088  -0.050  -0.048  -0.167
  651795.620  4766251.040  360.800  3.000  0.850  0.160  31.000  380.000  0.000  30.000  0.000  0.000  0.000  70.000  0.000  0.000  0.000  0.000  50000.000  0.351  1.085  -0.091  1.220  -0.361  0.045  -0.112  -0.063  -0.111  0.337  -0.047  -0.087  -0.049  -0.047  0.989
  651406.580  4766177.700  772.310  3.000  0.380  0.020  29.000  50.000  0.000  20.000  0.000  0.000  0.000  80.000  0.000  0.000  0.000  0.000  60000.000  -0.408  -0.731  -0.147  -0.239  -0.360  -0.283  -0.111  -0.062  -0.110  0.638  -0.046  -0.086  -0.048  -0.046  1.382
  651489.770  4766741.750  79.210  3.000  1.230  0.190  125.000  50.000  0.000  50.000  0.000  0.000  0.000  50.000  0.000  0.000  0.000  0.000  40000.000  0.826  1.208  1.184  -0.238  -0.359  0.579  -0.110  -0.061  -0.109  -0.232  -0.045  -0.085  -0.047  -0.045  0.475
  651123.140  4765831.850  207.050  3.000  0.780  0.260  59.000  50.000  0.000  40.000  0.000  0.000  0.000  60.000  0.000  0.000  0.000  0.000  40000.000  0.239  1.465  0.449  -0.237  -0.358  0.323  -0.109  -0.060  -0.108  0.011  -0.044  -0.084  -0.046  -0.044  0.476
  651590.290  4766683.870  206.190  3.000  0.220  0.050  11.000  50.000  0.000  60.000  0.000  0.000  0.000  40.000  0.000  0.000  0.000  0.000  20000.000  -0.718  0.118  -0.902  -0.236  -0.357  0.829  -0.108  -0.059  -0.107  -0.457  -0.043  -0.083  -0.045  -0.043  -0.834
  650617.560  4764948.590  886.920  3.000  0.060  0.050  5.560  45.700  0.000  20.000  0.000  0.000  0.000  80.000  0.000  0.000  0.000  0.000  35000.000  -1.376  0.119  -1.232  -0.988  -0.356  -0.282  -0.107  -0.058  -0.106  0.639  -0.042  -0.083  -0.044  -0.042  0.169
  651202.890  4765630.690  484.870  3.000  0.330  0.070  160.000  50.000  0.000  10.000  0.000  0.000  0.000  90.000  0.000  0.000  0.000  0.000  60000.000  -0.496  0.447  1.460  -0.235  -0.355  -0.648  -0.106  -0.057  -0.105  1.034  -0.041  -0.082  -0.043  -0.041  1.384
  651147.270  4765675.760  -387.620  3.000  0.550  0.110  38.100  51.900  0.000  37.000  0.000  0.000  0.000  60.000  0.000  3.000  0.000  0.000  25000.000  -0.126  0.788  0.080  0.442  -0.354  0.211  -0.105  -0.056  -0.104  0.012  -0.040  2.218  -0.042  -0.040  -0.560
  651168.160  4764774.850  1002.290  3.000  0.640  0.020  83.040  305.750  0.000  0.000  0.000  0.000  0.000  100.000  0.000  0.000  0.000  0.000  60000.000  0.018  -0.730  0.761  1.147  -0.353  -1.379  -0.104  -0.055  -0.103  1.762  -0.039  -0.081  -0.041  -0.039  1.386
  650266.170  4764997.780  966.650  3.000  0.140  0.190  13.300  132.000  0.000  15.000  0.000  0.000  0.000  85.000  0.000  0.000  0.000  0.000  25000.000  -0.963  1.210  -0.775  0.731  -0.352  -0.445  -0.103  -0.054  -0.102  0.857  -0.038  -0.080  -0.040  -0.038  -0.559
  651485.130  4766500.930  287.900  3.000  0.500  0.080  45.000  50.000  0.000  60.000  0.000  0.000  0.000  40.000  0.000  0.000  0.000  0.000  30000.000  -0.214  0.561  0.204  -0.234  -0.351  0.830  -0.102  -0.053  -0.101  -0.456  -0.037  -0.079  -0.039  -0.037  -0.166
  651642.250  4766665.580  88.080  3.000  -99.000  -99.000  -99.000  -99.000  0.000  0.000  0.000  0.000  0.000  0.000  0.000  0.000  0.000  0.000  0.000  -99.000  -99.000  -99.000  -99.000  -0.350  -1.377  -0.101  -0.052  -0.100  -1.780  -0.037  -0.078  -0.038  -0.037  -2.344
  650709.680  4765739.530  573.100  3.000  -99.000  -99.000  -99.000  -99.000  0.000  20.000  0.000  0.000  0.000  80.000  0.000  0.000  0.000  0.000  50000.000  -99.000  -99.000  -99.000  -99.000  -0.349  -0.281  -0.100  -0.052  -0.099  0.640  -0.036  -0.077  -0.037  -0.036  0.991
  650391.390  4764951.270  889.750  3.000  0.190  0.140  5.840  114.000  0.000  35.000  0.000  0.000  0.000  62.000  0.000  3.000  0.000  0.000  20000.000  -0.806  0.997  -1.212  0.628  -0.348  0.182  -0.099  -0.051  -0.099  0.129  -0.035  2.229  -0.037  -0.035  -0.833
  651804.000  4766240.400  387.570  3.000  0.690  0.030  48.000  120.000  10.000  30.000  0.000  0.000  0.000  60.000  0.000  0.000  0.000  0.000  20000.000  0.108  -0.363  0.263  0.660  0.793  0.046  -0.099  -0.050  -0.098  0.013  -0.034  -0.076  -0.036  -0.034  -0.832
  650912.320  4765942.540  649.700  3.000  0.360  0.050  10.000  130.000  10.000  10.000  0.000  0.000  0.000  80.000  0.000  0.000  0.000  0.000  40000.000  -0.445  0.120  -0.987  0.711  0.794  -0.647  -0.098  -0.049  -0.097  0.641  -0.033  -0.075  -0.035  -0.033  0.477
  651065.210  4765907.180  423.060  3.000  0.800  0.420  91.000  50.000  0.000  30.000  0.000  0.000  0.000  70.000  0.000  0.000  0.000  0.000  40000.000  0.280  1.929  0.845  -0.233  -0.347  0.047  -0.097  -0.048  -0.096  0.338  -0.032  -0.074  -0.034  -0.032  0.478
  650682.260  4764893.660  992.490  3.000  0.060  0.010  2.320  9.790  0.000  27.500  0.000  0.000  0.000  72.500  0.000  0.000  0.000  0.000  72500.000  -1.374  -1.203  -2.333  -1.596  -0.346  -0.082  -0.096  -0.047  -0.095  0.447  -0.031  -0.073  -0.033  -0.031  1.803
  651254.350  4766220.360  623.750  3.000  0.720  0.110  92.000  50.000  0.000  60.000  0.000  0.000  0.000  40.000  0.000  0.000  0.000  0.000  20000.000  0.154  0.790  0.859  -0.232  -0.345  0.832  -0.095  -0.046  -0.094  -0.455  -0.030  -0.072  -0.032  -0.030  -0.830
  651669.470  4766290.070  204.380  3.000  0.730  0.060  215.000  50.000  0.000  30.000  0.000  0.000  0.000  70.000  0.000  0.000  0.000  0.000  40000.000  0.173  0.308  1.864  -0.231  -0.344  0.048  -0.094  -0.045  -0.093  0.339  -0.029  -0.071  -0.031  -0.029  0.479
  651062.800  4765701.990  -237.880  3.000  0.170  0.330  12.700  134.000  0.000  5.000  0.000  0.000  0.000  95.000  0.000  0.000  0.000  0.000  30000.000  -0.859  1.693  -0.817  0.735  -0.343  -0.850  -0.093  -0.044  -0.092  1.382  -0.028  -0.070  -0.030  -0.028  -0.165
  651837.290  4766836.430  120.180  3.000  2.180  0.100  36.000  2280.000  20.000  0.000  0.000  0.000  10.000  70.000  0.000  0.000  0.000  0.000  60000.000  1.635  0.721  0.018  2.526  1.028  -1.374  -0.092  -0.043  1.956  0.340  -0.027  -0.069  -0.029  -0.027  1.389
  651386.210  4766691.370  120.220  3.000  1.010  0.060  110.000  50.000  0.000  50.000  0.000  0.000  0.000  50.000  0.000  0.000  0.000  0.000  40000.000  0.571  0.309  1.051  -0.229  -0.342  0.580  -0.091  -0.042  -0.091  -0.231  -0.026  -0.068  -0.028  -0.026  0.480
  651222.820  4765743.000  581.980  3.000  0.440  0.060  45.000  50.000  0.000  20.000  0.000  0.000  0.000  80.000  0.000  0.000  0.000  0.000  50000.000  -0.314  0.310  0.205  -0.228  -0.341  -0.280  -0.090  -0.041  -0.090  0.642  -0.025  -0.068  -0.027  -0.025  0.992
  650722.190  4765086.110  1070.130  3.000  0.010  0.010  23.800  4.950  0.000  10.000  0.000  0.000  0.000  90.000  0.000  0.000  0.000  0.000  10000.000  -2.176  -1.201  -0.337  -2.022  -0.340  -0.646  -0.089  -0.040  -0.089  1.036  -0.024  -0.067  -0.026  -0.024  -1.536
  651417.860  4764757.210  913.290  3.000  0.100  0.020  149.200  36.420  0.000  20.000  0.000  0.000  0.000  80.000  0.000  0.000  0.000  0.000  30000.000  -1.110  -0.728  1.361  -1.025  -0.339  -0.279  -0.088  -0.039  -0.088  0.643  -0.023  -0.066  -0.025  -0.023  -0.164
  651455.480  4765943.070  615.090  3.000  3.810  0.250  70.000  160.000  90.000  0.000  10.000  0.000  0.000  0.000  0.000  0.000  0.000  0.000  45000.000  2.367  1.438  0.599  0.832  2.176  -1.372  1.982  -0.038  -0.087  -1.775  -0.022  -0.065  -0.024  -0.022  0.771
  651202.630  4765734.320  512.230  3.000  -99.000  -99.000  -99.000  -99.000  0.000  0.000  0.000  0.000  0.000  0.000  0.000  0.000  0.000  0.000  0.000  -99.000  -99.000  -99.000  -99.000  -0.338  -1.370  -0.087  -0.037  -0.086  -1.771  -0.022  -0.064  -0.023  -0.022  -2.330
  651376.930  4765880.490  296.110  3.000  0.470  0.100  110.000  120.000  0.000  50.000  0.000  0.000  0.000  50.000  0.000  0.000  0.000  0.000  30000.000  -0.265  0.723  1.053  0.661  -0.337  0.581  -0.086  -0.037  -0.085  -0.230  -0.021  -0.063  -0.022  -0.021  -0.163
  650402.560  4764952.260  958.850  3.000  0.240  0.150  9.330  28.800  0.000  45.000  0.000  0.000  0.000  55.000  0.000  0.000  0.000  0.000  10000.000  -0.674  1.033  -1.035  -1.085  -0.336  0.473  -0.085  -0.036  -0.084  -0.122  -0.020  -0.062  -0.022  -0.020  -1.533
  651886.800  4766458.150  204.730  3.000  0.630  0.020  11.000  50.000  100.000  0.000  0.000  0.000  0.000  0.000  0.000  0.000  0.000  0.000  10000.000  -0.002  -0.727  -0.901  -0.227  2.462  -1.367  -0.084  -0.035  -0.083  -1.766  -0.019  -0.061  -0.021  -0.019  -1.530
  651411.540  4765701.620  622.630  3.000  1.960  0.100  14.000  50.000  30.000  40.000  0.000  0.000  0.000  30.000  0.000  0.000  0.000  0.000  40000.000  1.480  0.724  -0.743  -0.226  1.244  0.324  -0.083  -0.034  -0.083  -0.703  -0.018  -0.060  -0.020  -0.018  0.481
  651147.080  4766198.330  -568.190  3.000  0.080  0.030  8.200  8.000  0.000  30.000  0.000  0.000  0.000  70.000  0.000  0.000  0.000  0.000  25000.000  -1.250  -0.362  -1.081  -1.762  -0.335  0.049  -0.083  -0.033  -0.082  0.341  -0.017  -0.059  -0.019  -0.017  -0.558
  650365.670  4765048.050  982.710  3.000  0.360  0.210  24.300  46.700  0.000  60.000  0.000  0.000  0.000  40.000  0.000  0.000  0.000  0.000  45000.000  -0.444  1.290  -0.304  -0.983  -0.334  0.833  -0.082  -0.032  -0.081  -0.454  -0.016  -0.058  -0.018  -0.016  0.772
  651169.760  4765907.710  660.180  3.000  0.640  0.120  195.000  50.000  0.000  80.000  0.000  0.000  0.000  20.000  0.000  0.000  0.000  0.000  10000.000  0.019  0.883  1.718  -0.225  -0.333  1.536  -0.081  -0.031  -0.080  -0.934  -0.015  -0.057  -0.017  -0.015  -1.527
  651043.490  4765706.040  -200.800  3.000  0.320  0.180  15.300  100.500  0.000  20.000  0.000  0.000  0.000  80.000  0.000  0.000  0.000  0.000  35000.000  -0.517  1.184  -0.664  0.569  -0.332  -0.278  -0.080  -0.030  -0.079  0.644  -0.014  -0.056  -0.016  -0.014  0.169
  651478.180  4765909.180  387.000  3.000  0.500  0.060  150.000  50.000  0.000  30.000  0.000  0.000  0.000  70.000  0.000  0.000  0.000  0.000  40000.000  -0.213  0.311  1.390  -0.224  -0.331  0.050  -0.079  -0.029  -0.078  0.342  -0.013  -0.055  -0.015  -0.013  0.482
  650980.360  4765904.760  368.270  3.000  0.620  0.100  125.000  50.000  0.000  60.000  0.000  0.000  0.000  40.000  0.000  0.000  0.000  0.000  30000.000  -0.015  0.726  1.186  -0.223  -0.330  0.834  -0.078  -0.028  -0.077  -0.453  -0.012  -0.054  -0.014  -0.012  -0.162
  650287.230  4764998.200  1027.080  3.000  0.060  0.100  6.250  13.400  0.000  10.000  0.000  0.000  0.000  90.000  0.000  0.000  0.000  0.000  30000.000  -1.371  0.727  -1.184  -1.434  -0.329  -0.644  -0.077  -0.027  -0.076  1.038  -0.011  -0.053  -0.013  -0.011  -0.161
  650924.090  4764938.700  976.920  3.000  0.030  0.010  38.000  -99.000  0.000  0.000  0.000  0.000  0.000  100.000  0.000  0.000  0.000  0.000  60000.000  -1.689  -1.199  0.068  -99.000  -0.328  -1.365  -0.076  -0.026  -0.075  1.766  -0.010  -0.052  -0.012  -0.010  1.391
  651196.110  4766295.070  508.890  3.000  0.300  0.020  20.000  50.000  0.000  50.000  0.000  0.000  0.000  50.000  0.000  0.000  0.000  0.000  40000.000  -0.552  -0.726  -0.476  -0.222  -0.327  0.582  -0.075  -0.025  -0.074  -0.229  -0.009  -0.052  -0.011  -0.009  0.483
  651133.020  4765818.410  170.700  3.000  1.380  0.420  195.000  50.000  0.000  60.000  0.000  0.000  0.000  40.000  0.000  0.000  0.000  0.000  50000.000  1.004  1.935  1.723  -0.221  -0.326  0.836  -0.074  -0.024  -0.073  -0.452  -0.008  -0.051  -0.010  -0.008  0.994
  651222.340  4766026.940  725.840  3.000  0.760  0.220  73.000  50.000  0.000  50.000  0.000  0.000  0.000  50.000  0.000  0.000  0.000  0.000  30000.000  0.212  1.332  0.637  -0.220  -0.325  0.583  -0.073  -0.023  -0.072  -0.228  -0.007  -0.050  -0.009  -0.007  -0.160
  651196.320  4766295.180  468.890  3.000  0.370  0.040  25.000  50.000  0.000  20.000  0.000  0.000  0.000  80.000  0.000  0.000  0.000  0.000  20000.000  -0.421  -0.092  -0.275  -0.218  -0.324  -0.277  -0.072  -0.022  -0.071  0.646  -0.007  -0.049  -0.008  -0.007  -0.829
  651154.420  4765786.500  89.310  3.000  0.160  0.090  11.000  50.000  0.000  10.000  0.000  0.000  0.000  90.000  0.000  0.000  0.000  0.000  10000.000  -0.883  0.649  -0.899  -0.217  -0.323  -0.643  -0.071  -0.022  -0.070  1.039  -0.006  -0.048  -0.007  -0.006  -1.524
  651515.320  4766726.400  111.580  3.000  1.470  0.150  110.000  50.000  10.000  60.000  0.000  0.000  0.000  30.000  0.000  0.000  0.000  0.000  30000.000  1.112  1.035  1.055  -0.216  0.795  0.837  -0.070  -0.021  -0.069  -0.702  -0.005  -0.047  -0.007  -0.005  -0.159
  651380.670  4766134.420  676.590  3.000  1.340  0.110  55.000  50.000  0.000  70.000  0.000  0.000  0.000  30.000  0.000  0.000  0.000  0.000  30000.000  0.967  0.791  0.386  -0.215  -0.322  1.180  -0.069  -0.020  -0.068  -0.701  -0.004  -0.046  -0.006  -0.004  -0.158
  650985.590  4765715.260  -80.330  3.000  0.260  0.480  61.800  25.900  0.000  10.000  0.000  0.000  0.000  90.000  0.000  0.000  0.000  0.000  25000.000  -0.634  2.058  0.483  -1.108  -0.321  -0.642  -0.068  -0.019  -0.068  1.041  -0.003  -0.045  -0.005  -0.003  -0.557
  650980.820  4765904.470  366.350  3.000  0.460  0.150  59.000  50.000  0.000  40.000  0.000  0.000  0.000  60.000  0.000  0.000  0.000  0.000  30000.000  -0.285  1.037  0.451  -0.214  -0.320  0.325  -0.068  -0.018  -0.067  0.014  -0.002  -0.044  -0.004  -0.002  -0.157
  650820.950  4766118.010  752.880  3.000  0.090  0.030  5.000  50.000  0.000  10.000  0.000  0.000  0.000  90.000  0.000  0.000  0.000  0.000  40000.000  -1.174  -0.361  -1.442  -0.213  -0.319  -0.641  -0.067  -0.017  -0.066  1.042  -0.001  -0.043  -0.003  -0.001  0.484
  650931.270  4765933.000  572.560  3.000  0.790  0.170  51.000  50.000  0.000  40.000  0.000  0.000  0.000  60.000  0.000  0.000  0.000  0.000  50000.000  0.261  1.129  0.313  -0.212  -0.318  0.326  -0.066  -0.016  -0.065  0.015  0.000  -0.042  -0.002  0.000  0.995
  651196.010  4766295.030  526.890  3.000  0.170  0.030  15.000  50.000  0.000  70.000  0.000  0.000  0.000  30.000  0.000  0.000  0.000  0.000  10000.000  -0.857  -0.360  -0.688  -0.211  -0.317  1.182  -0.065  -0.015  -0.064  -0.700  0.001  -0.041  -0.001  0.001  -1.521
  651797.380  4766232.600  223.190  3.000  0.720  0.160  30.000  50.000  0.000  65.000  0.000  0.000  0.000  35.000  0.000  0.000  0.000  0.000  40000.000  0.155  1.087  -0.115  -0.210  -0.316  1.019  -0.064  -0.014  -0.063  -0.572  0.002  -0.040  0.000  0.002  0.485
  651853.340  4766473.100  157.220  3.000  1.940  0.210  13.000  160.000  10.000  60.000  0.000  0.000  0.000  30.000  0.000  0.000  0.000  0.000  20000.000  1.471  1.292  -0.790  0.834  0.796  0.838  -0.063  -0.013  -0.062  -0.699  0.003  -0.039  0.001  0.003  -0.828
  651505.100  4766212.090  98.550  3.000  0.050  0.850  5.000  50.000  0.000  10.000  0.000  0.000  0.000  90.000  0.000  0.000  0.000  0.000  40000.000  -1.462  2.422  -1.439  -0.209  -0.315  -0.640  -0.062  -0.012  -0.061  1.044  0.004  -0.038  0.002  0.004  0.486
  650699.660  4765741.130  597.040  3.000  -99.000  -99.000  -99.000  -99.000  0.000  40.000  0.000  0.000  0.000  58.000  0.000  2.000  0.000  0.000  35000.000  -99.000  -99.000  -99.000  -99.000  -0.314  0.327  -0.061  -0.011  -0.060  -0.105  0.005  1.943  0.003  0.005  0.170
  651888.890  4766332.720  271.880  3.000  1.270  0.450  22.000  50.000  80.000  20.000  0.000  0.000  0.000  0.000  0.000  0.000  0.000  0.000  50000.000  0.882  1.993  -0.403  -0.208  2.009  -0.276  -0.060  -0.010  -0.059  -1.762  0.006  -0.037  0.004  0.006  0.997
  651707.330  4766254.290  323.490  3.000  0.700  0.230  26.000  1090.000  0.000  30.000  0.000  0.000  0.000  70.000  0.000  0.000  0.000  0.000  30000.000  0.119  1.365  -0.237  1.905  -0.313  0.051  -0.059  -0.009  -0.058  0.343  0.007  -0.037  0.005  0.007  -0.156
  651857.900  4766361.290  125.850  3.000  0.880  0.300  5.000  50.000  100.000  0.000  0.000  0.000  0.000  0.000  0.000  0.000  0.000  0.000  10000.000  0.387  1.574  -1.436  -0.206  2.481  -1.362  -0.058  -0.008  -0.057  -1.757  0.007  -0.036  0.006  0.007  -1.518
  650087.010  4765048.100  1070.430  3.000  0.130  0.210  -99.000  -99.000  0.000  17.000  0.000  0.000  0.000  80.000  0.000  3.000  0.000  0.000  30000.000  -1.004  1.294  -99.000  -99.000  -0.312  -0.420  -0.057  -0.007  -0.056  0.647  0.008  2.241  0.007  0.008  -0.155
  650331.190  4764904.730  947.460  3.000  0.070  0.020  2.660  5.200  0.000  50.000  0.000  0.000  0.000  50.000  0.000  0.000  0.000  0.000  5000.000  -1.319  -0.724  -2.152  -1.983  -0.311  0.585  -0.056  -0.007  -0.055  -0.227  0.009  -0.035  0.007  0.009  -1.896
  651616.320  4766027.670  328.060  3.000  0.610  0.430  58.000  130.000  0.000  50.000  0.000  0.000  0.000  50.000  0.000  0.000  0.000  0.000  40000.000  -0.032  1.963  0.426  0.713  -0.310  0.586  -0.055  -0.006  -0.054  -0.226  0.010  -0.034  0.008  0.010  0.487
  651775.530  4766599.110  -19.780  3.000  0.680  0.120  38.000  50.000  0.000  70.000  0.000  0.000  0.000  30.000  0.000  0.000  0.000  0.000  30000.000  0.087  0.885  0.069  -0.205  -0.309  1.183  -0.054  -0.005  -0.053  -0.697  0.011  -0.033  0.009  0.011  -0.154
  651211.960  4765726.310  537.390  3.000  -99.000  -99.000  -99.000  -99.000  0.000  0.000  0.000  0.000  0.000  0.000  0.000  0.000  0.000  0.000  0.000  -99.000  -99.000  -99.000  -99.000  -0.308  -1.360  -0.053  -0.004  -0.052  -1.753  0.012  -0.032  0.010  0.012  -2.316
  651284.180  4764794.420  932.800  3.000  0.460  0.020  127.350  385.600  10.000  25.000  0.000  0.000  0.000  65.000  0.000  0.000  0.000  0.000  70000.000  -0.284  -0.723  1.201  1.222  0.798  -0.115  -0.052  -0.003  -0.052  0.157  0.013  -0.031  0.011  0.013  1.727
  651516.480  4765920.150  352.800  3.000  0.570  0.040  82.000  50.000  0.000  60.000  0.000  0.000  0.000  40.000  0.000  0.000  0.000  0.000  30000.000  -0.090  -0.091  0.734  -0.204  -0.307  0.840  -0.052  -0.002  -0.051  -0.451  0.014  -0.030  0.012  0.014  -0.153
  651525.790  4766719.260  -85.700  3.000  0.980  0.330  24.000  50.000  30.000  70.000  0.000  0.000  0.000  0.000  0.000  0.000  0.000  0.000  35000.000  0.524  1.697  -0.317  -0.203  1.246  1.185  -0.051  -0.001  -0.050  -1.749  0.015  -0.029  0.013  0.015  0.171
  651168.390  4765668.030  -420.700  3.000  0.190  0.050  5.590  25.000  0.000  30.000  0.000  0.000  0.000  70.000  0.000  0.000  0.000  0.000  25000.000  -0.804  0.122  -1.227  -1.136  -0.306  0.052  -0.050  0.000  -0.049  0.344  0.016  -0.028  0.014  0.016  -0.556
  651332.670  4766672.330  91.840  3.000  -99.000  -99.000  -99.000  -99.000  0.000  35.000  0.000  0.000  0.000  65.000  0.000  0.000  0.000  0.000  20000.000  -99.000  -99.000  -99.000  -99.000  -0.305  0.183  -0.049  0.001  -0.048  0.158  0.017  -0.027  0.015  0.017  -0.826
  650316.290  4764998.970  1110.140  3.000  0.030  0.000  4.270  19.900  0.000  0.000  0.000  0.000  0.000  100.000  0.000  0.000  0.000  0.000  10000.000  -1.685  -1.739  -1.882  -1.255  -0.304  -1.358  -0.048  0.002  -0.047  1.771  0.018  -0.026  0.016  0.018  -1.515
  651475.140  4766033.840  547.520  3.000  0.010  0.000  5.000  50.000  10.000  70.000  0.000  0.000  0.000  20.000  0.000  0.000  0.000  0.000  30000.000  -2.165  -1.734  -1.433  -0.202  0.799  1.187  -0.047  0.003  -0.046  -0.933  0.019  -0.025  0.017  0.019  -0.152
  651319.790  4765687.820  372.520  3.000  0.090  0.060  5.000  50.000  0.000  20.000  0.000  0.000  0.000  80.000  0.000  0.000  0.000  0.000  30000.000  -1.172  0.312  -1.430  -0.201  -0.304  -0.275  -0.046  0.004  -0.045  0.648  0.020  -0.024  0.018  0.020  -0.151
  651452.800  4766733.770  289.560  3.000  -99.000  -99.000  -99.000  -99.000  0.000  70.000  0.000  0.000  0.000  30.000  0.000  0.000  0.000  0.000  30000.000  -99.000  -99.000  -99.000  -99.000  -0.303  1.189  -0.045  0.005  -0.044  -0.696  0.021  -0.023  0.019  0.021  -0.150
  651377.320  4765879.980  298.000  3.000  0.520  0.110  105.000  50.000  0.000  50.000  0.000  0.000  0.000  50.000  0.000  0.000  0.000  0.000  30000.000  -0.182  0.792  0.994  -0.200  -0.302  0.587  -0.044  0.006  -0.043  -0.225  0.022  -0.022  0.020  0.022  -0.150
  651337.360  4766001.440  581.090  3.000  0.490  0.040  120.000  50.000  0.000  70.000  0.000  0.000  0.000  30.000  0.000  0.000  0.000  0.000  30000.000  -0.238  -0.090  1.145  -0.199  -0.301  1.191  -0.043  0.007  -0.042  -0.695  0.022  -0.022  0.021  0.022  -0.149
  650781.600  4766143.830  893.200  3.000  0.490  0.080  12.000  50.000  0.000  30.000  0.000  0.000  0.000  70.000  0.000  0.000  0.000  0.000  40000.000  -0.237  0.562  -0.857  -0.198  -0.300  0.052  -0.042  0.007  -0.041  0.345  0.023  -0.021  0.022  0.023  0.488
  651771.900  4766510.730  39.530  3.000  0.850  0.110  26.000  280.000  0.000  35.000  0.000  0.000  0.000  65.000  0.000  0.000  0.000  0.000  30000.000  0.352  0.794  -0.236  1.110  -0.299  0.184  -0.041  0.008  -0.040  0.159  0.024  -0.020  0.022  0.024  -0.148
  650748.380  4765733.470  481.100  3.000  0.570  0.090  76.200  2.900  0.000  30.000  0.000  0.000  0.000  68.000  0.000  2.000  0.000  0.000  20000.000  -0.089  0.650  0.676  -2.553  -0.298  0.053  -0.040  0.009  -0.039  0.192  0.025  1.950  0.023  0.025  -0.825
  651365.970  4766151.420  648.460  3.000  1.260  0.090  105.000  50.000  0.000  70.000  0.000  0.000  0.000  30.000  0.000  0.000  0.000  0.000  30000.000  0.868  0.651  0.996  -0.197  -0.297  1.193  -0.039  0.010  -0.038  -0.694  0.026  -0.019  0.024  0.026  -0.147
  651019.330  4765698.800  634.020  3.000  0.200  0.040  11.000  50.000  0.000  60.000  0.000  0.000  0.000  40.000  0.000  0.000  0.000  0.000  20000.000  -0.781  -0.089  -0.897  -0.195  -0.296  0.841  -0.038  0.011  -0.037  -0.449  0.027  -0.018  0.025  0.027  -0.824
  651488.610  4766742.450  77.740  3.000  1.430  0.340  135.000  50.000  0.000  60.000  0.000  0.000  0.000  40.000  0.000  0.000  0.000  0.000  30000.000  1.059  1.729  1.257  -0.194  -0.295  0.842  -0.037  0.012  -0.037  -0.448  0.028  -0.017  0.026  0.028  -0.146
  651133.760  4765225.230  388.200  3.000  0.100  0.020  32.000  50.000  0.000  0.000  0.000  0.000  0.000  100.000  0.000  0.000  0.000  0.000  30000.000  -1.108  -0.721  -0.071  -0.193  -0.294  -1.355  -0.037  0.013  -0.036  1.775  0.029  -0.016  0.027  0.029  -0.145
  651731.570  4766006.910  113.330  3.000  0.410  0.440  29.000  110.000  0.000  35.000  0.000  0.000  0.000  65.000  0.000  0.000  0.000  0.000  40000.000  -0.359  1.978  -0.146  0.601  -0.293  0.185  -0.036  0.014  -0.035  0.160  0.030  -0.015  0.028  0.030  0.489
  650394.000  4764802.180  1102.450  3.000  0.050  0.010  8.150  13.950  0.000  0.000  0.000  0.000  0.000  100.000  0.000  0.000  0.000  0.000  5000.000  -1.459  -1.197  -1.084  -1.419  -0.292  -1.353  -0.035  0.015  -0.034  1.780  0.031  -0.014  0.029  0.031  -1.890
  650964.400  4765914.710  435.700  3.000  0.360  0.040  26.000  50.000  0.000  50.000  0.000  0.000  0.000  50.000  0.000  0.000  0.000  0.000  30000.000  -0.443  -0.088  -0.234  -0.192  -0.291  0.588  -0.034  0.016  -0.033  -0.224  0.032  -0.013  0.030  0.032  -0.144
  650900.010  4766059.650  448.370  3.000  0.610  0.040  60.000  50.000  0.000  60.000  0.000  0.000  0.000  40.000  0.000  0.000  0.000  0.000  20000.000  -0.031  -0.087  0.463  -0.191  -0.290  0.844  -0.033  0.017  -0.032  -0.447  0.033  -0.012  0.031  0.033  -0.822
  651287.530  4765680.170  409.430  3.000  0.240  0.020  19.000  50.000  0.000  20.000  0.000  0.000  0.000  80.000  0.000  0.000  0.000  0.000  30000.000  -0.673  -0.720  -0.508  -0.190  -0.289  -0.274  -0.032  0.018  -0.031  0.649  0.034  -0.011  0.032  0.034  -0.143
  651675.830  4765519.600  125.020  3.000  0.490  0.130  54.000  50.000  0.000  20.000  0.000  0.000  0.000  80.000  0.000  0.000  0.000  0.000  30000.000  -0.236  0.950  0.363  -0.189  -0.288  -0.273  -0.031  0.019  -0.030  0.650  0.035  -0.010  0.033  0.035  -0.142
  650407.460  4765003.620  959.850  3.000  0.270  0.240  21.700  20.100  0.000  15.000  0.000  0.000  0.000  85.000  0.000  0.000  0.000  0.000  25000.000  -0.613  1.401  -0.419  -1.245  -0.287  -0.444  -0.030  0.020  -0.029  0.858  0.036  -0.009  0.034  0.036  -0.555
  651270.100  4766572.350  79.210  3.000  -99.000  -99.000  -99.000  -99.000  10.000  60.000  0.000  0.000  0.000  30.000  0.000  0.000  0.000  0.000  15000.000  -99.000  -99.000  -99.000  -99.000  0.800  0.845  -0.029  0.021  -0.028  -0.693  0.037  -0.008  0.035  0.037  -1.115
  650787.020  4765729.020  386.840  3.000  0.350  0.060  59.000  8.900  0.000  40.000  0.000  0.000  0.000  60.000  0.000  0.000  0.000  0.000  20000.000  -0.461  0.313  0.452  -1.664  -0.286  0.328  -0.028  0.022  -0.027  0.016  0.037  -0.007  0.036  0.037  -0.821
  651324.760  4765680.080  405.250  3.000  0.100  0.030  5.000  110.000  0.000  20.000  0.000  0.000  0.000  80.000  0.000  0.000  0.000  0.000  20000.000  -1.106  -0.359  -1.427  0.602  -0.285  -0.272  -0.027  0.022  -0.026  0.651  0.038  -0.007  0.037  0.038  -0.820
  651747.140  4765984.740  197.050  3.000  0.110  0.120  15.000  50.000  0.000  20.000  0.000  0.000  0.000  80.000  0.000  0.000  0.000  0.000  50000.000  -1.072  0.886  -0.686  -0.188  -0.284  -0.271  -0.026  0.023  -0.025  0.653  0.039  -0.006  0.037  0.039  0.998
  650739.780  4765734.770  501.310  3.000  -99.000  -99.000  -99.000  -99.000  5.000  60.000  0.000  0.000  0.000  33.000  0.000  2.000  0.000  0.000  15000.000  -99.000  -99.000  -99.000  -99.000  0.646  0.846  -0.025  0.024  -0.024  -0.579  0.040  1.956  0.038  0.040  -1.113
  651167.750  4766334.620  -173.780  3.000  -99.000  -99.000  -99.000  -99.000  0.000  20.000  0.000  0.000  0.000  80.000  0.000  0.000  0.000  0.000  20000.000  -99.000  -99.000  -99.000  -99.000  -0.283  -0.270  -0.024  0.025  -0.023  0.654  0.041  -0.005  0.039  0.041  -0.818
  651109.750  4765849.640  256.250  3.000  0.520  0.160  23.000  50.000  0.000  40.000  0.000  0.000  0.000  60.000  0.000  0.000  0.000  0.000  40000.000  -0.181  1.089  -0.366  -0.187  -0.282  0.329  -0.023  0.026  -0.022  0.017  0.042  -0.004  0.040  0.042  0.490
  651115.020  4766196.600  -488.410  3.000  0.080  0.050  14.750  10.100  0.000  20.000  0.000  0.000  0.000  80.000  0.000  0.000  0.000  0.000  30000.000  -1.248  0.123  -0.709  -1.577  -0.281  -0.269  -0.022  0.027  -0.022  0.655  0.043  -0.003  0.041  0.043  -0.141
  650386.290  4764950.790  858.160  3.000  0.040  0.000  5.410  7.700  0.000  50.000  0.000  0.000  0.000  50.000  0.000  0.000  0.000  0.000  1000.000  -1.564  -1.729  -1.239  -1.782  -0.280  0.589  -0.022  0.028  -0.021  -0.223  0.044  -0.002  0.042  0.044  -2.069
  651454.810  4766052.660  478.900  3.000  0.570  0.160  44.000  50.000  0.000  60.000  0.000  0.000  0.000  40.000  0.000  0.000  0.000  0.000  20000.000  -0.088  1.090  0.187  -0.186  -0.279  0.848  -0.021  0.029  -0.020  -0.446  0.045  -0.001  0.043  0.045  -0.817
  650246.850  4765075.850  951.790  3.000  0.170  0.080  28.700  67.880  0.000  15.000  0.000  0.000  0.000  85.000  0.000  0.000  0.000  0.000  20000.000  -0.856  0.563  -0.162  0.487  -0.278  -0.443  -0.020  0.030  -0.019  0.860  0.046  0.000  0.044  0.046  -0.816
  651497.410  4765945.130  419.790  3.000  0.790  0.040  255.000  50.000  0.000  70.000  0.000  0.000  0.000  30.000  0.000  0.000  0.000  0.000  30000.000  0.263  -0.086  2.056  -0.185  -0.277  1.195  -0.019  0.031  -0.018  -0.691  0.047  0.001  0.045  0.047  -0.140
  650502.440  4765033.840  986.700  3.000  0.090  0.030  18.880  5.680  0.000  10.000  0.000  0.000  0.000  90.000  0.000  0.000  0.000  0.000  40000.000  -1.170  -0.358  -0.531  -1.960  -0.276  -0.639  -0.018  0.032  -0.017  1.046  0.048  0.002  0.046  0.048  0.491
  650398.080  4765003.650  904.640  3.000  0.170  0.280  29.800  128.000  0.000  30.000  0.000  0.000  0.000  70.000  0.000  0.000  0.000  0.000  20000.000  -0.854  1.516  -0.133  0.695  -0.275  0.054  -0.017  0.033  -0.016  0.346  0.049  0.003  0.047  0.049  -0.815
  651396.280  4766115.660  424.780  3.000  0.080  0.020  110.000  50.000  0.000  90.000  0.000  0.000  0.000  10.000  0.000  0.000  0.000  0.000  10000.000  -1.246  -0.719  1.056  -0.184  -0.274  1.817  -0.016  0.034  -0.015  -1.193  0.050  0.004  0.048  0.050  -1.512
  651046.030  4765950.510  552.270  3.000  0.490  0.110  17.000  50.000  0.000  50.000  0.000  0.000  0.000  50.000  0.000  0.000  0.000  0.000  20000.000  -0.235  0.795  -0.605  -0.182  -0.273  0.590  -0.015  0.035  -0.014  -0.222  0.051  0.005  0.049  0.051  -0.813
  651393.830  4766119.470  701.640  3.000  1.150  0.110  12.000  50.000  0.000  60.000  0.000  0.000  0.000  40.000  0.000  0.000  0.000  0.000  30000.000  0.738  0.797  -0.856  -0.181  -0.272  0.849  -0.014  0.036  -0.013  -0.445  0.052  0.006  0.050  0.052  -0.139
  651881.250  4766339.410  237.340  3.000  0.620  0.070  5.000  50.000  5.000  35.000  0.000  0.000  0.000  60.000  0.000  0.000  0.000  0.000  30000.000  -0.014  0.448  -1.424  -0.180  0.647  0.186  -0.013  0.037  -0.012  0.018  0.052  0.007  0.051  0.052  -0.138
  650868.720  4764835.630  1051.340  3.000  0.080  0.000  17.630  224.500  0.000  0.000  0.000  0.000  0.000  100.000  0.000  0.000  0.000  0.000  20000.000  -1.243  -1.724  -0.582  1.002  -0.271  -1.351  -0.012  0.037  -0.011  1.784  0.053  0.007  0.052  0.053  -0.812
  650321.170  4765033.240  949.270  3.000  0.080  0.060  12.350  10.900  0.000  10.000  0.000  0.000  0.000  90.000  0.000  0.000  0.000  0.000  100000.000  -1.241  0.314  -0.832  -1.541  -0.270  -0.638  -0.011  0.038  -0.010  1.047  0.054  0.008  0.052  0.054  2.017
  651139.970  4765232.770  403.320  3.000  0.210  0.060  16.000  50.000  0.000  10.000  0.000  0.000  0.000  90.000  0.000  0.000  0.000  0.000  30000.000  -0.748  0.315  -0.638  -0.179  -0.269  -0.636  -0.010  0.039  -0.009  1.049  0.055  0.009  0.053  0.055  -0.137
  651902.330  4766450.940  226.880  3.000  0.900  0.230  30.000  50.000  0.000  70.000  0.000  0.000  0.000  30.000  0.000  0.000  0.000  0.000  30000.000  0.423  1.368  -0.114  -0.178  -0.268  1.197  -0.009  0.040  -0.008  -0.690  0.056  0.010  0.054  0.056  -0.136
  651350.460  4766169.500  618.860  3.000  0.780  0.050  33.000  50.000  0.000  50.000  0.000  0.000  0.000  50.000  0.000  0.000  0.000  0.000  30000.000  0.240  0.124  -0.049  -0.177  -0.267  0.591  -0.008  0.041  -0.007  -0.221  0.057  0.011  0.055  0.057  -0.135
  651358.510  4765982.960  647.380  3.000  1.090  0.040  200.000  210.000  10.000  60.000  0.000  0.000  0.000  30.000  0.000  0.000  0.000  0.000  40000.000  0.671  -0.085  1.776  0.977  0.802  0.850  -0.007  0.042  -0.007  -0.689  0.058  0.012  0.056  0.058  0.492
  650982.240  4765715.660  -73.080  3.000  0.300  0.280  42.400  8.800  0.000  15.000  0.000  0.000  0.000  85.000  0.000  0.000  0.000  0.000  30000.000  -0.550  1.519  0.155  -1.677  -0.266  -0.442  -0.007  0.043  -0.006  0.861  0.059  0.013  0.057  0.059  -0.134
  650653.240  4765471.900  191.970  3.000  0.220  0.320  89.400  49.300  0.000  15.000  0.000  0.000  0.000  85.000  0.000  0.000  0.000  0.000  60000.000  -0.716  1.623  0.826  -0.972  -0.265  -0.441  -0.006  0.044  -0.005  0.863  0.060  0.014  0.058  0.060  1.394
  650177.760  4764997.850  1066.020  3.000  0.180  0.120  15.000  132.000  0.000  10.000  0.000  0.000  0.000  90.000  0.000  0.000  0.000  0.000  30000.000  -0.828  0.888  -0.685  0.732  -0.264  -0.635  -0.005  0.045  -0.004  1.051  0.061  0.015  0.059  0.061  -0.133
  651647.960  4766338.500  306.140  3.000  0.010  0.030  5.000  50.000  0.000  0.000  0.000  0.000  0.000  100.000  0.000  0.000  0.000  0.000  20000.000  -2.154  -0.356  -1.421  -0.176  -0.264  -1.348  -0.004  0.046  -0.003  1.789  0.062  0.016  0.060  0.062  -0.811
  651590.930  4766572.450  375.140  3.000  1.230  0.110  21.000  50.000  0.000  60.000  0.000  0.000  0.000  40.000  0.000  0.000  0.000  0.000  40000.000  0.828  0.798  -0.433  -0.175  -0.263  0.852  -0.003  0.047  -0.002  -0.444  0.063  0.017  0.061  0.063  0.493
  651142.520  4765639.100  600.210  3.000  0.180  0.020  61.000  50.000  0.000  10.000  0.000  0.000  0.000  90.000  0.000  0.000  0.000  0.000  20000.000  -0.826  -0.717  0.479  -0.174  -0.262  -0.634  -0.002  0.048  -0.001  1.052  0.064  0.018  0.062  0.064  -0.809
  651128.640  4765824.560  187.040  3.000  0.550  0.300  34.000  50.000  0.000  50.000  0.000  0.000  0.000  50.000  0.000  0.000  0.000  0.000  30000.000  -0.125  1.578  -0.029  -0.173  -0.261  0.592  -0.001  0.049  0.000  -0.220  0.065  0.019  0.063  0.065  -0.133
  650724.950  4765088.880  1060.930  3.000  0.010  0.010  34.100  5.110  0.000  10.000  0.000  0.000  0.000  90.000  0.000  0.000  0.000  0.000  10000.000  -2.143  -1.195  -0.017  -1.990  -0.260  -0.633  0.000  0.050  0.001  1.054  0.066  0.020  0.064  0.066  -1.509
  650689.630  4765742.720  620.980  3.000  0.360  0.080  36.000  144.500  0.000  10.000  0.000  0.000  0.000  90.000  0.000  0.000  0.000  0.000  60000.000  -0.442  0.565  0.019  0.788  -0.259  -0.632  0.001  0.051  0.002  1.055  0.067  0.021  0.065  0.067  1.396
  651726.540  4766572.560  217.270  3.000  1.160  0.120  140.000  50.000  0.000  90.000  0.000  0.000  0.000  10.000  0.000  0.000  0.000  0.000  60000.000  0.756  0.889  1.302  -0.172  -0.258  1.822  0.002  0.052  0.003  -1.191  0.068  0.022  0.066  0.068  1.399
  651466.510  4766779.430  155.810  3.000  -99.000  -99.000  -99.000  -99.000  0.000  40.000  0.000  0.000  0.000  60.000  0.000  0.000  0.000  0.000  30000.000  -99.000  -99.000  -99.000  -99.000  -0.257  0.330  0.003  0.052  0.004  0.019  0.068  0.022  0.067  0.068  -0.132
  650692.580  4764881.230  1093.150  3.000  0.130  0.020  17.160  141.270  10.000  30.000  0.000  0.000  0.000  60.000  0.000  0.000  0.000  0.000  80000.000  -1.002  -0.716  -0.587  0.786  0.803  0.055  0.004  0.053  0.005  0.020  0.069  0.023  0.068  0.069  1.874
  651381.480  4766133.470  678.150  3.000  1.140  0.060  84.000  50.000  0.000  70.000  0.000  0.000  0.000  30.000  0.000  0.000  0.000  0.000  30000.000  0.723  0.317  0.766  -0.170  -0.256  1.199  0.005  0.054  0.006  -0.688  0.070  0.024  0.068  0.070  -0.131
  651191.670  4765658.490  -456.180  3.000  0.150  0.020  22.500  13.400  0.000  10.000  0.000  0.000  0.000  90.000  0.000  0.000  0.000  0.000  10000.000  -0.924  -0.715  -0.381  -1.431  -0.255  -0.631  0.006  0.055  0.007  1.057  0.071  0.025  0.069  0.071  -1.506
  650472.270  4764921.670  1108.430  3.000  0.920  0.380  38.400  41.600  10.000  30.000  30.000  0.000  0.000  30.000  0.000  0.000  0.000  0.000  70000.000  0.446  1.825  0.083  -1.002  0.804  0.056  2.524  0.056  0.007  -0.687  0.072  0.026  0.070  0.072  1.731
  651071.230  4765646.440  376.380  3.000  1.440  0.260  78.000  50.000  0.000  45.000  0.000  0.000  0.000  55.000  0.000  0.000  0.000  0.000  40000.000  1.068  1.468  0.701  -0.169  -0.254  0.475  0.007  0.057  0.008  -0.121  0.073  0.027  0.071  0.073  0.495
  651400.350  4766682.920  137.680  3.000  0.870  0.210  195.000  50.000  0.000  50.000  0.000  0.000  0.000  50.000  0.000  0.000  0.000  0.000  40000.000  0.379  1.297  1.727  -0.168  -0.253  0.593  0.007  0.058  0.009  -0.219  0.074  0.028  0.072  0.074  0.496
  650684.800  4764890.360  1018.150  3.000  0.040  0.010  1.430  5.070  0.000  20.000  0.000  0.000  0.000  80.000  0.000  0.000  0.000  0.000  80000.000  -1.560  -1.193  -2.589  -1.998  -0.252  -0.268  0.008  0.059  0.010  0.656  0.075  0.029  0.073  0.075  1.879
  650712.830  4764909.840  986.640  3.000  0.050  0.010  5.270  110.000  0.000  10.000  0.000  0.000  0.000  90.000  0.000  0.000  0.000  0.000  45000.000  -1.456  -1.191  -1.250  0.604  -0.251  -0.630  0.009  0.060  0.011  1.059  0.076  0.030  0.074  0.076  0.773
  651031.280  4765687.450  578.410  3.000  0.450  0.150  30.000  150.000  0.000  40.000  0.000  0.000  0.000  60.000  0.000  0.000  0.000  0.000  30000.000  -0.304  1.039  -0.113  0.798  -0.250  0.331  0.010  0.061  0.012  0.021  0.077  0.031  0.075  0.077  -0.130
  650099.740  4764995.820  928.640  3.000  0.050  0.000  1.460  6.000  0.000  25.000  0.000  0.000  0.000  75.000  0.000  0.000  0.000  0.000  10000.000  -1.453  -1.720  -2.560  -1.898  -0.249  -0.114  0.011  0.062  0.013  0.475  0.078  0.032  0.076  0.078  -1.503
  651402.270  4766072.890  720.090  3.000  1.250  0.020  32.000  50.000  0.000  30.000  0.000  0.000  0.000  70.000  0.000  0.000  0.000  0.000  50000.000  0.850  -0.713  -0.070  -0.167  -0.248  0.057  0.012  0.063  0.014  0.347  0.079  0.033  0.077  0.079  1.000
  651425.760  4766140.850  478.190  3.000  0.670  0.050  41.000  130.000  0.000  70.000  0.000  0.000  0.000  30.000  0.000  0.000  0.000  0.000  35000.000  0.074  0.125  0.124  0.714  -0.247  1.201  0.013  0.064  0.015  -0.685  0.080  0.034  0.078  0.080  0.172
  651508.360  4765930.800  381.860  3.000  0.350  0.030  155.000  50.000  0.000  70.000  0.000  0.000  0.000  30.000  0.000  0.000  0.000  0.000  25000.000  -0.460  -0.355  1.424  -0.166  -0.246  1.203  0.014  0.065  0.016  -0.684  0.081  0.035  0.079  0.081  -0.554
  650678.070  4765744.560  648.600  3.000  0.240  0.030  34.500  47.500  0.000  15.000  0.000  0.000  0.000  85.000  0.000  0.000  0.000  0.000  30000.000  -0.671  -0.354  -0.013  -0.979  -0.245  -0.440  0.015  0.066  0.017  0.864  0.082  0.036  0.080  0.082  -0.129
  651367.320  4766703.210  97.270  3.000  0.810  0.170  54.000  50.000  0.000  60.000  0.000  0.000  0.000  40.000  0.000  0.000  0.000  0.000  40000.000  0.302  1.131  0.364  -0.165  -0.244  0.853  0.016  0.067  0.018  -0.443  0.083  0.037  0.081  0.083  0.497
  650498.490  4765033.600  977.520  3.000  0.160  0.040  25.270  4.550  0.000  10.000  0.000  0.000  0.000  90.000  0.000  0.000  0.000  0.000  50000.000  -0.882  -0.084  -0.253  -2.103  -0.243  -0.628  0.017  0.068  0.019  1.060  0.083  0.037  0.082  0.083  1.001
  650467.420  4765031.640  903.820  3.000  0.110  0.040  13.090  5.010  0.000  5.000  0.000  0.000  0.000  95.000  0.000  0.000  0.000  0.000  50000.000  -1.070  -0.083  -0.784  -2.006  -0.242  -0.849  0.018  0.068  0.020  1.384  0.084  0.038  0.083  0.084  1.003
  650333.790  4764885.810  991.500  3.000  0.080  0.000  6.270  11.800  0.000  50.000  0.000  0.000  0.000  50.000  0.000  0.000  0.000  0.000  5000.000  -1.239  -1.715  -1.182  -1.493  -0.241  0.595  0.019  0.069  0.021  -0.218  0.085  0.039  0.083  0.085  -1.885
  651318.910  4765689.190  366.750  3.000  0.150  0.030  5.000  50.000  0.000  20.000  0.000  0.000  0.000  80.000  0.000  0.000  0.000  0.000  30000.000  -0.923  -0.353  -1.418  -0.164  -0.240  -0.267  0.020  0.070  0.022  0.657  0.086  0.040  0.084  0.086  -0.128
  650894.840  4765725.010  122.030  3.000  0.210  0.050  41.900  9.600  0.000  30.000  0.000  0.000  0.000  70.000  0.000  0.000  0.000  0.000  35000.000  -0.746  0.126  0.133  -1.599  -0.239  0.058  0.021  0.071  0.022  0.348  0.087  0.041  0.085  0.087  0.173
  651802.050  4766496.200  84.420  3.000  0.950  0.270  18.000  50.000  30.000  20.000  0.000  0.000  0.000  50.000  0.000  0.000  0.000  0.000  20000.000  0.481  1.490  -0.561  -0.163  1.248  -0.266  0.022  0.072  0.023  -0.217  0.088  0.042  0.086  0.088  -0.808
  650070.630  4764993.120  1070.010  3.000  0.130  0.060  10.300  18.000  0.000  20.000  0.000  0.000  0.000  80.000  0.000  0.000  0.000  0.000  20000.000  -1.000  0.318  -0.957  -1.308  -0.238  -0.265  0.022  0.073  0.024  0.658  0.089  0.043  0.087  0.089  -0.807
  651814.080  4766227.840  419.770  3.000  1.320  0.040  84.000  50.000  0.000  80.000  0.000  0.000  0.000  20.000  0.000  0.000  0.000  0.000  30000.000  0.942  -0.082  0.767  -0.162  -0.237  1.539  0.023  0.074  0.025  -0.931  0.090  0.044  0.088  0.090  -0.127
  651569.420  4766015.560  324.450  3.000  0.490  0.130  125.000  50.000  0.000  50.000  0.000  0.000  0.000  50.000  0.000  0.000  0.000  0.000  30000.000  -0.233  0.951  1.188  -0.161  -0.236  0.596  0.024  0.075  0.026  -0.216  0.091  0.045  0.089  0.091  -0.126
  651314.540  4765696.010  337.860  3.000  0.030  0.010  5.000  50.000  0.000  10.000  0.000  0.000  0.000  90.000  0.000  0.000  0.000  0.000  30000.000  -1.680  -1.188  -1.416  -0.160  -0.235  -0.627  0.025  0.076  0.027  1.062  0.092  0.046  0.090  0.092  -0.125
  651818.110  4766442.000  272.760  3.000  0.420  0.070  17.000  50.000  0.000  30.000  0.000  0.000  0.000  70.000  0.000  0.000  0.000  0.000  30000.000  -0.346  0.449  -0.604  -0.159  -0.235  0.059  0.026  0.077  0.028  0.349  0.093  0.047  0.091  0.093  -0.124
  650533.490  4764950.600  1093.250  3.000  0.250  0.060  28.200  93.600  0.000  20.000  0.000  0.000  0.000  80.000  0.000  0.000  0.000  0.000  35000.000  -0.653  0.319  -0.165  0.541  -0.234  -0.264  0.027  0.078  0.029  0.660  0.094  0.048  0.092  0.094  0.174
  650534.160  4765468.970  661.020  3.000  0.320  0.340  55.400  46.100  0.000  10.000  0.000  0.000  0.000  90.000  0.000  0.000  0.000  0.000  50000.000  -0.515  1.734  0.394  -0.986  -0.233  -0.626  0.028  0.079  0.030  1.064  0.095  0.049  0.093  0.095  1.004
  651141.030  4765806.370  139.930  3.000  0.290  0.100  10.000  50.000  0.000  40.000  0.000  0.000  0.000  60.000  0.000  0.000  0.000  0.000  20000.000  -0.574  0.728  -0.986  -0.157  -0.232  0.332  0.029  0.080  0.031  0.022  0.096  0.050  0.094  0.096  -0.805
  650735.900  4765735.360  510.500  3.000  0.770  0.070  139.000  4.700  0.000  45.000  0.000  0.000  0.000  52.000  0.000  3.000  0.000  0.000  20000.000  0.226  0.450  1.278  -2.075  -0.231  0.476  0.030  0.081  0.032  -0.141  0.097  2.252  0.095  0.097  -0.804
  650959.850  4765917.500  454.970  3.000  0.460  0.090  43.000  50.000  0.000  60.000  0.000  0.000  0.000  40.000  0.000  0.000  0.000  0.000  40000.000  -0.283  0.653  0.169  -0.156  -0.230  0.854  0.031  0.082  0.033  -0.442  0.098  0.051  0.096  0.098  0.498
  651539.280  4765886.810  333.700  3.000  0.390  0.020  96.000  270.000  0.000  60.000  0.000  0.000  0.000  40.000  0.000  0.000  0.000  0.000  30000.000  -0.389  -0.712  0.904  1.083  -0.229  0.856  0.032  0.083  0.034  -0.441  0.099  0.052  0.097  0.099  -0.123
  651545.660  4766709.720  -57.240  3.000  1.160  0.410  25.000  260.000  30.000  50.000  0.000  0.000  0.000  20.000  0.000  0.000  0.000  0.000  40000.000  0.758  1.890  -0.273  1.066  1.250  0.597  0.033  0.083  0.035  -0.930  0.099  0.052  0.098  0.099  0.499
  651146.220  4765798.550  120.030  3.000  0.410  0.100  195.000  50.000  0.000  40.000  0.000  0.000  0.000  60.000  0.000  0.000  0.000  0.000  20000.000  -0.358  0.730  1.732  -0.155  -0.228  0.333  0.034  0.084  0.036  0.022  0.100  0.053  0.099  0.100  -0.803
  650472.280  4764922.030  1118.420  3.000  2.250  0.680  19.580  80.650  0.000  32.500  37.500  0.000  0.000  30.000  0.000  0.000  0.000  0.000  75000.000  1.672  2.275  -0.490  0.511  -0.227  0.151  2.692  0.085  0.037  -0.683  0.101  0.054  0.099  0.101  1.808
  651284.180  4764794.420  896.800  3.000  0.280  0.060  108.760  501.850  10.000  10.000  0.000  0.000  0.000  80.000  0.000  0.000  0.000  0.000  100000.000  -0.593  0.320  1.026  1.368  0.805  -0.625  0.035  0.086  0.037  0.661  0.102  0.055  0.100  0.102  2.024
  651571.050  4766135.960  470.190  3.000  0.710  1.290  105.000  170.000  0.000  20.000  0.000  0.000  0.000  80.000  0.000  0.000  0.000  0.000  50000.000  0.138  2.835  0.998  0.872  -0.226  -0.264  0.036  0.087  0.038  0.662  0.103  0.056  0.101  0.103  1.006
  650915.080  4765723.080  76.350  3.000  0.150  0.020  25.200  10.100  0.000  23.000  0.000  0.000  0.000  75.000  0.000  2.000  0.000  0.000  40000.000  -0.921  -0.711  -0.254  -1.573  -0.225  -0.136  0.037  0.088  0.039  0.476  0.104  1.962  0.102  0.104  0.500
  651632.180  4766461.450  440.350  3.000  0.020  0.000  5.000  50.000  0.000  0.000  0.000  0.000  0.000  100.000  0.000  0.000  0.000  0.000  10000.000  -1.837  -1.711  -1.413  -0.154  -0.224  -1.346  0.037  0.089  0.040  1.793  0.105  0.057  0.103  0.105  -1.501
  651130.010  4766353.200  -157.160  3.000  -99.000  -99.000  -99.000  -99.000  0.000  20.000  0.000  0.000  0.000  80.000  0.000  0.000  0.000  0.000  10000.000  -99.000  -99.000  -99.000  -99.000  -0.223  -0.263  0.038  0.090  0.041  0.663  0.106  0.058  0.104  0.106  -1.498
  651497.770  4766227.320  66.760  3.000  0.640  0.090  32.000  50.000  0.000  70.000  0.000  0.000  0.000  30.000  0.000  0.000  0.000  0.000  30000.000  0.020  0.654  -0.069  -0.153  -0.222  1.204  0.039  0.091  0.042  -0.682  0.107  0.059  0.105  0.107  -0.122
  651230.740  4766406.380  399.010  3.000  0.540  0.070  4.080  11.900  0.000  43.000  0.000  0.000  0.000  57.000  0.000  0.000  0.000  0.000  19300.000  -0.146  0.452  -1.948  -1.487  -0.221  0.458  0.040  0.092  0.043  -0.108  0.108  0.060  0.106  0.108  -1.034
  650697.050  4765160.790  1007.880  3.000  0.280  0.030  73.130  9.400  0.000  20.000  0.000  0.000  0.000  80.000  0.000  0.000  0.000  0.000  50000.000  -0.592  -0.352  0.645  -1.615  -0.220  -0.262  0.041  0.093  0.044  0.664  0.109  0.061  0.107  0.109  1.008
  651491.400  4766045.320  533.270  3.000  0.980  0.020  105.000  50.000  20.000  80.000  0.000  0.000  0.000  0.000  0.000  0.000  0.000  0.000  20000.000  0.525  -0.709  0.999  -0.152  1.030  1.542  0.042  0.094  0.045  -1.744  0.110  0.062  0.108  0.110  -0.802
  651168.170  4764774.030  988.320  3.000  0.780  0.030  137.020  367.850  0.000  20.000  0.000  0.000  0.000  80.000  0.000  0.000  0.000  0.000  60000.000  0.241  -0.351  1.276  1.202  -0.219  -0.261  0.043  0.095  0.046  0.665  0.111  0.063  0.109  0.111  1.401
  650246.660  4765075.280  953.700  3.000  0.120  0.180  15.300  171.850  0.000  20.000  0.000  0.000  0.000  80.000  0.000  0.000  0.000  0.000  20000.000  -1.037  1.186  -0.663  0.887  -0.218  -0.260  0.044  0.096  0.047  0.667  0.112  0.064  0.110  0.112  -0.800
  650924.040  4764940.460  973.320  3.000  0.180  0.010  40.000  -99.000  0.000  0.000  0.000  0.000  0.000  100.000  0.000  0.000  0.000  0.000  50000.000  -0.825  -1.186  0.103  -99.000  -0.217  -1.344  0.045  0.097  0.048  1.798  0.113  0.065  0.111  0.113  1.009
  651168.160  4764774.730  1000.300  3.000  0.780  0.020  90.020  402.300  0.000  0.000  0.000  0.000  0.000  100.000  0.000  0.000  0.000  0.000  60000.000  0.242  -0.708  0.836  1.255  -0.216  -1.341  0.046  0.098  0.049  1.803  0.114  0.066  0.112  0.114  1.404
  651048.270  4765671.210  497.760  3.000  1.390  0.110  68.000  150.000  0.000  60.000  0.000  0.000  0.000  40.000  0.000  0.000  0.000  0.000  30000.000  1.011  0.800  0.566  0.800  -0.215  0.857  0.047  0.099  0.050  -0.440  0.115  0.067  0.113  0.115  -0.121
  651069.300  4765700.400  -250.170  3.000  0.300  0.380  13.550  144.500  0.000  10.000  0.000  0.000  0.000  90.000  0.000  0.000  0.000  0.000  30000.000  -0.549  1.831  -0.767  0.789  -0.214  -0.624  0.048  0.099  0.051  1.065  0.116  0.068  0.114  0.116  -0.120
  651208.410  4765621.830  513.000  3.000  0.340  0.070  5.000  50.000  0.000  50.000  0.000  0.000  0.000  50.000  0.000  0.000  0.000  0.000  40000.000  -0.487  0.453  -1.410  -0.151  -0.213  0.598  0.049  0.100  0.052  -0.215  0.116  0.068  0.115  0.116  0.501
  651586.060  4766575.090  369.360  3.000  1.370  0.170  63.000  50.000  0.000  70.000  0.000  0.000  0.000  30.000  0.000  0.000  0.000  0.000  40000.000  0.990  1.133  0.506  -0.150  -0.212  1.206  0.050  0.101  0.052  -0.681  0.117  0.069  0.116  0.117  0.502
  650107.690  4764995.870  942.520  3.000  0.080  0.050  1.510  13.300  0.000  25.000  0.000  0.000  0.000  75.000  0.000  0.000  0.000  0.000  15000.000  -1.237  0.127  -2.533  -1.443  -0.211  -0.113  0.051  0.102  0.053  0.477  0.118  0.070  0.116  0.118  -1.111
  651651.720  4766600.920  260.970  3.000  0.880  0.220  68.000  50.000  0.000  70.000  0.000  0.000  0.000  30.000  0.000  0.000  0.000  0.000  40000.000  0.388  1.334  0.568  -0.149  -0.211  1.208  0.052  0.103  0.054  -0.679  0.119  0.071  0.117  0.119  0.503
  650586.730  4764914.450  1001.410  3.000  0.150  0.120  23.750  38.750  0.000  5.000  0.000  0.000  0.000  95.000  0.000  0.000  0.000  0.000  10000.000  -0.919  0.891  -0.338  -1.011  -0.210  -0.848  0.052  0.104  0.055  1.386  0.120  0.072  0.118  0.120  -1.495
  650810.300  4765306.450  824.240  3.000  -99.000  -99.000  -99.000  -99.000  0.000  30.000  0.000  0.000  0.000  70.000  0.000  0.000  0.000  0.000  100000.000  -99.000  -99.000  -99.000  -99.000  -0.209  0.060  0.053  0.105  0.056  0.350  0.121  0.073  0.119  0.121  2.031
  651044.890  4765982.760  666.830  3.000  0.630  0.110  18.000  50.000  0.000  80.000  0.000  0.000  0.000  20.000  0.000  0.000  0.000  0.000  40000.000  -0.001  0.801  -0.560  -0.148  -0.208  1.545  0.054  0.106  0.057  -0.928  0.122  0.074  0.120  0.122  0.504
  650790.580  4765728.960  377.500  3.000  0.730  0.130  88.300  10.600  0.000  50.000  0.000  0.000  0.000  50.000  0.000  0.000  0.000  0.000  25000.000  0.174  0.953  0.813  -1.544  -0.207  0.599  0.055  0.107  0.058  -0.214  0.123  0.075  0.121  0.123  -0.553
  651580.660  4765600.630  486.790  3.000  0.930  0.070  25.000  50.000  0.000  30.000  0.000  0.000  0.000  70.000  0.000  0.000  0.000  0.000  40000.000  0.462  0.454  -0.272  -0.147  -0.206  0.061  0.056  0.108  0.059  0.351  0.124  0.076  0.122  0.124  0.505
  651651.600  4766661.630  102.940  3.000  -99.000  -99.000  -99.000  -99.000  0.000  0.000  0.000  0.000  0.000  0.000  0.000  0.000  0.000  0.000  0.000  -99.000  -99.000  -99.000  -99.000  -0.205  -1.339  0.057  0.109  0.060  -1.740  0.125  0.077  0.123  0.125  -2.302
  651899.200  4766241.740  308.490  3.000  0.860  0.030  32.000  50.000  30.000  40.000  0.000  0.000  0.000  30.000  0.000  0.000  0.000  0.000  30000.000  0.363  -0.350  -0.068  -0.146  1.252  0.334  0.058  0.110  0.061  -0.678  0.126  0.078  0.124  0.126  -0.119
  650621.500  4765000.520  876.610  3.000  0.200  0.190  -99.000  -99.000  0.000  27.000  0.000  0.000  0.000  70.000  0.000  3.000  0.000  0.000  30000.000  -0.780  1.212  -99.000  -99.000  -0.204  -0.083  0.059  0.111  0.062  0.352  0.127  2.264  0.125  0.127  -0.118
  650793.880  4766135.630  849.630  3.000  0.390  0.040  22.000  50.000  0.000  20.000  0.000  0.000  0.000  80.000  0.000  0.000  0.000  0.000  30000.000  -0.388  -0.081  -0.402  -0.144  -0.203  -0.259  0.060  0.112  0.063  0.668  0.128  0.079  0.126  0.128  -0.117
  651727.550  4766077.460  491.190  3.000  1.230  0.220  68.000  50.000  0.000  65.000  0.000  0.000  0.000  35.000  0.000  0.000  0.000  0.000  50000.000  0.829  1.337  0.569  -0.143  -0.202  1.020  0.061  0.113  0.064  -0.571  0.129  0.080  0.127  0.129  1.011
  650210.850  4765097.880  1001.660  3.000  0.170  0.320  23.100  163.500  0.000  35.000  0.000  0.000  0.000  65.000  0.000  0.000  0.000  0.000  30000.000  -0.853  1.627  -0.349  0.848  -0.201  0.187  0.062  0.114  0.065  0.161  0.130  0.081  0.128  0.130  -0.116
  650922.620  4766177.720  -46.920  3.000  1.040  0.520  18.750  43.200  5.000  40.000  0.000  0.000  0.000  50.000  0.000  5.000  0.000  0.000  40000.000  0.605  2.113  -0.535  -0.993  0.648  0.335  0.063  0.115  0.066  -0.213  0.131  2.573  0.129  0.131  0.506
  651443.810  4766139.190  515.630  3.000  0.740  0.130  86.000  50.000  0.000  80.000  0.000  0.000  0.000  20.000  0.000  0.000  0.000  0.000  40000.000  0.189  0.955  0.793  -0.142  -0.200  1.549  0.064  0.116  0.067  -0.927  0.132  0.082  0.130  0.132  0.507
  651586.210  4766114.030  549.840  3.000  1.440  0.190  89.000  50.000  0.000  100.000  0.000  0.000  0.000  0.000  0.000  0.000  0.000  0.000  40000.000  1.070  1.214  0.816  -0.141  -0.199  2.359  0.065  0.116  0.068  -1.736  0.133  0.083  0.131  0.133  0.508
  651225.220  4766251.390  684.270  3.000  0.750  0.100  58.000  50.000  0.000  60.000  0.000  0.000  0.000  40.000  0.000  0.000  0.000  0.000  30000.000  0.198  0.731  0.427  -0.140  -0.198  0.858  0.066  0.117  0.068  -0.439  0.133  0.083  0.132  0.133  -0.116
  650903.750  4765724.160  101.930  3.000  0.240  0.000  27.200  3.600  0.000  33.000  0.000  0.000  0.000  65.000  0.000  2.000  0.000  0.000  35000.000  -0.670  -1.706  -0.189  -2.265  -0.197  0.153  0.067  0.118  0.069  0.162  0.134  1.969  0.133  0.134  0.175
  651423.630  4766082.400  371.210  3.000  0.380  0.030  60.000  50.000  0.000  30.000  0.000  0.000  0.000  70.000  0.000  0.000  0.000  0.000  30000.000  -0.407  -0.349  0.465  -0.139  -0.196  0.062  0.068  0.119  0.070  0.353  0.135  0.084  0.133  0.135  -0.115
  651518.990  4765916.890  343.690  3.000  1.080  0.110  79.000  50.000  0.000  60.000  0.000  0.000  0.000  40.000  0.000  0.000  0.000  0.000  35000.000  0.659  0.803  0.708  -0.138  -0.195  0.860  0.068  0.120  0.071  -0.438  0.136  0.085  0.134  0.136  0.176
  650343.340  4765068.420  1015.260  3.000  0.600  0.270  71.500  19.100  0.000  20.000  0.000  0.000  0.000  80.000  0.000  0.000  0.000  0.000  60000.000  -0.045  1.493  0.621  -1.283  -0.194  -0.258  0.069  0.121  0.072  0.669  0.137  0.086  0.135  0.137  1.406
  651581.680  4766120.190  527.090  3.000  1.150  0.170  83.000  130.000  0.000  90.000  0.000  0.000  0.000  10.000  0.000  0.000  0.000  0.000  40000.000  0.740  1.135  0.749  0.715  -0.193  1.827  0.070  0.122  0.073  -1.189  0.138  0.087  0.136  0.138  0.509
  651206.200  4765625.370  501.750  3.000  0.360  0.140  275.000  50.000  0.000  30.000  0.000  0.000  0.000  70.000  0.000  0.000  0.000  0.000  50000.000  -0.440  0.998  2.152  -0.137  -0.192  0.063  0.071  0.123  0.074  0.354  0.139  0.088  0.137  0.139  1.012
  651541.830  4765512.090  449.340  3.000  1.280  0.070  80.000  50.000  0.000  90.000  0.000  0.000  0.000  10.000  0.000  0.000  0.000  0.000  30000.000  0.891  0.455  0.720  -0.136  -0.191  1.832  0.072  0.124  0.075  -1.187  0.140  0.089  0.138  0.140  -0.114
  651527.680  4766606.010  299.730  3.000  0.380  0.060  110.000  50.000  0.000  60.000  0.000  0.000  0.000  40.000  0.000  0.000  0.000  0.000  40000.000  -0.406  0.321  1.058  -0.135  -0.190  0.861  0.073  0.125  0.076  -0.437  0.141  0.090  0.139  0.141  0.510
  651490.930  4766741.060  80.690  3.000  0.890  0.110  245.000  50.000  0.000  40.000  0.000  0.000  0.000  60.000  0.000  0.000  0.000  0.000  40000.000  0.410  0.804  1.999  -0.134  -0.189  0.336  0.074  0.126  0.077  0.023  0.142  0.091  0.140  0.142  0.512
  650751.510  4765733.000  473.750  3.000  -99.000  -99.000  -99.000  -99.000  0.000  55.000  0.000  0.000  0.000  45.000  0.000  0.000  0.000  0.000  30000.000  -99.000  -99.000  -99.000  -99.000  -0.189  0.718  0.075  0.127  0.078  -0.341  0.143  0.092  0.141  0.143  -0.113
  651430.320  4765587.530  394.840  4.000  0.590  0.010  195.000  50.000  50.000  50.000  0.000  0.000  0.000  0.000  0.000  0.000  0.000  0.000  25000.000  -0.058  -1.184  1.737  -0.133  1.594  0.600  0.076  0.128  0.079  -1.731  0.144  0.093  0.142  0.144  -0.551
  650059.780  4764889.110  1059.270  4.000  0.130  0.040  7.660  12.380  0.000  0.000  0.000  0.000  0.000  100.000  0.000  0.000  0.000  0.000  10000.000  -0.999  -0.079  -1.103  -1.474  -0.188  -1.337  0.077  0.129  0.080  1.808  0.145  0.094  0.143  0.145  -1.492
  650398.730  4764801.300  940.530  4.000  0.110  0.030  4.790  20.300  0.000  0.000  0.000  0.000  0.000  100.000  0.000  0.000  0.000  0.000  5000.000  -1.068  -0.347  -1.802  -1.243  -0.187  -1.334  0.078  0.130  0.081  1.813  0.146  0.095  0.144  0.146  -1.879
  651565.550  4766081.620  528.790  4.000  0.800  0.050  60.000  50.000  0.000  50.000  0.000  0.000  0.000  50.000  0.000  0.000  0.000  0.000  30000.000  0.281  0.128  0.466  -0.131  -0.186  0.601  0.079  0.131  0.082  -0.212  0.147  0.096  0.145  0.147  -0.112
  651446.070  4765444.900  619.590  4.000  1.170  0.020  24.000  50.000  0.000  100.000  0.000  0.000  0.000  0.000  0.000  0.000  0.000  0.000  30000.000  0.771  -0.707  -0.316  -0.130  -0.185  2.375  0.080  0.132  0.083  -1.727  0.148  0.097  0.146  0.148  -0.111
  650549.890  4764853.400  970.150  4.000  0.090  0.020  6.910  22.830  0.000  5.000  0.000  0.000  0.000  95.000  0.000  0.000  0.000  0.000  60000.000  -1.168  -0.705  -1.153  -1.193  -0.184  -0.846  0.081  0.133  0.083  1.389  0.149  0.098  0.147  0.149  1.409
  651465.830  4765754.400  477.410  4.000  0.510  0.030  22.000  50.000  40.000  0.000  0.000  0.000  0.000  60.000  0.000  0.000  0.000  0.000  15000.000  -0.200  -0.346  -0.401  -0.129  1.437  -1.332  0.082  0.133  0.084  0.024  0.150  0.099  0.148  0.150  -1.109
  650879.580  4765958.390  782.810  4.000  0.100  0.010  22.000  50.000  0.000  80.000  0.000  0.000  0.000  20.000  0.000  0.000  0.000  0.000  10000.000  -1.104  -1.182  -0.400  -0.128  -0.183  1.552  0.083  0.134  0.085  -0.925  0.150  0.099  0.149  0.150  -1.489
  651427.740  4765819.130  526.730  4.000  0.790  0.020  69.000  110.000  80.000  20.000  0.000  0.000  0.000  0.000  0.000  0.000  0.000  0.000  10000.000  0.264  -0.704  0.584  0.605  2.017  -0.257  0.083  0.135  0.086  -1.723  0.151  0.100  0.150  0.151  -1.486
  650871.490  4765962.400  815.590  4.000  0.060  0.020  37.000  50.000  10.000  90.000  0.000  0.000  0.000  0.000  0.000  0.000  0.000  0.000  10000.000  -1.368  -0.703  0.044  -0.127  0.807  1.837  0.084  0.136  0.087  -1.719  0.152  0.101  0.150  0.152  -1.483
  651325.490  4765389.410  635.290  4.000  0.680  0.010  30.000  50.000  0.000  30.000  0.000  0.000  0.000  70.000  0.000  0.000  0.000  0.000  40000.000  0.088  -1.180  -0.112  -0.126  -0.182  0.064  0.085  0.137  0.088  0.355  0.153  0.102  0.151  0.153  0.513
  651434.630  4765811.910  555.020  4.000  1.300  0.030  280.000  50.000  90.000  10.000  0.000  0.000  0.000  0.000  0.000  0.000  0.000  0.000  20000.000  0.919  -0.345  2.185  -0.125  2.186  -0.623  0.086  0.138  0.089  -1.715  0.154  0.103  0.152  0.154  -0.799
  651427.490  4765591.610  375.470  4.000  0.050  0.010  5.000  50.000  0.000  10.000  0.000  0.000  0.000  90.000  0.000  0.000  0.000  0.000  10000.000  -1.450  -1.178  -1.407  -0.124  -0.181  -0.622  0.087  0.139  0.090  1.067  0.155  0.104  0.153  0.155  -1.481
  651860.570  4766164.650  367.960  4.000  1.620  0.080  32.000  50.000  50.000  50.000  0.000  0.000  0.000  0.000  0.000  0.000  0.000  0.000  20000.000  1.232  0.566  -0.067  -0.123  1.597  0.602  0.088  0.140  0.091  -1.711  0.156  0.105  0.154  0.156  -0.798
  651428.460  4765719.900  524.920  4.000  0.700  0.040  21.000  50.000  80.000  20.000  0.000  0.000  0.000  0.000  0.000  0.000  0.000  0.000  10000.000  0.120  -0.078  -0.432  -0.122  2.024  -0.256  0.089  0.141  0.092  -1.707  0.157  0.106  0.155  0.157  -1.478
  651253.570  4765341.200  555.120  4.000  0.620  0.050  95.000  50.000  0.000  25.000  0.000  0.000  0.000  75.000  0.000  0.000  0.000  0.000  20000.000  -0.013  0.129  0.893  -0.121  -0.180  -0.112  0.090  0.142  0.093  0.478  0.158  0.107  0.156  0.158  -0.796
  651145.270  4765704.710  794.130  4.000  0.500  0.020  95.000  118.000  0.000  85.480  0.000  0.000  0.000  14.520  0.000  0.000  0.000  0.000  30000.000  -0.212  -0.701  0.894  0.637  -0.179  1.703  0.091  0.143  0.094  -1.041  0.159  0.108  0.157  0.159  -0.110
  651540.150  4766254.790  579.440  4.000  3.300  0.160  200.000  50.000  40.000  50.000  0.000  0.000  0.000  10.000  0.000  0.000  0.000  0.000  70000.000  2.123  1.092  1.781  -0.120  1.440  0.604  0.092  0.144  0.095  -1.185  0.160  0.109  0.158  0.160  1.736
  651442.590  4765449.400  611.360  4.000  1.160  0.030  26.000  50.000  0.000  60.000  0.000  0.000  0.000  40.000  0.000  0.000  0.000  0.000  30000.000  0.759  -0.344  -0.233  -0.119  -0.178  0.863  0.093  0.145  0.096  -0.436  0.161  0.110  0.159  0.161  -0.109
  651537.530  4765972.680  445.970  4.000  0.750  0.050  145.000  50.000  0.000  40.000  0.000  0.000  0.000  60.000  0.000  0.000  0.000  0.000  30000.000  0.199  0.130  1.340  -0.117  -0.177  0.337  0.094  0.146  0.097  0.025  0.162  0.111  0.160  0.162  -0.108
  651154.350  4766099.390  993.950  4.000  -99.000  -99.000  -99.000  -99.000  0.000  0.000  0.000  0.000  0.000  100.000  0.000  0.000  0.000  0.000  10000.000  -99.000  -99.000  -99.000  -99.000  -0.176  -1.330  0.095  0.147  0.098  1.817  0.163  0.112  0.161  0.163  -1.475
  651376.510  4765547.820  463.140  4.000  1.160  0.110  250.000  50.000  10.000  70.000  0.000  0.000  0.000  20.000  0.000  0.000  0.000  0.000  30000.000  0.760  0.805  2.023  -0.116  0.808  1.210  0.096  0.148  0.099  -0.924  0.164  0.113  0.162  0.164  -0.107
  651607.890  4765967.130  441.040  4.000  0.700  0.080  100.000  50.000  0.000  80.000  0.000  0.000  0.000  20.000  0.000  0.000  0.000  0.000  20000.000  0.121  0.567  0.944  -0.115  -0.175  1.555  0.097  0.149  0.099  -0.923  0.165  0.114  0.163  0.165  -0.795
  651220.470  4766029.200  733.280  4.000  0.270  0.030  14.000  120.000  0.000  50.000  0.000  0.000  0.000  50.000  0.000  0.000  0.000  0.000  30000.000  -0.612  -0.343  -0.742  0.662  -0.174  0.605  0.098  0.150  0.100  -0.211  0.166  0.115  0.164  0.166  -0.106
  651250.390  4765693.510  646.230  4.000  1.550  0.080  105.000  50.000  0.000  60.000  0.000  0.000  0.000  40.000  0.000  0.000  0.000  0.000  60000.000  1.180  0.568  1.001  -0.114  -0.173  0.864  0.099  0.150  0.101  -0.435  0.167  0.116  0.165  0.167  1.411
  651136.460  4765578.900  761.660  4.000  1.020  0.020  225.000  50.000  0.000  50.000  0.000  0.000  0.000  50.000  0.000  0.000  0.000  0.000  40000.000  0.582  -0.700  1.882  -0.113  -0.172  0.606  0.099  0.151  0.102  -0.211  0.168  0.116  0.166  0.168  0.514
  651394.210  4765521.220  498.960  4.000  1.070  0.070  63.000  50.000  0.000  60.000  0.000  0.000  0.000  40.000  0.000  0.000  0.000  0.000  30000.000  0.645  0.456  0.507  -0.112  -0.171  0.865  0.100  0.152  0.103  -0.434  0.169  0.117  0.167  0.169  -0.105
  651603.770  4765579.100  585.870  4.000  0.570  0.020  57.000  50.000  0.000  90.000  0.000  0.000  0.000  10.000  0.000  0.000  0.000  0.000  30000.000  -0.087  -0.699  0.415  -0.111  -0.170  1.842  0.101  0.153  0.104  -1.183  0.169  0.118  0.168  0.169  -0.104
  651629.860  4765939.280  514.970  4.000  0.510  0.030  10.000  50.000  10.000  90.000  0.000  0.000  0.000  0.000  0.000  0.000  0.000  0.000  25000.000  -0.199  -0.342  -0.984  -0.110  0.809  1.848  0.102  0.154  0.105  -1.703  0.170  0.119  0.169  0.170  -0.550
  651202.830  4765387.590  408.440  4.000  0.200  0.030  58.000  50.000  0.000  20.000  0.000  0.000  0.000  80.000  0.000  0.000  0.000  0.000  20000.000  -0.779  -0.341  0.429  -0.109  -0.169  -0.255  0.103  0.155  0.106  0.670  0.171  0.120  0.169  0.171  -0.794
  651489.550  4765717.830  385.190  4.000  0.440  0.020  230.000  50.000  30.000  20.000  0.000  0.000  0.000  50.000  0.000  0.000  0.000  0.000  10000.000  -0.313  -0.697  1.941  -0.108  1.254  -0.254  0.104  0.156  0.107  -0.210  0.172  0.121  0.170  0.172  -1.472
  651341.670  4765270.650  625.610  4.000  0.660  0.020  51.000  50.000  0.000  50.000  0.000  0.000  0.000  50.000  0.000  0.000  0.000  0.000  40000.000  0.053  -0.696  0.314  -0.107  -0.169  0.607  0.105  0.157  0.108  -0.209  0.173  0.122  0.171  0.173  0.515
  650924.450  4765366.220  1106.140  4.000  0.010  0.010  2.500  -99.000  0.000  0.000  0.000  0.000  0.000  100.000  0.000  0.000  0.000  0.000  40000.000  -2.133  -1.176  -2.221  -99.000  -0.168  -1.328  0.106  0.158  0.109  1.822  0.174  0.123  0.172  0.174  0.516
  651525.060  4765656.480  232.730  4.000  0.360  0.020  22.000  110.000  10.000  60.000  0.000  0.000  0.000  30.000  0.000  0.000  0.000  0.000  20000.000  -0.439  -0.695  -0.399  0.606  0.811  0.867  0.107  0.159  0.110  -0.677  0.175  0.124  0.173  0.175  -0.793
  651521.260  4766280.750  531.140  4.000  1.320  0.110  42.000  50.000  10.000  90.000  0.000  0.000  0.000  0.000  0.000  0.000  0.000  0.000  30000.000  0.944  0.807  0.146  -0.106  0.812  1.853  0.108  0.160  0.111  -1.699  0.176  0.125  0.174  0.176  -0.103
  651439.220  4765455.150  557.920  4.000  0.800  0.010  11.000  50.000  0.000  70.000  0.000  0.000  0.000  30.000  0.000  0.000  0.000  0.000  20000.000  0.282  -1.174  -0.896  -0.105  -0.167  1.212  0.109  0.161  0.112  -0.676  0.177  0.126  0.175  0.177  -0.791
  651443.070  4766017.350  595.940  4.000  0.610  0.050  135.000  50.000  30.000  60.000  0.000  0.000  0.000  10.000  0.000  0.000  0.000  0.000  20000.000  -0.030  0.131  1.259  -0.103  1.256  0.868  0.110  0.162  0.113  -1.182  0.178  0.127  0.176  0.178  -0.790
  651299.890  4766513.330  133.040  4.000  -99.000  -99.000  -99.000  -99.000  5.000  25.000  0.000  0.000  0.000  70.000  0.000  0.000  0.000  0.000  20000.000  -99.000  -99.000  -99.000  -99.000  0.649  -0.111  0.111  0.163  0.114  0.356  0.179  0.128  0.177  0.179  -0.789
  651438.420  4765454.810  601.500  4.000  1.210  0.040  26.000  50.000  0.000  40.000  0.000  0.000  0.000  60.000  0.000  0.000  0.000  0.000  40000.000  0.800  -0.077  -0.232  -0.102  -0.166  0.338  0.112  0.164  0.115  0.026  0.180  0.129  0.178  0.180  0.517
  651512.440  4765869.550  527.520  4.000  1.510  0.080  54.000  50.000  10.000  90.000  0.000  0.000  0.000  0.000  0.000  0.000  0.000  0.000  50000.000  1.149  0.570  0.365  -0.101  0.813  1.858  0.113  0.165  0.116  -1.695  0.181  0.130  0.179  0.181  1.014
  651570.140  4765726.680  460.000  4.000  0.780  0.050  23.000  50.000  20.000  60.000  0.000  0.000  0.000  20.000  0.000  0.000  0.000  0.000  20000.000  0.243  0.132  -0.365  -0.100  1.031  0.869  0.114  0.166  0.116  -0.921  0.182  0.131  0.180  0.182  -0.787
  651443.150  4765569.410  484.120  4.000  1.470  0.020  100.000  50.000  40.000  60.000  0.000  0.000  0.000  0.000  0.000  0.000  0.000  0.000  35000.000  1.114  -0.693  0.946  -0.099  1.443  0.871  0.115  0.167  0.117  -1.691  0.183  0.132  0.181  0.183  0.177
  651438.410  4765576.080  451.120  4.000  1.140  0.050  37.000  50.000  0.000  90.000  0.000  0.000  0.000  10.000  0.000  0.000  0.000  0.000  30000.000  0.725  0.133  0.045  -0.098  -0.165  1.863  0.116  0.168  0.118  -1.180  0.184  0.133  0.182  0.184  -0.102
  651070.180  4764899.530  1003.810  4.000  0.010  0.000  1.150  6.590  0.000  0.000  0.000  0.000  0.000  100.000  0.000  0.000  0.000  0.000  10000.000  -2.123  -1.702  -2.692  -1.861  -0.164  -1.325  0.116  0.169  0.119  1.827  0.185  0.133  0.183  0.185  -1.470
  651253.520  4765690.860  655.350  4.000  0.900  0.060  42.000  50.000  30.000  50.000  0.000  0.000  0.000  20.000  0.000  0.000  0.000  0.000  35000.000  0.424  0.322  0.147  -0.097  1.258  0.608  0.117  0.169  0.120  -0.920  0.186  0.134  0.184  0.186  0.178
  651467.260  4765752.290  471.970  4.000  0.930  0.040  135.000  50.000  50.000  0.000  0.000  0.000  0.000  50.000  0.000  0.000  0.000  0.000  25000.000  0.464  -0.076  1.262  -0.096  1.600  -1.323  0.118  0.170  0.121  -0.208  0.187  0.135  0.185  0.187  -0.549
  651526.700  4765654.840  240.390  4.000  0.460  0.020  50.000  50.000  0.000  80.000  0.000  0.000  0.000  20.000  0.000  0.000  0.000  0.000  30000.000  -0.282  -0.692  0.300  -0.095  -0.163  1.558  0.119  0.171  0.122  -0.918  0.188  0.136  0.186  0.188  -0.101
  651590.300  4765591.490  528.730  4.000  1.230  0.030  68.000  50.000  0.000  90.000  0.000  0.000  0.000  10.000  0.000  0.000  0.000  0.000  40000.000  0.831  -0.340  0.570  -0.094  -0.162  1.869  0.120  0.172  0.123  -1.178  0.189  0.137  0.187  0.189  0.518
  651610.170  4765573.420  612.540  4.000  0.230  0.040  31.000  190.000  0.000  20.000  0.000  0.000  0.000  80.000  0.000  0.000  0.000  0.000  50000.000  -0.690  -0.075  -0.090  0.919  -0.161  -0.253  0.121  0.173  0.124  0.671  0.189  0.138  0.188  0.189  1.015
  651505.630  4765414.670  429.670  4.000  0.420  0.000  38.000  110.000  0.000  90.000  0.000  0.000  0.000  10.000  0.000  0.000  0.000  0.000  10000.000  -0.345  -1.697  0.070  0.607  -0.160  1.874  0.122  0.174  0.125  -1.176  0.190  0.139  0.189  0.190  -1.467
  651731.310  4766073.740  512.540  4.000  2.100  0.160  12.000  50.000  90.000  10.000  0.000  0.000  0.000  0.000  0.000  0.000  0.000  0.000  25000.000  1.578  1.094  -0.854  -0.093  2.197  -0.620  0.123  0.175  0.126  -1.687  0.191  0.140  0.189  0.191  -0.548
  651642.190  4766122.580  493.330  4.000  1.090  0.100  38.000  50.000  0.000  90.000  0.000  0.000  0.000  10.000  0.000  0.000  0.000  0.000  20000.000  0.673  0.732  0.071  -0.092  -0.159  1.879  0.124  0.176  0.127  -1.174  0.192  0.141  0.190  0.192  -0.786
  651502.570  4766206.510  617.380  4.000  0.940  0.050  33.000  50.000  0.000  70.000  0.000  0.000  0.000  30.000  0.000  0.000  0.000  0.000  40000.000  0.475  0.134  -0.048  -0.091  -0.158  1.214  0.125  0.177  0.128  -0.675  0.193  0.142  0.191  0.193  0.519
  651539.200  4766449.420  559.990  4.000  0.330  0.020  5.000  50.000  0.000  0.000  0.000  0.000  0.000  0.000  0.000  0.000  0.000  0.000  0.000  -0.495  -0.691  -1.404  -0.089  -0.157  -1.321  0.126  0.178  0.129  -1.683  0.194  0.143  0.192  0.194  -2.289
  651575.920  4765605.200  465.800  4.000  0.260  0.030  16.000  50.000  90.000  10.000  0.000  0.000  0.000  0.000  0.000  0.000  0.000  0.000  7000.000  -0.632  -0.339  -0.637  -0.088  2.207  -0.619  0.127  0.179  0.130  -1.679  0.195  0.144  0.193  0.195  -1.793
  651428.760  4765722.320  521.750  4.000  0.800  0.010  115.000  50.000  50.000  50.000  0.000  0.000  0.000  0.000  0.000  0.000  0.000  0.000  10000.000  0.283  -1.172  1.101  -0.087  1.604  0.609  0.128  0.180  0.131  -1.676  0.196  0.145  0.194  0.196  -1.464
  651448.380  4765780.450  546.630  4.000  0.960  0.020  16.000  50.000  70.000  0.000  0.000  0.000  0.000  30.000  0.000  0.000  0.000  0.000  25000.000  0.493  -0.689  -0.635  -0.086  1.853  -1.319  0.129  0.181  0.132  -0.674  0.197  0.146  0.195  0.197  -0.547
  651126.780  4765392.700  1057.270  4.000  0.130  0.000  7.000  25.000  0.000  0.000  0.000  0.000  0.000  100.000  0.000  0.000  0.000  0.000  10000.000  -0.997  -1.693  -1.147  -1.134  -0.156  -1.316  0.130  0.182  0.133  1.832  0.198  0.147  0.196  0.198  -1.461
  651906.570  4766122.230  479.610  4.000  0.200  0.050  105.000  50.000  0.000  20.000  0.000  0.000  0.000  80.000  0.000  0.000  0.000  0.000  10000.000  -0.777  0.135  1.003  -0.085  -0.155  -0.252  0.131  0.183  0.133  0.672  0.199  0.148  0.197  0.199  -1.459
  651367.540  4765342.610  620.580  4.000  0.720  0.020  47.000  50.000  0.000  25.000  0.000  0.000  0.000  75.000  0.000  0.000  0.000  0.000  40000.000  0.156  -0.688  0.245  -0.084  -0.154  -0.110  0.132  0.184  0.134  0.479  0.200  0.149  0.198  0.200  0.520
  651598.750  4765583.550  564.920  4.000  0.670  0.020  33.000  110.000  50.000  50.000  0.000  0.000  0.000  0.000  0.000  0.000  0.000  0.000  10000.000  0.075  -0.687  -0.047  0.609  1.607  0.610  0.133  0.185  0.135  -1.672  0.201  0.150  0.199  0.201  -1.456
  651427.000  4765708.050  540.960  4.000  0.840  0.040  18.000  50.000  80.000  20.000  0.000  0.000  0.000  0.000  0.000  0.000  0.000  0.000  10000.000  0.340  -0.074  -0.559  -0.083  2.031  -0.251  0.133  0.186  0.136  -1.668  0.202  0.150  0.200  0.202  -1.453
  651515.400  4766289.100  516.300  4.000  1.250  0.170  54.000  50.000  0.000  70.000  0.000  0.000  0.000  30.000  0.000  0.000  0.000  0.000  30000.000  0.851  1.137  0.366  -0.082  -0.153  1.216  0.134  0.187  0.137  -0.672  0.203  0.151  0.201  0.203  -0.100
  651784.680  4766162.020  210.170  4.000  0.710  0.030  26.000  50.000  0.000  90.000  0.000  0.000  0.000  10.000  0.000  0.000  0.000  0.000  20000.000  0.139  -0.338  -0.231  -0.081  -0.152  1.885  0.135  0.188  0.138  -1.172  0.204  0.152  0.202  0.204  -0.785
  651399.550  4765909.930  488.400  4.000  0.300  0.030  35.000  50.000  0.000  40.000  0.000  0.000  0.000  60.000  0.000  0.000  0.000  0.000  20000.000  -0.548  -0.336  -0.003  -0.080  -0.151  0.339  0.136  0.189  0.139  0.027  0.205  0.153  0.203  0.205  -0.784
  651396.000  4765897.620  501.040  4.000  0.780  0.050  120.000  50.000  0.000  60.000  0.000  0.000  0.000  40.000  0.000  0.000  0.000  0.000  30000.000  0.244  0.136  1.147  -0.079  -0.150  0.872  0.137  0.189  0.140  -0.433  0.206  0.154  0.204  0.206  -0.099
  651353.040  4765585.840  417.340  4.000  0.430  0.130  71.000  50.000  0.000  50.000  0.000  0.000  0.000  50.000  0.000  0.000  0.000  0.000  40000.000  -0.328  0.956  0.615  -0.078  -0.150  0.611  0.138  0.190  0.141  -0.207  0.207  0.155  0.205  0.207  0.521
  651420.880  4765321.570  785.740  4.000  0.150  0.010  9.500  115.000  0.000  30.000  0.000  0.000  0.000  70.000  0.000  0.000  0.000  0.000  30000.000  -0.918  -1.170  -1.026  0.632  -0.149  0.065  0.139  0.191  0.142  0.357  0.208  0.156  0.206  0.208  -0.099
  651442.690  4765789.240  570.430  4.000  2.070  0.070  45.000  50.000  100.000  0.000  0.000  0.000  0.000  0.000  0.000  0.000  0.000  0.000  30000.000  1.560  0.457  0.206  -0.077  2.502  -1.314  0.140  0.192  0.143  -1.664  0.209  0.157  0.207  0.209  -0.098
  651739.610  4766065.730  559.140  4.000  -99.000  -99.000  -99.000  -99.000  0.000  70.000  0.000  0.000  0.000  30.000  0.000  0.000  0.000  0.000  35000.000  -99.000  -99.000  -99.000  -99.000  -0.148  1.218  0.141  0.193  0.144  -0.671  0.210  0.158  0.208  0.210  0.179
  651571.570  4766186.930  672.980  4.000  0.580  0.000  5.000  50.000  0.000  70.000  0.000  0.000  0.000  30.000  0.000  0.000  0.000  0.000  40000.000  -0.068  -1.689  -1.401  -0.076  -0.147  1.220  0.142  0.194  0.145  -0.670  0.211  0.159  0.209  0.211  0.522
  651425.940  4765821.090  519.180  4.000  0.960  0.020  42.000  110.000  90.000  10.000  0.000  0.000  0.000  0.000  0.000  0.000  0.000  0.000  20000.000  0.494  -0.685  0.148  0.610  2.218  -0.618  0.143  0.195  0.146  -1.660  0.211  0.160  0.210  0.211  -0.782
  651458.750  4765900.200  660.710  4.000  3.370  0.490  25.000  50.000  0.000  80.000  0.000  0.000  0.000  20.000  0.000  0.000  0.000  0.000  120000.000  2.187  2.067  -0.271  -0.074  -0.146  1.561  0.144  0.196  0.147  -0.917  0.212  0.161  0.211  0.212  2.359
  651721.150  4766083.940  454.300  4.000  2.910  0.420  47.000  50.000  0.000  50.000  0.000  0.000  0.000  50.000  0.000  0.000  0.000  0.000  60000.000  1.909  1.942  0.246  -0.073  -0.145  0.613  0.145  0.197  0.148  -0.206  0.213  0.162  0.211  0.213  1.414
  651292.300  4765634.850  491.650  4.000  0.660  0.020  96.000  50.000  30.000  0.000  0.000  0.000  0.000  70.000  0.000  0.000  0.000  0.000  20000.000  0.054  -0.684  0.905  -0.072  1.261  -1.312  0.146  0.198  0.149  0.358  0.214  0.163  0.212  0.214  -0.781
  651430.300  4765460.230  575.090  4.000  1.280  0.010  28.000  50.000  40.000  20.000  0.000  0.000  0.000  40.000  0.000  0.000  0.000  0.000  30000.000  0.893  -1.167  -0.176  -0.071  1.445  -0.250  0.147  0.199  0.150  -0.432  0.215  0.164  0.213  0.215  -0.097
  651574.340  4765844.160  483.830  4.000  1.150  0.050  15.000  50.000  0.000  80.000  0.000  0.000  0.000  20.000  0.000  0.000  0.000  0.000  30000.000  0.741  0.137  -0.684  -0.070  -0.144  1.564  0.148  0.200  0.150  -0.915  0.216  0.165  0.214  0.216  -0.096
  651684.610  4766025.950  324.140  4.000  0.550  0.060  26.000  50.000  0.000  100.000  0.000  0.000  0.000  0.000  0.000  0.000  0.000  0.000  10000.000  -0.124  0.323  -0.230  -0.069  -0.143  2.391  0.149  0.201  0.151  -1.657  0.217  0.166  0.215  0.217  -1.451
  651501.900  4765700.110  340.090  4.000  0.520  0.010  43.000  50.000  15.000  15.000  0.000  0.000  0.000  70.000  0.000  0.000  0.000  0.000  10000.000  -0.180  -1.165  0.170  -0.068  0.921  -0.439  0.150  0.202  0.152  0.359  0.218  0.167  0.216  0.218  -1.448
  651490.600  4765893.860  437.260  4.000  1.220  0.040  52.000  50.000  30.000  60.000  0.000  0.000  0.000  10.000  0.000  0.000  0.000  0.000  40000.000  0.814  -0.073  0.334  -0.067  1.263  0.873  0.150  0.203  0.153  -1.170  0.219  0.168  0.217  0.219  0.523
  651513.560  4765667.360  179.020  4.000  0.720  0.000  47.000  160.000  40.000  50.000  0.000  0.000  0.000  10.000  0.000  0.000  0.000  0.000  20000.000  0.157  -1.684  0.247  0.835  1.448  0.614  0.151  0.204  0.154  -1.168  0.220  0.169  0.218  0.220  -0.780
  651246.620  4765696.750  635.310  4.000  1.310  0.060  75.000  50.000  30.000  60.000  0.000  0.000  0.000  10.000  0.000  0.000  0.000  0.000  50000.000  0.932  0.324  0.664  -0.066  1.265  0.875  0.152  0.205  0.155  -1.167  0.221  0.169  0.219  0.221  1.017
  651231.430  4766406.210  783.000  4.000  -99.000  -99.000  -99.000  -99.000  0.000  0.000  0.000  0.000  0.000  100.000  0.000  0.000  0.000  0.000  15000.000  -99.000  -99.000  -99.000  -99.000  -0.142  -1.310  0.153  0.206  0.156  1.837  0.222  0.170  0.220  0.222  -1.108
  651004.400  4764790.940  910.510  4.000  0.120  0.050  11.550  339.400  5.000  5.000  0.000  0.000  0.000  90.000  0.000  0.000  0.000  0.000  150000.000  -1.036  0.138  -0.876  1.174  0.650  -0.845  0.154  0.207  0.157  1.069  0.223  0.171  0.221  0.223  2.524
  650279.960  4765100.690  852.780  4.000  0.130  0.050  7.320  77.200  0.000  30.000  0.000  0.000  0.000  70.000  0.000  0.000  0.000  0.000  15000.000  -0.995  0.139  -1.131  0.506  -0.141  0.066  0.155  0.208  0.158  0.360  0.224  0.172  0.222  0.224  -1.106
  651535.330  4765646.230  280.580  4.000  0.680  0.060  57.000  130.000  40.000  60.000  0.000  0.000  0.000  0.000  0.000  0.000  0.000  0.000  10000.000  0.089  0.325  0.416  0.717  1.451  0.876  0.156  0.209  0.159  -1.653  0.225  0.173  0.223  0.225  -1.445
  651571.450  4765725.000  469.780  4.000  0.830  0.050  20.000  110.000  90.000  10.000  0.000  0.000  0.000  0.000  0.000  0.000  0.000  0.000  10000.000  0.327  0.140  -0.475  0.611  2.229  -0.617  0.157  0.210  0.160  -1.649  0.226  0.174  0.224  0.226  -1.443
  651485.960  4765899.380  418.610  4.000  0.570  0.020  160.000  50.000  20.000  80.000  0.000  0.000  0.000  0.000  0.000  0.000  0.000  0.000  20000.000  -0.086  -0.683  1.463  -0.065  1.033  1.567  0.158  0.211  0.161  -1.646  0.227  0.175  0.225  0.227  -0.779
  651429.520  4765467.070  580.370  4.000  1.760  0.080  290.000  50.000  0.000  100.000  0.000  0.000  0.000  0.000  0.000  0.000  0.000  0.000  30000.000  1.358  0.571  2.221  -0.064  -0.140  2.407  0.159  0.211  0.162  -1.642  0.228  0.176  0.226  0.228  -0.095
  651156.240  4765788.980  698.440  4.000  0.620  0.040  86.000  25.000  0.000  70.000  0.000  0.000  0.000  30.000  0.000  0.000  0.000  0.000  30000.000  -0.012  -0.072  0.794  -1.132  -0.139  1.222  0.160  0.212  0.163  -0.669  0.229  0.177  0.227  0.229  -0.094
  651592.970  4765588.980  540.160  4.000  0.460  0.030  20.000  50.000  40.000  60.000  0.000  0.000  0.000  0.000  0.000  0.000  0.000  0.000  15000.000  -0.281  -0.335  -0.474  -0.063  1.453  0.878  0.161  0.213  0.164  -1.639  0.230  0.178  0.228  0.230  -1.104
  651595.290  4766101.730  595.340  4.000  0.610  0.010  44.000  220.000  100.000  0.000  0.000  0.000  0.000  0.000  0.000  0.000  0.000  0.000  3000.000  -0.029  -1.163  0.188  0.993  2.524  -1.308  0.162  0.214  0.165  -1.635  0.231  0.179  0.229  0.231  -2.017
  651317.710  4765865.100  606.040  4.000  1.560  0.070  90.000  140.000  0.000  50.000  0.000  0.000  0.000  50.000  0.000  0.000  0.000  0.000  50000.000  1.193  0.459  0.832  0.765  -0.138  0.615  0.163  0.215  0.166  -0.205  0.232  0.180  0.230  0.232  1.019
  651713.010  4766092.430  405.700  4.000  0.560  0.020  27.000  50.000  90.000  0.000  10.000  0.000  0.000  0.000  0.000  0.000  0.000  0.000  20000.000  -0.099  -0.681  -0.199  -0.062  2.241  -1.305  1.989  0.216  0.167  -1.631  0.233  0.181  0.231  0.233  -0.777
  651451.050  4765686.010  550.570  4.000  0.920  0.080  5.000  50.000  0.000  90.000  0.000  0.000  0.000  10.000  0.000  0.000  0.000  0.000  40000.000  0.447  0.572  -1.399  -0.061  -0.137  1.890  0.164  0.217  0.168  -1.165  0.234  0.182  0.232  0.234  0.524
  651756.760  4766061.800  271.870  4.000  -99.000  -99.000  -99.000  -99.000  0.000  40.000  0.000  0.000  0.000  60.000  0.000  0.000  0.000  0.000  40000.000  -99.000  -99.000  -99.000  -99.000  -0.136  0.340  0.165  0.218  0.169  0.028  0.235  0.183  0.233  0.235  0.525
  650864.830  4764842.280  1067.610  4.000  0.120  0.000  37.250  449.500  0.000  0.000  0.000  0.000  0.000  100.000  0.000  0.000  0.000  0.000  30000.000  -1.034  -1.680  0.052  1.303  -0.135  -1.303  0.166  0.219  0.169  1.842  0.235  0.184  0.234  0.235  -0.093
  650059.010  4764904.950  962.560  4.000  0.040  0.010  4.130  3.620  0.000  0.000  0.000  0.000  0.000  100.000  0.000  0.000  0.000  0.000  10000.000  -1.557  -1.161  -1.907  -2.252  -0.134  -1.301  0.167  0.220  0.170  1.848  0.236  0.185  0.235  0.236  -1.440
  651248.510  4765695.130  640.770  4.000  1.030  0.030  110.000  50.000  30.000  50.000  0.000  0.000  0.000  20.000  0.000  0.000  0.000  0.000  50000.000  0.592  -0.334  1.060  -0.059  1.267  0.616  0.168  0.221  0.171  -0.914  0.237  0.186  0.235  0.237  1.020
  651627.980  4766020.050  513.820  4.000  1.160  0.070  39.000  50.000  0.000  0.000  0.000  0.000  0.000  0.000  0.000  0.000  0.000  0.000  0.000  0.762  0.460  0.094  -0.058  -0.133  -1.299  0.169  0.222  0.172  -1.628  0.238  0.187  0.236  0.238  -2.277
  651457.590  4765894.600  666.310  4.000  4.160  0.450  29.000  50.000  10.000  60.000  0.000  0.000  0.000  30.000  0.000  0.000  0.000  0.000  100000.000  2.510  2.001  -0.145  -0.057  0.815  0.879  0.169  0.223  0.173  -0.668  0.239  0.188  0.237  0.239  2.039
  651140.720  4765600.910  733.490  4.000  0.520  0.030  78.000  50.000  0.000  35.000  0.000  0.000  0.000  65.000  0.000  0.000  0.000  0.000  30000.000  -0.179  -0.333  0.702  -0.056  -0.133  0.188  0.170  0.224  0.174  0.163  0.240  0.189  0.238  0.240  -0.092
  651305.720  4765298.260  693.510  4.000  1.380  0.030  11.000  50.000  0.000  90.000  0.000  0.000  0.000  10.000  0.000  0.000  0.000  0.000  30000.000  1.006  -0.332  -0.894  -0.055  -0.132  1.896  0.171  0.225  0.175  -1.163  0.241  0.189  0.239  0.241  -0.091
  651654.990  4766114.200  563.680  4.000  0.870  0.070  24.000  50.000  0.000  50.000  0.000  0.000  0.000  50.000  0.000  0.000  0.000  0.000  30000.000  0.380  0.461  -0.315  -0.054  -0.131  0.617  0.172  0.226  0.176  -0.204  0.242  0.190  0.240  0.242  -0.090
  651251.020  4765692.980  648.060  4.000  1.550  0.050  68.000  50.000  30.000  50.000  0.000  0.000  0.000  20.000  0.000  0.000  0.000  0.000  50000.000  1.182  0.142  0.571  -0.053  1.269  0.618  0.173  0.227  0.177  -0.913  0.243  0.191  0.241  0.243  1.022
  651449.280  4766009.050  576.530  4.000  0.870  0.050  115.000  50.000  0.000  60.000  0.000  0.000  0.000  40.000  0.000  0.000  0.000  0.000  40000.000  0.381  0.143  1.103  -0.052  -0.130  0.880  0.174  0.228  0.178  -0.431  0.244  0.192  0.242  0.244  0.527
  651478.770  4765919.700  523.030  4.000  1.010  0.040  79.000  50.000  70.000  0.000  0.000  0.000  0.000  30.000  0.000  0.000  0.000  0.000  10000.000  0.572  -0.071  0.709  -0.051  1.858  -1.297  0.175  0.229  0.179  -0.667  0.245  0.193  0.243  0.245  -1.437
  651682.220  4765511.200  159.430  4.000  0.010  0.010  5.000  50.000  0.000  10.000  0.000  0.000  0.000  90.000  0.000  0.000  0.000  0.000  30000.000  -2.113  -1.159  -1.396  -0.050  -0.129  -0.616  0.176  0.230  0.180  1.070  0.246  0.194  0.244  0.246  -0.089
  650965.130  4765746.220  860.850  4.000  -99.000  -99.000  -99.000  -99.000  0.000  10.000  0.000  0.000  0.000  90.000  0.000  0.000  0.000  0.000  30000.000  -99.000  -99.000  -99.000  -99.000  -0.128  -0.615  0.177  0.231  0.181  1.072  0.247  0.195  0.245  0.247  -0.088
  651549.320  4765496.780  590.310  4.000  0.590  0.020  17.000  50.000  20.000  80.000  0.000  0.000  0.000  0.000  0.000  0.000  0.000  0.000  25000.000  -0.057  -0.680  -0.602  -0.049  1.034  1.571  0.178  0.232  0.182  -1.624  0.248  0.196  0.246  0.248  -0.546
  651394.820  4765893.520  505.260  4.000  0.950  0.020  235.000  50.000  0.000  70.000  0.000  0.000  0.000  30.000  0.000  0.000  0.000  0.000  30000.000  0.482  -0.679  1.976  -0.048  -0.127  1.224  0.179  0.233  0.183  -0.665  0.249  0.197  0.247  0.249  -0.087
  651538.840  4766256.500  576.060  4.000  0.780  0.000  58.000  50.000  55.000  30.000  0.000  0.000  0.000  15.000  0.000  0.000  0.000  0.000  40000.000  0.245  -1.676  0.430  -0.047  1.711  0.067  0.180  0.234  0.184  -1.038  0.250  0.198  0.248  0.250  0.528
  651220.470  4765604.300  571.230  4.000  0.540  0.050  115.000  50.000  0.000  30.000  0.000  0.000  0.000  70.000  0.000  0.000  0.000  0.000  60000.000  -0.145  0.144  1.105  -0.046  -0.126  0.068  0.181  0.235  0.185  0.361  0.251  0.199  0.249  0.251  1.416
  651505.250  4766208.800  622.240  4.000  1.650  0.060  28.000  50.000  0.000  78.620  0.000  0.000  0.000  21.380  0.000  0.000  0.000  0.000  49300.000  1.259  0.326  -0.174  -0.044  -0.125  1.379  0.182  0.235  0.186  -0.828  0.252  0.200  0.250  0.252  0.794
  651004.330  4764797.150  1024.340  4.000  0.120  0.010  7.510  278.400  10.000  10.000  0.000  0.000  0.000  80.000  0.000  0.000  0.000  0.000  100000.000  -1.032  -1.157  -1.123  1.095  0.816  -0.614  0.183  0.236  0.187  0.674  0.253  0.201  0.251  0.253  2.046
  651534.090  4765647.470  274.840  4.000  0.550  0.030  43.000  180.000  20.000  80.000  0.000  0.000  0.000  0.000  0.000  0.000  0.000  0.000  20000.000  -0.123  -0.331  0.171  0.903  1.036  1.574  0.184  0.237  0.188  -1.621  0.254  0.202  0.252  0.254  -0.776
  651564.600  4765616.420  414.200  4.000  1.230  0.230  93.000  50.000  80.000  20.000  0.000  0.000  0.000  0.000  0.000  0.000  0.000  0.000  10000.000  0.832  1.371  0.871  -0.043  2.039  -0.249  0.185  0.238  0.189  -1.617  0.255  0.203  0.253  0.255  -1.435
  651498.860  4765704.330  350.910  4.000  0.850  0.050  93.000  50.000  40.000  0.000  0.000  0.000  0.000  60.000  0.000  0.000  0.000  0.000  25000.000  0.353  0.145  0.873  -0.042  1.456  -1.294  0.186  0.239  0.189  0.029  0.256  0.204  0.254  0.256  -0.545
  651231.440  4766406.210  787.000  4.000  -99.000  -99.000  -99.000  -99.000  0.000  0.000  0.000  0.000  0.000  100.000  0.000  0.000  0.000  0.000  15000.000  -99.000  -99.000  -99.000  -99.000  -0.124  -1.292  0.187  0.240  0.190  1.853  0.257  0.205  0.255  0.257  -1.102
  651601.060  4766167.820  564.530  4.000  2.450  0.140  210.000  50.000  50.000  30.000  0.000  0.000  0.000  20.000  0.000  0.000  0.000  0.000  40000.000  1.763  1.000  1.818  -0.041  1.610  0.068  0.188  0.241  0.191  -0.911  0.258  0.206  0.256  0.258  0.529
  651585.990  4765831.170  537.040  4.000  0.840  0.040  23.000  50.000  60.000  0.000  0.000  0.000  0.000  40.000  0.000  0.000  0.000  0.000  10000.000  0.341  -0.070  -0.364  -0.040  1.753  -1.290  0.189  0.242  0.192  -0.430  0.259  0.207  0.257  0.259  -1.432
  651422.140  4765722.920  448.870  4.000  0.610  0.000  170.000  50.000  40.000  60.000  0.000  0.000  0.000  0.000  0.000  0.000  0.000  0.000  10000.000  -0.028  -1.672  1.551  -0.039  1.459  0.882  0.189  0.243  0.193  -1.614  0.260  0.208  0.258  0.260  -1.429
  651156.440  4766097.600  986.440  4.000  -99.000  -99.000  -99.000  -99.000  0.000  0.000  0.000  0.000  0.000  100.000  0.000  0.000  0.000  0.000  10000.000  -99.000  -99.000  -99.000  -99.000  -0.123  -1.288  0.190  0.244  0.194  1.858  0.261  0.209  0.259  0.261  -1.427
  651173.720  4766082.060  922.540  4.000  0.010  0.960  5.000  50.000  0.000  30.000  0.000  0.000  0.000  70.000  0.000  0.000  0.000  0.000  20000.000  -2.104  2.562  -1.393  -0.038  -0.122  0.069  0.191  0.245  0.195  0.362  0.262  0.210  0.260  0.262  -0.775
  650240.760  4764787.790  1048.880  4.000  0.090  1.070  13.240  291.750  0.000  0.000  0.000  0.000  0.000  100.000  0.000  0.000  0.000  0.000  20000.000  -1.166  2.655  -0.780  1.128  -0.121  -1.286  0.192  0.246  0.196  1.863  0.263  0.211  0.261  0.263  -0.773
  651750.930  4766068.250  218.570  4.000  -99.000  -99.000  -99.000  -99.000  30.000  70.000  0.000  0.000  0.000  0.000  0.000  0.000  0.000  0.000  10000.000  -99.000  -99.000  -99.000  -99.000  1.271  1.226  0.193  0.247  0.197  -1.610  0.264  0.211  0.262  0.264  -1.424
  651433.870  4765458.200  568.220  4.000  1.630  0.040  11.000  50.000  30.000  50.000  0.000  0.000  0.000  20.000  0.000  0.000  0.000  0.000  30000.000  1.248  -0.069  -0.893  -0.037  1.273  0.619  0.194  0.248  0.198  -0.910  0.264  0.212  0.263  0.264  -0.086
  651534.280  4766262.680  564.360  4.000  0.750  0.290  27.000  50.000  40.000  40.000  0.000  0.000  0.000  20.000  0.000  0.000  0.000  0.000  25000.000  0.200  1.560  -0.198  -0.036  1.461  0.341  0.195  0.249  0.199  -0.908  0.265  0.213  0.264  0.265  -0.544
  651145.130  4765703.440  795.670  4.000  0.620  0.030  80.000  172.000  0.000  90.000  0.000  0.000  0.000  10.000  0.000  0.000  0.000  0.000  30000.000  -0.011  -0.330  0.721  0.888  -0.120  1.902  0.196  0.250  0.200  -1.161  0.266  0.214  0.264  0.266  -0.085
  651393.570  4765716.980  552.510  4.000  0.920  0.050  43.000  50.000  100.000  0.000  0.000  0.000  0.000  0.000  0.000  0.000  0.000  0.000  5000.000  0.449  0.146  0.172  -0.035  2.548  -1.284  0.197  0.251  0.201  -1.607  0.267  0.215  0.265  0.267  -1.874
  651736.320  4765999.840  140.000  4.000  0.440  0.010  36.000  50.000  0.000  70.000  0.000  0.000  0.000  30.000  0.000  0.000  0.000  0.000  30000.000  -0.312  -1.155  0.020  -0.034  -0.119  1.228  0.198  0.252  0.202  -0.664  0.268  0.216  0.266  0.268  -0.084
  651629.330  4765939.940  513.160  4.000  1.010  0.050  31.000  50.000  40.000  60.000  0.000  0.000  0.000  0.000  0.000  0.000  0.000  0.000  20000.000  0.574  0.147  -0.089  -0.033  1.464  0.883  0.199  0.253  0.203  -1.604  0.269  0.217  0.267  0.269  -0.772
  651493.030  4766226.550  562.370  4.000  2.320  0.120  93.000  50.000  40.000  60.000  0.000  0.000  0.000  0.000  0.000  0.000  0.000  0.000  60000.000  1.711  0.892  0.874  -0.032  1.467  0.884  0.200  0.254  0.204  -1.600  0.270  0.218  0.268  0.270  1.419
  651384.950  4765870.360  333.960  4.000  0.710  0.140  49.000  50.000  0.000  50.000  0.000  0.000  0.000  50.000  0.000  0.000  0.000  0.000  30000.000  0.140  1.002  0.284  -0.031  -0.118  0.620  0.201  0.255  0.205  -0.203  0.271  0.219  0.269  0.271  -0.083
  651354.470  4765583.370  420.140  4.000  0.620  0.030  59.000  50.000  0.000  70.000  0.000  0.000  0.000  30.000  0.000  0.000  0.000  0.000  40000.000  -0.010  -0.329  0.453  -0.029  -0.117  1.230  0.202  0.256  0.206  -0.663  0.272  0.220  0.270  0.272  0.530
  651485.420  4766233.610  592.640  4.000  0.710  0.050  10.000  50.000  60.000  30.000  0.000  0.000  0.000  10.000  0.000  0.000  0.000  0.000  30000.000  0.141  0.148  -0.982  -0.028  1.757  0.070  0.203  0.257  0.207  -1.159  0.273  0.221  0.271  0.273  -0.083
  651601.190  4765975.650  419.630  4.000  0.900  0.030  140.000  50.000  0.000  65.000  0.000  0.000  0.000  35.000  0.000  0.000  0.000  0.000  30000.000  0.426  -0.328  1.305  -0.027  -0.116  1.022  0.204  0.258  0.208  -0.570  0.274  0.222  0.272  0.274  -0.082
  651485.340  4765427.390  468.940  4.000  1.770  0.150  38.000  50.000  50.000  50.000  0.000  0.000  0.000  0.000  0.000  0.000  0.000  0.000  20000.000  1.363  1.041  0.072  -0.026  1.614  0.622  0.205  0.259  0.209  -1.597  0.275  0.223  0.273  0.275  -0.771
  650379.980  4765048.310  1017.910  4.000  0.670  0.290  11.400  22.900  0.000  35.000  0.000  0.000  0.000  65.000  0.000  0.000  0.000  0.000  40000.000  0.076  1.563  -0.882  -1.191  -0.116  0.189  0.206  0.260  0.210  0.164  0.276  0.224  0.274  0.276  0.531
  651379.670  4765707.870  547.600  4.000  2.060  0.050  170.000  50.000  30.000  40.000  0.000  0.000  0.000  30.000  0.000  0.000  0.000  0.000  20000.000  1.550  0.149  1.554  -0.025  1.275  0.342  0.207  0.261  0.211  -0.662  0.277  0.225  0.275  0.277  -0.770
  650293.810  4765100.110  927.510  4.000  0.320  0.050  52.800  53.200  0.000  40.000  0.000  0.000  0.000  60.000  0.000  0.000  0.000  0.000  30000.000  -0.514  0.150  0.338  0.450  -0.115  0.343  0.208  0.262  0.211  0.030  0.278  0.226  0.276  0.278  -0.081
  651903.020  4766125.390  470.810  4.000  0.180  0.020  83.000  50.000  0.000  10.000  0.000  0.000  0.000  90.000  0.000  0.000  0.000  0.000  40000.000  -0.823  -0.677  0.750  -0.024  -0.114  -0.613  0.209  0.263  0.212  1.074  0.279  0.227  0.277  0.279  0.532
  651487.100  4765426.300  465.520  4.000  2.130  0.180  83.000  50.000  60.000  40.000  0.000  0.000  0.000  0.000  0.000  0.000  0.000  0.000  20000.000  1.608  1.188  0.752  -0.023  1.762  0.344  0.210  0.264  0.213  -1.594  0.280  0.228  0.278  0.280  -0.768
  651230.640  4766406.800  199.010  4.000  0.520  0.010  34.000  3.100  0.000  45.000  0.000  0.000  0.000  55.000  0.000  0.000  0.000  0.000  50000.000  -0.178  -1.153  -0.028  -2.477  -0.113  0.477  0.211  0.264  0.214  -0.120  0.281  0.229  0.279  0.281  1.023
  651737.000  4765998.830  143.810  4.000  0.220  0.010  24.000  110.000  0.000  90.000  0.000  0.000  0.000  10.000  0.000  0.000  0.000  0.000  20000.000  -0.715  -1.151  -0.314  0.613  -0.112  1.908  0.211  0.265  0.215  -1.157  0.282  0.230  0.280  0.282  -0.767
  651172.490  4765409.600  635.940  4.000  0.440  0.040  125.000  50.000  0.000  40.000  0.000  0.000  0.000  60.000  0.000  0.000  0.000  0.000  20000.000  -0.310  -0.068  1.190  -0.022  -0.111  0.345  0.212  0.266  0.216  0.031  0.283  0.231  0.281  0.283  -0.766
  651521.770  4765659.610  217.390  4.000  0.660  0.000  335.000  120.000  70.000  20.000  0.000  0.000  0.000  10.000  0.000  0.000  0.000  0.000  20000.000  0.055  -1.667  2.333  0.664  1.863  -0.248  0.213  0.267  0.217  -1.156  0.284  0.232  0.282  0.284  -0.765
  650287.160  4765049.530  1037.530  4.000  0.530  0.110  14.550  44.400  0.000  40.000  0.000  0.000  0.000  60.000  0.000  0.000  0.000  0.000  20000.000  -0.161  0.808  -0.721  -0.991  -0.110  0.346  0.214  0.268  0.218  0.032  0.285  0.233  0.283  0.285  -0.763
  651238.430  4765703.760  611.650  4.000  0.470  0.020  93.000  1130.000  0.000  25.000  0.000  0.000  0.000  75.000  0.000  0.000  0.000  0.000  60000.000  -0.264  -0.676  0.876  1.925  -0.109  -0.109  0.215  0.269  0.219  0.480  0.286  0.234  0.284  0.286  1.422
  651610.320  4766081.830  669.250  4.000  1.930  0.030  16.000  50.000  0.000  100.000  0.000  0.000  0.000  0.000  0.000  0.000  0.000  0.000  50000.000  1.465  -0.326  -0.634  -0.021  -0.108  2.425  0.216  0.270  0.220  -1.590  0.287  0.235  0.285  0.287  1.025
  651613.820  4766025.990  449.630  4.000  0.980  0.650  96.000  1580.000  0.000  60.000  0.000  0.000  0.000  40.000  0.000  0.000  0.000  0.000  30000.000  0.526  2.248  0.907  2.201  -0.107  0.886  0.217  0.271  0.221  -0.429  0.288  0.235  0.286  0.288  -0.080
  651216.810  4766033.610  748.220  4.000  0.890  0.120  28.000  50.000  0.000  70.000  0.000  0.000  0.000  30.000  0.000  0.000  0.000  0.000  40000.000  0.411  0.894  -0.173  -0.020  -0.106  1.232  0.218  0.272  0.222  -0.661  0.289  0.236  0.287  0.289  0.533
  651145.150  4765447.510  646.970  4.000  0.340  0.030  115.000  50.000  0.000  20.000  0.000  0.000  0.000  80.000  0.000  0.000  0.000  0.000  10000.000  -0.486  -0.325  1.107  -0.019  -0.105  -0.247  0.219  0.273  0.223  0.675  0.290  0.237  0.288  0.290  -1.422
  651306.420  4765297.700  695.290  4.000  1.240  0.040  17.000  50.000  0.000  90.000  0.000  0.000  0.000  10.000  0.000  0.000  0.000  0.000  30000.000  0.841  -0.067  -0.601  -0.018  -0.104  1.913  0.220  0.274  0.224  -1.154  0.291  0.238  0.289  0.291  -0.079
  651070.970  4764899.330  1073.810  4.000  0.050  0.020  5.110  12.160  0.000  0.000  0.000  0.000  0.000  100.000  0.000  0.000  0.000  0.000  100000.000  -1.447  -0.675  -1.257  -1.480  -0.103  -1.282  0.221  0.275  0.225  1.869  0.292  0.239  0.290  0.292  2.054
  651538.570  4765971.570  449.670  4.000  0.380  0.040  97.000  50.000  0.000  40.000  0.000  0.000  0.000  60.000  0.000  0.000  0.000  0.000  20000.000  -0.405  -0.066  0.912  -0.017  -0.102  0.347  0.222  0.276  0.226  0.033  0.293  0.240  0.291  0.293  -0.762
  651446.080  4765654.560  373.250  4.000  0.550  0.020  45.000  50.000  20.000  50.000  0.000  0.000  0.000  30.000  0.000  0.000  0.000  0.000  20000.000  -0.122  -0.674  0.208  -0.016  1.038  0.623  0.223  0.277  0.227  -0.660  0.294  0.241  0.292  0.294  -0.761
  651441.380  4766019.620  601.230  4.000  0.480  0.040  115.000  50.000  70.000  20.000  0.000  0.000  0.000  10.000  0.000  0.000  0.000  0.000  15000.000  -0.250  -0.065  1.109  -0.014  1.869  -0.246  0.224  0.278  0.228  -1.152  0.295  0.242  0.293  0.295  -1.101
  651381.970  4765848.500  551.770  4.000  0.930  0.040  190.000  50.000  20.000  40.000  0.000  0.000  0.000  40.000  0.000  0.000  0.000  0.000  20000.000  0.465  -0.064  1.683  -0.013  1.039  0.348  0.225  0.279  0.229  -0.428  0.296  0.243  0.294  0.296  -0.760
  651621.530  4766022.750  484.650  4.000  0.840  0.060  82.000  50.000  30.000  70.000  0.000  0.000  0.000  0.000  0.000  0.000  0.000  0.000  15000.000  0.342  0.328  0.735  -0.012  1.277  1.234  0.226  0.280  0.230  -1.587  0.297  0.244  0.295  0.297  -1.099
  651004.240  4764788.650  872.580  4.000  0.360  0.030  53.760  496.400  5.000  5.000  0.000  0.000  0.000  90.000  0.000  0.000  0.000  0.000  150000.000  -0.438  -0.324  0.356  1.355  0.651  -0.844  0.227  0.281  0.231  1.075  0.298  0.245  0.296  0.298  2.548
  651504.170  4766215.660  516.970  4.000  0.780  0.100  105.000  50.000  0.000  70.000  0.000  0.000  0.000  30.000  0.000  0.000  0.000  0.000  30000.000  0.246  0.734  1.005  -0.011  -0.101  1.236  0.228  0.282  0.232  -0.658  0.299  0.246  0.297  0.299  -0.078
  651648.360  4766257.820  536.040  4.000  0.990  0.060  39.000  50.000  100.000  0.000  0.000  0.000  0.000  0.000  0.000  0.000  0.000  0.000  15000.000  0.545  0.329  0.095  -0.010  2.573  -1.279  0.229  0.283  0.233  -1.584  0.300  0.247  0.298  0.300  -1.097
  651126.860  4765505.250  1073.430  4.000  -99.000  -99.000  -99.000  -99.000  0.000  20.000  0.000  0.000  0.000  80.000  0.000  0.000  0.000  0.000  10000.000  -99.000  -99.000  -99.000  -99.000  -0.100  -0.245  0.230  0.284  0.234  0.676  0.301  0.248  0.299  0.301  -1.419
  651070.350  4764899.530  1015.810  4.000  0.000  0.000  0.380  8.090  0.000  0.000  0.000  0.000  0.000  100.000  0.000  0.000  0.000  0.000  10000.000  -2.781  -1.663  -3.226  -1.752  -0.099  -1.277  0.231  0.285  0.235  1.874  0.302  0.249  0.300  0.302  -1.416
  651551.070  4765871.220  384.030  4.000  0.710  0.060  93.000  130.000  20.000  60.000  0.000  0.000  0.000  20.000  0.000  0.000  0.000  0.000  20000.000  0.142  0.330  0.877  0.718  1.041  0.887  0.232  0.286  0.235  -0.907  0.303  0.250  0.301  0.303  -0.758
  651173.250  4766082.540  924.420  4.000  0.010  0.060  5.000  50.000  0.000  30.000  0.000  0.000  0.000  70.000  0.000  0.000  0.000  0.000  20000.000  -2.094  0.331  -1.390  -0.009  -0.099  0.071  0.233  0.287  0.236  0.363  0.304  0.251  0.302  0.304  -0.757
  651450.870  4765438.750  631.220  4.000  1.500  0.030  15.000  50.000  0.000  0.000  0.000  0.000  0.000  0.000  0.000  0.000  0.000  0.000  0.000  1.145  -0.323  -0.682  -0.008  -0.098  -1.275  0.234  0.288  0.237  -1.580  0.304  0.252  0.303  0.304  -2.264
  651004.250  4764788.770  874.580  4.000  0.380  0.050  36.500  593.400  5.000  5.000  0.000  0.000  0.000  90.000  0.000  0.000  0.000  0.000  150000.000  -0.404  0.151  0.032  1.461  0.653  -0.842  0.235  0.289  0.238  1.077  0.305  0.253  0.304  0.305  2.573
  651670.100  4766042.160  290.580  4.000  0.780  0.020  94.000  50.000  0.000  100.000  0.000  0.000  0.000  0.000  0.000  0.000  0.000  0.000  10000.000  0.247  -0.672  0.883  -0.007  -0.097  2.443  0.235  0.290  0.239  -1.577  0.306  0.254  0.304  0.306  -1.414
  651493.910  4765711.410  368.950  4.000  0.590  0.020  89.000  50.000  20.000  0.000  0.000  0.000  0.000  80.000  0.000  0.000  0.000  0.000  30000.000  -0.056  -0.671  0.817  -0.006  1.042  -1.273  0.236  0.291  0.240  0.677  0.307  0.255  0.305  0.307  -0.077
  651230.640  4766406.790  205.010  4.000  0.910  0.040  127.500  2.300  0.000  40.000  0.000  0.000  0.000  60.000  0.000  0.000  0.000  0.000  30000.000  0.442  -0.063  1.203  -2.891  -0.096  0.349  0.237  0.292  0.241  0.034  0.308  0.256  0.306  0.308  -0.076
  651508.430  4765611.450  571.210  4.000  1.610  0.030  16.000  50.000  0.000  100.000  0.000  0.000  0.000  0.000  0.000  0.000  0.000  0.000  40000.000  1.225  -0.322  -0.633  -0.005  -0.095  2.462  0.238  0.293  0.242  -1.574  0.309  0.257  0.307  0.309  0.534
  651153.830  4765771.530  717.560  4.000  0.470  0.050  120.000  25.000  0.000  65.000  0.000  0.000  0.000  35.000  0.000  0.000  0.000  0.000  30000.000  -0.263  0.152  1.149  -1.130  -0.094  1.023  0.239  0.294  0.243  -0.569  0.310  0.258  0.308  0.310  -0.075
  651623.450  4766151.310  476.830  4.000  1.070  0.150  37.000  530.000  0.000  30.000  0.000  0.000  0.000  70.000  0.000  0.000  0.000  0.000  50000.000  0.647  1.042  0.046  1.410  -0.093  0.072  0.240  0.295  0.244  0.364  0.311  0.259  0.309  0.311  1.026
  651606.780  4765968.530  437.470  4.000  0.990  0.090  59.000  50.000  80.000  20.000  0.000  0.000  0.000  0.000  0.000  0.000  0.000  0.000  15000.000  0.547  0.655  0.454  -0.004  2.046  -0.244  0.241  0.296  0.245  -1.571  0.312  0.260  0.310  0.312  -1.096
  651397.090  4765443.400  323.410  4.000  0.690  0.050  145.000  50.000  10.000  50.000  0.000  0.000  0.000  40.000  0.000  0.000  0.000  0.000  40000.000  0.109  0.153  1.342  -0.003  0.817  0.624  0.242  0.297  0.246  -0.427  0.313  0.261  0.311  0.313  0.535
  651135.830  4765575.380  766.470  4.000  0.600  0.010  135.000  50.000  0.000  40.000  0.000  0.000  0.000  60.000  0.000  0.000  0.000  0.000  40000.000  -0.044  -1.149  1.264  -0.002  -0.092  0.350  0.243  0.298  0.247  0.035  0.314  0.262  0.312  0.314  0.536
  651564.790  4765854.960  442.260  4.000  1.740  0.100  28.000  290.000  30.000  50.000  0.000  0.000  0.000  20.000  0.000  0.000  0.000  0.000  40000.000  1.337  0.735  -0.172  1.122  1.279  0.625  0.244  0.299  0.248  -0.905  0.315  0.263  0.313  0.315  0.537
  651395.220  4765894.890  503.850  4.000  1.470  0.060  165.000  50.000  0.000  45.000  0.000  0.000  0.000  55.000  0.000  0.000  0.000  0.000  40000.000  1.116  0.332  1.501  -0.001  -0.091  0.478  0.245  0.300  0.249  -0.119  0.316  0.264  0.314  0.316  0.538
  650241.240  4765049.750  918.060  4.000  0.190  0.260  43.400  71.500  0.000  25.000  0.000  0.000  0.000  73.000  0.000  2.000  0.000  0.000  30000.000  -0.803  1.471  0.180  0.500  -0.090  -0.108  0.246  0.301  0.250  0.449  0.317  1.975  0.315  0.317  -0.074
  651440.930  4765962.210  553.620  4.000  1.050  0.030  93.000  50.000  0.000  60.000  0.000  0.000  0.000  40.000  0.000  0.000  0.000  0.000  40000.000  0.617  -0.321  0.879  0.001  -0.089  0.889  0.247  0.302  0.251  -0.426  0.318  0.264  0.316  0.318  0.540
  651126.820  4765389.700  1062.470  4.000  0.080  0.010  10.000  85.000  0.000  0.000  0.000  0.000  0.000  100.000  0.000  0.000  0.000  0.000  10000.000  -1.234  -1.147  -0.981  0.526  -0.088  -1.271  0.248  0.303  0.252  1.879  0.319  0.265  0.317  0.319  -1.411
  651164.830  4765416.080  621.010  4.000  0.700  0.050  660.000  750.000  0.000  40.000  0.000  0.000  0.000  60.000  0.000  0.000  0.000  0.000  30000.000  0.122  0.154  2.834  1.615  -0.087  0.351  0.249  0.304  0.253  0.036  0.320  0.266  0.318  0.320  -0.073
  651681.180  4766234.640  457.750  4.000  1.150  0.130  18.000  50.000  0.000  90.000  0.000  0.000  0.000  10.000  0.000  0.000  0.000  0.000  25000.000  0.742  0.958  -0.558  0.002  -0.086  1.919  0.250  0.304  0.254  -1.150  0.321  0.267  0.319  0.321  -0.543
  651737.470  4766226.360  416.840  4.000  0.360  0.040  5.000  50.000  90.000  10.000  0.000  0.000  0.000  0.000  0.000  0.000  0.000  0.000  7000.000  -0.437  -0.062  -1.388  0.003  2.252  -0.611  0.251  0.305  0.255  -1.567  0.322  0.268  0.320  0.322  -1.789
  651609.140  4766083.380  663.570  4.000  1.910  0.050  26.000  110.000  0.000  100.000  0.000  0.000  0.000  0.000  0.000  0.000  0.000  0.000  45000.000  1.456  0.155  -0.229  0.614  -0.085  2.481  0.252  0.306  0.256  -1.564  0.323  0.269  0.321  0.323  0.775
  650059.080  4764903.100  974.420  4.000  0.070  0.050  4.740  3.350  0.000  0.000  0.000  0.000  0.000  100.000  0.000  0.000  0.000  0.000  10000.000  -1.317  0.156  -1.818  -2.358  -0.084  -1.269  0.253  0.307  0.257  1.885  0.324  0.270  0.322  0.324  -1.409
  651783.190  4766163.070  213.730  4.000  0.990  0.050  40.000  50.000  0.000  80.000  0.000  0.000  0.000  20.000  0.000  0.000  0.000  0.000  25000.000  0.548  0.157  0.105  0.004  -0.083  1.577  0.254  0.308  0.258  -0.904  0.325  0.271  0.323  0.325  -0.542
  651532.970  4766264.460  561.020  4.000  1.540  0.060  17.000  50.000  10.000  70.000  0.000  0.000  0.000  20.000  0.000  0.000  0.000  0.000  30000.000  1.176  0.333  -0.600  0.005  0.818  1.238  0.255  0.309  0.259  -0.903  0.326  0.272  0.324  0.326  -0.072
  651560.380  4765860.050  423.430  4.000  1.370  0.080  19.000  170.000  10.000  70.000  0.000  0.000  0.000  20.000  0.000  0.000  0.000  0.000  50000.000  0.992  0.573  -0.507  0.874  0.820  1.240  0.256  0.310  0.260  -0.901  0.327  0.273  0.325  0.327  1.028
  651470.910  4765893.480  549.390  4.000  1.190  0.050  58.000  50.000  100.000  0.000  0.000  0.000  0.000  0.000  0.000  0.000  0.000  0.000  10000.000  0.788  0.158  0.431  0.006  2.599  -1.267  0.257  0.311  0.261  -1.561  0.328  0.274  0.326  0.328  -1.406
  651361.770  4765845.150  659.370  4.000  1.420  0.030  22.000  130.000  50.000  40.000  0.000  0.000  0.000  10.000  0.000  0.000  0.000  0.000  25000.000  1.050  -0.320  -0.398  0.720  1.617  0.352  0.258  0.312  0.262  -1.148  0.329  0.275  0.327  0.329  -0.541
  650586.390  4764913.670  985.430  4.000  0.140  0.020  15.100  8.450  0.000  20.000  0.000  0.000  0.000  80.000  0.000  0.000  0.000  0.000  20000.000  -0.962  -0.670  -0.665  -1.718  -0.083  -0.243  0.259  0.313  0.263  0.678  0.330  0.276  0.328  0.330  -0.756
  651539.120  4765642.400  297.760  4.000  1.510  0.090  99.000  140.000  30.000  70.000  0.000  0.000  0.000  0.000  0.000  0.000  0.000  0.000  20000.000  1.151  0.657  0.933  0.766  1.282  1.242  0.260  0.314  0.264  -1.558  0.331  0.277  0.329  0.331  -0.755
  651220.020  4766029.750  735.150  4.000  0.410  0.120  23.000  140.000  0.000  50.000  0.000  0.000  0.000  50.000  0.000  0.000  0.000  0.000  30000.000  -0.357  0.895  -0.363  0.768  -0.082  0.626  0.261  0.315  0.264  -0.202  0.332  0.278  0.330  0.332  -0.071
  651559.770  4766452.030  533.040  4.000  0.130  0.040  5.000  50.000  0.000  0.000  0.000  0.000  0.000  0.000  0.000  0.000  0.000  0.000  0.000  -0.994  -0.061  -1.385  0.007  -0.081  -1.265  0.262  0.316  0.265  -1.555  0.333  0.279  0.331  0.333  -2.252
  651292.200  4765635.810  489.900  4.000  0.470  0.020  105.000  50.000  20.000  10.000  0.000  0.000  0.000  70.000  0.000  0.000  0.000  0.000  20000.000  -0.261  -0.668  1.006  0.008  1.044  -0.610  0.263  0.317  0.266  0.365  0.334  0.280  0.332  0.334  -0.753
  651393.480  4765522.320  497.450  4.000  0.950  0.070  36.000  50.000  0.000  70.000  0.000  0.000  0.000  30.000  0.000  0.000  0.000  0.000  30000.000  0.483  0.462  0.022  0.009  -0.080  1.244  0.264  0.318  0.267  -0.657  0.335  0.281  0.333  0.335  -0.070
  651003.740  4764799.080  1062.290  4.000  0.240  0.010  248.000  706.600  15.000  5.000  0.000  0.000  0.000  80.000  0.000  0.000  0.000  0.000  80000.000  -0.669  -1.145  2.007  1.555  0.923  -0.841  0.264  0.319  0.268  0.679  0.336  0.282  0.334  0.336  1.885
  651004.440  4764791.740  924.490  4.000  0.260  0.070  64.360  665.200  5.000  15.000  0.000  0.000  0.000  80.000  0.000  0.000  0.000  0.000  150000.000  -0.631  0.463  0.526  1.523  0.654  -0.438  0.265  0.320  0.269  0.681  0.337  0.283  0.335  0.337  2.599
  651548.000  4765875.130  370.950  4.000  0.530  0.040  29.000  160.000  70.000  0.000  0.000  0.000  0.000  30.000  0.000  0.000  0.000  0.000  10000.000  -0.160  -0.060  -0.144  0.837  1.874  -1.263  0.266  0.321  0.270  -0.656  0.338  0.284  0.336  0.338  -1.404
  651229.200  4765593.040  610.740  4.000  0.390  0.060  45.000  50.000  0.000  50.000  0.000  0.000  0.000  50.000  0.000  0.000  0.000  0.000  20000.000  -0.387  0.334  0.209  0.010  -0.079  0.627  0.267  0.322  0.271  -0.201  0.339  0.285  0.337  0.339  -0.752
  651147.590  4766105.240  1018.360  4.000  -99.000  -99.000  -99.000  -99.000  0.000  0.000  0.000  0.000  0.000  0.000  0.000  0.000  0.000  0.000  0.000  -99.000  -99.000  -99.000  -99.000  -0.078  -1.261  0.268  0.323  0.272  -1.552  0.340  0.286  0.338  0.340  -2.241
  651379.520  4765729.180  501.820  4.000  0.790  0.010  115.000  140.000  10.000  50.000  0.000  0.000  0.000  40.000  0.000  0.000  0.000  0.000  10000.000  0.265  -1.143  1.111  0.769  0.821  0.628  0.269  0.324  0.273  -0.425  0.341  0.287  0.339  0.341  -1.401
  651430.090  4765733.190  507.460  4.000  1.000  0.030  44.000  50.000  70.000  30.000  0.000  0.000  0.000  0.000  0.000  0.000  0.000  0.000  10000.000  0.560  -0.319  0.189  0.011  1.879  0.073  0.270  0.325  0.274  -1.549  0.342  0.288  0.340  0.342  -1.399
  651431.120  4766033.460  632.840  4.000  0.250  0.000  5.000  50.000  0.000  80.000  0.000  0.000  0.000  20.000  0.000  0.000  0.000  0.000  30000.000  -0.652  -1.659  -1.382  0.012  -0.077  1.580  0.271  0.326  0.275  -0.900  0.343  0.289  0.341  0.343  -0.069
  651177.070  4766078.670  909.370  4.000  0.020  0.020  5.000  130.000  0.000  0.000  0.000  0.000  0.000  0.000  0.000  0.000  0.000  0.000  0.000  -1.831  -0.667  -1.379  0.721  -0.076  -1.258  0.272  0.327  0.276  -1.545  0.344  0.290  0.342  0.344  -2.229
  651480.040  4765430.670  479.190  4.000  1.440  0.100  20.000  50.000  40.000  60.000  0.000  0.000  0.000  0.000  0.000  0.000  0.000  0.000  20000.000  1.072  0.736  -0.473  0.013  1.470  0.890  0.273  0.328  0.277  -1.542  0.345  0.291  0.343  0.345  -0.751
  650241.750  4764788.520  988.900  4.000  0.030  0.050  4.110  123.100  0.000  0.000  0.000  0.000  0.000  100.000  0.000  0.000  0.000  0.000  10000.000  -1.676  0.159  -1.927  0.689  -0.075  -1.256  0.274  0.329  0.278  1.890  0.346  0.292  0.344  0.346  -1.396
  651565.430  4765615.590  418.030  4.000  0.770  0.050  145.000  160.000  40.000  60.000  0.000  0.000  0.000  0.000  0.000  0.000  0.000  0.000  10000.000  0.227  0.161  1.345  0.838  1.472  0.891  0.275  0.330  0.279  -1.539  0.347  0.293  0.345  0.347  -1.394
  651432.320  4765751.310  483.660  4.000  0.010  0.000  5.000  50.000  60.000  10.000  0.000  0.000  0.000  30.000  0.000  0.000  0.000  0.000  10000.000  -2.085  -1.655  -1.377  0.014  1.766  -0.609  0.276  0.331  0.280  -0.655  0.348  0.294  0.346  0.348  -1.391
  651373.550  4765712.870  570.260  4.000  1.990  0.050  195.000  50.000  50.000  30.000  0.000  0.000  0.000  20.000  0.000  0.000  0.000  0.000  30000.000  1.506  0.162  1.742  0.016  1.621  0.074  0.277  0.332  0.281  -0.898  0.349  0.295  0.347  0.349  -0.068
  650278.520  4765100.750  845.010  4.000  0.200  0.020  22.300  18.200  0.000  35.000  0.000  0.000  0.000  65.000  0.000  0.000  0.000  0.000  15000.000  -0.776  -0.666  -0.384  -1.303  -0.074  0.189  0.278  0.333  0.282  0.165  0.350  0.296  0.348  0.350  -1.094
  651393.640  4765889.420  509.470  4.000  2.190  0.070  170.000  50.000  0.000  70.000  0.000  0.000  0.000  30.000  0.000  0.000  0.000  0.000  30000.000  1.639  0.464  1.558  0.017  -0.073  1.246  0.279  0.334  0.283  -0.654  0.351  0.297  0.349  0.351  -0.068
  651150.040  4765743.630  748.720  4.000  1.780  0.050  83.000  25.000  0.000  90.000  0.000  0.000  0.000  10.000  0.000  0.000  0.000  0.000  30000.000  1.376  0.163  0.753  -1.128  -0.072  1.925  0.280  0.335  0.284  -1.146  0.352  0.298  0.350  0.352  -0.067
  650759.670  4764837.450  989.990  4.000  0.270  0.100  13.720  21.230  0.000  15.000  0.000  0.000  0.000  85.000  0.000  0.000  0.000  0.000  60000.000  -0.611  0.738  -0.761  -1.227  -0.071  -0.437  0.281  0.336  0.285  0.865  0.353  0.299  0.351  0.353  1.424
  651482.020  4766005.560  565.440  4.000  1.000  0.040  77.000  50.000  0.000  60.000  0.000  0.000  0.000  40.000  0.000  0.000  0.000  0.000  40000.000  0.561  -0.059  0.684  0.018  -0.070  0.893  0.282  0.337  0.286  -0.424  0.354  0.300  0.352  0.354  0.541
  650297.100  4765099.970  945.200  4.000  0.300  0.040  17.550  16.800  0.000  30.000  0.000  0.000  0.000  70.000  0.000  0.000  0.000  0.000  15000.000  -0.547  -0.057  -0.584  -1.344  -0.069  0.075  0.283  0.338  0.287  0.366  0.355  0.301  0.353  0.355  -1.092
  651473.490  4765635.850  456.900  4.000  0.880  0.030  82.000  50.000  10.000  60.000  0.000  0.000  0.000  30.000  0.000  0.000  0.000  0.000  20000.000  0.389  -0.318  0.736  0.019  0.822  0.894  0.284  0.339  0.288  -0.653  0.356  0.302  0.354  0.356  -0.750
  651511.290  4765609.560  580.600  4.000  0.870  0.040  22.000  50.000  0.000  50.000  0.000  0.000  0.000  50.000  0.000  0.000  0.000  0.000  20000.000  0.383  -0.056  -0.397  0.020  -0.068  0.630  0.285  0.340  0.289  -0.200  0.357  0.303  0.355  0.357  -0.748
  651624.110  4766021.670  496.320  4.000  0.860  0.070  43.000  50.000  0.000  100.000  0.000  0.000  0.000  0.000  0.000  0.000  0.000  0.000  20000.000  0.365  0.466  0.173  0.021  -0.068  2.502  0.286  0.341  0.290  -1.536  0.358  0.304  0.356  0.358  -0.747
  651548.160  4765756.000  289.910  4.000  0.760  0.050  52.000  50.000  80.000  20.000  0.000  0.000  0.000  0.000  0.000  0.000  0.000  0.000  10000.000  0.213  0.164  0.335  0.022  2.054  -0.242  0.287  0.342  0.291  -1.533  0.359  0.304  0.357  0.359  -1.389
  651633.750  4766017.700  539.070  4.000  1.060  0.030  36.000  50.000  70.000  30.000  0.000  0.000  0.000  0.000  0.000  0.000  0.000  0.000  10000.000  0.631  -0.317  0.023  0.023  1.885  0.076  0.288  0.343  0.292  -1.530  0.360  0.305  0.358  0.360  -1.386
  651533.630  4766263.570  562.690  4.000  1.250  0.040  25.000  50.000  30.000  40.000  0.000  0.000  0.000  30.000  0.000  0.000  0.000  0.000  40000.000  0.853  -0.055  -0.270  0.024  1.284  0.353  0.289  0.344  0.293  -0.651  0.361  0.306  0.359  0.361  0.542
  651447.260  4765450.550  542.480  4.000  1.090  0.020  84.000  50.000  0.000  80.000  0.000  0.000  0.000  20.000  0.000  0.000  0.000  0.000  30000.000  0.674  -0.664  0.768  0.025  -0.067  1.584  0.290  0.345  0.294  -0.897  0.362  0.307  0.360  0.362  -0.066
  651543.300  4766101.130  613.780  4.000  1.910  0.110  97.000  50.000  0.000  60.000  0.000  0.000  0.000  40.000  0.000  0.000  0.000  0.000  50000.000  1.459  0.810  0.913  0.026  -0.066  0.896  0.291  0.346  0.295  -0.423  0.363  0.308  0.361  0.363  1.030
  651723.780  4766246.220  516.430  4.000  1.710  0.080  5.000  50.000  10.000  70.000  0.000  0.000  0.000  20.000  0.000  0.000  0.000  0.000  30000.000  1.309  0.574  -1.374  0.027  0.824  1.248  0.292  0.347  0.296  -0.896  0.364  0.309  0.362  0.364  -0.065
  651379.090  4765330.380  600.750  4.000  0.780  0.030  68.000  50.000  20.000  60.000  0.000  0.000  0.000  20.000  0.000  0.000  0.000  0.000  30000.000  0.248  -0.315  0.573  0.028  1.046  0.897  0.293  0.348  0.297  -0.894  0.365  0.310  0.363  0.365  -0.064
  651511.150  4765871.020  521.850  4.000  1.130  0.080  155.000  50.000  20.000  80.000  0.000  0.000  0.000  0.000  0.000  0.000  0.000  0.000  40000.000  0.710  0.576  1.427  0.029  1.047  1.587  0.294  0.349  0.298  -1.527  0.366  0.311  0.364  0.366  0.543
  651375.080  4765711.620  564.590  4.000  1.220  0.120  33.000  50.000  70.000  20.000  0.000  0.000  0.000  10.000  0.000  0.000  0.000  0.000  10000.000  0.816  0.897  -0.046  0.031  1.890  -0.241  0.295  0.350  0.299  -1.145  0.367  0.312  0.365  0.367  -1.384
  651549.200  4765496.990  588.320  4.000  0.610  0.020  29.000  50.000  10.000  90.000  0.000  0.000  0.000  0.000  0.000  0.000  0.000  0.000  30000.000  -0.027  -0.663  -0.143  0.032  0.825  1.931  0.296  0.351  0.300  -1.524  0.368  0.313  0.366  0.368  -0.063
  651365.310  4765335.140  529.750  4.000  0.500  0.020  17.000  50.000  50.000  40.000  0.000  0.000  0.000  10.000  0.000  0.000  0.000  0.000  25000.000  -0.211  -0.662  -0.599  0.033  1.624  0.354  0.297  0.352  0.301  -1.143  0.369  0.314  0.367  0.369  -0.540
  651689.080  4766021.170  334.210  4.000  0.410  0.040  5.000  50.000  0.000  80.000  0.000  0.000  0.000  20.000  0.000  0.000  0.000  0.000  10000.000  -0.356  -0.054  -1.371  0.034  -0.065  1.590  0.298  0.353  0.302  -0.893  0.370  0.315  0.368  0.370  -1.382
  651390.100  4765877.110  522.120  4.000  0.360  0.010  100.000  50.000  40.000  50.000  0.000  0.000  0.000  10.000  0.000  0.000  0.000  0.000  9500.000  -0.436  -1.141  0.947  0.035  1.475  0.631  0.299  0.354  0.303  -1.141  0.371  0.316  0.369  0.371  -1.775
  651350.540  4766615.550  430.940  4.000  -99.000  -99.000  -99.000  -99.000  0.000  10.000  0.000  0.000  0.000  90.000  0.000  0.000  0.000  0.000  30000.000  -99.000  -99.000  -99.000  -99.000  -0.064  -0.608  0.300  0.355  0.304  1.079  0.372  0.317  0.370  0.372  -0.062
  650239.990  4764787.900  1112.880  4.000  0.140  0.050  5.700  16.160  0.000  0.000  0.000  0.000  0.000  100.000  0.000  0.000  0.000  0.000  10000.000  -0.960  0.165  -1.221  -1.366  -0.063  -1.254  0.301  0.356  0.304  1.896  0.373  0.318  0.371  0.373  -1.379
  651479.160  4765431.220  480.900  4.000  2.000  0.130  35.000  50.000  50.000  50.000  0.000  0.000  0.000  0.000  0.000  0.000  0.000  0.000  30000.000  1.516  0.960  -0.002  0.036  1.628  0.632  0.302  0.357  0.305  -1.521  0.374  0.319  0.372  0.374  -0.061
  651458.860  4765645.470  412.210  4.000  0.550  0.000  54.000  50.000  30.000  50.000  0.000  0.000  0.000  20.000  0.000  0.000  0.000  0.000  20000.000  -0.121  -1.651  0.367  0.037  1.286  0.633  0.303  0.358  0.306  -0.891  0.375  0.320  0.373  0.375  -0.746
  651152.180  4765759.500  730.840  4.000  0.910  0.020  140.000  79.000  0.000  75.000  0.000  0.000  0.000  25.000  0.000  0.000  0.000  0.000  30000.000  0.443  -0.660  1.307  0.507  -0.062  1.374  0.304  0.359  0.307  -0.820  0.376  0.321  0.374  0.376  -0.060
  651466.790  4765752.990  473.780  4.000  0.710  0.030  31.000  50.000  40.000  0.000  0.000  0.000  0.000  60.000  0.000  0.000  0.000  0.000  25000.000  0.143  -0.314  -0.088  0.038  1.478  -1.252  0.304  0.360  0.308  0.037  0.377  0.322  0.375  0.377  -0.538
  651477.060  4765633.460  468.100  4.000  0.800  0.060  48.000  50.000  50.000  40.000  0.000  0.000  0.000  10.000  0.000  0.000  0.000  0.000  20000.000  0.284  0.335  0.264  0.039  1.631  0.355  0.305  0.361  0.309  -1.139  0.378  0.323  0.376  0.378  -0.745
  651482.370  4766007.070  564.180  4.000  0.880  0.030  120.000  50.000  0.000  70.000  0.000  0.000  0.000  30.000  0.000  0.000  0.000  0.000  30000.000  0.390  -0.313  1.151  0.040  -0.061  1.250  0.306  0.362  0.310  -0.650  0.379  0.324  0.377  0.379  -0.059
  651424.330  4765926.570  869.030  4.000  0.040  0.000  5.000  50.000  0.000  0.000  0.000  0.000  0.000  0.000  0.000  0.000  0.000  0.000  0.000  -1.553  -1.647  -1.369  0.041  -0.060  -1.250  0.307  0.363  0.311  -1.518  0.380  0.325  0.378  0.380  -2.218
  651449.850  4766008.300  574.770  4.000  1.130  0.070  89.000  50.000  0.000  50.000  0.000  0.000  0.000  50.000  0.000  0.000  0.000  0.000  40000.000  0.711  0.467  0.819  0.042  -0.059  0.634  0.308  0.364  0.312  -0.199  0.381  0.326  0.379  0.381  0.544
  651602.860  4765579.910  582.060  4.000  0.660  0.020  36.000  50.000  10.000  90.000  0.000  0.000  0.000  0.000  0.000  0.000  0.000  0.000  25000.000  0.056  -0.659  0.024  0.043  0.826  1.937  0.309  0.365  0.313  -1.515  0.382  0.327  0.380  0.382  -0.537
  651518.560  4765604.650  605.080  4.000  0.920  0.020  42.000  50.000  35.000  65.000  0.000  0.000  0.000  0.000  0.000  0.000  0.000  0.000  10000.000  0.450  -0.658  0.149  0.044  1.379  1.025  0.310  0.366  0.314  -1.512  0.383  0.328  0.381  0.383  -1.377
  651187.270  4765308.560  545.260  4.000  0.490  0.040  38.000  50.000  10.000  70.000  0.000  0.000  0.000  20.000  0.000  0.000  0.000  0.000  30000.000  -0.232  -0.053  0.073  0.046  0.828  1.252  0.311  0.367  0.315  -0.890  0.384  0.329  0.382  0.384  -0.058
  651070.430  4764899.530  1021.810  4.000  0.010  0.010  1.190  49.600  0.000  0.000  0.000  0.000  0.000  100.000  0.000  0.000  0.000  0.000  10000.000  -2.076  -1.139  -2.654  -0.969  -0.058  -1.248  0.312  0.368  0.316  1.902  0.385  0.330  0.383  0.385  -1.374
  651421.140  4765724.330  445.270  4.000  0.780  0.000  380.000  50.000  10.000  60.000  0.000  0.000  0.000  30.000  0.000  0.000  0.000  0.000  10000.000  0.250  -1.643  2.485  0.047  0.829  0.898  0.313  0.369  0.317  -0.649  0.386  0.331  0.384  0.386  -1.372
  651593.010  4766104.800  583.960  4.000  0.840  0.040  51.000  120.000  10.000  90.000  0.000  0.000  0.000  0.000  0.000  0.000  0.000  0.000  20000.000  0.343  -0.052  0.315  0.665  0.830  1.943  0.314  0.370  0.318  -1.509  0.387  0.332  0.385  0.387  -0.743
  650917.810  4764808.240  941.790  4.000  0.460  0.010  6.750  727.950  5.000  10.000  0.000  0.000  0.000  85.000  0.000  0.000  0.000  0.000  150000.000  -0.280  -1.137  -1.163  1.580  0.655  -0.607  0.315  0.371  0.319  0.867  0.388  0.333  0.386  0.388  2.628
  651730.970  4766074.080  510.600  4.000  2.970  0.280  23.000  50.000  90.000  10.000  0.000  0.000  0.000  0.000  0.000  0.000  0.000  0.000  30000.000  1.949  1.522  -0.362  0.048  2.264  -0.606  0.316  0.372  0.320  -1.506  0.389  0.334  0.387  0.389  -0.057
  651456.010  4765768.900  515.580  4.000  0.880  0.020  54.000  50.000  100.000  0.000  0.000  0.000  0.000  0.000  0.000  0.000  0.000  0.000  10000.000  0.392  -0.657  0.368  0.049  2.628  -1.246  0.317  0.373  0.321  -1.503  0.390  0.335  0.388  0.390  -1.370
  650240.710  4764787.780  1052.880  4.000  0.060  0.160  6.030  145.250  0.000  0.000  0.000  0.000  0.000  100.000  0.000  0.000  0.000  0.000  20000.000  -1.366  1.096  -1.199  0.791  -0.057  -1.244  0.318  0.374  0.322  1.908  0.391  0.336  0.389  0.391  -0.742
  651507.240  4765875.440  504.840  4.000  1.170  0.080  21.000  50.000  100.000  0.000  0.000  0.000  0.000  0.000  0.000  0.000  0.000  0.000  20000.000  0.773  0.577  -0.431  0.050  2.658  -1.242  0.319  0.375  0.323  -1.501  0.392  0.337  0.390  0.392  -0.741
  651445.650  4765565.980  501.610  4.000  1.470  0.050  69.000  50.000  30.000  70.000  0.000  0.000  0.000  0.000  0.000  0.000  0.000  0.000  30000.000  1.118  0.166  0.585  0.051  1.288  1.254  0.320  0.376  0.324  -1.498  0.393  0.338  0.391  0.393  -0.056
  651730.720  4766239.060  536.040  4.000  0.950  0.020  17.000  50.000  0.000  72.730  0.000  0.000  0.000  27.270  0.000  0.000  0.000  0.000  30000.000  0.485  -0.655  -0.597  0.052  -0.056  1.360  0.321  0.377  0.325  -0.817  0.394  0.339  0.392  0.394  -0.055
  650924.810  4765358.220  1119.990  4.000  0.010  0.010  2.500  -99.000  0.000  0.000  0.000  0.000  0.000  100.000  0.000  0.000  0.000  0.000  10000.000  -2.067  -1.135  -2.209  -99.000  -0.055  -1.240  0.322  0.378  0.326  1.913  0.395  0.340  0.393  0.395  -1.367
  651071.180  4764899.160  1099.810  4.000  0.080  0.020  24.260  15.050  0.000  0.000  0.000  0.000  0.000  100.000  0.000  0.000  0.000  0.000  100000.000  -1.232  -0.654  -0.305  -1.390  -0.054  -1.238  0.323  0.379  0.327  1.919  0.396  0.341  0.394  0.396  2.062
  651273.240  4765512.880  458.320  4.000  1.480  0.020  525.000  50.000  0.000  70.000  0.000  0.000  0.000  30.000  0.000  0.000  0.000  0.000  30000.000  1.131  -0.653  2.654  0.053  -0.053  1.256  0.324  0.380  0.328  -0.648  0.397  0.342  0.395  0.397  -0.054
  651377.120  4765709.950  557.040  4.000  1.820  0.040  99.000  50.000  50.000  40.000  0.000  0.000  0.000  10.000  0.000  0.000  0.000  0.000  30000.000  1.404  -0.051  0.934  0.054  1.635  0.356  0.325  0.381  0.329  -1.138  0.398  0.343  0.396  0.398  -0.053
  651603.530  4766166.090  555.000  4.000  1.630  0.090  25.000  50.000  30.000  50.000  0.000  0.000  0.000  20.000  0.000  0.000  0.000  0.000  40000.000  1.250  0.658  -0.269  0.055  1.290  0.635  0.326  0.382  0.330  -0.889  0.399  0.344  0.397  0.399  0.545
  651477.910  4765916.930  525.790  4.000  0.770  0.030  31.000  50.000  20.000  10.000  0.000  0.000  0.000  70.000  0.000  0.000  0.000  0.000  20000.000  0.228  -0.312  -0.087  0.056  1.049  -0.605  0.327  0.383  0.331  0.367  0.400  0.345  0.398  0.400  -0.740
  651554.500  4765747.450  340.810  4.000  0.630  0.020  46.000  100.000  0.000  80.000  0.000  0.000  0.000  20.000  0.000  0.000  0.000  0.000  30000.000  0.001  -0.651  0.236  0.559  -0.052  1.594  0.328  0.384  0.332  -0.887  0.401  0.346  0.399  0.401  -0.052
  651389.470  4765720.450  537.440  4.000  1.450  0.040  71.000  50.000  100.000  0.000  0.000  0.000  0.000  0.000  0.000  0.000  0.000  0.000  5000.000  1.081  -0.050  0.616  0.057  2.692  -1.236  0.329  0.385  0.333  -1.495  0.402  0.347  0.400  0.402  -1.869
  651141.430  4766110.740  1040.900  4.000  -99.000  -99.000  -99.000  -99.000  0.000  0.000  0.000  0.000  0.000  100.000  0.000  0.000  0.000  0.000  10000.000  -99.000  -99.000  -99.000  -99.000  -0.052  -1.234  0.330  0.386  0.334  1.925  0.403  0.348  0.401  0.403  -1.365
  651540.380  4765641.130  303.480  4.000  0.760  0.060  31.000  110.000  70.000  30.000  0.000  0.000  0.000  0.000  0.000  0.000  0.000  0.000  10000.000  0.214  0.336  -0.086  0.615  1.896  0.077  0.331  0.387  0.335  -1.492  0.404  0.349  0.402  0.404  -1.362
  651382.730  4765851.220  548.940  4.000  0.780  0.020  45.000  50.000  20.000  40.000  0.000  0.000  0.000  40.000  0.000  0.000  0.000  0.000  20000.000  0.251  -0.650  0.210  0.058  1.051  0.357  0.332  0.388  0.336  -0.422  0.405  0.350  0.403  0.405  -0.739
  651610.890  4766160.800  526.400  4.000  1.730  0.040  81.000  50.000  30.000  40.000  0.000  0.000  0.000  30.000  0.000  0.000  0.000  0.000  30000.000  1.329  -0.049  0.728  0.059  1.292  0.358  0.333  0.389  0.337  -0.647  0.406  0.351  0.404  0.406  -0.052
  651749.600  4766069.650  206.730  4.000  -99.000  -99.000  -99.000  -99.000  0.000  90.000  0.000  0.000  0.000  10.000  0.000  0.000  0.000  0.000  10000.000  -99.000  -99.000  -99.000  -99.000  -0.051  1.950  0.334  0.390  0.338  -1.136  0.407  0.352  0.405  0.407  -1.360
  651249.690  4765344.560  544.270  4.000  0.470  0.060  57.000  50.000  0.000  60.000  0.000  0.000  0.000  40.000  0.000  0.000  0.000  0.000  10000.000  -0.260  0.338  0.417  0.061  -0.050  0.900  0.335  0.391  0.339  -0.421  0.408  0.353  0.406  0.408  -1.358
  651070.260  4764899.530  1009.810  4.000  0.000  0.000  0.400  8.750  0.000  0.000  0.000  0.000  0.000  100.000  0.000  0.000  0.000  0.000  10000.000  -2.734  -1.639  -3.077  -1.682  -0.049  -1.232  0.336  0.392  0.340  1.931  0.409  0.354  0.407  0.409  -1.355
  651597.790  4765979.950  408.960  4.000  0.720  0.070  165.000  50.000  0.000  50.000  0.000  0.000  0.000  50.000  0.000  0.000  0.000  0.000  20000.000  0.158  0.468  1.504  0.062  -0.048  0.636  0.337  0.393  0.341  -0.198  0.410  0.355  0.408  0.410  -0.737
  651293.300  4765478.180  435.510  4.000  0.400  0.030  77.000  50.000  0.000  100.000  0.000  0.000  0.000  0.000  0.000  0.000  0.000  0.000  10000.000  -0.376  -0.311  0.685  0.063  -0.047  2.524  0.338  0.394  0.342  -1.489  0.411  0.356  0.409  0.411  -1.353
  651613.790  4766158.640  514.950  4.000  1.420  0.050  150.000  50.000  100.000  0.000  0.000  0.000  0.000  0.000  0.000  0.000  0.000  0.000  10000.000  1.052  0.167  1.393  0.064  2.729  -1.230  0.339  0.395  0.343  -1.486  0.412  0.357  0.410  0.412  -1.351
  651581.950  4765835.640  517.970  4.000  0.750  0.030  22.000  190.000  60.000  40.000  0.000  0.000  0.000  0.000  0.000  0.000  0.000  0.000  10000.000  0.201  -0.310  -0.396  0.920  1.771  0.359  0.340  0.396  0.344  -1.483  0.413  0.358  0.411  0.413  -1.348
  651574.310  4765721.410  491.290  4.000  0.450  0.020  22.000  150.000  30.000  40.000  0.000  0.000  0.000  30.000  0.000  0.000  0.000  0.000  20000.000  -0.303  -0.649  -0.394  0.801  1.294  0.360  0.341  0.397  0.345  -0.646  0.415  0.359  0.412  0.415  -0.736
  651433.750  4765706.960  490.420  4.000  0.630  0.030  32.000  50.000  100.000  0.000  0.000  0.000  0.000  0.000  0.000  0.000  0.000  0.000  10000.000  0.002  -0.309  -0.066  0.065  2.770  -1.228  0.342  0.398  0.346  -1.481  0.416  0.360  0.413  0.416  -1.346
  651231.440  4766406.200  789.000  4.000  -99.000  -99.000  -99.000  -99.000  0.000  0.000  0.000  0.000  0.000  100.000  0.000  0.000  0.000  0.000  15000.000  -99.000  -99.000  -99.000  -99.000  -0.046  -1.226  0.343  0.399  0.347  1.937  0.417  0.361  0.415  0.417  -1.090
  651580.290  4765713.910  536.280  4.000  0.660  0.020  40.000  50.000  20.000  70.000  0.000  0.000  0.000  10.000  0.000  0.000  0.000  0.000  10000.000  0.057  -0.648  0.106  0.066  1.052  1.258  0.344  0.400  0.348  -1.134  0.418  0.362  0.416  0.418  -1.344
  651257.580  4766586.580  -47.380  5.000  -99.000  -99.000  -99.000  -99.000  5.000  60.000  0.000  0.000  0.000  35.000  0.000  0.000  0.000  0.000  20000.000  -99.000  -99.000  -99.000  -99.000  0.656  0.901  0.345  0.401  0.349  -0.568  0.419  0.363  0.417  0.419  -0.735
  650842.300  4766169.000  127.250  5.000  0.540  0.200  14.650  1.800  30.000  38.000  0.000  0.000  0.000  30.000  0.000  2.000  0.000  0.000  25000.000  -0.144  1.257  -0.715  -3.523  1.297  0.216  0.346  0.402  0.350  -0.644  0.420  1.982  0.418  0.420  -0.536
  651327.830  4766725.320  -176.920  5.000  -99.000  -99.000  -99.000  -99.000  0.000  10.000  0.000  0.000  0.000  90.000  0.000  0.000  0.000  0.000  10000.000  -99.000  -99.000  -99.000  -99.000  -0.045  -0.604  0.347  0.403  0.351  1.080  0.421  0.364  0.419  0.421  -1.341
  651029.080  4766188.410  -286.070  5.000  0.300  0.050  42.800  4.200  0.000  30.000  0.000  0.000  0.000  65.000  0.000  5.000  0.000  0.000  20000.000  -0.545  0.168  0.159  -2.134  -0.044  0.078  0.348  0.404  0.352  0.166  0.422  2.599  0.420  0.422  -0.734
  651384.970  4766687.100  -1.830  5.000  -99.000  -99.000  -99.000  -99.000  20.000  70.000  0.000  0.000  0.000  10.000  0.000  0.000  0.000  0.000  20000.000  -99.000  -99.000  -99.000  -99.000  1.054  1.261  0.349  0.405  0.353  -1.132  0.423  0.365  0.421  0.423  -0.732
  651066.530  4766192.580  -372.190  5.000  0.110  0.030  14.650  3.500  0.000  10.000  0.000  0.000  0.000  90.000  0.000  0.000  0.000  0.000  20000.000  -1.066  -0.308  -0.713  -2.309  -0.043  -0.602  0.350  0.406  0.354  1.082  0.424  0.366  0.422  0.424  -0.731
  651008.190  4766186.230  -238.500  5.000  0.090  0.020  5.810  2.900  0.000  20.000  0.000  0.000  0.000  80.000  0.000  0.000  0.000  0.000  10000.000  -1.164  -0.646  -1.214  -2.526  -0.042  -0.240  0.351  0.407  0.355  0.682  0.425  0.367  0.423  0.425  -1.339
  650818.020  4766166.690  179.870  5.000  0.480  0.270  10.800  3.200  10.000  38.000  0.000  0.000  0.000  50.000  0.000  2.000  0.000  0.000  30000.000  -0.248  1.496  -0.934  -2.455  0.832  0.217  0.352  0.408  0.356  -0.197  0.426  1.989  0.424  0.426  -0.051
  651327.700  4766730.420  -202.410  5.000  -99.000  -99.000  -99.000  -99.000  0.000  10.000  0.000  0.000  0.000  90.000  0.000  0.000  0.000  0.000  10000.000  -99.000  -99.000  -99.000  -99.000  -0.041  -0.601  0.353  0.409  0.357  1.084  0.427  0.368  0.425  0.427  -1.337
  650749.330  4766161.690  335.290  5.000  1.080  0.320  18.200  1190.000  0.000  30.000  0.000  0.000  0.000  70.000  0.000  0.000  0.000  0.000  100000.000  0.661  1.631  -0.540  1.975  -0.040  0.079  0.354  0.410  0.358  0.368  0.428  0.369  0.426  0.428  2.069
  650885.140  4766173.710  34.800  5.000  1.680  1.380  64.600  4.100  45.000  30.000  0.000  0.000  0.000  22.000  0.000  3.000  0.000  0.000  35000.000  1.278  2.976  0.527  -2.177  1.527  0.080  0.355  0.411  0.359  -0.826  0.429  2.277  0.427  0.429  0.180
  651061.820  4766192.120  -361.160  5.000  0.690  0.100  5.900  4.700  0.000  30.000  0.000  0.000  0.000  68.000  0.000  2.000  0.000  0.000  30000.000  0.110  0.739  -1.205  -2.066  -0.039  0.081  0.356  0.412  0.360  0.193  0.430  1.996  0.428  0.430  -0.050
  651230.630  4766406.920  81.010  5.000  0.800  0.120  18.150  8.900  0.000  65.000  0.000  5.000  0.000  30.000  0.000  0.000  0.000  0.000  35000.000  0.285  0.899  -0.541  -1.660  -0.038  1.026  0.357  2.359  0.361  -0.643  0.431  0.370  0.429  0.431  0.181
  651053.880  4766191.250  -342.820  5.000  0.210  0.040  8.340  3.200  0.000  20.000  0.000  0.000  0.000  80.000  0.000  0.000  0.000  0.000  10000.000  -0.745  -0.048  -1.073  -2.434  -0.037  -0.239  0.358  0.413  0.362  0.683  0.432  0.371  0.430  0.432  -1.334
  650880.130  4766173.140  45.690  5.000  0.210  0.070  7.520  10.900  0.000  10.000  0.000  0.000  0.000  90.000  0.000  0.000  0.000  0.000  40000.000  -0.744  0.469  -1.121  -1.537  -0.037  -0.600  0.359  0.415  0.363  1.085  0.433  0.372  0.431  0.433  0.546
  651328.750  4766706.880  -86.790  5.000  -99.000  -99.000  -99.000  -99.000  5.000  65.000  0.000  0.000  0.000  30.000  0.000  0.000  0.000  0.000  20000.000  -99.000  -99.000  -99.000  -99.000  0.657  1.028  0.360  0.416  0.364  -0.642  0.434  0.373  0.432  0.434  -0.730
  651259.850  4766583.840  -23.640  5.000  -99.000  -99.000  -99.000  -99.000  5.000  60.000  0.000  0.000  0.000  35.000  0.000  0.000  0.000  0.000  20000.000  -99.000  -99.000  -99.000  -99.000  0.658  0.903  0.361  0.417  0.365  -0.567  0.435  0.374  0.433  0.435  -0.729
  650784.510  4766164.090  254.670  5.000  0.590  0.240  13.550  8.500  5.000  25.000  0.000  0.000  0.000  70.000  0.000  0.000  0.000  0.000  20000.000  -0.055  1.403  -0.766  -1.713  0.660  -0.107  0.362  0.418  0.366  0.369  0.436  0.375  0.434  0.436  -0.728
  650989.660  4766184.340  -196.440  5.000  0.370  0.200  54.000  9.500  0.000  35.000  0.000  0.000  0.000  64.000  0.000  1.000  0.000  0.000  10000.000  -0.420  1.259  0.370  -1.607  -0.036  0.190  0.363  0.419  0.367  0.136  0.437  1.793  0.435  0.437  -1.332
  650891.890  4766391.440  -56.990  5.000  -99.000  -99.000  -99.000  -99.000  30.000  60.000  0.000  0.000  0.000  10.000  0.000  0.000  0.000  0.000  30000.000  -99.000  -99.000  -99.000  -99.000  1.299  0.904  0.364  0.420  0.368  -1.130  0.438  0.376  0.436  0.438  -0.049
  651282.710  4766560.330  195.920  5.000  -99.000  -99.000  -99.000  -99.000  0.000  20.000  0.000  0.000  0.000  80.000  0.000  0.000  0.000  0.000  15000.000  -99.000  -99.000  -99.000  -99.000  -0.035  -0.238  0.365  0.421  0.369  0.684  0.439  0.377  0.437  0.439  -1.089
  651328.810  4766706.070  -82.870  5.000  -99.000  -99.000  -99.000  -99.000  5.000  65.000  0.000  0.000  0.000  30.000  0.000  0.000  0.000  0.000  20000.000  -99.000  -99.000  -99.000  -99.000  0.661  1.030  0.366  0.422  0.370  -0.641  0.440  0.378  0.438  0.440  -0.726
  650899.740  4766391.790  -58.470  5.000  -99.000  -99.000  -99.000  -99.000  30.000  60.000  0.000  0.000  0.000  10.000  0.000  0.000  0.000  0.000  30000.000  -99.000  -99.000  -99.000  -99.000  1.301  0.905  0.367  0.423  0.371  -1.129  0.441  0.379  0.439  0.441  -0.048
  650840.620  4766168.820  130.870  5.000  0.430  0.210  7.560  2.600  30.000  37.000  0.000  0.000  0.000  30.000  0.000  3.000  0.000  0.000  25000.000  -0.327  1.299  -1.113  -2.773  1.303  0.212  0.368  0.424  0.372  -0.640  0.442  2.289  0.440  0.442  -0.535
  650828.870  4766167.670  156.270  5.000  0.380  0.190  12.900  3.200  5.000  25.000  0.000  0.000  0.000  70.000  0.000  0.000  0.000  0.000  30000.000  -0.403  1.216  -0.811  -2.414  0.662  -0.106  0.369  0.425  0.373  0.370  0.443  0.380  0.441  0.443  -0.047
  650870.100  4766171.980  67.470  5.000  0.440  0.280  58.700  2.700  3.000  20.000  0.000  0.000  0.000  77.000  0.000  0.000  0.000  0.000  20000.000  -0.309  1.525  0.439  -2.647  0.630  -0.237  0.370  0.426  0.374  0.500  0.444  0.381  0.442  0.444  -0.725
  651286.350  4766520.640  -104.470  5.000  -99.000  -99.000  -99.000  -99.000  5.000  35.000  0.000  0.000  0.000  60.000  0.000  0.000  0.000  0.000  15000.000  -99.000  -99.000  -99.000  -99.000  0.663  0.191  0.371  0.427  0.375  0.037  0.445  0.382  0.443  0.445  -1.087
  650331.180  4765048.550  977.930  5.000  0.430  0.620  12.600  9.360  0.000  25.450  0.000  0.000  0.000  74.550  0.000  0.000  0.000  0.000  69000.000  -0.326  2.210  -0.825  -1.623  -0.034  -0.084  0.372  0.428  0.376  0.454  0.446  0.383  0.444  0.446  1.584
  650850.740  4766169.890  109.140  5.000  0.290  0.150  15.800  5.700  0.000  20.000  0.000  0.000  0.000  80.000  0.000  0.000  0.000  0.000  40000.000  -0.572  1.044  -0.654  -1.953  -0.033  -0.236  0.373  0.429  0.377  0.685  0.447  0.384  0.445  0.447  0.547
  650834.710  4766168.200  143.550  5.000  0.470  0.270  9.040  11.300  5.000  40.000  0.000  0.000  0.000  50.000  0.000  5.000  0.000  0.000  30000.000  -0.259  1.499  -1.053  -1.507  0.664  0.361  0.374  0.430  0.378  -0.196  0.448  2.628  0.446  0.448  -0.046
  651280.500  4766562.320  176.140  5.000  -99.000  -99.000  -99.000  -99.000  0.000  20.000  0.000  0.000  0.000  80.000  0.000  0.000  0.000  0.000  15000.000  -99.000  -99.000  -99.000  -99.000  -0.032  -0.235  0.375  0.431  0.379  0.687  0.449  0.385  0.447  0.449  -1.085
  650846.520  4766169.450  118.200  5.000  0.520  0.210  7.660  1.900  3.000  20.000  0.000  0.000  0.000  75.000  0.000  2.000  0.000  0.000  40000.000  -0.177  1.302  -1.101  -3.220  0.631  -0.235  0.376  0.432  0.380  0.481  0.451  2.002  0.448  0.451  0.548
  650992.080  4766184.620  -201.930  5.000  0.360  0.050  145.500  2.300  0.000  40.000  0.000  0.000  0.000  60.000  0.000  0.000  0.000  0.000  20000.000  -0.435  0.169  1.355  -2.827  -0.031  0.362  0.377  0.433  0.381  0.038  0.452  0.386  0.449  0.452  -0.724
  650734.230  4766160.770  370.150  5.000  0.750  0.200  34.000  9.300  0.000  40.000  0.000  0.000  0.000  60.000  0.000  0.000  0.000  0.000  30000.000  0.202  1.261  -0.027  -1.631  -0.030  0.363  0.378  0.434  0.382  0.039  0.453  0.387  0.451  0.453  -0.045
  651381.420  4766680.060  39.420  5.000  -99.000  -99.000  -99.000  -99.000  0.000  90.000  0.000  0.000  0.000  10.000  0.000  0.000  0.000  0.000  15000.000  -99.000  -99.000  -99.000  -99.000  -0.029  1.956  0.379  0.435  0.383  -1.127  0.454  0.388  0.452  0.454  -1.084
  650854.110  4766170.250  101.890  5.000  0.520  0.220  25.900  8.900  0.000  25.000  0.000  0.000  0.000  73.000  0.000  2.000  0.000  0.000  50000.000  -0.176  1.339  -0.248  -1.656  -0.028  -0.105  0.380  0.436  0.384  0.451  0.455  2.009  0.453  0.455  1.031
  651073.580  4766193.270  -388.730  5.000  0.210  0.070  48.600  7.400  0.000  20.000  0.000  0.000  0.000  78.000  0.000  2.000  0.000  0.000  20000.000  -0.742  0.470  0.273  -1.804  -0.027  -0.234  0.381  0.437  0.385  0.504  0.456  2.017  0.454  0.456  -0.723
  651038.680  4766189.510  -308.040  5.000  0.220  0.050  19.100  1.900  0.000  15.000  0.000  0.000  0.000  83.000  0.000  2.000  0.000  0.000  20000.000  -0.714  0.170  -0.498  -3.071  -0.026  -0.436  0.382  0.438  0.386  0.808  0.457  2.024  0.455  0.457  -0.721
  651255.870  4766588.630  -65.180  5.000  -99.000  -99.000  -99.000  -99.000  5.000  60.000  0.000  0.000  0.000  35.000  0.000  0.000  0.000  0.000  20000.000  -99.000  -99.000  -99.000  -99.000  0.665  0.907  0.383  0.439  0.387  -0.566  0.458  0.389  0.456  0.458  -0.720
  651327.800  4766726.500  -182.800  5.000  -99.000  -99.000  -99.000  -99.000  0.000  10.000  0.000  0.000  0.000  90.000  0.000  0.000  0.000  0.000  10000.000  -99.000  -99.000  -99.000  -99.000  -0.025  -0.599  0.384  0.440  0.388  1.087  0.459  0.390  0.457  0.459  -1.330
  651057.880  4766191.710  -351.980  5.000  0.130  0.030  4.390  2.600  0.000  20.000  0.000  0.000  0.000  78.000  0.000  2.000  0.000  0.000  10000.000  -0.992  -0.307  -1.864  -2.726  -0.024  -0.233  0.385  0.441  0.389  0.505  0.460  2.031  0.458  0.460  -1.328
  651281.600  4766561.330  186.030  5.000  -99.000  -99.000  -99.000  -99.000  0.000  20.000  0.000  0.000  0.000  80.000  0.000  0.000  0.000  0.000  15000.000  -99.000  -99.000  -99.000  -99.000  -0.023  -0.232  0.386  0.442  0.390  0.688  0.461  0.391  0.459  0.461  -1.082
  650789.340  4766164.370  243.690  5.000  0.310  0.200  68.800  2.800  0.000  18.000  0.000  0.000  0.000  80.000  0.000  2.000  0.000  0.000  20000.000  -0.535  1.264  0.579  -2.613  -0.022  -0.410  0.387  0.443  0.391  0.689  0.462  2.039  0.460  0.462  -0.719
  651327.760  4766728.070  -190.650  5.000  -99.000  -99.000  -99.000  -99.000  0.000  10.000  0.000  0.000  0.000  90.000  0.000  0.000  0.000  0.000  10000.000  -99.000  -99.000  -99.000  -99.000  -0.022  -0.598  0.388  0.444  0.392  1.089  0.463  0.392  0.461  0.463  -1.325
  650731.860  4766160.630  375.660  5.000  0.220  0.090  28.700  9.400  0.000  10.000  0.000  0.000  0.000  90.000  0.000  0.000  0.000  0.000  30000.000  -0.712  0.659  -0.161  -1.611  -0.021  -0.597  0.389  0.445  0.393  1.090  0.464  0.393  0.462  0.464  -0.044
  650755.700  4766162.100  320.620  5.000  0.420  0.190  49.200  18.000  0.000  30.000  0.000  0.000  0.000  70.000  0.000  0.000  0.000  0.000  30000.000  -0.343  1.219  0.289  -1.306  -0.020  0.082  0.390  0.446  0.394  0.371  0.465  0.394  0.463  0.465  -0.043
  650868.310  4766390.350  -52.620  5.000  -99.000  -99.000  -99.000  -99.000  30.000  60.000  0.000  0.000  0.000  10.000  0.000  0.000  0.000  0.000  30000.000  -99.000  -99.000  -99.000  -99.000  1.305  0.908  0.391  0.447  0.395  -1.125  0.466  0.395  0.464  0.466  -0.042
  651027.480  4766188.230  -282.410  5.000  0.150  0.030  27.800  2.000  0.000  35.000  0.000  0.000  0.000  65.000  0.000  0.000  0.000  0.000  10000.000  -0.916  -0.306  -0.187  -2.969  -0.019  0.192  0.392  0.448  0.396  0.167  0.467  0.396  0.465  0.467  -1.323
  650859.170  4766170.780  91.030  5.000  0.640  0.350  40.400  2.600  20.000  30.000  0.000  0.000  0.000  47.000  0.000  3.000  0.000  0.000  30000.000  0.021  1.763  0.114  -2.685  1.055  0.083  0.393  0.449  0.397  -0.335  0.468  2.302  0.466  0.468  -0.041
  650255.880  4765248.090  964.800  6.000  -99.000  -99.000  -99.000  -99.000  0.000  0.000  0.000  0.000  0.000  100.000  0.000  0.000  0.000  0.000  3000.000  -99.000  -99.000  -99.000  -99.000  -0.018  -1.224  0.394  0.451  0.398  1.943  0.469  0.397  0.467  0.469  -2.009
  650341.720  4765065.710  1010.160  6.000  0.430  0.270  14.400  16.700  0.000  38.000  0.000  0.000  0.000  62.000  0.000  0.000  0.000  0.000  40000.000  -0.325  1.502  -0.724  -1.352  -0.017  0.218  0.395  0.452  0.399  0.130  0.470  0.398  0.468  0.470  0.549
  650813.720  4765303.070  833.010  6.000  -99.000  -99.000  -99.000  -99.000  0.000  0.000  0.000  0.000  0.000  99.000  0.000  1.000  0.000  0.000  10000.000  -99.000  -99.000  -99.000  -99.000  -0.016  -1.222  0.396  0.453  0.400  1.475  0.471  1.798  0.469  0.471  -1.321
  650507.170  4765099.180  1055.900  6.000  0.010  0.000  2.060  28.600  0.000  0.000  0.000  0.000  0.000  100.000  0.000  0.000  0.000  0.000  5000.000  -2.058  -1.635  -2.421  -1.089  -0.015  -1.220  0.397  0.454  0.401  1.950  0.472  0.399  0.470  0.472  -1.863
  650918.020  4764808.360  947.790  6.000  0.330  0.010  15.820  455.050  5.000  10.000  0.000  0.000  0.000  85.000  0.000  0.000  0.000  0.000  150000.000  -0.494  -1.133  -0.651  1.318  0.667  -0.596  0.398  0.455  0.402  0.868  0.473  0.400  0.471  0.473  2.658
  650115.360  4765121.810  961.640  6.000  -99.000  -99.000  -99.000  -99.000  0.000  10.000  0.000  0.000  0.000  90.000  0.000  0.000  0.000  0.000  6000.000  -99.000  -99.000  -99.000  -99.000  -0.014  -0.595  0.399  0.456  0.403  1.092  0.475  0.401  0.472  0.475  -1.832
  650126.560  4765133.930  1062.400  6.000  -99.000  -99.000  -99.000  -99.000  0.000  10.000  0.000  0.000  0.000  90.000  0.000  0.000  0.000  0.000  6000.000  -99.000  -99.000  -99.000  -99.000  -0.013  -0.593  0.400  0.457  0.404  1.094  0.476  0.402  0.473  0.476  -1.827
  650534.430  4764915.740  1011.740  6.000  0.100  0.070  8.240  30.400  0.000  10.000  0.000  0.000  0.000  90.000  0.000  0.000  0.000  0.000  60000.000  -1.102  0.471  -1.079  -1.068  -0.012  -0.592  0.401  0.458  0.405  1.096  0.477  0.403  0.475  0.477  1.427
  650712.720  4765076.590  1101.370  6.000  0.010  0.000  1.070  24.730  0.000  0.000  0.000  0.000  0.000  100.000  0.000  0.000  0.000  0.000  15000.000  -2.049  -1.631  -2.733  -1.159  -0.011  -1.218  0.402  0.459  0.406  1.956  0.478  0.404  0.476  0.478  -1.080
  650919.210  4764809.020  981.760  6.000  0.140  0.020  9.930  42.330  10.000  10.000  0.000  0.000  0.000  80.000  0.000  0.000  0.000  0.000  100000.000  -0.958  -0.645  -1.017  -0.997  0.833  -0.591  0.403  0.460  0.407  0.690  0.479  0.405  0.477  0.479  2.077
  650219.310  4765050.250  1122.370  6.000  0.020  0.000  12.500  30.100  0.000  10.000  0.000  0.000  0.000  90.000  0.000  0.000  0.000  0.000  20000.000  -1.826  -1.627  -0.828  -1.073  -0.010  -0.590  0.404  0.461  0.408  1.097  0.480  0.406  0.478  0.480  -0.718
  650917.070  4764807.700  921.810  6.000  0.550  0.020  7.950  484.000  5.000  10.000  0.000  0.000  0.000  85.000  0.000  0.000  0.000  0.000  150000.000  -0.120  -0.644  -1.090  1.349  0.668  -0.589  0.405  0.462  0.409  0.869  0.481  0.407  0.479  0.481  2.692
  651071.280  4764898.490  1159.800  6.000  0.150  0.010  7.750  21.510  0.000  0.000  0.000  0.000  0.000  100.000  0.000  0.000  0.000  0.000  100000.000  -0.915  -1.131  -1.096  -1.218  -0.009  -1.216  0.406  0.463  0.410  1.962  0.482  0.408  0.480  0.482  2.086
  651071.270  4764898.620  1139.800  6.000  0.050  0.000  22.420  21.290  0.000  0.000  0.000  0.000  0.000  100.000  0.000  0.000  0.000  0.000  100000.000  -1.444  -1.623  -0.383  -1.225  -0.008  -1.214  0.407  0.464  0.411  1.969  0.483  0.409  0.481  0.483  2.094
  650755.530  4765120.400  949.300  6.000  0.420  0.080  40.300  268.500  0.000  10.000  0.000  0.000  0.000  90.000  0.000  0.000  0.000  0.000  100000.000  -0.342  0.578  0.113  1.073  -0.007  -0.588  0.408  0.465  0.412  1.099  0.484  0.410  0.482  0.484  2.102
  650916.920  4764807.590  917.820  6.000  0.310  0.020  15.580  363.950  5.000  10.000  0.000  0.000  0.000  85.000  0.000  0.000  0.000  0.000  150000.000  -0.533  -0.642  -0.659  1.200  0.669  -0.587  0.409  0.466  0.413  0.871  0.485  0.411  0.483  0.485  2.729
  650916.990  4764807.640  919.820  6.000  0.380  0.030  12.060  397.600  5.000  10.000  0.000  0.000  0.000  85.000  0.000  0.000  0.000  0.000  150000.000  -0.402  -0.305  -0.839  1.243  0.670  -0.586  0.410  0.467  0.415  0.872  0.486  0.412  0.484  0.486  2.770
  651327.010  4766500.850  618.110  6.000  -99.000  -99.000  -99.000  -99.000  0.000  12.050  0.000  0.000  0.000  87.950  0.000  0.000  0.000  0.000  12000.000  -99.000  -99.000  -99.000  -99.000  -0.007  -0.482  0.411  0.468  0.416  0.890  0.487  0.413  0.485  0.487  -1.172
  650920.310  4764809.390  1009.740  6.000  0.340  0.010  11.870  1293.500  10.000  10.000  0.000  0.000  0.000  80.000  0.000  0.000  0.000  0.000  100000.000  -0.485  -1.129  -0.870  2.048  0.834  -0.585  0.412  0.469  0.417  0.691  0.488  0.415  0.486  0.488  2.111
  650919.290  4764809.040  983.760  6.000  0.040  0.010  8.180  80.880  10.000  10.000  0.000  0.000  0.000  80.000  0.000  0.000  0.000  0.000  100000.000  -1.550  -1.127  -1.082  0.514  0.836  -0.583  0.413  0.470  0.418  0.693  0.489  0.416  0.487  0.489  2.120
  650350.250  4765080.210  1037.380  6.000  0.030  0.010  9.440  10.450  0.000  10.000  0.000  0.000  0.000  90.000  0.000  0.000  0.000  0.000  45000.000  -1.672  -1.125  -1.031  -1.555  -0.006  -0.582  0.415  0.471  0.419  1.101  0.490  0.417  0.488  0.490  0.776
  650131.270  4765139.670  1107.790  6.000  -99.000  -99.000  -99.000  -99.000  0.000  0.000  0.000  0.000  50.000  50.000  0.000  0.000  0.000  0.000  2000.000  -99.000  -99.000  -99.000  -99.000  -0.005  -1.212  0.416  0.472  3.258  -0.195  0.491  0.418  0.489  0.491  -2.039
  650779.930  4765253.520  1051.130  6.000  -99.000  -99.000  -99.000  -99.000  0.000  5.000  0.000  0.000  0.000  95.000  0.000  0.000  0.000  0.000  30000.000  -99.000  -99.000  -99.000  -99.000  -0.004  -0.840  0.417  0.473  0.420  1.391  0.492  0.419  0.490  0.492  -0.040
  650127.180  4765134.680  1068.320  6.000  0.010  0.000  0.420  8.390  0.000  10.000  0.000  0.000  0.000  90.000  0.000  0.000  0.000  0.000  6000.000  -2.041  -1.619  -2.975  -1.727  -0.003  -0.581  0.418  0.475  0.421  1.102  0.493  0.420  0.491  0.493  -1.822
  650262.790  4765248.320  1006.220  6.000  0.010  0.010  0.720  13.450  0.000  0.000  0.000  0.000  0.000  100.000  0.000  0.000  0.000  0.000  3000.000  -2.033  -1.123  -2.780  -1.425  -0.002  -1.210  0.419  0.476  0.422  1.975  0.495  0.421  0.492  0.495  -2.002
  651230.630  4766406.820  177.010  6.000  0.550  0.060  30.400  5.700  0.000  40.000  0.000  0.000  0.000  60.000  0.000  0.000  0.000  0.000  30000.000  -0.119  0.339  -0.102  -1.946  -0.001  0.364  0.420  0.477  0.423  0.040  0.496  0.422  0.493  0.496  -0.039
  650922.000  4764809.730  1055.700  6.000  0.090  0.010  10.980  228.180  10.000  10.000  0.000  0.000  0.000  80.000  0.000  0.000  0.000  0.000  100000.000  -1.162  -1.121  -0.926  1.005  0.837  -0.580  0.421  0.478  0.424  0.694  0.497  0.423  0.495  0.497  2.129
  650123.540  4765130.570  1034.760  6.000  -99.000  -99.000  -99.000  -99.000  0.000  10.000  0.000  0.000  0.000  90.000  0.000  0.000  0.000  0.000  6000.000  -99.000  -99.000  -99.000  -99.000  0.000  -0.579  0.422  0.479  0.425  1.104  0.498  0.424  0.496  0.498  -1.817
  650320.000  4765050.360  1125.600  6.000  0.060  0.000  4.200  18.800  0.000  1.000  0.000  0.000  0.000  99.000  0.000  0.000  0.000  0.000  10000.000  -1.363  -1.615  -1.894  -1.288  0.001  -0.963  0.423  0.480  0.426  1.478  0.499  0.425  0.497  0.499  -1.319
  650709.850  4765073.680  1110.500  6.000  0.050  0.010  14.090  15.810  0.000  0.000  0.000  0.000  0.000  100.000  0.000  0.000  0.000  0.000  15000.000  -1.441  -1.119  -0.731  -1.371  0.002  -1.208  0.424  0.481  0.427  1.982  0.500  0.426  0.498  0.500  -1.079
  650351.280  4765082.020  1040.790  6.000  0.040  0.010  10.500  8.170  0.000  10.000  0.000  0.000  0.000  90.000  0.000  0.000  0.000  0.000  45000.000  -1.546  -1.117  -0.944  -1.742  0.003  -0.578  0.425  0.482  0.428  1.106  0.501  0.427  0.499  0.501  0.777
  651284.180  4764794.420  978.800  6.000  0.010  0.010  1.760  82.920  0.000  0.000  0.000  0.000  0.000  100.000  0.000  0.000  0.000  0.000  10000.000  -2.025  -1.115  -2.441  0.522  0.004  -1.206  0.426  0.483  0.429  1.989  0.502  0.428  0.500  0.502  -1.316
  650340.100  4765062.990  1005.060  6.000  0.010  0.010  2.470  25.100  0.000  0.000  0.000  0.000  0.000  100.000  0.000  0.000  0.000  0.000  10000.000  -2.016  -1.113  -2.287  -1.118  0.005  -1.204  0.427  0.484  0.430  1.996  0.503  0.429  0.501  0.503  -1.314
  650919.530  4764809.120  989.750  6.000  0.020  0.010  12.880  79.890  10.000  10.000  0.000  0.000  0.000  80.000  0.000  0.000  0.000  0.000  100000.000  -1.820  -1.111  -0.814  0.509  0.838  -0.577  0.428  0.485  0.431  0.695  0.504  0.430  0.502  0.504  2.138
  650919.370  4764809.070  985.760  6.000  0.060  0.020  9.960  158.320  10.000  10.000  0.000  0.000  0.000  80.000  0.000  0.000  0.000  0.000  100000.000  -1.360  -0.641  -1.015  0.816  0.840  -0.576  0.429  0.486  0.432  0.696  0.505  0.431  0.503  0.505  2.147
  650266.730  4765248.490  1029.900  6.000  -99.000  -99.000  -99.000  -99.000  0.000  0.000  0.000  0.000  0.000  100.000  0.000  0.000  0.000  0.000  1000.000  -99.000  -99.000  -99.000  -99.000  0.006  -1.203  0.430  0.487  0.433  2.002  0.506  0.432  0.504  0.506  -2.062
  650481.140  4764964.000  1001.480  6.000  0.050  0.010  5.140  167.000  0.000  40.000  0.000  0.000  0.000  60.000  0.000  0.000  0.000  0.000  10000.000  -1.438  -1.110  -1.255  0.849  0.007  0.365  0.431  0.488  0.434  0.041  0.507  0.433  0.505  0.507  -1.312
  651071.210  4764898.990  1111.810  6.000  0.010  0.000  13.260  12.510  0.000  0.000  0.000  0.000  0.000  100.000  0.000  0.000  0.000  0.000  100000.000  -2.009  -1.611  -0.777  -1.468  0.007  -1.201  0.432  0.489  0.435  2.009  0.508  0.434  0.506  0.508  2.157
  651284.180  4764794.420  986.800  6.000  0.010  0.000  3.830  53.270  0.000  0.000  0.000  0.000  0.000  100.000  0.000  0.000  0.000  0.000  10000.000  -2.001  -1.607  -2.039  0.451  0.008  -1.199  0.433  0.490  0.436  2.017  0.509  0.435  0.507  0.509  -1.310
  650748.280  4765112.550  979.460  6.000  0.070  0.010  1.300  131.880  0.000  0.000  0.000  0.000  0.000  100.000  0.000  0.000  0.000  0.000  3000.000  -1.314  -1.108  -2.620  0.729  0.009  -1.197  0.434  0.491  0.437  2.024  0.510  0.436  0.508  0.510  -1.996
  650133.120  4765141.920  1125.560  6.000  0.010  0.000  2.500  32.500  0.000  0.000  0.000  0.000  0.000  100.000  0.000  0.000  0.000  0.000  3000.000  -1.993  -1.604  -2.197  -1.042  0.010  -1.195  0.435  0.492  0.438  2.031  0.512  0.437  0.509  0.512  -1.989
  650548.250  4764825.750  1111.460  6.000  0.000  0.020  4.380  14.110  0.000  0.000  0.000  0.000  0.000  100.000  0.000  0.000  0.000  0.000  30000.000  -2.693  -0.640  -1.870  -1.410  0.011  -1.193  0.436  0.493  0.439  2.039  0.513  0.438  0.510  0.513  -0.038
  650345.500  4765072.050  1022.060  6.000  1.380  0.820  37.900  59.100  0.000  15.000  0.000  0.000  0.000  85.000  0.000  0.000  0.000  0.000  60000.000  1.007  2.385  0.055  0.464  0.012  -0.435  0.437  0.495  0.440  0.873  0.514  0.439  0.512  0.514  1.429
  650118.470  4765125.130  989.370  6.000  0.010  0.000  0.370  13.250  0.000  10.000  0.000  0.000  0.000  90.000  0.000  0.000  0.000  0.000  6000.000  -1.986  -1.600  -3.528  -1.446  0.013  -0.575  0.438  0.496  0.441  1.108  0.515  0.440  0.513  0.515  -1.813
  650922.950  4764809.660  1093.690  6.000  0.150  0.010  34.340  398.600  10.000  10.000  0.000  0.000  0.000  80.000  0.000  0.000  0.000  0.000  100000.000  -0.913  -1.106  -0.015  1.245  0.841  -0.573  0.439  0.497  0.442  0.697  0.516  0.441  0.514  0.516  2.166
  650528.570  4764916.310  994.730  6.000  0.340  0.170  27.000  49.100  0.000  10.000  0.000  0.000  0.000  90.000  0.000  0.000  0.000  0.000  50000.000  -0.483  1.139  -0.197  -0.974  0.014  -0.572  0.440  0.498  0.443  1.109  0.517  0.442  0.515  0.517  1.033
  650336.810  4765057.570  994.880  6.000  1.460  0.770  149.500  21.900  0.000  60.000  0.000  0.000  0.000  40.000  0.000  0.000  0.000  0.000  50000.000  1.091  2.334  1.366  -1.204  0.015  0.910  0.441  0.499  0.444  -0.420  0.518  0.443  0.516  0.518  1.034
  650443.520  4764914.150  1046.570  6.000  0.090  0.030  6.300  69.800  0.000  10.000  0.000  0.000  0.000  90.000  0.000  0.000  0.000  0.000  35000.000  -1.160  -0.303  -1.178  0.493  0.016  -0.571  0.442  0.500  0.445  1.111  0.519  0.444  0.517  0.519  0.182
  650711.570  4765075.430  1105.020  6.000  0.020  0.010  1.510  34.780  0.000  0.000  0.000  0.000  0.000  100.000  0.000  0.000  0.000  0.000  15000.000  -1.815  -1.104  -2.508  -1.029  0.017  -1.191  0.443  0.501  0.446  2.046  0.520  0.445  0.518  0.520  -1.077
  650584.680  4765285.430  1075.870  6.000  -99.000  -99.000  -99.000  -99.000  0.000  0.000  0.000  0.000  0.000  100.000  0.000  0.000  0.000  0.000  20000.000  -99.000  -99.000  -99.000  -99.000  0.018  -1.189  0.444  0.502  0.447  2.054  0.521  0.446  0.519  0.521  -0.717
  650297.010  4765049.710  1063.740  6.000  0.050  0.010  6.210  27.600  0.000  1.000  0.000  0.000  0.000  99.000  0.000  0.000  0.000  0.000  10000.000  -1.435  -1.102  -1.188  -1.093  0.019  -0.962  0.445  0.503  0.448  1.481  0.522  0.447  0.520  0.522  -1.308
  650920.550  4764809.470  1015.730  6.000  0.420  0.050  29.170  1254.400  10.000  10.000  0.000  0.000  0.000  80.000  0.000  0.000  0.000  0.000  100000.000  -0.341  0.171  -0.135  2.022  0.842  -0.570  0.446  0.504  0.449  0.699  0.523  0.448  0.521  0.523  2.176
  650273.940  4765248.810  1073.300  6.000  -99.000  -99.000  -99.000  -99.000  0.000  0.000  0.000  0.000  0.000  100.000  0.000  0.000  0.000  0.000  1000.000  -99.000  -99.000  -99.000  -99.000  0.020  -1.187  0.447  0.505  0.451  2.062  0.524  0.449  0.522  0.524  -2.054
  650252.910  4765248.020  947.040  6.000  0.170  0.010  7.650  31.600  0.000  0.000  0.000  0.000  0.000  100.000  0.000  0.000  0.000  0.000  5000.000  -0.851  -1.100  -1.107  -1.053  0.021  -1.185  0.448  0.506  0.452  2.069  0.525  0.451  0.523  0.525  -1.858
  651287.760  4765313.690  891.020  1.000  -99.000  -99.000  -99.000  -99.000  0.000  0.000  0.000  0.000  0.000  0.000  0.000  0.000  0.000  0.000  0.000  -99.000  -99.000  -99.000  -99.000  0.022  -1.183  0.449  0.507  0.453  -1.478  0.527  0.452  0.524  0.527  -2.207
  651321.760  4765610.120  975.890  1.000  1.720  0.000  41.000  50.000  0.000  45.000  0.000  0.000  0.000  55.000  0.000  0.000  0.000  0.000  40000.000  1.319  -1.596  0.125  0.067  0.022  0.479  0.451  0.508  0.454  -0.118  0.528  0.453  0.525  0.528  0.550
  650410.730  4765098.520  970.270  1.000  0.430  0.020  226.000  120.500  0.000  20.000  0.000  0.000  0.000  80.000  0.000  0.000  0.000  0.000  35000.000  -0.324  -0.639  1.894  0.684  0.023  -0.231  0.452  0.509  0.455  0.700  0.529  0.454  0.527  0.529  0.183
  651408.630  4765838.800  712.190  1.000  6.070  7.200  48.000  -99.000  70.000  0.000  0.000  0.000  0.000  30.000  0.000  0.000  0.000  0.000  100000.000  3.227  3.227  0.265  -99.000  1.902  -1.182  0.453  0.510  0.456  -0.639  0.530  0.455  0.528  0.530  2.186
  650581.650  4765032.250  976.520  1.000  0.090  0.020  14.750  19.300  10.000  15.000  10.000  0.000  0.000  65.000  0.000  0.000  0.000  0.000  60000.000  -1.157  -0.637  -0.708  -1.276  0.844  -0.434  1.996  0.512  0.457  0.168  0.531  0.456  0.529  0.531  1.432
  651330.770  4765517.530  952.940  1.000  0.920  0.020  49.000  1640.000  0.000  10.000  0.000  0.000  0.000  90.000  0.000  0.000  0.000  0.000  20000.000  0.451  -0.636  0.285  2.238  0.024  -0.569  0.454  0.513  0.458  1.113  0.532  0.457  0.530  0.532  -0.715
  651543.810  4765507.560  491.050  1.000  0.720  0.000  35.000  50.000  0.000  80.000  0.000  0.000  0.000  20.000  0.000  0.000  0.000  0.000  30000.000  0.159  -1.592  -0.001  0.068  0.025  1.597  0.455  0.514  0.459  -0.886  0.533  0.458  0.531  0.533  -0.037
  651255.830  4765829.200  680.400  1.000  0.500  0.110  82.000  140.000  0.000  30.000  0.000  0.000  0.000  70.000  0.000  0.000  0.000  0.000  40000.000  -0.210  0.811  0.738  0.770  0.026  0.083  0.456  0.515  0.460  0.372  0.534  0.459  0.532  0.534  0.551
  651317.600  4766505.510  436.420  1.000  -99.000  -99.000  -99.000  -99.000  0.000  30.000  0.000  0.000  0.000  70.000  0.000  0.000  0.000  0.000  60000.000  -99.000  -99.000  -99.000  -99.000  0.027  0.084  0.457  0.516  0.461  0.373  0.535  0.460  0.533  0.535  1.435
  651153.570  4765628.240  641.390  1.000  0.080  0.020  25.000  100.000  0.000  40.000  0.000  0.000  0.000  60.000  0.000  0.000  0.000  0.000  10000.000  -1.230  -0.635  -0.268  0.560  0.028  0.366  0.458  0.517  0.462  0.042  0.536  0.461  0.534  0.536  -1.305
  650430.430  4765389.450  915.800  1.000  -99.000  -99.000  -99.000  -99.000  0.000  5.000  0.000  0.000  0.000  95.000  0.000  0.000  0.000  0.000  20000.000  -99.000  -99.000  -99.000  -99.000  0.029  -0.838  0.459  0.518  0.463  1.394  0.537  0.462  0.535  0.537  -0.714
  650751.160  4765276.750  895.510  1.000  -99.000  -99.000  -99.000  -99.000  0.000  5.000  0.000  0.000  0.000  95.000  0.000  0.000  0.000  0.000  35000.000  -99.000  -99.000  -99.000  -99.000  0.030  -0.837  0.460  0.519  0.464  1.396  0.538  0.463  0.536  0.538  0.184
  651279.670  4765447.880  852.940  1.000  0.320  0.010  29.000  560.000  0.000  0.000  0.000  0.000  10.000  90.000  0.000  0.000  0.000  0.000  30000.000  -0.513  -1.098  -0.142  1.431  0.031  -1.180  0.461  0.520  1.962  1.115  0.540  0.464  0.537  0.540  -0.037
  650891.920  4765952.450  732.650  1.000  0.320  0.020  26.000  50.000  0.000  40.000  0.000  0.000  0.000  60.000  0.000  0.000  0.000  0.000  30000.000  -0.512  -0.633  -0.228  0.069  0.032  0.367  0.462  0.521  0.465  0.043  0.541  0.465  0.538  0.541  -0.036
  651129.000  4765530.440  829.840  1.000  0.640  0.040  37.000  -99.000  10.000  0.000  15.000  0.000  0.000  75.000  0.000  0.000  0.000  0.000  40000.000  0.022  -0.047  0.047  -99.000  0.845  -1.178  2.147  0.522  0.466  0.482  0.542  0.466  0.540  0.542  0.553
  651337.510  4766650.480  217.870  1.000  -99.000  -99.000  -99.000  -99.000  0.000  25.000  0.000  0.000  0.000  75.000  0.000  0.000  0.000  0.000  20000.000  -99.000  -99.000  -99.000  -99.000  0.033  -0.104  0.463  0.523  0.467  0.483  0.543  0.467  0.541  0.543  -0.713
  651148.010  4765515.350  611.020  1.000  0.040  0.030  43.000  50.000  0.000  10.000  0.000  0.000  0.000  90.000  0.000  0.000  0.000  0.000  40000.000  -1.543  -0.302  0.174  0.070  0.034  -0.568  0.464  0.524  0.468  1.116  0.544  0.468  0.542  0.544  0.554
  650552.840  4765470.030  579.130  1.000  0.090  0.020  20.100  10.500  0.000  10.000  0.000  0.000  0.000  90.000  0.000  0.000  0.000  0.000  40000.000  -1.155  -0.632  -0.460  -1.551  0.035  -0.567  0.465  0.525  0.469  1.118  0.545  0.469  0.543  0.545  0.555
  650848.400  4765269.110  922.710  1.000  -99.000  -99.000  -99.000  -99.000  0.000  10.450  0.000  0.000  0.000  89.550  0.000  0.000  0.000  0.000  25200.000  -99.000  -99.000  -99.000  -99.000  0.036  -0.485  0.466  0.527  0.470  0.897  0.546  0.470  0.544  0.546  -0.507
  651391.770  4765954.720  757.020  1.000  1.060  0.050  15.000  50.000  30.000  30.000  10.000  0.000  0.000  30.000  0.000  0.000  0.000  0.000  40000.000  0.632  0.172  -0.681  0.071  1.308  0.085  2.002  0.528  0.471  -0.638  0.547  0.471  0.545  0.547  0.556
  651756.960  4766610.820  429.230  1.000  1.210  0.050  96.000  200.000  10.000  0.000  10.000  0.000  0.000  80.000  0.000  0.000  0.000  0.000  60000.000  0.801  0.173  0.909  0.950  0.846  -1.176  2.009  0.529  0.472  0.701  0.548  0.472  0.546  0.548  1.437
  651824.340  4766620.130  182.070  1.000  1.390  0.020  20.000  2820.000  0.000  0.000  40.000  0.000  0.000  60.000  0.000  0.000  0.000  0.000  60000.000  1.013  -0.631  -0.472  2.726  0.037  -1.174  2.816  0.530  0.473  0.044  0.549  0.473  0.547  0.549  1.440
  651401.990  4765849.170  413.440  1.000  0.230  0.050  110.000  120.000  0.000  20.000  0.000  0.000  0.000  80.000  0.000  0.000  0.000  0.000  60000.000  -0.688  0.174  1.062  0.666  0.037  -0.230  0.467  0.531  0.475  0.702  0.550  0.475  0.548  0.550  1.443
  650597.060  4765033.870  1004.520  1.000  0.830  0.080  8.780  28.600  5.000  20.000  0.000  0.000  0.000  75.000  0.000  0.000  0.000  0.000  70000.000  0.328  0.579  -1.058  -1.087  0.671  -0.229  0.468  0.532  0.476  0.484  0.551  0.476  0.549  0.551  1.740
  651311.840  4765318.750  851.210  1.000  0.060  0.010  48.000  50.000  0.000  0.000  0.000  0.000  0.000  100.000  0.000  0.000  0.000  0.000  10000.000  -1.358  -1.096  0.266  0.072  0.038  -1.172  0.469  0.533  0.477  2.077  0.553  0.477  0.550  0.553  -1.303
  650920.270  4765555.770  982.550  1.000  0.130  0.050  25.000  -99.000  0.000  30.000  0.000  0.000  0.000  70.000  0.000  0.000  0.000  0.000  40000.000  -0.990  0.175  -0.267  -99.000  0.039  0.086  0.470  0.534  0.478  0.374  0.554  0.478  0.551  0.554  0.557
  651345.770  4766616.100  426.900  1.000  -99.000  -99.000  -99.000  -99.000  20.000  30.000  0.000  0.000  0.000  50.000  0.000  0.000  0.000  0.000  30000.000  -99.000  -99.000  -99.000  -99.000  1.057  0.087  0.471  0.535  0.479  -0.194  0.555  0.479  0.553  0.555  -0.035
  650920.150  4765449.280  964.790  1.000  0.390  0.030  19.000  -99.000  0.000  50.000  0.000  0.000  0.000  50.000  0.000  0.000  0.000  0.000  20000.000  -0.386  -0.301  -0.506  -99.000  0.040  0.638  0.472  0.536  0.480  -0.193  0.556  0.480  0.554  0.556  -0.712
  651136.080  4765440.590  566.890  1.000  0.090  0.050  14.000  50.000  0.000  20.000  0.000  0.000  0.000  80.000  0.000  0.000  0.000  0.000  50000.000  -1.153  0.176  -0.741  0.073  0.041  -0.228  0.473  0.537  0.481  0.703  0.557  0.481  0.555  0.557  1.036
  651225.650  4765714.650  575.350  1.000  0.880  0.090  30.000  360.000  0.000  50.000  0.000  0.000  0.000  50.000  0.000  0.000  0.000  0.000  40000.000  0.393  0.660  -0.111  1.193  0.042  0.639  0.475  0.538  0.482  -0.192  0.558  0.482  0.556  0.558  0.558
  651417.920  4765535.320  800.510  1.000  1.210  0.030  100.000  -99.000  30.000  10.000  0.000  0.000  5.000  55.000  0.000  0.000  0.000  0.000  40000.000  0.803  -0.300  0.949  -99.000  1.310  -0.566  0.476  0.540  1.766  -0.117  0.559  0.483  0.557  0.559  0.559
  651501.360  4765885.570  798.900  1.000  0.980  0.010  115.000  760.000  0.000  0.000  30.000  0.000  0.000  70.000  0.000  0.000  0.000  0.000  40000.000  0.527  -1.094  1.113  1.623  0.043  -1.170  2.548  0.541  0.483  0.375  0.560  0.484  0.558  0.560  0.560
  651243.930  4765235.960  711.390  1.000  1.410  0.040  22.000  580.000  40.000  0.000  0.000  0.000  10.000  50.000  0.000  0.000  0.000  0.000  40000.000  1.034  -0.046  -0.393  1.443  1.481  -1.168  0.477  0.542  1.969  -0.191  0.561  0.485  0.559  0.561  0.561
  651800.880  4766167.570  610.390  1.000  0.830  0.060  34.000  600.000  20.000  0.000  0.000  0.000  0.000  80.000  0.000  0.000  0.000  0.000  30000.000  0.329  0.340  -0.026  1.474  1.059  -1.167  0.478  0.543  0.484  0.704  0.562  0.486  0.560  0.562  -0.034
  651490.000  4765759.500  772.000  1.000  0.180  0.050  37.000  270.000  10.000  0.000  0.000  0.000  0.000  90.000  0.000  0.000  0.000  0.000  50000.000  -0.822  0.178  0.048  1.085  0.848  -1.165  0.479  0.544  0.485  1.120  0.564  0.487  0.561  0.564  1.038
  651069.610  4764721.080  1088.130  1.000  0.010  0.010  23.200  31.000  0.000  0.000  0.000  0.000  0.000  100.000  0.000  0.000  0.000  0.000  2000.000  -1.978  -1.092  -0.348  -1.060  0.044  -1.163  0.480  0.545  0.486  2.086  0.565  0.488  0.562  0.565  -2.031
  651430.940  4766075.280  397.280  1.000  0.460  0.000  97.000  50.000  0.000  30.000  0.000  0.000  0.000  70.000  0.000  0.000  0.000  0.000  50000.000  -0.279  -1.589  0.915  0.074  0.045  0.088  0.481  0.546  0.487  0.376  0.566  0.489  0.564  0.566  1.039
  651470.810  4766723.550  238.180  1.000  0.490  0.080  125.000  50.000  0.000  60.000  0.000  0.000  0.000  40.000  0.000  0.000  0.000  0.000  30000.000  -0.231  0.581  1.193  0.076  0.046  0.911  0.482  0.547  0.488  -0.419  0.567  0.490  0.565  0.567  -0.033
  650427.530  4765392.530  906.740  1.000  -99.000  -99.000  -99.000  -99.000  0.000  5.000  0.000  0.000  0.000  95.000  0.000  0.000  0.000  0.000  20000.000  -99.000  -99.000  -99.000  -99.000  0.047  -0.836  0.483  0.548  0.489  1.399  0.568  0.491  0.566  0.568  -0.711
  650493.370  4765466.120  856.790  1.000  -99.000  -99.000  -99.000  -99.000  0.000  5.000  0.000  0.000  0.000  95.000  0.000  0.000  0.000  0.000  35000.000  -99.000  -99.000  -99.000  -99.000  0.048  -0.834  0.484  0.549  0.490  1.401  0.569  0.492  0.567  0.569  0.185
  651313.240  4765508.340  939.730  1.000  1.110  0.010  195.000  430.000  40.000  0.000  0.000  0.000  0.000  60.000  0.000  0.000  0.000  0.000  40000.000  0.690  -1.090  1.746  1.291  1.483  -1.161  0.485  0.550  0.491  0.045  0.570  0.493  0.568  0.570  0.562
  650759.500  4764830.820  1043.590  1.000  0.040  0.010  9.040  109.390  0.000  0.000  0.000  0.000  0.000  100.000  0.000  0.000  0.000  0.000  40000.000  -1.539  -1.089  -1.051  0.581  0.049  -1.159  0.486  0.551  0.492  2.094  0.571  0.495  0.569  0.571  0.564
  651159.290  4765433.840  686.320  1.000  0.020  0.050  125.000  140.000  0.000  0.000  0.000  0.000  10.000  90.000  0.000  0.000  0.000  0.000  40000.000  -1.809  0.179  1.195  0.772  0.050  -1.157  0.487  0.553  1.975  1.122  0.572  0.496  0.570  0.572  0.565
  651307.810  4765487.310  759.280  1.000  1.710  0.050  120.000  2940.000  10.000  20.000  0.000  0.000  0.000  70.000  0.000  0.000  0.000  0.000  40000.000  1.312  0.180  1.153  2.827  0.849  -0.227  0.488  0.554  0.493  0.377  0.573  0.497  0.571  0.573  0.566
  650425.210  4765395.000  899.490  1.000  -99.000  -99.000  -99.000  -99.000  0.000  5.000  0.000  0.000  0.000  95.000  0.000  0.000  0.000  0.000  20000.000  -99.000  -99.000  -99.000  -99.000  0.051  -0.833  0.489  0.555  0.495  1.404  0.575  0.498  0.572  0.575  -0.709
  651320.300  4765845.520  569.690  1.000  0.650  0.110  170.000  1529.000  10.000  10.000  0.000  0.000  0.000  80.000  0.000  0.000  0.000  0.000  40000.000  0.037  0.813  1.561  2.166  0.850  -0.565  0.490  0.556  0.496  0.706  0.576  0.499  0.573  0.576  0.567
  650759.560  4764833.580  1021.760  1.000  0.060  0.010  22.420  230.710  0.000  0.000  0.000  0.000  0.000  100.000  0.000  0.000  0.000  0.000  40000.000  -1.355  -1.087  -0.382  1.020  0.052  -1.156  0.491  0.557  0.497  2.102  0.577  0.500  0.575  0.577  0.568
  651376.520  4766774.140  160.950  1.000  0.550  0.060  60.000  50.000  0.000  100.000  0.000  0.000  0.000  0.000  0.000  0.000  0.000  0.000  21700.000  -0.118  0.341  0.467  0.077  0.052  2.548  0.492  0.558  0.498  -1.475  0.578  0.501  0.576  0.578  -0.595
  651379.910  4765457.440  370.430  1.000  1.340  0.030  345.000  170.000  0.000  50.000  0.000  0.000  0.000  50.000  0.000  0.000  0.000  0.000  30000.000  0.968  -0.299  2.366  0.876  0.053  0.640  0.493  0.559  0.499  -0.190  0.579  0.502  0.577  0.579  -0.032
  651341.650  4765270.860  782.710  1.000  1.390  0.010  69.000  2550.000  0.000  0.000  0.000  50.000  10.000  40.000  0.000  0.000  0.000  0.000  30000.000  1.014  -1.085  0.586  2.613  0.054  -1.154  0.495  3.558  1.982  -0.418  0.580  0.503  0.578  0.580  -0.031
  651835.660  4766609.630  250.350  1.000  0.320  0.020  20.000  50.000  5.000  35.000  0.000  0.000  0.000  60.000  0.000  0.000  0.000  0.000  30000.000  -0.511  -0.630  -0.470  0.078  0.672  0.193  0.496  0.560  0.500  0.046  0.581  0.504  0.579  0.581  -0.030
  651339.570  4765731.960  747.390  1.000  2.920  0.340  17.000  50.000  20.000  70.000  0.000  0.000  0.000  10.000  0.000  0.000  0.000  0.000  50000.000  1.916  1.739  -0.596  0.079  1.060  1.263  0.497  0.561  0.501  -1.123  0.582  0.505  0.580  0.582  1.041
  651423.770  4766169.430  543.110  1.000  0.810  0.020  64.000  50.000  0.000  60.000  0.000  0.000  0.000  40.000  0.000  0.000  0.000  0.000  50000.000  0.303  -0.628  0.521  0.080  0.055  0.913  0.498  0.562  0.502  -0.417  0.583  0.506  0.581  0.583  1.042
  650958.920  4766009.810  785.960  1.000  0.080  0.020  25.000  50.000  0.000  25.000  0.000  0.000  0.000  75.000  0.000  0.000  0.000  0.000  60000.000  -1.228  -0.627  -0.266  0.081  0.056  -0.103  0.499  0.564  0.503  0.485  0.585  0.507  0.582  0.585  1.445
  651314.900  4765419.810  881.730  1.000  1.070  0.020  44.000  618.000  10.000  50.000  0.000  0.000  0.000  40.000  0.000  0.000  0.000  0.000  40000.000  0.648  -0.626  0.190  1.487  0.852  0.641  0.500  0.565  0.504  -0.416  0.586  0.508  0.583  0.586  0.569
  651559.250  4765824.220  722.910  1.000  0.290  0.020  32.000  230.000  0.000  10.000  0.000  0.000  0.000  90.000  0.000  0.000  0.000  0.000  40000.000  -0.571  -0.624  -0.065  1.016  0.057  -0.564  0.501  0.566  0.505  1.123  0.587  0.509  0.585  0.587  0.570
  651179.770  4765602.760  919.030  1.000  1.150  0.040  61.000  610.000  20.000  0.000  0.000  0.000  0.000  80.000  0.000  0.000  0.000  0.000  30000.000  0.744  -0.045  0.480  1.477  1.062  -1.152  0.502  0.567  0.506  0.707  0.588  0.510  0.586  0.588  -0.029
  651434.720  4765687.000  785.320  1.000  0.090  0.010  69.000  1320.000  0.000  0.000  0.000  30.000  0.000  70.000  0.000  0.000  0.000  0.000  30000.000  -1.151  -1.083  0.587  2.066  0.058  -1.150  0.503  3.009  0.507  0.378  0.589  0.512  0.587  0.589  -0.028
  651251.330  4765343.760  805.170  1.000  1.960  0.010  115.000  1890.000  15.000  10.000  20.000  0.000  0.000  55.000  0.000  0.000  0.000  0.000  40000.000  1.484  -1.081  1.115  2.358  0.924  -0.562  2.229  0.568  0.508  -0.116  0.590  0.513  0.588  0.590  0.571
  651382.580  4765313.510  474.280  1.000  0.480  0.020  170.000  500.000  0.000  10.000  0.000  0.000  0.000  90.000  0.000  0.000  0.000  0.000  70000.000  -0.247  -0.623  1.565  1.360  0.059  -0.561  0.504  0.569  0.509  1.125  0.591  0.514  0.589  0.591  1.744
  650918.750  4765566.910  961.340  1.000  0.350  0.060  48.000  50.000  0.000  37.690  0.000  0.000  0.000  62.310  0.000  0.000  0.000  0.000  30000.000  -0.459  0.342  0.267  0.082  0.060  0.214  0.505  0.570  0.510  0.133  0.592  0.515  0.590  0.592  -0.027
  651307.600  4765489.240  755.780  1.000  2.170  0.010  23.000  240.000  20.000  20.000  0.000  0.000  0.000  60.000  0.000  0.000  0.000  0.000  40000.000  1.627  -1.079  -0.361  1.032  1.064  -0.226  0.506  0.571  0.512  0.047  0.593  0.516  0.591  0.593  0.572
  651215.290  4765462.730  856.530  1.000  1.320  0.020  42.000  1510.000  20.000  40.000  0.000  0.000  0.000  40.000  0.000  0.000  0.000  0.000  30000.000  0.945  -0.622  0.150  2.155  1.065  0.368  0.507  0.572  0.513  -0.415  0.595  0.517  0.592  0.595  -0.026
  651015.470  4765380.580  937.900  1.000  -99.000  -99.000  -99.000  -99.000  0.000  6.000  0.000  0.000  1.000  93.000  0.000  0.000  0.000  0.000  35000.000  -99.000  -99.000  -99.000  -99.000  0.061  -0.812  0.508  0.573  1.762  1.232  0.596  0.518  0.593  0.596  0.186
  651047.840  4765238.190  723.030  1.000  0.920  0.070  58.000  1030.000  5.000  10.000  10.000  0.000  5.000  70.000  0.000  0.000  0.000  0.000  60000.000  0.452  0.473  0.432  1.843  0.674  -0.560  2.017  0.575  1.771  0.379  0.597  0.519  0.595  0.597  1.448
  651126.120  4765456.110  948.400  1.000  0.400  0.040  129.000  920.000  20.000  0.000  0.000  0.000  0.000  80.000  0.000  0.000  0.000  0.000  40000.000  -0.375  -0.044  1.205  1.757  1.067  -1.148  0.509  0.576  0.514  0.708  0.598  0.520  0.596  0.598  0.573
  651284.970  4765315.110  639.790  1.000  1.580  0.040  36.000  50.000  0.000  50.000  0.000  0.000  0.000  50.000  0.000  0.000  0.000  0.000  40000.000  1.204  -0.043  0.025  0.083  0.062  0.642  0.510  0.577  0.515  -0.189  0.599  0.521  0.597  0.599  0.575
  651347.580  4765508.140  736.970  1.000  3.320  0.220  27.000  50.000  20.000  60.000  0.000  0.000  0.000  20.000  0.000  0.000  0.000  0.000  50000.000  2.133  1.342  -0.196  0.084  1.069  0.914  0.512  0.578  0.516  -0.884  0.600  0.522  0.598  0.600  1.044
  651908.960  4766232.200  356.590  1.000  0.930  0.040  100.000  360.000  0.000  20.000  0.000  0.000  0.000  80.000  0.000  0.000  0.000  0.000  30000.000  0.466  -0.042  0.951  1.196  0.063  -0.225  0.513  0.579  0.517  0.709  0.601  0.523  0.599  0.601  -0.025
  651321.550  4765745.070  698.210  1.000  1.700  0.030  5.000  50.000  0.000  25.000  0.000  0.000  0.000  75.000  0.000  0.000  0.000  0.000  60000.000  1.304  -0.298  -1.366  0.085  0.064  -0.102  0.514  0.580  0.518  0.486  0.602  0.524  0.600  0.602  1.451
  651259.470  4765410.370  775.940  1.000  1.350  0.000  22.000  50.000  10.000  30.000  0.000  0.000  0.000  60.000  0.000  0.000  0.000  0.000  25000.000  0.978  -1.585  -0.392  0.086  0.853  0.089  0.515  0.581  0.519  0.048  0.604  0.525  0.601  0.604  -0.534
  651417.930  4765534.210  802.170  1.000  0.970  0.020  16.000  -99.000  20.000  20.000  0.000  0.000  10.000  50.000  0.000  0.000  0.000  0.000  40000.000  0.509  -0.621  -0.632  -99.000  1.070  -0.224  0.516  0.582  1.989  -0.189  0.605  0.527  0.602  0.605  0.576
  651414.020  4765999.850  434.280  1.000  0.520  0.070  160.000  50.000  0.000  40.000  0.000  0.000  0.000  60.000  0.000  0.000  0.000  0.000  50000.000  -0.175  0.474  1.466  0.087  0.065  0.369  0.517  0.583  0.520  0.049  0.606  0.528  0.604  0.606  1.046
  650422.310  4765398.090  890.430  1.000  -99.000  -99.000  -99.000  -99.000  0.000  20.000  0.000  0.000  0.000  80.000  0.000  0.000  0.000  0.000  40000.000  -99.000  -99.000  -99.000  -99.000  0.066  -0.223  0.518  0.585  0.521  0.711  0.607  0.529  0.605  0.607  0.577
  651367.580  4765975.130  677.050  1.000  1.420  0.170  74.000  3810.000  0.000  40.000  30.000  0.000  0.000  30.000  0.000  0.000  0.000  0.000  50000.000  1.054  1.141  0.654  3.220  0.067  0.370  2.573  0.586  0.522  -0.636  0.608  0.530  0.606  0.608  1.047
  651330.770  4765738.320  723.770  1.000  3.320  0.130  18.000  50.000  0.000  20.000  0.000  0.000  0.000  80.000  0.000  0.000  0.000  0.000  80000.000  2.143  0.961  -0.557  0.088  0.068  -0.222  0.519  0.587  0.523  0.712  0.609  0.531  0.607  0.609  1.890
  651481.310  4765653.860  655.650  1.000  1.590  0.020  40.000  50.000  0.000  90.000  0.000  0.000  0.000  10.000  0.000  0.000  0.000  0.000  40000.000  1.210  -0.619  0.107  0.089  0.068  1.962  0.520  0.588  0.524  -1.122  0.610  0.532  0.608  0.610  0.578
  651427.160  4766648.640  557.150  1.000  -99.000  -99.000  -99.000  -99.000  0.000  90.000  0.000  0.000  0.000  10.000  0.000  0.000  0.000  0.000  20000.000  -99.000  -99.000  -99.000  -99.000  0.069  1.969  0.521  0.589  0.525  -1.120  0.611  0.533  0.609  0.611  -0.708
  650989.920  4765304.500  541.230  1.000  0.310  0.020  59.000  790.000  0.000  0.000  0.000  0.000  5.000  95.000  0.000  0.000  0.000  0.000  60000.000  -0.532  -0.618  0.455  1.647  0.070  -1.146  0.522  0.590  1.775  1.406  0.613  0.534  0.610  0.613  1.453
  651368.940  4765739.160  464.560  1.000  0.470  0.030  225.000  50.000  0.000  30.000  0.000  0.000  0.000  70.000  0.000  0.000  0.000  0.000  30000.000  -0.258  -0.297  1.888  0.091  0.071  0.090  0.523  0.591  0.527  0.380  0.614  0.535  0.611  0.614  -0.024
  650761.600  4764947.670  1121.610  1.000  1.130  0.050  12.190  94.720  1.000  1.000  1.000  5.000  5.000  87.000  0.000  0.000  0.000  0.000  150000.000  0.712  0.181  -0.836  0.542  0.622  -0.960  1.766  2.375  1.780  0.889  0.615  0.536  0.613  0.615  2.816
  650592.090  4765279.320  1102.170  1.000  -99.000  -99.000  -99.000  -99.000  0.000  0.000  0.000  0.000  0.000  100.000  0.000  0.000  0.000  0.000  15000.000  -99.000  -99.000  -99.000  -99.000  0.072  -1.145  0.524  0.592  0.528  2.111  0.616  0.537  0.614  0.616  -1.075
  650406.590  4765415.170  841.680  1.000  -99.000  -99.000  -99.000  -99.000  0.000  20.000  0.000  0.000  0.000  80.000  0.000  0.000  0.000  0.000  40000.000  -99.000  -99.000  -99.000  -99.000  0.073  -0.221  0.525  0.593  0.529  0.713  0.617  0.538  0.615  0.617  0.579
  651316.240  4765407.270  904.470  1.000  0.150  0.020  5.000  184.000  0.000  50.000  0.000  0.000  0.000  50.000  0.000  0.000  0.000  0.000  30000.000  -0.911  -0.617  -1.363  0.911  0.074  0.643  0.527  0.595  0.530  -0.188  0.618  0.540  0.616  0.618  -0.023
  651144.210  4765141.050  743.260  1.000  0.680  0.030  60.000  870.000  0.000  40.000  0.000  0.000  0.000  60.000  0.000  0.000  0.000  0.000  30000.000  0.090  -0.296  0.468  1.713  0.075  0.371  0.528  0.596  0.531  0.050  0.619  0.541  0.617  0.619  -0.022
  651428.050  4765315.030  807.690  1.000  0.270  0.010  19.000  140.000  0.000  60.000  0.000  0.000  0.000  40.000  0.000  0.000  0.000  0.000  50000.000  -0.610  -1.077  -0.505  0.773  0.076  0.915  0.529  0.597  0.532  -0.413  0.620  0.542  0.618  0.620  1.049
  651325.150  4765498.560  983.070  1.000  0.030  0.010  45.000  50.000  0.000  10.000  0.000  0.000  0.000  90.000  0.000  0.000  0.000  0.000  30000.000  -1.667  -1.075  0.211  0.092  0.077  -0.559  0.530  0.598  0.533  1.127  0.622  0.543  0.619  0.622  -0.022
  651833.040  4766612.010  234.740  1.000  0.040  0.020  5.000  50.000  0.000  0.000  0.000  0.000  0.000  0.000  0.000  0.000  0.000  0.000  0.000  -1.536  -0.616  -1.361  0.093  0.078  -1.143  0.531  0.599  0.534  -1.472  0.623  0.544  0.620  0.623  -2.197
  651120.270  4766081.510  805.140  1.000  0.640  0.080  100.000  50.000  0.000  40.000  0.000  0.000  0.000  60.000  0.000  0.000  0.000  0.000  50000.000  0.024  0.582  0.952  0.094  0.079  0.372  0.532  0.600  0.535  0.051  0.624  0.545  0.622  0.624  1.051
  650772.600  4764931.090  1118.080  1.000  1.160  0.090  14.000  154.000  0.000  20.000  0.000  0.000  0.000  80.000  0.000  0.000  0.000  0.000  30000.000  0.763  0.662  -0.739  0.814  0.080  -0.220  0.533  0.601  0.536  0.714  0.625  0.546  0.623  0.625  -0.021
  651306.890  4765495.990  743.540  1.000  2.640  0.040  51.000  50.000  20.000  70.000  0.000  0.000  0.000  10.000  0.000  0.000  0.000  0.000  40000.000  1.804  -0.041  0.316  0.095  1.072  1.265  0.534  0.602  0.537  -1.118  0.626  0.547  0.624  0.626  0.580
  651232.810  4765364.250  679.710  1.000  0.340  0.010  77.000  50.000  0.000  10.000  0.000  0.000  10.000  80.000  0.000  0.000  0.000  0.000  20000.000  -0.482  -1.074  0.686  0.096  0.081  -0.558  0.535  0.604  1.996  0.715  0.627  0.548  0.625  0.627  -0.707
  650919.260  4765563.190  968.410  1.000  2.860  0.510  130.000  50.000  0.000  60.000  0.000  0.000  0.000  40.000  0.000  0.000  0.000  0.000  50000.000  1.890  2.085  1.241  0.097  0.082  0.917  0.536  0.605  0.538  -0.412  0.628  0.549  0.626  0.628  1.052
  651330.720  4765515.280  956.250  1.000  0.570  0.010  70.000  820.000  0.000  20.000  0.000  0.000  0.000  80.000  0.000  0.000  0.000  0.000  30000.000  -0.085  -1.072  0.600  1.695  0.083  -0.219  0.537  0.606  0.540  0.717  0.630  0.550  0.627  0.630  -0.020
  651311.350  4765453.560  820.510  1.000  1.440  0.010  36.000  520.000  25.000  0.000  15.000  0.000  0.000  60.000  0.000  0.000  0.000  0.000  30000.000  1.074  -1.070  0.026  1.396  1.130  -1.141  2.157  0.607  0.541  0.052  0.631  0.551  0.628  0.631  -0.019
  650586.220  4765471.440  443.180  1.000  0.340  0.030  172.500  621.000  0.000  10.000  0.000  0.000  0.000  90.000  0.000  0.000  0.000  0.000  50000.000  -0.481  -0.295  1.572  1.510  0.083  -0.557  0.538  0.608  0.542  1.129  0.632  0.553  0.630  0.632  1.054
  651421.000  4766749.380  196.330  1.000  0.830  0.110  115.000  50.000  0.000  80.000  0.000  0.000  0.000  20.000  0.000  0.000  0.000  0.000  25000.000  0.330  0.814  1.117  0.098  0.084  1.600  0.540  0.609  0.543  -0.883  0.633  0.554  0.631  0.633  -0.533
  651315.010  4766524.440  512.230  1.000  -99.000  -99.000  -99.000  -99.000  0.000  10.000  0.000  0.000  0.000  90.000  0.000  0.000  0.000  0.000  25000.000  -99.000  -99.000  -99.000  -99.000  0.085  -0.556  0.541  0.610  0.544  1.130  0.634  0.555  0.632  0.634  -0.532
  650885.700  4765965.620  817.100  1.000  0.130  0.010  5.000  220.000  0.000  0.000  0.000  0.000  0.000  100.000  0.000  0.000  0.000  0.000  60000.000  -0.988  -1.068  -1.358  0.995  0.086  -1.139  0.542  0.611  0.545  2.120  0.635  0.556  0.633  0.635  1.456
  650555.510  4765029.900  929.330  1.000  0.070  0.030  9.380  15.000  0.000  7.000  0.000  0.000  0.000  93.000  0.000  0.000  0.000  0.000  100000.000  -1.312  -0.294  -1.033  -1.393  0.087  -0.807  0.543  0.613  0.546  1.234  0.636  0.557  0.634  0.636  2.197
  651043.770  4765353.500  1038.540  1.000  -99.000  -99.000  -99.000  -99.000  0.000  4.000  1.000  0.000  0.000  95.000  0.000  0.000  0.000  0.000  45000.000  -99.000  -99.000  -99.000  -99.000  0.088  -0.935  1.771  0.614  0.547  1.409  0.638  0.558  0.635  0.638  0.779
  651492.080  4765388.970  739.310  1.000  0.480  0.050  24.000  920.000  0.000  20.000  0.000  0.000  0.000  80.000  0.000  0.000  0.000  0.000  40000.000  -0.246  0.182  -0.313  1.762  0.089  -0.218  0.544  0.615  0.548  0.718  0.639  0.559  0.636  0.639  0.581
  651325.940  4765962.580  587.080  1.000  0.450  0.060  42.000  50.000  0.000  40.000  0.000  0.000  0.000  60.000  0.000  0.000  0.000  0.000  30000.000  -0.302  0.343  0.151  0.099  0.090  0.373  0.545  0.616  0.549  0.052  0.640  0.560  0.638  0.640  -0.018
  651317.700  4765760.840  893.220  1.000  1.290  0.030  27.000  170.000  10.000  0.000  0.000  0.000  0.000  90.000  0.000  0.000  0.000  0.000  50000.000  0.907  -0.293  -0.195  0.877  0.854  -1.138  0.546  0.617  0.550  1.132  0.641  0.561  0.639  0.641  1.055
  651024.580  4765264.540  651.160  1.000  0.220  0.030  17.000  50.000  0.000  10.000  0.000  0.000  10.000  80.000  0.000  0.000  0.000  0.000  60000.000  -0.711  -0.291  -0.595  0.100  0.091  -0.555  0.547  0.618  2.002  0.719  0.642  0.562  0.640  0.642  1.459
  651411.270  4765330.550  756.570  1.000  0.540  0.000  12.000  180.000  0.000  30.000  0.000  0.000  20.000  50.000  0.000  0.000  0.000  0.000  30000.000  -0.143  -1.581  -0.853  0.904  0.092  0.091  0.548  0.619  2.425  -0.187  0.643  0.564  0.641  0.643  -0.017
  651557.310  4765825.870  715.330  1.000  0.200  0.020  18.000  320.000  0.000  0.000  0.000  0.000  0.000  100.000  0.000  0.000  0.000  0.000  40000.000  -0.774  -0.614  -0.555  1.166  0.093  -1.136  0.549  0.620  0.551  2.129  0.644  0.565  0.642  0.644  0.582
  651457.760  4766750.000  242.530  1.000  -99.000  -99.000  -99.000  -99.000  0.000  70.000  0.000  0.000  0.000  30.000  0.000  0.000  0.000  0.000  30000.000  -99.000  -99.000  -99.000  -99.000  0.094  1.267  0.550  0.622  0.553  -0.635  0.646  0.566  0.643  0.646  -0.016
  651288.860  4765413.520  772.020  1.000  0.880  0.020  48.000  50.000  30.000  0.000  0.000  0.000  10.000  60.000  0.000  0.000  0.000  0.000  40000.000  0.394  -0.613  0.268  0.101  1.312  -1.134  0.551  0.623  2.009  0.053  0.647  0.567  0.644  0.647  0.583
  651414.440  4765999.240  436.140  1.000  0.720  0.040  170.000  50.000  0.000  40.000  0.000  0.000  0.000  60.000  0.000  0.000  0.000  0.000  40000.000  0.160  -0.040  1.569  0.102  0.095  0.374  0.553  0.624  0.554  0.054  0.648  0.568  0.646  0.648  0.585
  651480.380  4765525.120  733.470  1.000  0.430  0.010  66.000  50.000  30.000  0.000  0.000  0.000  0.000  70.000  0.000  0.000  0.000  0.000  40000.000  -0.322  -1.066  0.550  0.103  1.314  -1.132  0.554  0.625  0.555  0.381  0.649  0.569  0.647  0.649  0.586
  651312.370  4765443.910  838.000  1.000  0.980  0.000  50.000  810.000  30.000  0.000  20.000  0.000  0.000  50.000  0.000  0.000  0.000  0.000  30000.000  0.529  -1.578  0.301  1.673  1.316  -1.130  2.241  0.626  0.556  -0.186  0.650  0.570  0.648  0.650  -0.015
  651287.790  4765769.940  603.030  1.000  0.940  0.090  68.000  1450.000  20.000  0.000  0.000  0.000  10.000  70.000  0.000  0.000  0.000  0.000  40000.000  0.476  0.663  0.574  2.103  1.074  -1.129  0.555  0.627  2.017  0.382  0.651  0.571  0.649  0.651  0.587
  651834.800  4766202.410  486.100  1.000  1.740  0.010  36.000  50.000  10.000  50.000  0.000  0.000  0.000  40.000  0.000  0.000  0.000  0.000  50000.000  1.339  -1.064  0.027  0.105  0.856  0.644  0.556  0.628  0.557  -0.411  0.653  0.572  0.650  0.653  1.057
  650774.210  4764957.480  1055.530  1.000  0.360  0.040  88.260  29.660  0.000  0.000  10.000  0.000  0.000  90.000  0.000  0.000  0.000  0.000  50000.000  -0.434  -0.039  0.811  -1.077  0.096  -1.127  2.024  0.630  0.558  1.134  0.654  0.573  0.651  0.654  1.059
  651402.610  4765846.750  736.200  1.000  3.280  0.360  51.000  50.000  50.000  50.000  0.000  0.000  0.000  0.000  0.000  0.000  0.000  0.000  50000.000  2.113  1.793  0.317  0.106  1.639  0.646  0.557  0.631  0.559  -1.470  0.655  0.575  0.653  0.655  1.060
  651495.190  4765620.260  528.040  1.000  0.960  0.090  40.000  1420.000  0.000  50.000  0.000  0.000  0.000  50.000  0.000  0.000  0.000  0.000  40000.000  0.495  0.664  0.108  2.084  0.097  0.647  0.558  0.632  0.560  -0.185  0.656  0.576  0.654  0.656  0.588
  650872.510  4766104.390  964.450  1.000  0.600  0.000  5.000  50.000  0.000  20.000  0.000  0.000  0.000  80.000  0.000  0.000  0.000  0.000  40000.000  -0.043  -1.574  -1.355  0.107  0.098  -0.217  0.559  0.633  0.561  0.720  0.657  0.577  0.655  0.657  0.589
  650447.780  4765371.330  970.300  1.000  -99.000  -99.000  -99.000  -99.000  0.000  2.000  0.000  0.000  0.000  98.000  0.000  0.000  0.000  0.000  30000.000  -99.000  -99.000  -99.000  -99.000  0.099  -0.952  0.560  0.634  0.562  1.459  0.658  0.578  0.656  0.658  -0.014
  651239.430  4765568.170  954.190  1.000  0.700  0.010  88.000  1140.000  10.000  0.000  0.000  0.000  40.000  50.000  0.000  0.000  0.000  0.000  30000.000  0.123  -1.062  0.806  1.932  0.857  -1.125  0.561  0.635  2.932  -0.184  0.660  0.579  0.657  0.660  -0.013
  650416.670  4765098.770  1001.710  1.000  0.220  0.020  102.000  653.000  0.000  30.000  0.000  0.000  0.000  70.000  0.000  0.000  0.000  0.000  30000.000  -0.710  -0.612  0.959  1.520  0.099  0.092  0.562  0.636  0.564  0.383  0.661  0.580  0.658  0.661  -0.012
  651341.340  4765656.180  767.390  1.000  0.040  0.010  21.000  50.000  0.000  30.000  0.000  0.000  0.000  70.000  0.000  0.000  0.000  0.000  10000.000  -1.532  -1.061  -0.430  0.108  0.100  0.093  0.564  0.638  0.565  0.384  0.662  0.581  0.660  0.662  -1.301
  650872.200  4765966.070  839.320  1.000  0.030  0.010  13.000  160.000  0.000  0.000  0.000  0.000  10.000  90.000  0.000  0.000  0.000  0.000  50000.000  -1.663  -1.059  -0.788  0.840  0.101  -1.123  0.565  0.639  2.024  1.136  0.663  0.582  0.661  0.663  1.062
  650876.370  4765965.960  832.490  1.000  0.430  0.060  5.000  570.000  0.000  0.000  0.000  0.000  10.000  90.000  0.000  0.000  0.000  0.000  50000.000  -0.321  0.344  -1.353  1.434  0.102  -1.122  0.566  0.640  2.031  1.138  0.664  0.583  0.662  0.664  1.064
  650873.110  4765246.090  988.550  1.000  -99.000  -99.000  -99.000  -99.000  0.000  20.000  0.000  0.000  0.000  80.000  0.000  0.000  0.000  0.000  40000.000  -99.000  -99.000  -99.000  -99.000  0.103  -0.216  0.567  0.641  0.566  0.721  0.665  0.585  0.663  0.665  0.590
  651519.020  4766117.760  696.700  1.000  1.650  0.050  20.000  50.000  0.000  50.000  0.000  0.000  0.000  50.000  0.000  0.000  0.000  0.000  50000.000  1.262  0.183  -0.469  0.109  0.104  0.648  0.568  0.642  0.567  -0.183  0.667  0.586  0.664  0.667  1.065
  651167.620  4765615.510  691.950  1.000  0.480  0.040  85.000  340.000  20.000  0.000  0.000  0.000  0.000  80.000  0.000  0.000  0.000  0.000  40000.000  -0.245  -0.038  0.777  1.176  1.075  -1.120  0.569  0.643  0.568  0.723  0.668  0.587  0.665  0.668  0.591
  651276.540  4765884.960  555.690  1.000  0.120  0.060  360.000  200.000  0.000  10.000  0.000  0.000  10.000  80.000  0.000  0.000  0.000  0.000  40000.000  -1.030  0.345  2.462  0.952  0.105  -0.554  0.570  0.644  2.039  0.724  0.669  0.588  0.667  0.669  0.592
  650579.720  4765032.060  973.030  1.000  0.180  0.070  38.100  11.750  10.000  15.000  10.000  0.000  0.000  65.000  0.000  0.000  0.000  0.000  60000.000  -0.820  0.475  0.081  -1.497  0.858  -0.433  2.031  0.646  0.569  0.169  0.670  0.589  0.668  0.670  1.461
  650888.220  4765232.410  1029.790  1.000  -99.000  -99.000  -99.000  -99.000  0.000  20.000  0.000  0.000  0.000  80.000  0.000  0.000  0.000  0.000  35000.000  -99.000  -99.000  -99.000  -99.000  0.106  -0.215  0.571  0.647  0.570  0.725  0.671  0.590  0.669  0.671  0.187
  651431.900  4765639.550  847.150  1.000  0.460  0.000  23.000  120.000  0.000  20.000  0.000  0.000  0.000  80.000  0.000  0.000  0.000  0.000  40000.000  -0.278  -1.571  -0.359  0.668  0.107  -0.214  0.572  0.648  0.571  0.726  0.672  0.591  0.670  0.672  0.593
  651325.940  4765981.580  554.170  1.000  0.400  0.070  270.000  50.000  0.000  40.000  0.000  0.000  0.000  60.000  0.000  0.000  0.000  0.000  30000.000  -0.374  0.476  2.121  0.110  0.108  0.375  0.573  0.649  0.572  0.055  0.674  0.592  0.671  0.674  -0.011
  650432.750  4765386.980  923.040  1.000  -99.000  -99.000  -99.000  -99.000  0.000  5.000  0.000  0.000  0.000  95.000  0.000  0.000  0.000  0.000  20000.000  -99.000  -99.000  -99.000  -99.000  0.109  -0.832  0.575  0.650  0.573  1.411  0.675  0.593  0.672  0.675  -0.706
  651322.510  4765862.160  544.830  1.000  0.350  0.080  155.000  1016.000  0.000  0.000  0.000  0.000  15.000  85.000  0.000  0.000  0.000  0.000  40000.000  -0.458  0.583  1.430  1.837  0.110  -1.118  0.576  0.651  2.138  0.875  0.676  0.595  0.674  0.676  0.595
  651835.910  4766201.030  489.690  1.000  1.310  0.020  38.000  50.000  10.000  40.000  0.000  0.000  0.000  50.000  0.000  0.000  0.000  0.000  50000.000  0.934  -0.611  0.074  0.111  0.860  0.376  0.577  0.653  0.575  -0.182  0.677  0.596  0.675  0.677  1.067
  651485.990  4765519.250  770.590  1.000  0.460  0.000  34.000  160.000  0.000  10.000  0.000  0.000  40.000  50.000  0.000  0.000  0.000  0.000  30000.000  -0.277  -1.567  -0.025  0.841  0.111  -0.553  0.578  0.654  3.009  -0.181  0.678  0.597  0.676  0.678  -0.010
  650491.190  4765097.020  993.970  1.000  0.170  0.050  19.800  31.700  0.000  5.000  0.000  0.000  0.000  95.000  0.000  0.000  0.000  0.000  20000.000  -0.850  0.184  -0.488  -1.051  0.112  -0.830  0.579  0.655  0.576  1.414  0.679  0.598  0.677  0.679  -0.704
  651218.650  4765577.610  819.260  1.000  0.640  0.050  305.000  50.000  0.000  50.000  10.000  0.000  0.000  40.000  0.000  0.000  0.000  0.000  20000.000  0.025  0.185  2.273  0.112  0.113  0.649  2.039  0.656  0.577  -0.410  0.681  0.599  0.678  0.681  -0.703
  651220.020  4765576.720  815.610  1.000  0.600  0.010  55.000  50.000  10.000  50.000  10.000  0.000  0.000  30.000  0.000  0.000  0.000  0.000  30000.000  -0.042  -1.057  0.388  0.113  0.861  0.650  2.046  0.657  0.578  -0.634  0.682  0.600  0.679  0.682  -0.009
  650754.040  4765274.360  913.120  1.000  -99.000  -99.000  -99.000  -99.000  0.000  5.000  0.000  0.000  0.000  95.000  0.000  0.000  0.000  0.000  35000.000  -99.000  -99.000  -99.000  -99.000  0.114  -0.829  0.580  0.658  0.579  1.416  0.683  0.601  0.681  0.683  0.188
  651398.530  4765478.670  637.010  1.000  1.260  0.010  38.000  50.000  0.000  50.000  0.000  0.000  0.000  50.000  0.000  0.000  0.000  0.000  50000.000  0.869  -1.055  0.075  0.114  0.115  0.651  0.581  0.660  0.580  -0.180  0.684  0.602  0.682  0.684  1.069
  651401.690  4765339.850  727.490  1.000  0.260  0.020  265.000  50.000  10.000  10.000  0.000  0.000  0.000  80.000  0.000  0.000  0.000  0.000  40000.000  -0.630  -0.609  2.102  0.115  0.863  -0.551  0.582  0.661  0.581  0.728  0.685  0.604  0.683  0.685  0.596
  651481.100  4765767.280  738.000  1.000  0.390  0.020  28.000  290.000  10.000  0.000  0.000  0.000  0.000  90.000  0.000  0.000  0.000  0.000  50000.000  -0.385  -0.608  -0.171  1.124  0.864  -1.116  0.583  0.662  0.582  1.139  0.687  0.605  0.684  0.687  1.070
  651345.230  4765682.900  735.220  1.000  1.770  0.120  44.000  810.000  0.000  30.000  0.000  0.000  0.000  70.000  0.000  0.000  0.000  0.000  50000.000  1.366  0.900  0.192  1.677  0.116  0.094  0.585  0.663  0.583  0.385  0.688  0.606  0.685  0.688  1.072
  651070.770  4764899.420  1053.810  1.000  0.010  0.010  4.110  23.980  0.000  0.000  0.000  0.000  0.000  100.000  0.000  0.000  0.000  0.000  13500.000  -1.971  -1.053  -1.920  -1.166  0.116  -1.115  0.586  0.664  0.585  2.138  0.689  0.607  0.687  0.689  -1.168
  651422.550  4766045.040  659.150  1.000  1.140  0.080  140.000  240.000  0.000  40.000  0.000  0.000  0.000  60.000  0.000  0.000  0.000  0.000  40000.000  0.726  0.584  1.309  1.034  0.117  0.377  0.587  0.665  0.586  0.056  0.690  0.608  0.688  0.690  0.597
  651463.900  4765989.570  530.590  1.000  0.790  0.060  735.000  1500.000  10.000  20.000  0.000  0.000  30.000  40.000  0.000  0.000  0.000  0.000  30000.000  0.266  0.346  2.897  2.144  0.865  -0.213  0.588  0.667  2.658  -0.409  0.691  0.609  0.689  0.691  -0.008
  651341.170  4765654.910  768.930  1.000  0.240  0.050  33.000  390.000  20.000  40.000  0.000  0.000  0.000  40.000  0.000  0.000  0.000  0.000  10000.000  -0.667  0.186  -0.045  1.241  1.077  0.378  0.589  0.668  0.587  -0.408  0.693  0.610  0.690  0.693  -1.299
  650786.660  4765966.030  974.520  1.000  0.360  0.040  5.000  50.000  0.000  10.000  0.000  0.000  0.000  90.000  0.000  0.000  0.000  0.000  60000.000  -0.432  -0.037  -1.350  0.116  0.118  -0.550  0.590  0.669  0.588  1.141  0.694  0.611  0.691  0.694  1.464
  651248.080  4765839.700  651.180  1.000  0.380  0.070  55.000  50.000  0.000  30.000  0.000  0.000  0.000  70.000  0.000  0.000  0.000  0.000  40000.000  -0.401  0.477  0.389  0.117  0.119  0.095  0.591  0.670  0.589  0.386  0.695  0.613  0.693  0.695  0.598
  651343.140  4765269.820  786.270  1.000  0.400  0.010  125.000  1170.000  0.000  0.000  0.000  30.000  20.000  50.000  0.000  0.000  0.000  0.000  30000.000  -0.372  -1.051  1.197  1.960  0.120  -1.113  0.592  3.110  2.443  -0.179  0.696  0.614  0.694  0.696  -0.007
  651421.020  4765473.290  893.690  1.000  0.860  0.050  110.000  1590.000  0.000  25.000  0.000  0.000  10.000  65.000  0.000  0.000  0.000  0.000  50000.000  0.366  0.187  1.064  2.213  0.121  -0.101  0.593  0.671  2.046  0.169  0.697  0.615  0.695  0.697  1.074
  650921.160  4765040.910  775.380  1.000  0.350  0.010  195.000  -99.000  0.000  20.000  0.000  0.000  0.000  80.000  0.000  0.000  0.000  0.000  50000.000  -0.457  -1.050  1.751  -99.000  0.122  -0.212  0.595  0.672  0.590  0.729  0.699  0.616  0.696  0.699  1.075
  650759.410  4764827.960  1065.400  1.000  0.180  0.020  10.840  122.150  0.000  0.000  20.000  0.000  0.000  80.000  0.000  0.000  0.000  0.000  40000.000  -0.819  -0.607  -0.931  0.688  0.123  -1.111  2.252  0.674  0.591  0.730  0.700  0.617  0.697  0.700  0.599
  651320.470  4765502.330  966.110  1.000  0.740  0.000  72.000  190.000  30.000  10.000  0.000  0.000  0.000  60.000  0.000  0.000  0.000  0.000  40000.000  0.190  -1.563  0.629  0.922  1.319  -0.549  0.596  0.675  0.592  0.057  0.701  0.618  0.699  0.701  0.600
  650775.090  4765256.920  1029.940  1.000  -99.000  -99.000  -99.000  -99.000  0.000  5.000  0.000  0.000  0.000  95.000  0.000  0.000  0.000  0.000  35000.000  -99.000  -99.000  -99.000  -99.000  0.124  -0.828  0.597  0.676  0.593  1.419  0.702  0.619  0.700  0.702  0.189
  651421.950  4765988.520  469.670  1.000  0.600  0.040  100.000  50.000  0.000  40.000  0.000  0.000  0.000  60.000  0.000  0.000  0.000  0.000  40000.000  -0.041  -0.036  0.954  0.119  0.125  0.379  0.598  0.677  0.595  0.058  0.703  0.620  0.701  0.703  0.601
  650771.250  4765965.930  997.900  1.000  0.610  0.030  12.000  580.000  0.000  10.000  0.000  0.000  0.000  90.000  0.000  0.000  0.000  0.000  40000.000  -0.026  -0.290  -0.851  1.446  0.126  -0.548  0.599  0.678  0.596  1.143  0.704  0.622  0.702  0.704  0.602
  651310.910  4766529.770  468.750  1.000  -99.000  -99.000  -99.000  -99.000  0.000  10.000  0.000  0.000  0.000  90.000  0.000  0.000  0.000  0.000  15000.000  -99.000  -99.000  -99.000  -99.000  0.127  -0.547  0.600  0.679  0.597  1.145  0.706  0.623  0.703  0.706  -1.074
  651334.830  4765735.380  734.670  1.000  1.130  0.060  30.000  100.000  30.000  40.000  0.000  0.000  0.000  30.000  0.000  0.000  0.000  0.000  20000.000  0.714  0.347  -0.110  0.562  1.321  0.380  0.601  0.681  0.598  -0.633  0.707  0.624  0.704  0.707  -0.702
  651510.960  4766122.500  723.090  1.000  0.600  0.040  5.000  50.000  0.000  40.000  0.000  0.000  0.000  60.000  0.000  0.000  0.000  0.000  70000.000  -0.040  -0.034  -1.347  0.120  0.128  0.381  0.602  0.682  0.599  0.059  0.708  0.625  0.706  0.708  1.749
  650601.710  4765471.660  383.150  1.000  0.120  0.000  51.700  61.700  0.000  10.000  0.000  0.000  0.000  90.000  0.000  0.000  0.000  0.000  45000.000  -1.028  -1.560  0.322  0.471  0.129  -0.546  0.604  0.683  0.600  1.146  0.709  0.626  0.707  0.709  0.780
  651154.080  4765627.750  643.270  1.000  0.150  0.030  83.000  50.000  0.000  30.000  0.000  0.000  0.000  70.000  0.000  0.000  0.000  0.000  30000.000  -0.910  -0.289  0.754  0.121  0.130  0.096  0.605  0.684  0.601  0.387  0.711  0.627  0.708  0.711  -0.007
  651544.490  4765586.730  691.500  1.000  0.040  0.050  31.000  50.000  0.000  10.000  0.000  0.000  0.000  90.000  0.000  0.000  0.000  0.000  20000.000  -1.529  0.188  -0.085  0.122  0.131  -0.545  0.606  0.685  0.602  1.148  0.712  0.628  0.709  0.712  -0.701
  651374.410  4765324.240  501.070  1.000  1.170  0.020  150.000  50.000  0.000  60.000  0.000  0.000  0.000  40.000  0.000  0.000  0.000  0.000  40000.000  0.774  -0.606  1.396  0.123  0.132  0.918  0.607  0.687  0.604  -0.407  0.713  0.630  0.711  0.713  0.604
  651325.940  4765935.580  633.850  1.000  0.360  0.030  165.000  290.000  0.000  35.000  0.000  0.000  0.000  65.000  0.000  0.000  0.000  0.000  40000.000  -0.431  -0.288  1.507  1.126  0.133  0.194  0.608  0.688  0.605  0.170  0.714  0.631  0.712  0.714  0.605
  651302.380  4766540.370  379.790  1.000  -99.000  -99.000  -99.000  -99.000  0.000  10.000  0.000  0.000  0.000  90.000  0.000  0.000  0.000  0.000  15000.000  -99.000  -99.000  -99.000  -99.000  0.133  -0.544  0.609  0.689  0.606  1.150  0.715  0.632  0.713  0.715  -1.072
  651403.800  4765475.590  626.680  1.000  1.960  0.040  32.000  50.000  0.000  50.000  0.000  0.000  0.000  50.000  0.000  0.000  0.000  0.000  40000.000  1.487  -0.033  -0.063  0.124  0.134  0.653  0.610  0.690  0.607  -0.178  0.717  0.633  0.714  0.717  0.606
  651347.020  4765726.580  767.380  1.000  3.150  0.110  17.000  100.000  0.000  40.000  0.000  0.000  0.000  60.000  0.000  0.000  0.000  0.000  50000.000  2.067  0.816  -0.594  0.563  0.135  0.382  0.611  0.691  0.608  0.060  0.718  0.634  0.715  0.718  1.077
  651270.030  4765429.980  816.190  1.000  3.710  0.060  78.000  2850.000  50.000  0.000  20.000  0.000  10.000  20.000  0.000  0.000  0.000  0.000  70000.000  2.289  0.349  0.704  2.773  1.642  -1.109  2.264  0.693  2.054  -0.882  0.719  0.635  0.717  0.719  1.753
  651412.120  4766059.350  690.500  1.000  0.280  0.070  53.000  360.000  0.000  0.000  10.000  0.000  10.000  80.000  0.000  0.000  0.000  0.000  30000.000  -0.591  0.478  0.348  1.198  0.136  -1.108  2.054  0.694  2.062  0.731  0.720  0.636  0.718  0.720  -0.006
  651069.040  4764711.360  1066.190  1.000  0.130  0.040  21.900  116.000  0.000  0.000  0.000  0.000  0.000  100.000  0.000  0.000  0.000  0.000  3000.000  -0.987  -0.032  -0.417  0.635  0.137  -1.106  0.613  0.695  0.609  2.147  0.721  0.638  0.719  0.721  -1.982
  651168.010  4764778.300  1072.200  1.000  0.040  0.020  6.970  61.150  0.000  30.000  0.000  0.000  0.000  70.000  0.000  0.000  0.000  0.000  60000.000  -1.526  -0.604  -1.149  0.470  0.138  0.097  0.614  0.696  0.610  0.388  0.723  0.639  0.720  0.723  1.467
  651325.940  4765954.580  600.940  1.000  0.650  0.070  145.000  50.000  0.000  35.000  0.000  0.000  0.000  65.000  0.000  0.000  0.000  0.000  30000.000  0.038  0.480  1.347  0.125  0.139  0.195  0.615  0.697  0.611  0.171  0.724  0.640  0.721  0.724  -0.005
  650976.620  4765419.700  802.710  1.000  -99.000  -99.000  -99.000  -99.000  0.000  7.000  0.000  0.000  0.000  93.000  0.000  0.000  0.000  0.000  45000.000  -99.000  -99.000  -99.000  -99.000  0.140  -0.805  0.616  0.699  0.613  1.236  0.725  0.641  0.723  0.725  0.781
  651259.780  4765336.880  824.280  1.000  1.040  0.020  75.000  1310.000  0.000  50.000  20.000  0.000  0.000  30.000  0.000  0.000  0.000  0.000  20000.000  0.606  -0.603  0.665  2.057  0.141  0.654  2.277  0.700  0.614  -0.632  0.726  0.642  0.724  0.726  -0.700
  651362.970  4766642.370  265.560  1.000  -99.000  -99.000  -99.000  -99.000  0.000  30.000  0.000  0.000  0.000  70.000  0.000  0.000  0.000  0.000  20000.000  -99.000  -99.000  -99.000  -99.000  0.142  0.098  0.617  0.701  0.615  0.389  0.728  0.643  0.725  0.728  -0.699
  651417.910  4765536.430  798.840  1.000  0.650  0.020  28.000  780.000  20.000  10.000  0.000  0.000  10.000  60.000  0.000  0.000  0.000  0.000  40000.000  0.039  -0.602  -0.170  1.635  1.079  -0.543  0.618  0.702  2.069  0.061  0.729  0.644  0.726  0.729  0.607
  651325.940  4765912.580  673.690  1.000  0.320  0.170  150.000  610.000  0.000  30.000  0.000  0.000  0.000  70.000  0.000  0.000  0.000  0.000  40000.000  -0.509  1.143  1.399  1.480  0.143  0.099  0.619  0.703  0.616  0.390  0.730  0.646  0.728  0.730  0.608
  651883.970  4766142.870  423.400  1.000  1.260  0.020  73.000  50.000  0.000  50.000  0.000  0.000  0.000  50.000  0.000  0.000  0.000  0.000  40000.000  0.871  -0.601  0.638  0.126  0.144  0.655  0.620  0.704  0.617  -0.177  0.731  0.647  0.729  0.731  0.609
  651450.360  4765806.770  766.210  1.000  0.830  0.010  110.000  270.000  30.000  0.000  10.000  0.000  0.000  60.000  0.000  0.000  0.000  0.000  40000.000  0.331  -1.048  1.066  1.087  1.323  -1.104  2.062  0.706  0.618  0.062  0.732  0.648  0.730  0.732  0.610
  651288.310  4765442.030  605.450  1.000  0.970  0.010  220.000  50.000  0.000  0.000  0.000  0.000  0.000  0.000  0.000  0.000  0.000  0.000  0.000  0.511  -1.046  1.870  0.127  0.145  -1.102  0.622  0.707  0.619  -1.467  0.734  0.649  0.731  0.734  -2.186
  651457.660  4766129.400  569.000  1.000  0.960  0.110  18.000  50.000  0.000  70.000  0.000  0.000  0.000  30.000  0.000  0.000  0.000  0.000  60000.000  0.496  0.817  -0.554  0.128  0.146  1.269  0.623  0.708  0.620  -0.631  0.735  0.650  0.732  0.735  1.470
  651325.940  4765907.580  682.350  1.000  0.250  0.050  45.000  550.000  0.000  30.000  0.000  0.000  0.000  70.000  0.000  0.000  0.000  0.000  40000.000  -0.650  0.189  0.212  1.425  0.147  0.099  0.624  0.709  0.622  0.391  0.736  0.651  0.734  0.736  0.611
  650896.170  4766052.920  979.530  1.000  0.070  0.030  14.000  50.000  0.000  30.000  0.000  0.000  0.000  70.000  0.000  0.000  0.000  0.000  40000.000  -1.309  -0.287  -0.738  0.129  0.148  0.100  0.625  0.711  0.623  0.392  0.737  0.653  0.735  0.737  0.613
  650577.790  4765471.220  476.120  1.000  0.150  0.030  9.270  15.400  0.000  10.000  0.000  0.000  0.000  90.000  0.000  0.000  0.000  0.000  30000.000  -0.908  -0.286  -1.036  -1.379  0.149  -0.542  0.626  0.712  0.624  1.152  0.739  0.654  0.736  0.739  -0.004
  651498.020  4765638.390  713.320  1.000  1.810  0.040  42.000  460.000  40.000  20.000  0.000  0.000  0.000  40.000  0.000  0.000  0.000  0.000  50000.000  1.390  -0.031  0.152  1.326  1.486  -0.211  0.627  0.713  0.625  -0.406  0.740  0.655  0.737  0.740  1.079
  650851.760  4765265.870  931.550  1.000  -99.000  -99.000  -99.000  -99.000  0.000  15.000  0.000  0.000  0.000  85.000  0.000  0.000  0.000  0.000  35000.000  -99.000  -99.000  -99.000  -99.000  0.150  -0.432  0.628  0.714  0.626  0.876  0.741  0.656  0.739  0.741  0.189
  651521.880  4766116.040  687.270  1.000  1.400  0.030  10.000  50.000  0.000  60.000  0.000  0.000  0.000  40.000  0.000  0.000  0.000  0.000  50000.000  1.021  -0.285  -0.979  0.130  0.150  0.920  0.630  0.715  0.627  -0.405  0.742  0.657  0.740  0.742  1.080
  651152.850  4765440.050  668.430  1.000  0.660  0.040  88.000  260.000  0.000  0.000  0.000  0.000  0.000  100.000  0.000  0.000  0.000  0.000  50000.000  0.058  -0.030  0.807  1.068  0.151  -1.101  0.631  0.717  0.628  2.157  0.743  0.658  0.741  0.743  1.082
  651199.240  4765590.670  1042.950  1.000  0.450  0.010  10.000  50.000  0.000  20.000  0.000  0.000  0.000  80.000  0.000  0.000  0.000  0.000  20000.000  -0.301  -1.044  -0.977  0.131  0.152  -0.211  0.632  0.718  0.630  0.732  0.745  0.660  0.742  0.745  -0.697
  651421.110  4766170.750  576.980  1.000  1.410  0.080  62.000  50.000  10.000  60.000  0.000  0.000  0.000  30.000  0.000  0.000  0.000  0.000  40000.000  1.036  0.586  0.488  0.133  0.867  0.921  0.633  0.719  0.631  -0.630  0.746  0.661  0.743  0.746  0.614
  651401.190  4765467.450  703.910  1.000  3.590  0.080  83.000  620.000  50.000  0.000  0.000  0.000  10.000  40.000  0.000  0.000  0.000  0.000  70000.000  2.235  0.587  0.756  1.500  1.646  -1.099  0.634  0.720  2.077  -0.404  0.747  0.662  0.745  0.747  1.757
  650599.200  4765471.650  392.830  1.000  0.150  0.030  65.100  226.000  0.000  20.000  0.000  0.000  0.000  80.000  0.000  0.000  0.000  0.000  60000.000  -0.907  -0.284  0.540  1.004  0.153  -0.210  0.635  0.721  0.632  0.734  0.748  0.663  0.746  0.748  1.472
  651396.920  4765344.610  712.980  1.000  0.480  0.040  160.000  1440.000  0.000  0.000  0.000  0.000  30.000  70.000  0.000  0.000  0.000  0.000  40000.000  -0.244  -0.029  1.469  2.094  0.154  -1.097  0.636  0.723  2.692  0.393  0.750  0.664  0.747  0.750  0.615
  651398.100  4766761.900  177.820  1.000  0.570  0.060  135.000  50.000  0.000  70.000  0.000  0.000  0.000  30.000  0.000  0.000  0.000  0.000  20000.000  -0.084  0.350  1.266  0.134  0.155  1.271  0.638  0.724  0.633  -0.628  0.751  0.665  0.748  0.751  -0.696
  651456.290  4765661.490  817.570  1.000  0.560  0.010  5.000  250.000  0.000  0.000  0.000  20.000  0.000  80.000  0.000  0.000  0.000  0.000  40000.000  -0.098  -1.042  -1.345  1.049  0.156  -1.096  0.639  2.692  0.634  0.735  0.752  0.667  0.750  0.752  0.616
  650759.360  4764826.560  1075.300  1.000  0.230  0.030  11.860  409.950  0.000  0.000  20.000  0.000  0.000  80.000  0.000  0.000  0.000  0.000  40000.000  -0.687  -0.283  -0.871  1.259  0.157  -1.094  2.289  0.725  0.635  0.736  0.753  0.668  0.751  0.753  0.617
  651220.070  4765573.850  869.750  1.000  2.150  0.120  83.000  1680.000  30.000  20.000  0.000  0.000  10.000  40.000  0.000  0.000  0.000  0.000  50000.000  1.615  0.902  0.757  2.265  1.325  -0.209  0.640  0.726  2.086  -0.403  0.755  0.669  0.752  0.755  1.084
  650919.020  4766037.720  910.810  1.000  0.090  0.030  92.000  50.000  0.000  20.000  10.000  0.000  0.000  70.000  0.000  0.000  0.000  0.000  60000.000  -1.149  -0.282  0.860  0.135  0.158  -0.208  2.069  0.728  0.636  0.394  0.756  0.670  0.753  0.756  1.475
  651382.700  4765487.930  667.990  1.000  1.940  0.050  28.000  620.000  20.000  0.000  20.000  0.000  0.000  60.000  0.000  0.000  0.000  0.000  60000.000  1.474  0.190  -0.169  1.503  1.080  -1.092  2.302  0.729  0.638  0.063  0.757  0.671  0.755  0.757  1.478
  651436.590  4765968.020  534.980  1.000  0.700  0.060  210.000  930.000  10.000  20.000  0.000  0.000  10.000  60.000  0.000  0.000  0.000  0.000  40000.000  0.124  0.351  1.824  1.767  0.868  -0.207  0.641  0.730  2.094  0.064  0.758  0.672  0.756  0.758  0.618
  651496.080  4765891.750  778.460  1.000  1.680  0.030  46.000  340.000  0.000  0.000  20.000  20.000  0.000  60.000  0.000  0.000  0.000  0.000  40000.000  1.280  -0.281  0.237  1.178  0.159  -1.090  2.316  2.729  0.639  0.065  0.760  0.674  0.757  0.760  0.619
  651590.710  4765700.750  616.540  1.000  0.340  0.030  15.000  450.000  0.000  20.000  0.000  0.000  10.000  70.000  0.000  0.000  0.000  0.000  30000.000  -0.480  -0.279  -0.680  1.308  0.160  -0.206  0.642  0.731  2.102  0.395  0.761  0.675  0.758  0.761  -0.003
  651242.810  4765380.860  714.690  1.000  1.370  0.010  165.000  50.000  0.000  30.000  0.000  0.000  0.000  70.000  0.000  0.000  0.000  0.000  20000.000  0.994  -1.041  1.510  0.136  0.161  0.101  0.643  0.732  0.640  0.396  0.762  0.676  0.760  0.762  -0.695
  650875.740  4765243.690  995.720  1.000  -99.000  -99.000  -99.000  -99.000  0.000  20.000  0.000  0.000  0.000  80.000  0.000  0.000  0.000  0.000  40000.000  -99.000  -99.000  -99.000  -99.000  0.162  -0.205  0.644  0.734  0.641  0.737  0.763  0.677  0.761  0.763  0.620
  650867.240  4766100.580  954.360  1.000  0.030  0.020  12.000  100.000  0.000  10.000  0.000  0.000  0.000  90.000  0.000  0.000  0.000  0.000  20000.000  -1.659  -0.599  -0.850  0.564  0.163  -0.541  0.646  0.735  0.642  1.154  0.765  0.678  0.762  0.765  -0.694
  650151.120  4764900.300  1126.880  1.000  0.110  0.010  6.150  22.920  0.000  0.000  0.000  0.000  0.000  100.000  0.000  0.000  0.000  0.000  10000.000  -1.065  -1.039  -1.195  -1.189  0.164  -1.089  0.647  0.736  0.643  2.166  0.766  0.679  0.763  0.766  -1.297
  651306.070  4765514.520  913.380  1.000  1.530  0.020  51.000  310.000  20.000  30.000  0.000  0.000  0.000  50.000  0.000  0.000  0.000  0.000  60000.000  1.166  -0.598  0.318  1.155  1.082  0.102  0.648  0.737  0.644  -0.176  0.767  0.681  0.765  0.767  1.481
  650777.330  4764959.620  1035.890  1.000  0.260  0.020  55.480  19.260  0.000  0.000  2.000  0.000  0.000  98.000  0.000  0.000  0.000  0.000  100000.000  -0.629  -0.597  0.396  -1.278  0.165  -1.087  1.775  0.739  0.646  1.461  0.768  0.682  0.766  0.768  2.207
  650601.210  4765471.660  385.080  1.000  0.310  0.020  83.000  596.000  0.000  17.000  0.000  0.000  0.000  83.000  0.000  0.000  0.000  0.000  70000.000  -0.531  -0.596  0.759  1.465  0.166  -0.419  0.649  0.740  0.647  0.809  0.770  0.683  0.767  0.770  1.762
  650891.450  4765229.510  1038.800  1.000  -99.000  -99.000  -99.000  -99.000  0.000  20.000  0.000  0.000  0.000  80.000  0.000  0.000  0.000  0.000  35000.000  -99.000  -99.000  -99.000  -99.000  0.167  -0.204  0.650  0.741  0.648  0.739  0.771  0.684  0.768  0.771  0.190
  651275.540  4765440.210  837.190  1.000  1.740  0.000  52.000  1110.000  0.000  0.000  0.000  0.000  20.000  80.000  0.000  0.000  0.000  0.000  30000.000  1.342  -1.556  0.336  1.918  0.168  -1.085  0.651  0.742  2.462  0.740  0.772  0.685  0.770  0.772  -0.002
  651499.190  4765617.510  541.170  1.000  0.890  0.030  18.000  50.000  0.000  70.000  0.000  0.000  0.000  30.000  0.000  0.000  0.000  0.000  30000.000  0.412  -0.278  -0.553  0.137  0.169  1.273  0.653  0.743  0.649  -0.627  0.773  0.687  0.771  0.773  -0.001
  651235.230  4765449.560  924.440  1.000  0.470  0.030  5.000  140.000  10.000  30.000  0.000  0.000  0.000  60.000  0.000  0.000  0.000  0.000  30000.000  -0.257  -0.277  -1.342  0.775  0.869  0.103  0.654  0.745  0.650  0.066  0.775  0.688  0.772  0.775  0.000
  651046.310  4765351.220  1047.930  1.000  -99.000  -99.000  -99.000  -99.000  0.000  5.000  0.000  0.000  0.000  95.000  0.000  0.000  0.000  0.000  50000.000  -99.000  -99.000  -99.000  -99.000  0.169  -0.826  0.655  0.746  0.651  1.422  0.776  0.689  0.773  0.776  1.085
  651435.380  4765428.510  820.940  1.000  0.510  0.000  175.000  100.000  0.000  40.000  0.000  0.000  0.000  60.000  0.000  0.000  0.000  0.000  30000.000  -0.198  -1.553  1.587  0.566  0.170  0.383  0.656  0.747  0.653  0.067  0.777  0.690  0.775  0.777  0.001
  651431.410  4765432.580  808.140  1.000  0.360  0.010  89.000  590.000  0.000  10.000  0.000  0.000  20.000  70.000  0.000  0.000  0.000  0.000  30000.000  -0.430  -1.037  0.820  1.458  0.171  -0.540  0.657  0.748  2.481  0.397  0.779  0.691  0.776  0.779  0.002
  651885.420  4766141.540  426.880  1.000  0.520  0.030  51.000  950.000  0.000  10.000  0.000  0.000  20.000  70.000  0.000  0.000  0.000  0.000  30000.000  -0.174  -0.276  0.319  1.782  0.172  -0.538  0.658  0.750  2.502  0.398  0.780  0.693  0.777  0.780  0.003
  650753.520  4765965.950  1024.540  1.000  0.270  0.000  5.000  110.000  0.000  30.000  0.000  0.000  0.000  70.000  0.000  0.000  0.000  0.000  20000.000  -0.608  -1.549  -1.340  0.616  0.173  0.104  0.660  0.751  0.654  0.399  0.781  0.694  0.779  0.781  -0.693
  651084.670  4765198.800  836.890  1.000  0.270  0.020  31.000  870.000  0.000  20.000  0.000  0.000  10.000  70.000  0.000  0.000  0.000  0.000  50000.000  -0.607  -0.594  -0.083  1.718  0.174  -0.203  0.661  0.752  2.111  0.400  0.782  0.695  0.780  0.782  1.087
  651387.100  4765485.360  659.380  1.000  0.890  0.030  20.000  460.000  10.000  0.000  30.000  0.000  0.000  60.000  0.000  0.000  0.000  0.000  60000.000  0.413  -0.275  -0.468  1.328  0.871  -1.084  2.599  0.753  0.655  0.068  0.784  0.696  0.781  0.784  1.483
  651499.650  4765636.970  718.910  1.000  4.800  0.050  25.000  50.000  40.000  0.000  10.000  0.000  0.000  50.000  0.000  0.000  0.000  0.000  50000.000  2.693  0.191  -0.265  0.138  1.489  -1.082  2.077  0.755  0.656  -0.175  0.785  0.697  0.782  0.785  1.089
  651331.040  4765527.670  938.070  1.000  1.120  0.020  42.000  480.000  0.000  0.000  0.000  0.000  0.000  100.000  0.000  0.000  0.000  0.000  20000.000  0.700  -0.593  0.153  1.347  0.175  -1.080  0.662  0.756  0.657  2.176  0.786  0.699  0.784  0.786  -0.691
  651325.940  4765993.580  533.390  1.000  0.750  0.130  175.000  150.000  0.000  70.000  0.000  0.000  0.000  30.000  0.000  0.000  0.000  0.000  30000.000  0.203  0.963  1.591  0.802  0.176  1.275  0.663  0.757  0.658  -0.626  0.787  0.700  0.785  0.787  0.004
  651455.330  4765804.860  772.180  1.000  0.620  0.020  54.000  500.000  0.000  0.000  25.000  0.000  0.000  75.000  0.000  0.000  0.000  0.000  45000.000  -0.009  -0.592  0.371  1.363  0.177  -1.079  2.375  0.758  0.660  0.487  0.789  0.701  0.786  0.789  0.782
  650436.230  4765383.270  933.910  1.000  -99.000  -99.000  -99.000  -99.000  0.000  5.000  0.000  0.000  0.000  95.000  0.000  0.000  0.000  0.000  20000.000  -99.000  -99.000  -99.000  -99.000  0.178  -0.825  0.664  0.760  0.661  1.424  0.790  0.702  0.787  0.790  -0.690
  651321.280  4765522.990  788.810  1.000  1.330  0.000  29.000  110.000  30.000  10.000  0.000  0.000  0.000  60.000  0.000  0.000  0.000  0.000  40000.000  0.955  -1.546  -0.140  0.618  1.328  -0.537  0.665  0.761  0.662  0.068  0.791  0.703  0.789  0.791  0.622
  651530.310  4766110.590  659.000  1.000  1.300  0.050  5.000  50.000  0.000  100.000  0.000  0.000  0.000  0.000  0.000  0.000  0.000  0.000  60000.000  0.921  0.192  -1.337  0.139  0.179  2.573  0.667  0.762  0.663  -1.464  0.793  0.704  0.790  0.793  1.486
  651402.250  4765466.130  707.540  1.000  1.970  0.060  56.000  450.000  50.000  0.000  0.000  0.000  0.000  50.000  0.000  0.000  0.000  0.000  60000.000  1.493  0.352  0.403  1.311  1.649  -1.077  0.668  0.763  0.664  -0.174  0.794  0.706  0.791  0.794  1.489
  651291.500  4765652.710  927.660  1.000  1.200  0.000  27.000  700.000  0.000  50.000  0.000  0.000  0.000  50.000  0.000  0.000  0.000  0.000  40000.000  0.797  -1.542  -0.194  1.551  0.180  0.656  0.669  0.765  0.665  -0.173  0.795  0.707  0.793  0.795  0.623
  651825.840  4766213.400  457.410  2.000  1.330  0.020  58.000  50.000  40.000  60.000  0.000  0.000  0.000  0.000  0.000  0.000  0.000  0.000  30000.000  0.957  -0.591  0.433  0.140  1.492  0.923  0.670  0.766  0.667  -1.461  0.796  0.708  0.794  0.796  0.005
  651285.350  4765543.130  859.710  2.000  1.570  0.010  15.000  50.000  0.000  70.000  0.000  0.000  0.000  30.000  0.000  0.000  0.000  0.000  50000.000  1.197  -1.035  -0.678  0.141  0.181  1.277  0.671  0.767  0.668  -0.625  0.798  0.709  0.795  0.798  1.090
  651453.280  4766057.540  809.660  2.000  0.790  0.000  5.000  50.000  0.000  50.000  0.000  0.000  0.000  50.000  0.000  0.000  0.000  0.000  40000.000  0.267  -1.539  -1.335  0.142  0.182  0.657  0.672  0.768  0.669  -0.172  0.799  0.711  0.796  0.799  0.624
  651294.890  4765524.700  872.060  2.000  0.590  0.030  15.000  50.000  0.000  40.000  0.000  0.000  0.000  60.000  0.000  0.000  0.000  0.000  60000.000  -0.054  -0.274  -0.677  0.143  0.183  0.384  0.674  0.770  0.670  0.069  0.800  0.712  0.798  0.800  1.492
  651464.220  4765421.740  664.860  2.000  0.570  0.000  18.000  50.000  0.000  100.000  0.000  0.000  0.000  0.000  0.000  0.000  0.000  0.000  40000.000  -0.083  -1.536  -0.552  0.144  0.184  2.599  0.675  0.771  0.671  -1.459  0.802  0.713  0.799  0.802  0.625
  651315.710  4765796.550  645.050  2.000  0.990  0.030  90.000  50.000  40.000  60.000  0.000  0.000  0.000  0.000  0.000  0.000  0.000  0.000  20000.000  0.549  -0.273  0.833  0.146  1.495  0.924  0.676  0.772  0.672  -1.456  0.803  0.714  0.800  0.803  -0.689
  651195.830  4766294.810  574.890  2.000  0.150  0.020  15.000  50.000  0.000  0.000  0.000  0.000  0.000  100.000  0.000  0.000  0.000  0.000  25000.000  -0.905  -0.589  -0.676  0.147  0.185  -1.075  0.677  0.773  0.674  2.186  0.804  0.715  0.802  0.804  -0.531
  651171.530  4765495.170  695.510  2.000  0.410  0.040  175.000  50.000  0.000  40.000  0.000  0.000  0.000  60.000  0.000  0.000  0.000  0.000  30000.000  -0.355  -0.028  1.594  0.148  0.186  0.385  0.678  0.775  0.675  0.070  0.805  0.717  0.803  0.805  0.006
  651305.240  4765757.070  652.490  2.000  1.090  0.020  81.000  50.000  100.000  0.000  0.000  0.000  0.000  0.000  0.000  0.000  0.000  0.000  20000.000  0.675  -0.588  0.730  0.149  2.816  -1.074  0.679  0.776  0.676  -1.453  0.807  0.718  0.804  0.807  -0.688
  650634.220  4764999.950  1086.220  2.000  0.110  0.030  27.100  16.300  0.000  0.000  10.000  0.000  0.000  90.000  0.000  0.000  0.000  0.000  30000.000  -1.063  -0.272  -0.190  -1.360  0.187  -1.072  2.086  0.777  0.677  1.156  0.808  0.719  0.805  0.808  0.007
  651300.050  4765760.910  637.850  2.000  1.070  0.050  195.000  120.000  100.000  0.000  0.000  0.000  0.000  0.000  0.000  0.000  0.000  0.000  10000.000  0.649  0.193  1.756  0.669  2.869  -1.070  0.681  0.779  0.678  -1.451  0.809  0.720  0.807  0.809  -1.294
  651169.470  4765496.810  687.960  2.000  0.530  0.030  160.000  150.000  0.000  50.000  0.000  0.000  0.000  50.000  0.000  0.000  0.000  0.000  30000.000  -0.159  -0.271  1.472  0.804  0.188  0.658  0.682  0.780  0.679  -0.171  0.811  0.721  0.808  0.811  0.007
  651378.460  4765366.370  377.710  2.000  0.920  0.020  62.000  750.000  0.000  20.000  0.000  0.000  0.000  80.000  0.000  0.000  0.000  0.000  70000.000  0.453  -0.587  0.489  1.619  0.189  -0.202  0.683  0.781  0.681  0.741  0.812  0.723  0.809  0.812  1.766
  651365.330  4765625.770  633.380  2.000  2.190  0.030  83.000  50.000  10.000  90.000  0.000  0.000  0.000  0.000  0.000  0.000  0.000  0.000  50000.000  1.643  -0.270  0.760  0.150  0.872  1.975  0.684  0.782  0.682  -1.448  0.813  0.724  0.811  0.813  1.092
  651434.540  4766076.150  777.000  2.000  1.030  0.040  10.000  50.000  0.000  60.000  0.000  0.000  0.000  40.000  0.000  0.000  0.000  0.000  30000.000  0.593  -0.027  -0.976  0.151  0.189  0.925  0.685  0.784  0.683  -0.402  0.815  0.725  0.812  0.815  0.008
  651430.560  4765814.930  742.430  2.000  2.450  0.180  82.000  50.000  40.000  60.000  0.000  0.000  0.000  0.000  0.000  0.000  0.000  0.000  45000.000  1.768  1.191  0.739  0.152  1.498  0.927  0.687  0.785  0.684  -1.445  0.816  0.726  0.813  0.816  0.784
  651167.920  4765498.110  682.310  2.000  0.700  0.020  105.000  50.000  0.000  40.000  0.000  0.000  0.000  60.000  0.000  0.000  0.000  0.000  30000.000  0.125  -0.586  1.008  0.153  0.190  0.386  0.688  0.786  0.685  0.071  0.817  0.728  0.815  0.817  0.009
  651193.600  4765303.450  550.610  2.000  0.310  0.030  85.000  100.000  0.000  60.000  0.000  0.000  0.000  40.000  0.000  0.000  0.000  0.000  10000.000  -0.530  -0.269  0.778  0.567  0.191  0.928  0.689  0.787  0.687  -0.401  0.818  0.729  0.816  0.818  -1.292
  651325.940  4765830.580  815.710  2.000  1.430  0.080  30.000  50.000  0.000  60.000  0.000  0.000  0.000  40.000  0.000  0.000  0.000  0.000  40000.000  1.061  0.588  -0.109  0.154  0.192  0.930  0.690  0.789  0.688  -0.400  0.820  0.730  0.817  0.820  0.626
  651247.810  4765572.740  687.970  2.000  1.270  0.050  465.000  50.000  0.000  60.000  0.000  0.000  0.000  40.000  0.000  0.000  0.000  0.000  50000.000  0.883  0.195  2.589  0.155  0.193  0.931  0.691  0.790  0.689  -0.399  0.821  0.731  0.818  0.821  1.094
  651464.080  4765783.050  671.960  2.000  2.590  0.030  33.000  170.000  0.000  50.000  0.000  0.000  0.000  50.000  0.000  0.000  0.000  0.000  50000.000  1.783  -0.268  -0.044  0.879  0.194  0.660  0.693  0.791  0.690  -0.170  0.822  0.732  0.820  0.822  1.096
  650537.070  4765000.270  1133.110  2.000  0.200  0.190  -99.000  -99.000  0.000  5.000  0.000  0.000  0.000  95.000  0.000  0.000  0.000  0.000  25000.000  -0.773  1.221  -99.000  -99.000  0.195  -0.824  0.694  0.793  0.691  1.427  0.824  0.734  0.821  0.824  -0.530
  651378.050  4765366.560  379.650  2.000  0.760  0.020  85.000  710.000  0.000  20.000  0.000  0.000  0.000  80.000  0.000  0.000  0.000  0.000  70000.000  0.215  -0.584  0.780  1.566  0.196  -0.201  0.695  0.794  0.693  0.742  0.825  0.735  0.822  0.825  1.771
  651135.730  4765621.480  901.230  2.000  1.050  0.040  92.000  50.000  0.000  90.000  0.000  0.000  0.000  10.000  0.000  0.000  0.000  0.000  30000.000  0.618  -0.026  0.862  0.156  0.197  1.982  0.696  0.795  0.694  -1.116  0.826  0.736  0.824  0.826  0.010
  651344.230  4765364.950  658.740  2.000  1.120  0.010  29.000  50.000  0.000  45.000  0.000  0.000  0.000  55.000  0.000  0.000  0.000  0.000  45000.000  0.702  -1.033  -0.139  0.157  0.198  0.480  0.697  0.796  0.695  -0.116  0.828  0.737  0.825  0.828  0.785
  651304.730  4765458.550  465.980  2.000  0.680  0.040  62.000  50.000  0.000  100.000  0.000  0.000  0.000  0.000  0.000  0.000  0.000  0.000  30000.000  0.092  -0.025  0.490  0.159  0.199  2.628  0.699  0.798  0.696  -1.443  0.829  0.739  0.826  0.829  0.011
  651453.500  4765820.610  627.150  2.000  2.310  0.090  18.000  240.000  20.000  40.000  0.000  0.000  0.000  40.000  0.000  0.000  0.000  0.000  40000.000  1.698  0.666  -0.550  1.036  1.084  0.387  0.700  0.799  0.697  -0.398  0.830  0.740  0.828  0.830  0.627
  651312.380  4765760.580  784.640  2.000  1.310  0.020  135.000  50.000  0.000  60.000  0.000  0.000  0.000  40.000  0.000  0.000  0.000  0.000  45000.000  0.935  -0.583  1.269  0.160  0.200  0.933  0.701  0.800  0.699  -0.397  0.832  0.741  0.829  0.832  0.786
  651380.700  4765361.550  664.340  2.000  1.250  0.030  16.000  50.000  0.000  40.000  0.000  0.000  0.000  60.000  0.000  0.000  0.000  0.000  60000.000  0.854  -0.266  -0.630  0.161  0.201  0.388  0.702  0.802  0.700  0.072  0.833  0.742  0.830  0.833  1.495
  651318.740  4765650.570  900.060  2.000  1.850  0.010  37.000  50.000  0.000  65.000  0.000  0.000  0.000  35.000  0.000  0.000  0.000  0.000  30000.000  1.429  -1.032  0.049  0.162  0.202  1.031  0.703  0.803  0.701  -0.565  0.834  0.743  0.832  0.834  0.012
  651456.200  4765887.710  673.420  2.000  2.950  0.280  15.000  50.000  20.000  40.000  0.000  0.000  0.000  40.000  0.000  0.000  0.000  0.000  60000.000  1.929  1.529  -0.674  0.163  1.085  0.389  0.704  0.804  0.702  -0.396  0.836  0.745  0.833  0.836  1.498
  651452.120  4765813.990  634.520  2.000  2.120  0.070  28.000  50.000  0.000  70.000  0.000  0.000  0.000  30.000  0.000  0.000  0.000  0.000  40000.000  1.593  0.481  -0.168  0.164  0.203  1.279  0.706  0.805  0.703  -0.624  0.837  0.746  0.834  0.837  0.628
  651368.290  4765512.460  593.180  2.000  0.930  0.030  26.000  50.000  0.000  30.000  0.000  0.000  0.000  70.000  0.000  0.000  0.000  0.000  60000.000  0.467  -0.265  -0.227  0.165  0.204  0.105  0.707  0.807  0.704  0.401  0.838  0.747  0.836  0.838  1.501
  650525.530  4765000.990  985.560  2.000  0.260  0.060  9.750  6.400  2.000  28.000  0.000  0.000  0.000  70.000  0.000  0.000  0.000  0.000  45000.000  -0.627  0.353  -1.022  -1.879  0.624  -0.079  0.708  0.808  0.706  0.402  0.840  0.748  0.837  0.840  0.787
  651362.840  4765721.630  609.910  2.000  2.520  0.150  15.000  50.000  60.000  20.000  0.000  0.000  0.000  20.000  0.000  0.000  0.000  0.000  20000.000  1.773  1.046  -0.673  0.166  1.775  -0.200  0.709  0.809  0.707  -0.880  0.841  0.750  0.838  0.841  -0.687
  651346.790  4765649.200  533.770  2.000  0.650  0.020  70.000  200.000  40.000  60.000  0.000  0.000  0.000  0.000  0.000  0.000  0.000  0.000  30000.000  0.040  -0.582  0.601  0.954  1.501  0.934  0.711  0.811  0.708  -1.440  0.842  0.751  0.840  0.842  0.013
  651315.670  4765692.140  822.560  2.000  0.700  0.050  15.000  340.000  0.000  40.000  0.000  0.000  0.000  60.000  0.000  0.000  0.000  0.000  30000.000  0.126  0.196  -0.672  1.180  0.205  0.390  0.712  0.812  0.709  0.073  0.844  0.752  0.841  0.844  0.014
  651435.330  4765694.510  775.980  2.000  1.430  0.030  54.000  120.000  10.000  50.000  0.000  0.000  0.000  40.000  0.000  0.000  0.000  0.000  50000.000  1.063  -0.264  0.372  0.670  0.873  0.661  0.713  0.813  0.711  -0.395  0.845  0.753  0.842  0.845  1.097
  650630.080  4764999.960  1024.360  2.000  0.140  0.040  12.200  207.000  5.000  25.000  0.000  0.000  0.000  70.000  0.000  0.000  0.000  0.000  55000.000  -0.957  -0.024  -0.835  0.965  0.675  -0.100  0.714  0.815  0.712  0.403  0.846  0.755  0.844  0.846  1.187
  651320.770  4765626.060  945.880  2.000  1.150  0.030  34.000  50.000  0.000  70.000  0.000  0.000  0.000  30.000  0.000  0.000  0.000  0.000  30000.000  0.745  -0.263  -0.024  0.167  0.206  1.282  0.715  0.816  0.713  -0.623  0.848  0.756  0.845  0.848  0.015
  651453.700  4765875.320  686.230  2.000  2.630  0.230  5.000  50.000  20.000  60.000  0.000  0.000  0.000  20.000  0.000  0.000  0.000  0.000  45000.000  1.793  1.373  -1.332  0.168  1.087  0.935  0.717  0.817  0.714  -0.879  0.849  0.757  0.846  0.849  0.789
  651525.370  4765855.290  584.350  2.000  2.350  0.120  12.000  50.000  0.000  70.000  0.000  0.000  0.000  30.000  0.000  0.000  0.000  0.000  50000.000  1.729  0.903  -0.848  0.169  0.207  1.284  0.718  0.818  0.715  -0.622  0.850  0.758  0.848  0.850  1.099
  651294.530  4765613.630  530.130  2.000  1.080  0.030  275.000  50.000  20.000  20.000  0.000  0.000  0.000  60.000  0.000  0.000  0.000  0.000  30000.000  0.662  -0.262  2.163  0.170  1.089  -0.199  0.719  0.820  0.717  0.074  0.852  0.760  0.849  0.852  0.016
  651270.400  4765549.050  778.220  2.000  1.350  0.030  45.000  50.000  0.000  80.000  0.000  0.000  0.000  20.000  0.000  0.000  0.000  0.000  30000.000  0.980  -0.261  0.213  0.172  0.208  1.604  0.720  0.821  0.718  -0.878  0.853  0.761  0.850  0.853  0.017
  651205.250  4765320.520  587.170  2.000  0.390  0.030  17.000  50.000  0.000  40.000  0.000  0.000  0.000  60.000  0.000  0.000  0.000  0.000  30000.000  -0.384  -0.260  -0.592  0.173  0.209  0.391  0.721  0.822  0.719  0.075  0.854  0.762  0.852  0.854  0.018
  651319.240  4765386.330  678.550  2.000  0.570  0.040  115.000  50.000  0.000  40.000  0.000  0.000  0.000  60.000  0.000  0.000  0.000  0.000  50000.000  -0.082  -0.023  1.119  0.174  0.210  0.392  0.723  0.824  0.720  0.076  0.856  0.763  0.853  0.856  1.101
  651564.410  4765734.210  417.040  2.000  1.740  0.280  22.000  280.000  70.000  20.000  0.000  0.000  0.000  10.000  0.000  0.000  0.000  0.000  20000.000  1.345  1.532  -0.391  1.112  1.908  -0.198  0.724  0.825  0.721  -1.115  0.857  0.765  0.854  0.857  -0.685
  651341.390  4765404.690  561.860  2.000  0.800  0.010  180.000  210.000  0.000  100.000  0.000  0.000  0.000  0.000  0.000  0.000  0.000  0.000  30000.000  0.286  -1.030  1.613  0.979  0.211  2.658  0.725  0.826  0.723  -1.437  0.858  0.766  0.856  0.858  0.019
  651551.870  4765970.810  796.430  2.000  1.420  0.040  14.000  50.000  0.000  100.000  0.000  0.000  0.000  0.000  0.000  0.000  0.000  0.000  30000.000  1.055  -0.022  -0.736  0.175  0.211  2.692  0.726  0.828  0.724  -1.435  0.860  0.767  0.857  0.860  0.020
  651625.330  4766048.170  530.580  2.000  1.080  0.060  73.000  50.000  50.000  50.000  0.000  0.000  0.000  0.000  0.000  0.000  0.000  0.000  10000.000  0.663  0.354  0.639  0.176  1.653  0.662  0.728  0.829  0.725  -1.432  0.861  0.768  0.858  0.861  -1.290
  650312.170  4765154.600  833.900  2.000  0.050  0.010  10.600  13.400  0.000  20.000  0.000  0.000  0.000  78.000  0.000  2.000  0.000  0.000  40000.000  -1.432  -1.028  -0.937  -1.428  0.212  -0.197  0.729  0.830  0.726  0.506  0.863  2.046  0.860  0.863  0.630
  651551.070  4765493.900  618.110  2.000  0.960  0.020  44.000  130.000  0.000  50.000  0.000  0.000  0.000  50.000  0.000  0.000  0.000  0.000  40000.000  0.498  -0.581  0.193  0.722  0.213  0.663  0.730  0.832  0.728  -0.169  0.864  0.770  0.861  0.864  0.631
  651314.630  4765764.290  697.980  2.000  1.710  0.190  39.000  50.000  0.000  100.000  0.000  0.000  0.000  0.000  0.000  0.000  0.000  0.000  30000.000  1.314  1.223  0.096  0.177  0.214  2.729  0.731  0.833  0.729  -1.429  0.865  0.771  0.863  0.865  0.021
  650629.410  4764999.970  1014.380  2.000  0.120  0.040  6.180  453.000  3.000  17.000  0.000  0.000  0.000  80.000  0.000  0.000  0.000  0.000  60000.000  -1.027  -0.021  -1.193  1.316  0.632  -0.418  0.732  0.834  0.730  0.743  0.867  0.772  0.864  0.867  1.503
  651749.240  4766537.870  325.600  2.000  1.130  0.120  15.000  320.000  10.000  60.000  0.000  0.000  0.000  30.000  0.000  0.000  0.000  0.000  40000.000  0.715  0.905  -0.671  1.168  0.875  0.937  0.734  0.836  0.731  -0.620  0.868  0.773  0.865  0.868  0.632
  651213.950  4765374.440  722.240  2.000  0.760  0.020  655.000  50.000  0.000  60.000  0.000  0.000  0.000  40.000  0.000  0.000  0.000  0.000  30000.000  0.216  -0.579  2.780  0.178  0.215  0.938  0.735  0.837  0.732  -0.394  0.869  0.775  0.867  0.869  0.022
  650918.860  4765469.830  930.510  2.000  1.000  0.050  301.000  -99.000  0.000  80.000  0.000  0.000  0.000  20.000  0.000  0.000  0.000  0.000  40000.000  0.563  0.197  2.246  -99.000  0.216  1.607  0.736  0.838  0.734  -0.876  0.871  0.776  0.868  0.871  0.633
  650310.640  4765155.000  809.950  2.000  0.170  0.040  -99.000  -99.000  0.000  10.000  0.000  0.000  0.000  90.000  0.000  0.000  0.000  0.000  50000.000  -0.848  -0.020  -99.000  -99.000  0.217  -0.536  0.737  0.840  0.735  1.157  0.872  0.777  0.869  0.872  1.102
  651299.960  4765652.240  790.470  2.000  1.600  0.060  19.000  280.000  0.000  40.000  0.000  0.000  0.000  60.000  0.000  0.000  0.000  0.000  70000.000  1.221  0.355  -0.503  1.114  0.218  0.393  0.739  0.841  0.736  0.077  0.873  0.779  0.871  0.873  1.775
  651371.430  4765369.660  410.810  2.000  0.570  0.010  72.000  50.000  0.000  25.000  0.000  0.000  0.000  75.000  0.000  0.000  0.000  0.000  80000.000  -0.081  -1.026  0.630  0.179  0.219  -0.099  0.740  0.842  0.737  0.488  0.875  0.780  0.872  0.875  1.896
  651267.310  4765546.360  689.570  2.000  0.690  0.020  5.000  50.000  0.000  0.000  50.000  0.000  50.000  0.000  0.000  0.000  0.000  0.000  10000.000  0.111  -0.578  -1.330  0.180  0.220  -1.069  2.869  0.844  3.558  -1.427  0.876  0.781  0.873  0.876  -1.288
  651375.980  4765367.530  389.390  2.000  0.800  0.050  165.000  50.000  0.000  40.000  0.000  0.000  0.000  60.000  0.000  0.000  0.000  0.000  60000.000  0.287  0.198  1.514  0.181  0.221  0.394  0.741  0.845  0.739  0.078  0.878  0.782  0.875  0.878  1.506
  651325.940  4765862.580  760.290  2.000  1.980  0.170  47.000  50.000  0.000  70.000  0.000  0.000  0.000  30.000  0.000  0.000  0.000  0.000  40000.000  1.496  1.145  0.248  0.182  0.222  1.286  0.742  0.846  0.740  -0.619  0.879  0.784  0.876  0.879  0.634
  651419.120  4765610.890  685.050  2.000  2.230  0.050  94.000  50.000  10.000  90.000  0.000  0.000  0.000  0.000  0.000  0.000  0.000  0.000  40000.000  1.663  0.199  0.885  0.184  0.876  1.989  0.743  0.848  0.741  -1.424  0.880  0.785  0.878  0.880  0.635
  651325.940  4765837.580  803.590  2.000  0.950  0.050  15.000  50.000  0.000  50.000  0.000  0.000  0.000  50.000  0.000  0.000  0.000  0.000  40000.000  0.486  0.200  -0.669  0.185  0.223  0.664  0.745  0.849  0.742  -0.169  0.882  0.786  0.879  0.882  0.636
  651231.230  4766406.400  581.000  2.000  0.730  0.030  5.020  467.000  0.000  30.000  0.000  0.000  0.000  70.000  0.000  0.000  0.000  0.000  35000.000  0.175  -0.259  -1.264  1.334  0.224  0.106  0.746  0.850  0.743  0.404  0.883  0.787  0.880  0.883  0.191
  650312.680  4765154.460  841.880  2.000  0.090  0.010  7.480  10.300  0.000  20.000  0.000  0.000  0.000  77.000  0.000  3.000  0.000  0.000  45000.000  -1.147  -1.025  -1.125  -1.562  0.225  -0.196  0.747  0.852  0.745  0.501  0.884  2.316  0.882  0.884  0.790
  651419.280  4765615.270  678.360  2.000  1.460  0.010  17.000  50.000  0.000  90.000  0.000  0.000  0.000  10.000  0.000  0.000  0.000  0.000  50000.000  1.093  -1.023  -0.591  0.186  0.226  1.996  0.748  0.853  0.746  -1.113  0.886  0.789  0.883  0.886  1.104
  651293.580  4765765.670  619.530  2.000  1.070  0.070  95.000  50.000  30.000  60.000  0.000  0.000  0.000  10.000  0.000  0.000  0.000  0.000  20000.000  0.650  0.482  0.896  0.187  1.330  0.940  0.750  0.854  0.747  -1.111  0.887  0.790  0.884  0.887  -0.684
  651173.070  4765493.940  701.180  2.000  0.660  0.030  335.000  120.000  0.000  70.000  0.000  0.000  0.000  30.000  0.000  0.000  0.000  0.000  30000.000  0.059  -0.258  2.349  0.672  0.227  1.288  0.751  0.856  0.748  -0.618  0.889  0.791  0.886  0.889  0.022
  650243.680  4765247.770  891.810  2.000  0.290  0.110  21.500  6.800  0.000  0.000  0.000  0.000  0.000  100.000  0.000  0.000  0.000  0.000  150000.000  -0.570  0.818  -0.422  -1.843  0.228  -1.067  0.752  0.857  0.750  2.197  0.890  0.793  0.887  0.890  2.869
  651325.940  4765894.580  704.860  2.000  0.610  0.020  53.000  50.000  0.000  40.000  0.000  0.000  0.000  60.000  0.000  0.000  0.000  0.000  40000.000  -0.025  -0.577  0.349  0.188  0.229  0.395  0.753  0.858  0.751  0.079  0.891  0.794  0.889  0.891  0.638
  651435.150  4765680.320  725.840  2.000  1.770  0.000  11.000  50.000  0.000  55.000  0.000  0.000  0.000  45.000  0.000  0.000  0.000  0.000  60000.000  1.368  -1.532  -0.891  0.189  0.230  0.719  0.755  0.860  0.752  -0.340  0.893  0.795  0.890  0.893  1.509
  651453.550  4765793.210  630.460  2.000  1.370  0.060  29.000  50.000  20.000  40.000  0.000  0.000  0.000  40.000  0.000  0.000  0.000  0.000  30000.000  0.995  0.356  -0.138  0.190  1.090  0.396  0.756  0.861  0.753  -0.393  0.894  0.796  0.891  0.894  0.023
  651238.860  4765353.890  777.490  2.000  1.410  0.010  65.000  50.000  0.000  80.000  0.000  0.000  0.000  20.000  0.000  0.000  0.000  0.000  40000.000  1.037  -1.021  0.532  0.191  0.231  1.610  0.757  0.863  0.755  -0.875  0.896  0.798  0.893  0.896  0.639
  651488.270  4765393.270  728.780  2.000  0.380  0.000  200.000  530.000  0.000  20.000  0.000  0.000  0.000  80.000  0.000  0.000  0.000  0.000  40000.000  -0.399  -1.529  1.786  1.413  0.232  -0.195  0.758  0.864  0.756  0.745  0.897  0.799  0.894  0.897  0.640
  651237.160  4765583.920  644.640  2.000  1.190  0.070  130.000  250.000  10.000  40.000  0.000  0.000  0.000  50.000  0.000  0.000  0.000  0.000  40000.000  0.790  0.483  1.243  1.051  0.878  0.397  0.760  0.865  0.757  -0.168  0.898  0.800  0.896  0.898  0.641
  651340.160  4765739.840  690.840  2.000  1.840  0.120  24.000  50.000  60.000  20.000  0.000  0.000  0.000  20.000  0.000  0.000  0.000  0.000  40000.000  1.412  0.906  -0.312  0.192  1.780  -0.194  0.761  0.867  0.758  -0.873  0.900  0.802  0.897  0.900  0.642
  651510.980  4766003.200  664.360  2.000  1.060  0.030  75.000  50.000  80.000  10.000  10.000  0.000  0.000  0.000  0.000  0.000  0.000  0.000  25000.000  0.634  -0.257  0.667  0.193  2.062  -0.535  2.094  0.868  0.760  -1.422  0.901  0.803  0.898  0.901  -0.529
  651339.930  4765493.380  488.780  2.000  1.090  0.060  70.000  450.000  20.000  20.000  0.000  0.000  0.000  60.000  0.000  0.000  0.000  0.000  40000.000  0.676  0.358  0.602  1.313  1.092  -0.193  0.762  0.869  0.761  0.080  0.903  0.804  0.900  0.903  0.643
  651409.690  4766102.150  731.500  2.000  0.870  0.050  35.000  50.000  0.000  80.000  0.000  0.000  0.000  20.000  0.000  0.000  0.000  0.000  30000.000  0.384  0.201  0.001  0.194  0.233  1.614  0.763  0.871  0.762  -0.872  0.904  0.805  0.901  0.904  0.024
  651187.950  4765295.360  533.210  2.000  0.290  0.040  94.000  110.000  0.000  30.000  0.000  0.000  0.000  70.000  0.000  0.000  0.000  0.000  50000.000  -0.569  -0.019  0.887  0.619  0.234  0.107  0.765  0.872  0.763  0.405  0.905  0.807  0.903  0.905  1.106
  651741.310  4766625.170  256.990  2.000  5.510  0.110  10.000  200.000  40.000  50.000  0.000  0.000  0.000  10.000  0.000  0.000  0.000  0.000  50000.000  2.898  0.820  -0.974  0.955  1.503  0.665  0.766  0.873  0.765  -1.109  0.907  0.808  0.904  0.907  1.108
  651485.720  4765396.190  721.780  2.000  0.450  0.000  78.000  50.000  0.000  50.000  0.000  0.000  0.000  50.000  0.000  0.000  0.000  0.000  40000.000  -0.299  -1.525  0.705  0.195  0.235  0.667  0.767  0.875  0.766  -0.167  0.908  0.809  0.905  0.908  0.644
  651382.580  4765605.440  721.430  2.000  5.770  0.110  33.000  50.000  20.000  70.000  0.000  10.000  0.000  0.000  0.000  0.000  0.000  0.000  50000.000  3.078  0.821  -0.042  0.197  1.094  1.290  0.768  2.502  0.767  -1.419  0.910  0.811  0.907  0.910  1.109
  651435.960  4765702.030  766.650  2.000  1.470  0.010  23.000  50.000  0.000  80.000  0.000  0.000  0.000  20.000  0.000  0.000  0.000  0.000  50000.000  1.120  -1.019  -0.358  0.198  0.235  1.617  0.770  0.876  0.768  -0.871  0.911  0.812  0.908  0.911  1.111
  651343.030  4765654.240  512.690  2.000  0.650  0.020  160.000  50.000  10.000  90.000  0.000  0.000  0.000  0.000  0.000  0.000  0.000  0.000  30000.000  0.041  -0.576  1.475  0.199  0.879  2.002  0.771  0.878  0.770  -1.416  0.913  0.813  0.910  0.913  0.025
  651228.950  4765570.940  791.880  2.000  2.100  0.040  115.000  50.000  60.000  30.000  0.000  0.000  0.000  10.000  0.000  0.000  0.000  0.000  30000.000  1.582  -0.018  1.121  0.200  1.784  0.108  0.772  0.879  0.771  -1.108  0.914  0.815  0.911  0.914  0.026
  651319.080  4765834.520  586.350  2.000  1.520  0.190  130.000  87.000  0.000  60.000  0.000  0.000  0.000  40.000  0.000  0.000  0.000  0.000  50000.000  1.160  1.225  1.245  0.528  0.236  0.941  0.773  0.880  0.772  -0.392  0.915  0.816  0.913  0.915  1.113
  651141.820  4765674.590  831.340  2.000  0.990  0.010  33.000  75.000  0.000  90.000  0.000  0.000  0.000  10.000  0.000  0.000  0.000  0.000  30000.000  0.550  -1.018  -0.041  0.504  0.237  2.009  0.775  0.882  0.773  -1.106  0.917  0.817  0.914  0.917  0.027
  650428.970  4765004.150  1088.050  2.000  0.620  0.040  19.150  749.000  0.000  0.000  0.000  0.000  0.000  100.000  0.000  0.000  0.000  0.000  20000.000  -0.008  -0.017  -0.495  1.611  0.238  -1.065  0.776  0.883  0.775  2.207  0.918  0.818  0.915  0.918  -0.683
  651297.060  4765589.520  573.860  2.000  1.380  0.070  100.000  160.000  20.000  10.000  0.000  0.000  0.000  70.000  0.000  0.000  0.000  0.000  40000.000  1.009  0.484  0.955  0.843  1.096  -0.534  0.777  0.884  0.776  0.406  0.920  0.820  0.917  0.920  0.646
  651281.100  4765538.280  819.520  2.000  1.050  0.020  62.000  50.000  10.000  20.000  0.000  0.000  0.000  70.000  0.000  0.000  0.000  0.000  60000.000  0.620  -0.574  0.492  0.201  0.880  -0.192  0.779  0.886  0.777  0.407  0.921  0.821  0.918  0.921  1.512
  651741.000  4766192.720  313.150  2.000  0.800  0.250  58.000  300.000  0.000  40.000  0.000  0.000  0.000  60.000  0.000  0.000  0.000  0.000  30000.000  0.289  1.441  0.434  1.143  0.239  0.398  0.780  0.887  0.779  0.081  0.923  0.822  0.920  0.923  0.028
  650628.870  4764999.970  1006.400  2.000  0.270  0.060  10.400  675.000  3.000  17.000  0.000  0.000  0.000  80.000  0.000  0.000  0.000  0.000  60000.000  -0.606  0.359  -0.946  1.534  0.633  -0.417  0.781  0.889  0.780  0.746  0.924  0.824  0.921  0.924  1.515
  651742.480  4766191.650  309.600  2.000  0.720  0.150  18.000  120.000  0.000  30.000  0.000  0.000  0.000  70.000  0.000  0.000  0.000  0.000  30000.000  0.161  1.048  -0.549  0.673  0.240  0.109  0.782  0.890  0.781  0.408  0.925  0.825  0.923  0.925  0.029
  651315.300  4765697.880  812.030  2.000  1.840  0.150  5.000  140.000  0.000  50.000  0.000  0.000  0.000  50.000  0.000  0.000  0.000  0.000  40000.000  1.415  1.050  -1.327  0.776  0.241  0.668  0.784  0.891  0.782  -0.166  0.927  0.826  0.924  0.927  0.647
  651140.330  4765662.300  847.050  2.000  0.630  0.010  43.000  25.000  0.000  80.000  0.000  0.000  0.000  20.000  0.000  0.000  0.000  0.000  30000.000  0.003  -1.016  0.176  -1.126  0.242  1.621  0.785  0.893  0.784  -0.869  0.928  0.828  0.925  0.928  0.030
  651325.940  4765848.580  784.540  2.000  0.790  0.030  41.000  50.000  0.000  50.000  0.000  0.000  0.000  50.000  0.000  0.000  0.000  0.000  40000.000  0.268  -0.256  0.126  0.202  0.243  0.669  0.786  0.894  0.785  -0.165  0.930  0.829  0.927  0.930  0.648
  651380.520  4765964.190  719.820  2.000  0.740  0.020  23.000  50.000  0.000  70.000  0.000  0.000  0.000  30.000  0.000  0.000  0.000  0.000  50000.000  0.191  -0.573  -0.357  0.203  0.244  1.292  0.787  0.896  0.786  -0.617  0.931  0.830  0.928  0.931  1.115
  651316.730  4765810.510  623.140  2.000  0.720  0.040  81.000  68.000  50.000  50.000  0.000  0.000  0.000  0.000  0.000  0.000  0.000  0.000  15000.000  0.162  -0.016  0.731  0.489  1.657  0.670  0.789  0.897  0.787  -1.414  0.933  0.832  0.930  0.933  -1.070
  651561.630  4766436.310  425.280  2.000  1.050  0.020  5.000  50.000  20.000  60.000  0.000  10.000  0.000  10.000  0.000  0.000  0.000  0.000  30000.000  0.621  -0.572  -1.324  0.204  1.097  0.943  0.790  2.524  0.789  -1.104  0.934  0.833  0.931  0.934  0.031
  651426.860  4765816.510  737.970  2.000  4.100  0.300  50.000  50.000  0.000  80.000  0.000  0.000  0.000  20.000  0.000  0.000  0.000  0.000  45000.000  2.486  1.581  0.302  0.205  0.245  1.624  0.791  0.898  0.790  -0.868  0.935  0.834  0.933  0.935  0.791
  651216.150  4765269.320  634.850  2.000  1.550  0.040  80.000  210.000  30.000  0.000  0.000  0.000  0.000  70.000  0.000  0.000  0.000  0.000  60000.000  1.184  -0.015  0.723  0.981  1.332  -1.064  0.793  0.900  0.791  0.409  0.937  0.836  0.934  0.937  1.518
  651581.030  4765932.930  601.120  2.000  1.220  0.020  64.000  50.000  10.000  30.000  0.000  0.000  0.000  60.000  0.000  0.000  0.000  0.000  40000.000  0.817  -0.571  0.523  0.206  0.882  0.110  0.794  0.901  0.793  0.082  0.938  0.837  0.935  0.938  0.649
  651274.500  4765670.160  849.370  2.000  1.470  0.030  34.000  50.000  0.000  70.000  0.000  0.000  0.000  30.000  0.000  0.000  0.000  0.000  80000.000  1.121  -0.255  -0.023  0.208  0.246  1.294  0.795  0.903  0.794  -0.616  0.940  0.838  0.937  0.940  1.902
  651404.660  4766107.590  722.060  2.000  0.750  0.020  20.000  50.000  0.000  70.000  0.000  0.000  0.000  30.000  0.000  0.000  0.000  0.000  30000.000  0.205  -0.570  -0.467  0.209  0.247  1.297  0.796  0.904  0.795  -0.615  0.941  0.840  0.938  0.941  0.032
  651385.900  4766095.140  768.800  2.000  0.880  0.060  5.000  50.000  0.000  60.000  0.000  0.000  0.000  40.000  0.000  0.000  0.000  0.000  40000.000  0.395  0.360  -1.322  0.210  0.248  0.944  0.798  0.905  0.796  -0.391  0.943  0.841  0.940  0.943  0.650
  651317.560  4765388.090  684.030  2.000  0.850  0.020  44.000  50.000  0.000  40.000  0.000  0.000  0.000  60.000  0.000  0.000  0.000  0.000  50000.000  0.355  -0.568  0.194  0.211  0.249  0.399  0.799  0.907  0.798  0.083  0.944  0.842  0.941  0.944  1.116
  651317.620  4765662.860  877.180  2.000  2.020  0.040  20.000  50.000  0.000  45.000  0.000  0.000  0.000  55.000  0.000  0.000  0.000  0.000  50000.000  1.526  -0.014  -0.466  0.212  0.250  0.481  0.800  0.908  0.799  -0.115  0.946  0.844  0.943  0.946  1.118
  651304.990  4765648.140  805.090  2.000  1.410  0.040  10.000  50.000  0.000  40.000  0.000  0.000  0.000  60.000  0.000  0.000  0.000  0.000  60000.000  1.039  -0.013  -0.972  0.213  0.251  0.400  0.802  0.910  0.800  0.083  0.947  0.845  0.944  0.947  1.521
  651482.620  4765932.260  510.730  2.000  0.990  0.050  63.000  50.000  30.000  0.000  0.000  0.000  0.000  70.000  0.000  0.000  0.000  0.000  10000.000  0.552  0.202  0.508  0.214  1.334  -1.062  0.803  0.911  0.802  0.410  0.949  0.846  0.946  0.949  -1.286
  651631.130  4766042.720  548.930  2.000  1.360  0.070  28.000  50.000  80.000  20.000  0.000  0.000  0.000  0.000  0.000  0.000  0.000  0.000  10000.000  0.983  0.485  -0.167  0.215  2.069  -0.191  0.804  0.913  0.803  -1.411  0.950  0.848  0.947  0.950  -1.284
  651342.470  4765491.320  481.480  2.000  1.000  0.050  79.000  510.000  10.000  10.000  10.000  0.000  0.000  70.000  0.000  0.000  0.000  0.000  40000.000  0.564  0.203  0.710  1.385  0.883  -0.533  2.102  0.914  0.804  0.411  0.952  0.849  0.949  0.952  0.651
  651325.940  4765755.580  945.620  2.000  1.390  0.010  19.000  50.000  0.000  40.000  0.000  0.000  0.000  60.000  0.000  0.000  0.000  0.000  60000.000  1.016  -1.014  -0.502  0.216  0.252  0.401  0.805  0.915  0.805  0.084  0.953  0.850  0.950  0.953  1.524
  651271.370  4765548.070  781.970  2.000  1.400  0.040  30.000  50.000  0.000  90.000  0.000  0.000  0.000  10.000  0.000  0.000  0.000  0.000  40000.000  1.023  -0.011  -0.108  0.217  0.253  2.017  0.807  0.917  0.807  -1.102  0.955  0.852  0.952  0.955  0.653
  651272.490  4765672.480  839.850  2.000  1.330  0.010  5.000  50.000  0.000  90.000  0.000  0.000  0.000  10.000  0.000  0.000  0.000  0.000  50000.000  0.958  -1.012  -1.319  0.218  0.254  2.024  0.808  0.918  0.808  -1.101  0.956  0.853  0.953  0.956  1.120
  651133.660  4765601.680  928.790  2.000  0.730  0.000  70.000  50.000  0.000  60.000  0.000  0.000  0.000  40.000  0.000  0.000  0.000  0.000  20000.000  0.176  -1.522  0.604  0.220  0.255  0.946  0.809  0.920  0.809  -0.390  0.957  0.854  0.955  0.957  -0.682
  651256.630  4765691.430  763.760  2.000  1.760  0.050  180.000  50.000  100.000  0.000  0.000  0.000  0.000  0.000  0.000  0.000  0.000  0.000  40000.000  1.360  0.204  1.617  0.221  2.932  -1.060  0.811  0.921  0.811  -1.409  0.959  0.856  0.956  0.959  0.654
  651511.560  4766002.730  666.220  2.000  1.350  0.030  63.000  50.000  80.000  10.000  10.000  0.000  0.000  0.000  0.000  0.000  0.000  0.000  30000.000  0.982  -0.253  0.509  0.222  2.077  -0.532  2.111  0.923  0.812  -1.406  0.960  0.857  0.957  0.960  0.033
  651496.610  4766104.230  720.040  2.000  1.220  0.030  5.000  190.000  0.000  70.000  0.000  0.000  0.000  30.000  0.000  0.000  0.000  0.000  40000.000  0.819  -0.252  -1.317  0.924  0.256  1.299  0.812  0.924  0.813  -0.614  0.962  0.858  0.959  0.962  0.655
  650528.200  4765000.760  1019.460  2.000  0.540  -99.000  26.000  89.900  10.000  20.000  0.000  0.000  0.000  70.000  0.000  0.000  0.000  0.000  55000.000  -0.142  -99.000  -0.226  0.533  0.884  -0.190  0.813  0.925  0.815  0.412  0.963  0.860  0.960  0.963  1.189
  651317.000  4765813.750  618.100  2.000  1.030  0.050  40.000  53.000  100.000  0.000  0.000  0.000  0.000  0.000  0.000  0.000  0.000  0.000  10000.000  0.595  0.205  0.109  0.447  3.009  -1.059  0.815  0.927  0.816  -1.404  0.965  0.861  0.962  0.965  -1.282
  651699.540  4766633.270  350.510  2.000  1.840  0.070  29.000  50.000  20.000  70.000  0.000  0.000  0.000  10.000  0.000  0.000  0.000  0.000  30000.000  1.418  0.487  -0.137  0.223  1.099  1.301  0.816  0.928  0.817  -1.099  0.966  0.863  0.963  0.966  0.034
  651372.670  4765369.080  404.960  2.000  0.780  0.000  48.000  50.000  0.000  40.000  0.000  0.000  0.000  60.000  0.000  0.000  0.000  0.000  60000.000  0.252  -1.519  0.269  0.224  0.257  0.402  0.817  0.930  0.818  0.085  0.968  0.864  0.965  0.968  1.527
  651290.470  4765310.630  654.140  2.000  1.570  0.010  32.000  50.000  0.000  70.000  0.000  0.000  0.000  30.000  0.000  0.000  0.000  0.000  40000.000  1.199  -1.011  -0.062  0.225  0.258  1.303  0.818  0.931  0.820  -0.613  0.969  0.865  0.966  0.969  0.656
  651368.450  4765717.040  589.140  2.000  1.710  0.060  33.000  50.000  90.000  0.000  0.000  0.000  0.000  10.000  0.000  0.000  0.000  0.000  20000.000  1.317  0.361  -0.040  0.226  2.277  -1.057  0.820  0.933  0.821  -1.097  0.971  0.867  0.968  0.971  -0.681
  651552.580  4766443.850  409.120  2.000  1.850  0.310  255.000  50.000  0.000  80.000  0.000  0.000  0.000  20.000  0.000  0.000  0.000  0.000  30000.000  1.432  1.596  2.065  0.227  0.259  1.628  0.821  0.934  0.822  -0.867  0.972  0.868  0.969  0.972  0.035
  651325.940  4765739.580  973.330  2.000  0.990  0.020  12.000  50.000  20.000  40.000  0.000  0.000  0.000  40.000  0.000  0.000  0.000  0.000  30000.000  0.553  -0.567  -0.847  0.228  1.101  0.403  0.822  0.935  0.824  -0.389  0.974  0.869  0.971  0.974  0.036
  651827.520  4766211.340  462.790  2.000  0.860  0.020  23.000  50.000  60.000  40.000  0.000  0.000  0.000  0.000  0.000  0.000  0.000  0.000  20000.000  0.367  -0.566  -0.356  0.229  1.789  0.404  0.824  0.937  0.825  -1.401  0.975  0.871  0.972  0.975  -0.679
  651582.070  4766688.290  195.750  3.000  -99.000  -99.000  -99.000  -99.000  0.000  0.000  0.000  0.000  0.000  0.000  0.000  0.000  0.000  0.000  0.000  -99.000  -99.000  -99.000  -99.000  0.260  -1.055  0.825  0.938  0.826  -1.399  0.977  0.872  0.974  0.977  -2.176
  651130.100  4765822.510  181.590  3.000  0.630  0.310  30.000  50.000  0.000  60.000  0.000  0.000  0.000  40.000  0.000  0.000  0.000  0.000  30000.000  0.004  1.600  -0.107  0.231  0.261  0.947  0.826  0.940  0.828  -0.388  0.978  0.873  0.975  0.978  0.037
  651616.080  4765956.730  467.970  3.000  0.780  0.010  68.000  50.000  0.000  40.000  0.000  0.000  0.000  60.000  0.000  0.000  0.000  0.000  30000.000  0.253  -1.009  0.575  0.232  0.262  0.405  0.828  0.941  0.829  0.086  0.980  0.875  0.977  0.980  0.037
  650688.450  4764884.390  1061.580  3.000  0.150  0.020  16.760  15.110  0.000  20.000  0.000  0.000  0.000  80.000  0.000  0.000  0.000  0.000  80000.000  -0.904  -0.565  -0.620  -1.385  0.263  -0.189  0.829  0.943  0.830  0.747  0.981  0.876  0.978  0.981  1.908
  651818.260  4766441.760  284.760  3.000  0.680  0.050  70.000  120.000  0.000  40.000  0.000  0.000  0.000  60.000  0.000  0.000  0.000  0.000  30000.000  0.093  0.206  0.605  0.674  0.264  0.406  0.830  0.944  0.832  0.087  0.983  0.878  0.980  0.983  0.038
  650993.130  4765714.350  -96.650  3.000  0.220  0.090  31.400  23.800  0.000  10.000  0.000  0.000  0.000  90.000  0.000  0.000  0.000  0.000  25000.000  -0.708  0.667  -0.080  -1.170  0.264  -0.531  0.832  0.946  0.833  1.159  0.985  0.879  0.981  0.985  -0.528
  651645.370  4766664.250  93.020  3.000  -99.000  -99.000  -99.000  -99.000  0.000  0.000  0.000  0.000  0.000  0.000  0.000  0.000  0.000  0.000  0.000  -99.000  -99.000  -99.000  -99.000  0.265  -1.054  0.833  0.947  0.834  -1.396  0.986  0.880  0.983  0.986  -2.166
  650333.250  4764889.750  982.320  3.000  0.070  0.030  13.350  29.700  0.000  35.000  0.000  0.000  0.000  65.000  0.000  0.000  0.000  0.000  25000.000  -1.307  -0.251  -0.771  -1.075  0.266  0.196  0.834  0.949  0.836  0.172  0.988  0.882  0.985  0.988  -0.527
  651583.660  4766179.310  629.250  3.000  1.470  0.030  32.000  50.000  0.000  50.000  0.000  0.000  0.000  50.000  0.000  0.000  0.000  0.000  60000.000  1.123  -0.250  -0.061  0.233  0.267  0.671  0.836  0.950  0.837  -0.164  0.989  0.883  0.986  0.989  1.530
  651594.320  4765984.250  398.310  3.000  0.800  0.260  105.000  250.000  0.000  70.000  0.000  0.000  0.000  30.000  0.000  0.000  0.000  0.000  30000.000  0.290  1.474  1.010  1.053  0.268  1.305  0.837  0.952  0.838  -0.611  0.991  0.884  0.988  0.991  0.039
  650921.080  4765055.880  747.100  3.000  0.090  0.010  5.000  -99.000  0.000  0.000  0.000  0.000  0.000  100.000  0.000  0.000  0.000  0.000  50000.000  -1.145  -1.007  -1.314  -99.000  0.269  -1.052  0.838  0.953  0.840  2.218  0.992  0.886  0.989  0.992  1.122
  651344.750  4766176.170  607.950  3.000  1.150  0.080  54.000  50.000  0.000  60.000  0.000  0.000  0.000  40.000  0.000  0.000  0.000  0.000  30000.000  0.746  0.589  0.373  0.234  0.270  0.949  0.840  0.955  0.841  -0.387  0.994  0.887  0.991  0.994  0.040
  651805.680  4766238.310  392.940  3.000  1.020  0.080  71.000  200.000  20.000  20.000  0.000  0.000  0.000  60.000  0.000  0.000  0.000  0.000  40000.000  0.583  0.591  0.618  0.957  1.102  -0.189  0.841  0.956  0.842  0.088  0.995  0.889  0.992  0.995  0.657
  651548.050  4766594.630  324.450  3.000  0.520  0.100  65.000  50.000  0.000  60.000  0.000  0.000  0.000  40.000  0.000  0.000  0.000  0.000  20000.000  -0.173  0.741  0.533  0.235  0.271  0.950  0.842  0.957  0.844  -0.386  0.997  0.890  0.994  0.997  -0.678
  650398.210  4765098.290  905.470  3.000  0.080  0.100  8.400  64.200  0.000  15.000  0.000  0.000  0.000  85.000  0.000  0.000  0.000  0.000  20000.000  -1.225  0.742  -1.069  0.478  0.272  -0.431  0.844  0.959  0.845  0.878  0.998  0.891  0.995  0.998  -0.677
  650633.590  4765471.650  263.320  3.000  0.370  0.050  146.000  264.000  0.000  14.000  0.000  0.000  0.000  85.000  0.000  1.000  0.000  0.000  50000.000  -0.419  0.207  1.358  1.071  0.273  -0.481  0.845  0.960  0.846  0.879  1.000  1.803  0.997  1.000  1.123
  651284.180  4764794.420  1088.800  3.000  0.080  0.020  4.520  15.560  0.000  20.000  0.000  0.000  0.000  80.000  0.000  0.000  0.000  0.000  30000.000  -1.223  -0.563  -1.846  -1.374  0.274  -0.188  0.846  0.962  0.848  0.748  1.001  0.893  0.998  1.001  0.041
  650192.330  4765049.990  1049.190  3.000  0.630  0.240  15.800  22.800  0.000  35.000  0.000  0.000  0.000  65.000  0.000  0.000  0.000  0.000  25000.000  0.005  1.406  -0.652  -1.196  0.275  0.197  0.848  0.963  0.849  0.173  1.003  0.894  1.000  1.003  -0.525
  651847.160  4766177.690  337.200  3.000  1.110  0.960  140.000  1210.000  0.000  40.000  0.000  0.000  0.000  60.000  0.000  0.000  0.000  0.000  40000.000  0.691  2.590  1.312  1.983  0.276  0.407  0.849  0.965  0.850  0.089  1.004  0.896  1.001  1.004  0.658
  651462.970  4766044.940  506.720  3.000  0.770  0.070  140.000  50.000  0.000  50.000  0.000  0.000  0.000  50.000  0.000  0.000  0.000  0.000  30000.000  0.229  0.488  1.314  0.236  0.277  0.672  0.850  0.966  0.852  -0.163  1.006  0.897  1.003  1.006  0.042
  651372.630  4765886.170  275.290  3.000  0.560  0.080  20.000  50.000  0.000  50.000  0.000  0.000  0.000  50.000  0.000  0.000  0.000  0.000  30000.000  -0.097  0.592  -0.465  0.237  0.278  0.674  0.852  0.968  0.853  -0.162  1.008  0.898  1.004  1.008  0.043
  650392.320  4765003.770  871.130  3.000  0.080  0.010  5.780  5.900  0.000  50.000  0.000  0.000  0.000  50.000  0.000  0.000  0.000  0.000  5000.000  -1.221  -1.005  -1.219  -1.912  0.279  0.675  0.853  0.969  0.854  -0.161  1.009  0.900  1.006  1.009  -1.853
  650231.250  4765030.910  1098.230  3.000  0.700  0.280  18.100  38.200  0.000  0.000  0.000  0.000  0.000  100.000  0.000  0.000  0.000  0.000  20000.000  0.127  1.536  -0.542  -1.014  0.280  -1.051  0.854  0.971  0.856  2.229  1.011  0.901  1.008  1.011  -0.676
  651877.130  4766343.160  218.140  3.000  1.120  0.320  21.000  230.000  0.000  80.000  0.000  0.000  0.000  20.000  0.000  0.000  0.000  0.000  30000.000  0.703  1.635  -0.429  1.018  0.281  1.631  0.856  0.972  0.857  -0.865  1.012  0.903  1.009  1.012  0.044
  651587.740  4766088.090  406.150  3.000  0.440  0.190  48.000  50.000  0.000  30.000  0.000  0.000  0.000  70.000  0.000  0.000  0.000  0.000  40000.000  -0.308  1.227  0.270  0.238  0.282  0.111  0.857  0.974  0.858  0.413  1.014  0.904  1.011  1.014  0.660
  650123.540  4764996.100  970.320  3.000  0.090  0.090  4.240  51.000  0.000  30.000  0.000  0.000  0.000  70.000  0.000  0.000  0.000  0.000  20000.000  -1.143  0.668  -1.888  0.438  0.283  0.112  0.858  0.975  0.860  0.415  1.015  0.905  1.012  1.015  -0.675
  651189.270  4765930.370  447.820  3.000  0.430  0.110  33.000  50.000  0.000  20.000  0.000  0.000  0.000  80.000  0.000  0.000  0.000  0.000  30000.000  -0.320  0.823  -0.039  0.239  0.284  -0.187  0.860  0.977  0.861  0.750  1.017  0.907  1.014  1.017  0.045
  651027.640  4765690.970  595.680  3.000  0.200  0.020  12.000  50.000  0.000  40.000  0.000  0.000  0.000  60.000  0.000  0.000  0.000  0.000  20000.000  -0.771  -0.562  -0.845  0.240  0.285  0.408  0.861  0.978  0.863  0.090  1.019  0.908  1.015  1.019  -0.674
  651477.050  4766637.820  235.190  3.000  0.310  0.070  32.000  50.000  0.000  40.000  0.000  0.000  0.000  60.000  0.000  0.000  0.000  0.000  40000.000  -0.529  0.489  -0.060  0.242  0.286  0.409  0.863  0.980  0.864  0.091  1.020  0.910  1.017  1.020  0.661
  650409.120  4765003.630  969.710  3.000  0.550  0.350  8.900  55.800  0.000  40.000  0.000  0.000  0.000  60.000  0.000  0.000  0.000  0.000  30000.000  -0.117  1.768  -1.056  0.457  0.287  0.410  0.864  0.981  0.865  0.092  1.022  0.911  1.019  1.022  0.046
  651539.430  4766152.790  234.190  3.000  1.260  0.350  43.000  50.000  0.000  100.000  0.000  0.000  0.000  0.000  0.000  0.000  0.000  0.000  30000.000  0.873  1.773  0.177  0.243  0.288  2.770  0.865  0.983  0.867  -1.394  1.023  0.913  1.020  1.023  0.047
  651224.670  4766024.090  716.540  3.000  0.530  0.110  195.000  50.000  0.000  30.000  0.000  0.000  0.000  70.000  0.000  0.000  0.000  0.000  30000.000  -0.158  0.824  1.761  0.244  0.289  0.113  0.867  0.985  0.868  0.416  1.025  0.914  1.022  1.025  0.048
  650335.430  4764873.140  1020.830  3.000  0.160  0.020  8.340  27.400  0.000  25.000  0.000  0.000  0.000  75.000  0.000  0.000  0.000  0.000  20000.000  -0.880  -0.561  -1.071  -1.097  0.290  -0.099  0.868  0.986  0.869  0.489  1.026  0.915  1.023  1.026  -0.672
  651513.870  4766194.820  135.810  3.000  1.210  0.160  39.000  50.000  0.000  60.000  0.000  0.000  0.000  40.000  0.000  0.000  0.000  0.000  30000.000  0.804  1.098  0.097  0.245  0.291  0.952  0.869  0.988  0.871  -0.385  1.028  0.917  1.025  1.028  0.049
  651610.780  4766033.700  348.480  3.000  0.430  26.800  53.000  190.000  0.000  40.000  0.000  0.000  0.000  60.000  0.000  0.000  0.000  0.000  40000.000  -0.319  3.529  0.351  0.925  0.292  0.411  0.871  0.989  0.872  0.093  1.030  0.918  1.026  1.030  0.662
  650534.960  4765000.460  1105.190  3.000  0.110  0.020  -99.000  -99.000  0.000  10.000  0.000  0.000  0.000  90.000  0.000  0.000  0.000  0.000  30000.000  -1.061  -0.560  -99.000  -99.000  0.293  -0.530  0.872  0.991  0.873  1.161  1.031  0.920  1.028  1.031  0.050
  650621.920  4765000.490  884.600  3.000  0.280  0.090  9.040  39.400  0.000  10.000  0.000  0.000  0.000  90.000  0.000  0.000  0.000  0.000  40000.000  -0.590  0.670  -1.049  -1.007  0.294  -0.529  0.873  0.992  0.875  1.163  1.033  0.921  1.030  1.033  0.663
  650318.290  4765099.350  1061.280  3.000  0.530  0.230  11.550  8.600  0.000  40.000  0.000  0.000  0.000  60.000  0.000  0.000  0.000  0.000  25000.000  -0.157  1.376  -0.874  -1.699  0.295  0.412  0.875  0.994  0.876  0.094  1.034  0.923  1.031  1.034  -0.524
  650480.950  4764953.900  1029.730  3.000  0.290  0.110  45.600  5.780  0.000  20.000  0.000  0.000  0.000  80.000  0.000  0.000  0.000  0.000  35000.000  -0.567  0.826  0.220  -1.918  0.296  -0.186  0.876  0.995  0.878  0.751  1.036  0.924  1.033  1.036  0.192
  651359.080  4765982.470  649.240  3.000  1.070  0.050  69.000  210.000  10.000  70.000  0.000  0.000  0.000  20.000  0.000  0.000  0.000  0.000  50000.000  0.652  0.208  0.589  0.983  0.886  1.308  0.878  0.997  0.879  -0.864  1.038  0.925  1.034  1.038  1.125
  651563.170  4766149.110  424.700  3.000  0.690  0.070  66.000  140.000  0.000  30.000  0.000  0.000  0.000  70.000  0.000  0.000  0.000  0.000  40000.000  0.113  0.490  0.552  0.778  0.297  0.114  0.879  0.998  0.880  0.417  1.039  0.927  1.036  1.039  0.664
  651817.840  4766442.400  252.770  3.000  0.940  0.110  120.000  130.000  20.000  60.000  0.000  0.000  0.000  20.000  0.000  0.000  0.000  0.000  30000.000  0.478  0.827  1.155  0.724  1.104  0.953  0.880  1.000  0.882  -0.863  1.041  0.928  1.038  1.041  0.051
  651408.530  4766166.600  376.640  3.000  0.050  0.050  23.000  50.000  0.000  0.000  0.000  0.000  0.000  0.000  0.000  0.000  0.000  0.000  0.000  -1.429  0.209  -0.355  0.246  0.298  -1.049  0.882  1.001  0.883  -1.391  1.042  0.930  1.039  1.042  -2.157
  650487.510  4765032.910  951.770  3.000  0.400  0.170  10.030  10.050  0.000  15.000  0.000  0.000  0.000  85.000  0.000  0.000  0.000  0.000  70000.000  -0.371  1.147  -0.962  -1.580  0.299  -0.430  0.883  1.003  0.884  0.880  1.044  0.931  1.041  1.044  1.780
  651472.290  4766799.930  95.450  3.000  -99.000  -99.000  -99.000  -99.000  55.000  35.000  0.000  0.000  0.000  10.000  0.000  0.000  0.000  0.000  100000.000  -99.000  -99.000  -99.000  -99.000  1.715  0.198  0.884  1.004  0.886  -1.096  1.046  0.933  1.042  1.046  2.218
  651006.220  4765710.580  691.370  3.000  0.720  0.090  18.000  50.000  0.000  70.000  0.000  0.000  0.000  30.000  0.000  0.000  0.000  0.000  30000.000  0.163  0.671  -0.548  0.247  0.300  1.310  0.886  1.006  0.887  -0.610  1.047  0.934  1.044  1.047  0.052
  651070.550  4765647.240  380.240  3.000  0.900  0.250  76.000  170.000  0.000  80.000  0.000  0.000  0.000  20.000  0.000  0.000  0.000  0.000  30000.000  0.427  1.444  0.674  0.880  0.301  1.635  0.887  1.008  0.889  -0.861  1.049  0.935  1.046  1.049  0.052
  651137.590  4765644.120  581.490  3.000  0.450  0.050  84.000  50.000  0.000  40.000  0.000  0.000  0.000  60.000  0.000  0.000  0.000  0.000  20000.000  -0.298  0.211  0.770  0.248  0.302  0.413  0.889  1.009  0.890  0.095  1.051  0.937  1.047  1.051  -0.671
  651637.210  4766125.840  465.970  3.000  0.690  0.150  65.000  280.000  0.000  50.000  0.000  0.000  0.000  50.000  0.000  0.000  0.000  0.000  20000.000  0.114  1.051  0.535  1.116  0.303  0.676  0.890  1.011  0.891  -0.160  1.052  0.938  1.049  1.052  -0.670
  651722.430  4766579.210  196.700  3.000  1.510  0.150  105.000  50.000  0.000  80.000  0.000  0.000  0.000  20.000  0.000  0.000  0.000  0.000  40000.000  1.153  1.053  1.012  0.249  0.304  1.639  0.891  1.012  0.893  -0.860  1.054  0.940  1.051  1.054  0.665
  651468.210  4766515.530  257.170  3.000  0.090  0.020  55.000  50.000  0.000  60.000  0.000  0.000  0.000  40.000  0.000  0.000  0.000  0.000  30000.000  -1.141  -0.559  0.390  0.250  0.304  0.955  0.893  1.014  0.894  -0.384  1.055  0.941  1.052  1.055  0.053
  651819.830  4766206.830  274.920  3.000  0.880  0.240  77.000  120.000  0.000  40.000  0.000  0.000  0.000  60.000  0.000  0.000  0.000  0.000  40000.000  0.396  1.409  0.688  0.676  0.305  0.415  0.894  1.015  0.896  0.096  1.057  0.943  1.054  1.057  0.667
  650272.170  4765049.510  998.300  3.000  0.420  0.230  59.700  141.000  0.000  25.000  0.000  0.000  0.000  75.000  0.000  0.000  0.000  0.000  40000.000  -0.340  1.379  0.458  0.785  0.306  -0.098  0.896  1.017  0.897  0.490  1.059  0.944  1.055  1.059  0.668
  650280.630  4764998.040  1008.200  3.000  0.110  0.080  14.800  41.900  0.000  10.000  0.000  0.000  0.000  90.000  0.000  0.000  0.000  0.000  20000.000  -1.059  0.593  -0.705  -0.998  0.307  -0.528  0.897  1.019  0.898  1.165  1.060  0.946  1.057  1.060  -0.669
  650137.620  4765050.240  903.100  3.000  0.180  0.240  9.850  19.300  0.000  15.000  0.000  0.000  0.000  85.000  0.000  0.000  0.000  0.000  20000.000  -0.817  1.412  -1.019  -1.274  0.308  -0.429  0.898  1.020  0.900  0.882  1.062  0.947  1.059  1.062  -0.668
  651866.230  4766853.180  75.260  3.000  1.040  0.060  30.000  310.000  0.000  10.000  0.000  0.000  0.000  90.000  0.000  0.000  0.000  0.000  60000.000  0.607  0.362  -0.106  1.157  0.309  -0.527  0.900  1.022  0.901  1.167  1.064  0.949  1.060  1.064  1.533
  651329.860  4766690.520  -4.410  3.000  -99.000  -99.000  -99.000  -99.000  10.000  35.000  0.000  0.000  0.000  50.000  0.000  5.000  0.000  0.000  29400.000  -99.000  -99.000  -99.000  -99.000  0.887  0.199  0.901  1.023  0.903  -0.159  1.065  2.658  1.062  1.065  -0.503
  650967.590  4765912.760  422.210  3.000  0.640  0.050  35.000  50.000  0.000  60.000  0.000  0.000  0.000  40.000  0.000  0.000  0.000  0.000  40000.000  0.026  0.212  0.002  0.251  0.310  0.956  0.903  1.025  0.904  -0.383  1.067  0.950  1.064  1.067  0.669
  651401.310  4766111.220  715.770  3.000  1.470  0.030  36.000  170.000  0.000  80.000  0.000  0.000  0.000  20.000  0.000  0.000  0.000  0.000  40000.000  1.125  -0.249  0.028  0.882  0.311  1.642  0.904  1.026  0.905  -0.858  1.069  0.952  1.065  1.069  0.670
  650676.820  4764898.080  949.050  3.000  0.120  0.040  13.540  11.120  0.000  20.000  0.000  0.000  0.000  80.000  0.000  0.000  0.000  0.000  70000.000  -1.025  -0.010  -0.768  -1.517  0.312  -0.185  0.905  1.028  0.907  0.752  1.070  0.953  1.067  1.070  1.784
  651449.310  4765951.190  589.010  3.000  1.590  0.090  42.000  50.000  60.000  40.000  0.000  0.000  0.000  0.000  0.000  0.000  0.000  0.000  50000.000  1.212  0.672  0.154  0.253  1.793  0.416  0.907  1.030  0.908  -1.389  1.072  0.955  1.069  1.072  1.127
  651607.630  4766065.570  473.770  3.000  0.880  0.700  190.000  890.000  0.000  40.000  0.000  0.000  0.000  60.000  0.000  0.000  0.000  0.000  50000.000  0.397  2.289  1.687  1.742  0.313  0.417  0.908  1.031  0.910  0.097  1.074  0.956  1.070  1.074  1.129
  650059.350  4764897.990  1006.010  3.000  0.210  0.170  13.130  21.550  0.000  0.000  0.000  0.000  0.000  100.000  0.000  0.000  0.000  0.000  10000.000  -0.741  1.149  -0.783  -1.216  0.314  -1.047  0.910  1.033  0.911  2.241  1.075  0.957  1.072  1.075  -1.279
  651349.150  4766790.740  140.500  3.000  0.730  0.090  110.000  50.000  0.000  70.000  0.000  0.000  0.000  30.000  0.000  0.000  0.000  0.000  30000.000  0.177  0.674  1.067  0.254  0.315  1.312  0.911  1.034  0.913  -0.609  1.077  0.959  1.074  1.077  0.054
  651558.960  4765741.400  376.020  3.000  0.990  0.050  56.000  50.000  0.000  100.000  0.000  0.000  0.000  0.000  0.000  0.000  0.000  0.000  50000.000  0.554  0.213  0.405  0.255  0.316  2.816  0.913  1.036  0.914  -1.386  1.079  0.960  1.075  1.079  1.130
  650941.590  4766179.380  -88.790  3.000  0.600  0.170  15.750  8.700  0.000  40.000  0.000  0.000  0.000  60.000  0.000  0.000  0.000  0.000  20000.000  -0.039  1.151  -0.656  -1.686  0.317  0.418  0.914  1.038  0.915  0.098  1.080  0.962  1.077  1.080  -0.667
  651665.410  4766585.630  292.950  3.000  0.960  0.060  73.000  50.000  0.000  50.000  0.000  0.000  0.000  50.000  0.000  0.000  0.000  0.000  70000.000  0.499  0.363  0.641  0.256  0.318  0.677  0.915  1.039  0.917  -0.158  1.082  0.963  1.079  1.082  1.789
  650653.590  4765748.380  707.610  3.000  0.290  0.040  98.500  15.500  0.000  35.000  0.000  0.000  0.000  62.000  0.000  3.000  0.000  0.000  20000.000  -0.566  -0.009  0.926  -1.377  0.319  0.200  0.917  1.041  0.918  0.131  1.084  2.330  1.080  1.084  -0.665
  651222.030  4766872.150  58.250  3.000  1.060  0.320  69.000  50.000  0.000  70.000  0.000  0.000  0.000  30.000  0.000  0.000  0.000  0.000  30000.000  0.635  1.639  0.590  0.257  0.320  1.314  0.918  1.042  0.920  -0.608  1.085  0.965  1.082  1.085  0.055
  650867.870  4764837.120  1054.960  3.000  0.080  0.000  13.610  298.750  0.000  0.000  0.000  0.000  0.000  100.000  0.000  0.000  0.000  0.000  20000.000  -1.219  -1.516  -0.763  1.134  0.321  -1.046  0.920  1.044  0.921  2.252  1.087  0.966  1.084  1.087  -0.664
  651104.400  4765856.850  276.330  3.000  0.200  0.150  46.000  50.000  0.000  40.000  0.000  0.000  0.000  60.000  0.000  0.000  0.000  0.000  40000.000  -0.770  1.055  0.238  0.258  0.322  0.419  0.921  1.046  0.923  0.099  1.089  0.968  1.085  1.089  0.671
  651256.750  4766217.660  618.960  3.000  -99.000  -99.000  -99.000  -99.000  0.000  0.000  0.000  0.000  0.000  0.000  0.000  0.000  0.000  0.000  0.000  -99.000  -99.000  -99.000  -99.000  0.323  -1.044  0.923  1.047  0.924  -1.384  1.090  0.969  1.087  1.090  -2.147
  651731.910  4766006.410  115.230  3.000  0.010  0.190  5.000  50.000  0.000  10.000  0.000  0.000  0.000  90.000  0.000  0.000  0.000  0.000  20000.000  -1.964  1.230  -1.312  0.259  0.324  -0.525  0.924  1.049  0.925  1.168  1.092  0.971  1.089  1.092  -0.663
  651132.780  4766349.740  -168.310  3.000  -99.000  -99.000  -99.000  -99.000  0.000  20.000  0.000  0.000  0.000  80.000  0.000  0.000  0.000  0.000  10000.000  -99.000  -99.000  -99.000  -99.000  0.325  -0.184  0.925  1.051  0.927  0.753  1.094  0.972  1.090  1.094  -1.277
  650927.010  4765935.150  589.920  3.000  1.140  0.380  68.000  50.000  10.000  80.000  0.000  0.000  0.000  10.000  0.000  0.000  0.000  0.000  40000.000  0.727  1.837  0.576  0.260  0.889  1.646  0.927  1.052  0.928  -1.094  1.096  0.974  1.092  1.096  0.672
  651266.370  4765968.500  559.270  3.000  0.580  0.050  77.000  50.000  0.000  20.000  0.000  0.000  0.000  80.000  0.000  0.000  0.000  0.000  30000.000  -0.067  0.214  0.689  0.261  0.326  -0.183  0.928  1.054  0.930  0.755  1.097  0.975  1.094  1.097  0.056
  651332.520  4766673.040  87.910  3.000  -99.000  -99.000  -99.000  -99.000  10.000  35.000  0.000  0.000  0.000  50.000  0.000  0.000  5.000  0.000  20000.000  -99.000  -99.000  -99.000  -99.000  0.890  0.201  0.930  1.055  0.931  -0.157  1.099  0.977  3.558  1.099  -0.662
  651168.170  4764773.430  978.330  3.000  0.490  0.020  161.820  388.950  0.000  20.000  0.000  0.000  0.000  80.000  0.000  0.000  0.000  0.000  61500.000  -0.230  -0.557  1.478  1.225  0.327  -0.182  0.931  1.057  0.933  0.756  1.101  0.978  1.096  1.101  1.567
  651468.180  4766785.180  138.830  3.000  -99.000  -99.000  -99.000  -99.000  0.000  40.000  0.000  0.000  0.000  60.000  0.000  0.000  0.000  0.000  30000.000  -99.000  -99.000  -99.000  -99.000  0.328  0.420  0.933  1.059  0.934  0.099  1.102  0.980  1.097  1.102  0.057
  650985.070  4765958.520  652.990  3.000  1.050  0.320  35.000  50.000  0.000  80.000  0.000  0.000  0.000  20.000  0.000  0.000  0.000  0.000  30000.000  0.622  1.643  0.003  0.263  0.329  1.649  0.934  1.060  0.935  -0.857  1.104  0.981  1.099  1.104  0.058
  651324.700  4765283.260  567.330  3.000  0.630  0.030  12.000  50.000  0.000  90.000  0.000  0.000  0.000  10.000  0.000  0.000  0.000  0.000  30000.000  0.006  -0.248  -0.844  0.264  0.330  2.031  0.935  1.062  0.937  -1.092  1.106  0.983  1.101  1.106  0.059
  650230.520  4765028.960  1103.850  3.000  1.140  0.610  54.100  18.720  0.000  20.000  0.000  0.000  0.000  80.000  0.000  0.000  0.000  0.000  30000.000  0.729  2.187  0.374  -1.296  0.331  -0.181  0.937  1.064  0.938  0.757  1.108  0.985  1.102  1.108  0.060
  651305.000  4766510.990  222.860  3.000  -99.000  -99.000  -99.000  -99.000  0.000  25.000  0.000  0.000  0.000  70.000  0.000  5.000  0.000  0.000  20000.000  -99.000  -99.000  -99.000  -99.000  0.332  -0.097  0.938  1.065  0.940  0.418  1.109  2.692  1.104  1.109  -0.661
  650757.170  4764873.240  1003.020  3.000  0.030  0.010  3.140  11.490  0.000  0.000  0.000  0.000  0.000  100.000  0.000  0.000  0.000  0.000  30000.000  -1.655  -1.004  -2.112  -1.500  0.333  -1.042  0.940  1.067  0.941  2.264  1.111  0.986  1.106  1.111  0.061
  651868.610  4766351.080  177.780  3.000  0.920  0.240  17.000  50.000  20.000  30.000  0.000  0.000  0.000  50.000  0.000  0.000  0.000  0.000  10000.000  0.454  1.415  -0.590  0.265  1.106  0.115  0.941  1.069  0.943  -0.156  1.113  0.988  1.108  1.113  -1.275
  650310.990  4764998.800  1095.050  3.000  0.080  0.000  7.530  21.200  0.000  2.000  0.000  0.000  0.000  98.000  0.000  0.000  0.000  0.000  10000.000  -1.217  -1.512  -1.119  -1.229  0.334  -0.950  0.943  1.070  0.944  1.464  1.115  0.989  1.109  1.115  -1.273
  651896.910  4766244.060  296.950  3.000  1.320  0.080  95.000  50.000  0.000  80.000  0.000  0.000  0.000  20.000  0.000  0.000  0.000  0.000  30000.000  0.947  0.594  0.897  0.266  0.335  1.653  0.944  1.072  0.946  -0.856  1.116  0.991  1.111  1.116  0.062
  650177.640  4765101.080  1111.780  3.000  0.400  0.140  42.700  64.500  0.000  20.000  0.000  0.000  0.000  80.000  0.000  0.000  0.000  0.000  15000.000  -0.370  1.004  0.156  0.480  0.336  -0.180  0.946  1.074  0.947  0.758  1.118  0.992  1.113  1.118  -1.069
  650944.880  4765925.680  516.660  3.000  0.670  0.230  65.000  50.000  0.000  50.000  0.000  0.000  0.000  50.000  0.000  0.000  0.000  0.000  30000.000  0.077  1.381  0.536  0.267  0.337  0.678  0.947  1.075  0.949  -0.155  1.120  0.994  1.115  1.120  0.063
  651540.680  4765514.860  423.520  3.000  0.540  0.060  27.000  170.000  0.000  56.110  0.000  0.000  0.000  43.890  0.000  0.000  0.000  0.000  40000.000  -0.141  0.364  -0.193  0.883  0.338  0.723  0.949  1.077  0.950  -0.351  1.122  0.995  1.116  1.122  0.674
  651017.190  4765700.760  643.580  3.000  0.520  0.080  19.000  50.000  0.000  50.000  0.000  0.000  0.000  50.000  0.000  0.000  0.000  0.000  30000.000  -0.172  0.596  -0.501  0.268  0.339  0.679  0.950  1.079  0.952  -0.154  1.123  0.997  1.118  1.123  0.064
  651669.740  4766580.800  303.050  3.000  1.110  0.040  10.000  50.000  0.000  50.000  0.000  0.000  0.000  50.000  0.000  0.000  0.000  0.000  50000.000  0.692  -0.008  -0.970  0.269  0.340  0.681  0.952  1.080  0.953  -0.153  1.125  0.998  1.120  1.125  1.132
  651520.280  4766722.060  -93.560  3.000  1.270  0.350  135.000  50.000  0.000  90.000  0.000  0.000  0.000  10.000  0.000  0.000  0.000  0.000  34000.000  0.885  1.778  1.271  0.270  0.341  2.039  0.953  1.082  0.955  -1.090  1.127  1.000  1.122  1.127  0.131
  651680.660  4766295.460  394.970  3.000  0.970  0.240  23.000  2590.000  0.000  30.000  0.000  0.000  0.000  70.000  0.000  0.000  0.000  0.000  40000.000  0.512  1.418  -0.354  2.647  0.342  0.116  0.955  1.084  0.956  0.419  1.129  1.001  1.123  1.129  0.675
  651832.200  4766833.510  128.270  3.000  1.990  0.050  10.000  50.000  0.000  60.000  0.000  0.000  0.000  40.000  0.000  0.000  0.000  0.000  50000.000  1.509  0.215  -0.969  0.271  0.343  0.957  0.956  1.085  0.957  -0.382  1.130  1.003  1.125  1.130  1.134
  651533.950  4765893.980  311.420  3.000  0.570  0.070  205.000  120.000  0.000  70.000  0.000  0.000  0.000  30.000  0.000  0.000  0.000  0.000  40000.000  -0.080  0.491  1.797  0.677  0.344  1.316  0.957  1.087  0.959  -0.607  1.132  1.004  1.127  1.132  0.676
  651231.130  4766406.290  1009.000  3.000  -99.000  -99.000  -99.000  -99.000  0.000  0.000  0.000  0.000  0.000  100.000  0.000  0.000  0.000  0.000  10000.000  -99.000  -99.000  -99.000  -99.000  0.345  -1.041  0.959  1.089  0.960  2.277  1.134  1.006  1.129  1.134  -1.271
  651576.290  4766102.230  366.090  3.000  0.380  0.320  41.000  1040.000  0.000  30.000  0.000  0.000  0.000  70.000  0.000  0.000  0.000  0.000  30000.000  -0.398  1.647  0.127  1.855  0.346  0.116  0.960  1.090  0.962  0.420  1.136  1.008  1.130  1.136  0.065
  651386.880  4765321.770  587.000  3.000  1.030  0.060  87.000  310.000  0.000  45.000  0.000  0.000  0.000  55.000  0.000  0.000  0.000  0.000  40000.000  0.596  0.365  0.800  1.159  0.347  0.482  0.962  1.092  0.963  -0.114  1.138  1.009  1.132  1.138  0.677
  651066.790  4765651.600  401.470  3.000  1.010  0.340  50.000  120.000  0.000  60.000  0.000  0.000  0.000  40.000  0.000  0.000  0.000  0.000  30000.000  0.575  1.743  0.303  0.679  0.348  0.959  0.963  1.094  0.965  -0.381  1.139  1.011  1.134  1.139  0.066
  650893.220  4765725.170  125.680  3.000  0.330  0.040  118.000  5.000  0.000  35.000  0.000  0.000  0.000  62.000  0.000  3.000  0.000  0.000  40000.000  -0.493  -0.007  1.131  -2.014  0.349  0.202  0.965  1.096  0.966  0.132  1.141  2.344  1.136  1.141  0.678
  650207.560  4765097.810  983.960  3.000  0.200  0.080  21.200  31.900  0.000  41.000  0.000  0.000  0.000  55.000  0.000  4.000  0.000  0.000  25000.000  -0.769  0.597  -0.424  -1.047  0.350  0.454  0.966  1.097  0.968  -0.113  1.143  2.443  1.138  1.143  -0.523
  651054.470  4765703.870  -222.030  3.000  0.090  0.330  6.560  114.000  0.000  20.000  0.000  0.000  0.000  80.000  0.000  0.000  0.000  0.000  30000.000  -1.139  1.702  -1.169  0.629  0.351  -0.179  0.968  1.099  0.969  0.760  1.145  1.012  1.139  1.145  0.067
  650638.880  4765471.700  244.030  3.000  0.390  0.020  117.000  16.700  0.000  17.000  0.000  0.000  0.000  83.000  0.000  0.000  0.000  0.000  40000.000  -0.383  -0.556  1.129  -1.349  0.352  -0.416  0.969  1.101  0.971  0.811  1.146  1.014  1.141  1.146  0.679
  650329.080  4764917.930  916.200  3.000  0.040  0.010  3.960  5.900  0.000  35.000  0.000  0.000  0.000  65.000  0.000  0.000  0.000  0.000  10000.000  -1.522  -1.002  -1.984  -1.905  0.353  0.203  0.971  1.102  0.972  0.174  1.148  1.015  1.143  1.148  -1.269
  650195.480  4764998.410  1097.340  3.000  0.150  0.080  14.000  19.800  0.000  10.000  0.000  0.000  0.000  90.000  0.000  0.000  0.000  0.000  20000.000  -0.902  0.598  -0.735  -1.257  0.354  -0.524  0.972  1.104  0.974  1.170  1.150  1.017  1.145  1.150  -0.660
  650671.900  4765745.550  663.330  3.000  -99.000  -99.000  -99.000  -99.000  0.000  10.000  0.000  0.000  0.000  90.000  0.000  0.000  0.000  0.000  30000.000  -99.000  -99.000  -99.000  -99.000  0.355  -0.523  0.974  1.106  0.975  1.172  1.152  1.019  1.146  1.152  0.068
  650473.780  4764917.380  952.500  3.000  0.170  0.080  11.680  173.500  0.000  42.500  0.000  0.000  0.000  57.500  0.000  0.000  0.000  0.000  50000.000  -0.847  0.599  -0.873  0.890  0.356  0.455  0.975  1.108  0.977  -0.106  1.154  1.020  1.148  1.154  1.136
  650757.970  4764874.560  971.190  3.000  0.130  0.030  6.190  46.540  0.000  30.000  0.000  0.000  0.000  70.000  0.000  0.000  0.000  0.000  50000.000  -0.985  -0.247  -1.190  -0.984  0.357  0.117  0.977  1.109  0.978  0.421  1.156  1.022  1.150  1.156  1.138
  650926.060  4765935.620  593.770  3.000  1.010  0.320  55.000  50.000  0.000  70.000  0.000  0.000  0.000  30.000  0.000  0.000  0.000  0.000  40000.000  0.576  1.651  0.391  0.273  0.358  1.319  0.978  1.111  0.980  -0.606  1.157  1.023  1.152  1.157  0.681
  650286.160  4765100.430  886.210  3.000  0.210  2.720  23.300  587.000  0.000  35.000  0.000  0.000  0.000  65.000  0.000  0.000  0.000  0.000  40000.000  -0.740  3.078  -0.346  1.452  0.359  0.204  0.980  1.113  0.981  0.175  1.159  1.025  1.154  1.159  0.682
  651505.760  4766483.450  325.120  3.000  0.450  0.080  120.000  50.000  0.000  80.000  0.000  0.000  0.000  20.000  0.000  0.000  0.000  0.000  20000.000  -0.297  0.601  1.157  0.274  0.360  1.657  0.981  1.115  0.983  -0.854  1.161  1.026  1.156  1.161  -0.658
  651511.710  4766125.520  473.650  3.000  0.500  0.170  47.000  620.000  0.000  30.000  0.000  0.000  0.000  70.000  0.000  0.000  0.000  0.000  40000.000  -0.209  1.153  0.250  1.507  0.361  0.118  0.983  1.116  0.985  0.422  1.163  1.028  1.157  1.163  0.683
  651320.950  4765686.000  380.230  3.000  0.200  0.050  20.000  50.000  0.000  20.000  0.000  0.000  0.000  80.000  0.000  0.000  0.000  0.000  30000.000  -0.767  0.216  -0.463  0.275  0.362  -0.178  0.985  1.118  0.986  0.761  1.165  1.030  1.159  1.165  0.068
  651283.040  4766522.770  -164.340  3.000  -99.000  -99.000  -99.000  -99.000  0.000  80.000  0.000  0.000  0.000  20.000  0.000  0.000  0.000  0.000  15000.000  -99.000  -99.000  -99.000  -99.000  0.363  1.660  0.986  1.120  0.988  -0.853  1.167  1.031  1.161  1.167  -1.067
  650587.550  4764916.340  1045.360  3.000  0.220  0.030  18.850  23.050  0.000  30.000  0.000  0.000  0.000  70.000  0.000  0.000  0.000  0.000  40000.000  -0.707  -0.246  -0.532  -1.187  0.364  0.119  0.988  1.122  0.989  0.423  1.168  1.033  1.163  1.168  0.684
  651559.980  4765740.040  383.830  3.000  0.680  0.070  240.000  50.000  20.000  70.000  0.000  0.000  0.000  10.000  0.000  0.000  0.000  0.000  50000.000  0.094  0.493  1.991  0.276  1.108  1.321  0.989  1.123  0.991  -1.089  1.170  1.034  1.165  1.170  1.139
  651571.820  4766012.510  331.440  3.000  0.400  0.320  98.000  50.000  0.000  50.000  0.000  0.000  0.000  50.000  0.000  0.000  0.000  0.000  30000.000  -0.369  1.655  0.920  0.277  0.365  0.682  0.991  1.125  0.992  -0.152  1.172  1.036  1.167  1.172  0.069
  651570.100  4766583.280  350.540  3.000  0.000  0.030  5.000  50.000  0.000  0.000  0.000  0.000  0.000  100.000  0.000  0.000  0.000  0.000  10000.000  -2.656  -0.245  -1.309  0.278  0.366  -1.039  0.992  1.127  0.994  2.289  1.174  1.038  1.168  1.174  -1.267
  651231.380  4766406.260  761.000  3.000  -99.000  -99.000  -99.000  -99.000  0.000  0.000  0.000  0.000  0.000  100.000  0.000  0.000  0.000  0.000  5000.000  -99.000  -99.000  -99.000  -99.000  0.367  -1.038  0.994  1.129  0.995  2.302  1.176  1.039  1.170  1.176  -1.848
  651229.100  4766406.570  -128.990  3.000  -99.000  -99.000  -99.000  -99.000  0.000  40.000  0.000  0.000  0.000  60.000  0.000  0.000  0.000  0.000  30000.000  -99.000  -99.000  -99.000  -99.000  0.368  0.421  0.995  1.130  0.997  0.100  1.178  1.041  1.172  1.178  0.070
  651579.630  4766002.580  354.170  3.000  0.800  0.020  135.000  50.000  0.000  70.000  0.000  0.000  0.000  30.000  0.000  0.000  0.000  0.000  30000.000  0.291  -0.555  1.273  0.279  0.369  1.323  0.997  1.132  0.998  -0.605  1.180  1.042  1.174  1.180  0.071
  650688.860  4765742.850  622.820  3.000  -99.000  -99.000  -99.000  -99.000  0.000  26.000  0.000  0.000  0.000  73.000  0.000  1.000  0.000  0.000  40000.000  -99.000  -99.000  -99.000  -99.000  0.370  -0.083  0.998  1.134  1.000  0.452  1.182  1.808  1.176  1.182  0.685
  650892.450  4766065.650  478.880  3.000  0.540  0.080  45.000  50.000  0.000  20.000  0.000  0.000  0.000  80.000  0.000  0.000  0.000  0.000  40000.000  -0.140  0.602  0.214  0.280  0.371  -0.177  1.000  1.136  1.001  0.762  1.183  1.044  1.178  1.183  0.687
  651221.400  4765745.940  572.530  3.000  0.380  0.060  65.000  50.000  0.000  0.000  0.000  0.000  0.000  100.000  0.000  0.000  0.000  0.000  50000.000  -0.397  0.366  0.537  0.281  0.372  -1.036  1.001  1.138  1.003  2.316  1.185  1.046  1.180  1.185  1.141
  651824.970  4766201.120  286.620  3.000  0.730  0.140  38.000  50.000  0.000  40.000  0.000  0.000  0.000  60.000  0.000  0.000  0.000  0.000  40000.000  0.178  1.005  0.076  0.283  0.373  0.422  1.003  1.139  1.004  0.101  1.187  1.047  1.182  1.187  0.688
  651388.570  4766689.920  123.110  3.000  1.240  0.150  410.000  50.000  0.000  60.000  0.000  0.000  0.000  40.000  0.000  0.000  0.000  0.000  40000.000  0.842  1.057  2.533  0.284  0.374  0.960  1.004  1.141  1.006  -0.380  1.189  1.049  1.183  1.189  0.689
  650924.900  4764908.850  1038.010  3.000  0.130  0.020  28.000  -99.000  0.000  0.000  0.000  0.000  0.000  100.000  0.000  0.000  0.000  0.000  40000.000  -0.983  -0.554  -0.166  -99.000  0.375  -1.034  1.006  1.143  1.008  2.330  1.191  1.051  1.185  1.191  0.690
  651420.770  4765479.880  559.510  3.000  3.550  0.270  10.000  50.000  60.000  30.000  0.000  0.000  0.000  10.000  0.000  0.000  0.000  0.000  40000.000  2.222  1.506  -0.967  0.285  1.798  0.120  1.008  1.145  1.009  -1.087  1.193  1.052  1.187  1.193  0.691
  650760.300  4764884.780  1010.260  3.000  0.260  0.040  24.000  29.000  0.000  20.000  0.000  0.000  0.000  80.000  0.000  0.000  0.000  0.000  60000.000  -0.626  -0.006  -0.311  -1.081  0.376  -0.176  1.009  1.146  1.011  0.763  1.195  1.054  1.189  1.195  1.536
  650910.430  4765943.500  657.410  3.000  0.430  0.060  10.000  100.000  0.000  20.000  0.000  0.000  0.000  80.000  0.000  0.000  0.000  0.000  50000.000  -0.318  0.368  -0.965  0.568  0.377  -0.175  1.011  1.148  1.012  0.765  1.197  1.055  1.191  1.197  1.143
  650927.960  4765934.670  586.060  3.000  1.060  0.230  33.000  50.000  0.000  80.000  0.000  0.000  0.000  20.000  0.000  0.000  0.000  0.000  40000.000  0.636  1.384  -0.038  0.286  0.378  1.664  1.012  1.150  1.014  -0.852  1.199  1.057  1.193  1.199  0.693
  651666.130  4766584.820  294.630  3.000  1.470  0.090  56.000  50.000  0.000  70.000  0.000  0.000  0.000  30.000  0.000  0.000  0.000  0.000  50000.000  1.127  0.675  0.406  0.287  0.379  1.325  1.014  1.152  1.015  -0.604  1.201  1.059  1.195  1.201  1.145
  651526.510  4766606.720  298.270  3.000  0.640  0.100  64.000  50.000  0.000  50.000  0.000  0.000  0.000  50.000  0.000  0.000  0.000  0.000  40000.000  0.027  0.743  0.524  0.288  0.380  0.683  1.015  1.154  1.017  -0.151  1.203  1.060  1.197  1.203  0.694
  651562.340  4766120.200  317.110  3.000  0.980  0.170  195.000  50.000  0.000  75.000  0.000  0.000  0.000  25.000  0.000  0.000  0.000  0.000  10000.000  0.530  1.155  1.766  0.289  0.381  1.377  1.017  1.156  1.019  -0.818  1.204  1.062  1.199  1.204  -1.265
  651231.250  4766406.390  635.000  3.000  -99.000  -99.000  -99.000  -99.000  0.000  0.000  0.000  0.000  0.000  100.000  0.000  0.000  0.000  0.000  15000.000  -99.000  -99.000  -99.000  -99.000  0.382  -1.033  1.019  1.157  1.020  2.344  1.206  1.064  1.201  1.206  -1.065
  651818.080  4766442.040  270.760  3.000  0.490  0.120  36.000  50.000  0.000  30.000  0.000  0.000  0.000  70.000  0.000  0.000  0.000  0.000  30000.000  -0.229  0.908  0.029  0.290  0.383  0.121  1.020  1.159  1.022  0.424  1.208  1.065  1.203  1.208  0.072
  651308.960  4766509.250  290.720  3.000  -99.000  -99.000  -99.000  -99.000  0.000  20.000  0.000  0.000  0.000  80.000  0.000  0.000  0.000  0.000  20000.000  -99.000  -99.000  -99.000  -99.000  0.384  -0.174  1.022  1.161  1.023  0.766  1.210  1.067  1.204  1.210  -0.657
  651612.800  4766031.510  341.050  3.000  0.510  0.190  105.000  110.000  0.000  60.000  0.000  0.000  0.000  40.000  0.000  0.000  0.000  0.000  30000.000  -0.197  1.232  1.013  0.620  0.385  0.962  1.023  1.163  1.025  -0.379  1.212  1.069  1.206  1.212  0.073
  650180.710  4764997.940  1071.240  3.000  0.200  0.190  18.800  195.500  0.000  10.000  0.000  0.000  0.000  90.000  0.000  0.000  0.000  0.000  30000.000  -0.766  1.234  -0.533  0.935  0.386  -0.522  1.025  1.165  1.026  1.174  1.214  1.070  1.208  1.214  0.074
  651574.150  4766072.740  492.860  3.000  1.090  0.220  150.000  50.000  0.000  80.000  0.000  0.000  0.000  20.000  0.000  0.000  0.000  0.000  40000.000  0.678  1.344  1.401  0.291  0.387  1.668  1.026  1.167  1.028  -0.850  1.216  1.072  1.210  1.216  0.695
  651005.770  4765712.530  -123.790  3.000  0.130  0.050  14.350  21.700  0.000  5.000  0.000  0.000  0.000  95.000  0.000  0.000  0.000  0.000  25000.000  -0.982  0.217  -0.727  -1.211  0.388  -0.822  1.028  1.168  1.030  1.429  1.218  1.074  1.212  1.218  -0.522
  651145.610  4766198.250  -564.470  3.000  0.220  0.080  10.350  19.100  0.000  25.000  0.000  0.000  0.000  73.000  0.000  2.000  0.000  0.000  30000.000  -0.706  0.603  -0.951  -1.281  0.389  -0.096  1.030  1.170  1.031  0.453  1.220  2.054  1.214  1.220  0.075
  650310.330  4764998.780  1093.160  3.000  0.110  0.050  10.800  81.600  0.000  10.000  0.000  0.000  0.000  90.000  0.000  0.000  0.000  0.000  20000.000  -1.057  0.218  -0.933  0.518  0.390  -0.521  1.031  1.172  1.033  1.176  1.222  1.075  1.216  1.222  -0.656
  650113.450  4764896.710  1109.420  3.000  0.140  0.320  2.790  66.700  0.000  0.300  0.000  0.500  0.100  99.000  0.000  0.100  0.000  0.000  150000.000  -0.955  1.659  -2.142  0.486  0.391  -0.968  1.033  2.330  1.749  1.483  1.224  1.780  1.218  1.224  2.932
  650726.060  4765089.990  1057.250  3.000  0.010  0.010  17.350  5.710  0.000  10.000  0.000  0.000  0.000  90.000  0.000  0.000  0.000  0.000  10000.000  -1.956  -1.000  -0.585  -1.925  0.392  -0.520  1.034  1.174  1.034  1.178  1.226  1.077  1.220  1.226  -1.263
  651496.340  4766065.470  517.610  3.000  1.110  0.040  250.000  190.000  0.000  90.000  0.000  0.000  0.000  10.000  0.000  0.000  0.000  0.000  25000.000  0.694  -0.005  2.031  0.927  0.393  2.046  1.036  1.176  1.036  -1.085  1.228  1.079  1.222  1.228  -0.521
  651597.710  4766456.890  484.250  3.000  0.820  0.030  24.000  130.000  0.000  30.000  0.000  0.000  0.000  70.000  0.000  0.000  0.000  0.000  50000.000  0.315  -0.244  -0.310  0.725  0.394  0.122  1.038  1.178  1.038  0.425  1.230  1.080  1.224  1.230  1.146
  650825.340  4765291.590  862.820  3.000  -99.000  -99.000  -99.000  -99.000  0.000  15.000  0.000  0.000  0.000  85.000  0.000  0.000  0.000  0.000  50000.000  -99.000  -99.000  -99.000  -99.000  0.395  -0.428  1.039  1.180  1.039  0.883  1.232  1.082  1.226  1.232  1.148
  651436.490  4766661.740  183.390  3.000  0.490  0.050  44.000  50.000  0.000  40.000  0.000  0.000  0.000  60.000  0.000  0.000  0.000  0.000  40000.000  -0.228  0.219  0.195  0.293  0.396  0.423  1.041  1.182  1.041  0.102  1.234  1.084  1.228  1.234  0.696
  651284.180  4764794.420  1072.800  3.000  0.070  0.040  9.070  57.650  0.000  0.000  0.000  0.000  0.000  100.000  0.000  0.000  0.000  0.000  40000.000  -1.304  -0.004  -1.045  0.463  0.397  -1.031  1.042  1.183  1.042  2.359  1.236  1.085  1.230  1.236  0.697
  650734.360  4765735.610  514.180  3.000  -99.000  -99.000  -99.000  -99.000  0.000  70.000  0.000  0.000  0.000  30.000  0.000  0.000  0.000  0.000  10000.000  -99.000  -99.000  -99.000  -99.000  0.398  1.328  1.044  1.185  1.044  -0.602  1.238  1.087  1.232  1.238  -1.261
  651494.980  4766735.790  -129.440  3.000  0.630  0.220  34.000  50.000  0.000  90.000  0.000  0.000  0.000  10.000  0.000  0.000  0.000  0.000  25000.000  0.007  1.347  -0.022  0.294  0.399  2.054  1.046  1.187  1.046  -1.084  1.240  1.089  1.234  1.240  -0.520
  650872.590  4764828.030  1033.250  3.000  0.270  0.010  16.000  168.550  0.000  10.000  0.000  0.000  0.000  90.000  0.000  0.000  0.000  0.000  20000.000  -0.605  -0.998  -0.629  0.852  0.400  -0.519  1.047  1.189  1.047  1.180  1.242  1.090  1.236  1.242  -0.655
  650195.790  4765050.020  1058.570  3.000  0.550  0.190  22.100  12.900  0.000  55.000  0.000  0.000  0.000  45.000  0.000  0.000  0.000  0.000  30000.000  -0.116  1.236  -0.389  -1.455  0.401  0.720  1.049  1.191  1.049  -0.339  1.244  1.092  1.238  1.244  0.076
  650177.320  4765101.080  1109.810  3.000  0.300  0.080  14.000  21.500  0.000  30.000  0.000  0.000  0.000  70.000  0.000  0.000  0.000  0.000  10000.000  -0.544  0.604  -0.734  -1.220  0.402  0.123  1.051  1.193  1.051  0.426  1.246  1.094  1.240  1.246  -1.258
  650921.370  4765072.800  715.320  3.000  0.080  0.010  49.000  -99.000  0.000  0.000  0.000  0.000  0.000  100.000  0.000  0.000  0.000  0.000  40000.000  -1.214  -0.997  0.287  -99.000  0.403  -1.030  1.052  1.195  1.052  2.375  1.248  1.096  1.242  1.248  0.699
  651399.170  4766683.620  136.220  3.000  1.050  0.140  350.000  50.000  0.000  60.000  0.000  0.000  0.000  40.000  0.000  0.000  0.000  0.000  40000.000  0.624  1.007  2.402  0.295  0.404  0.963  1.054  1.197  1.054  -0.378  1.250  1.097  1.244  1.250  0.700
  651229.240  4766407.460  53.000  3.000  -99.000  -99.000  -99.000  -99.000  0.000  90.000  0.000  0.000  0.000  10.000  0.000  0.000  0.000  0.000  30000.000  -99.000  -99.000  -99.000  -99.000  0.405  2.062  1.055  1.199  1.055  -1.082  1.252  1.099  1.246  1.252  0.077
  650317.860  4765153.300  917.700  3.000  1.810  0.100  19.200  331.000  12.000  30.000  0.000  0.000  0.000  55.000  0.000  3.000  0.000  0.000  50000.000  1.393  0.745  -0.494  1.170  0.910  0.124  1.057  1.201  1.057  -0.112  1.254  2.359  1.248  1.254  1.150
  651724.670  4766575.590  207.920  3.000  1.120  0.110  91.000  50.000  10.000  80.000  0.000  0.000  0.000  10.000  0.000  0.000  0.000  0.000  40000.000  0.704  0.829  0.847  0.296  0.891  1.672  1.059  1.203  1.059  -1.080  1.256  1.101  1.250  1.256  0.701
  651424.900  4766668.570  168.590  3.000  0.780  0.280  79.000  50.000  0.000  50.000  0.000  0.000  0.000  50.000  0.000  0.000  0.000  0.000  50000.000  0.254  1.539  0.712  0.297  0.406  0.684  1.060  1.204  1.060  -0.150  1.258  1.102  1.252  1.258  1.152
  651107.780  4765852.270  263.540  3.000  0.460  0.190  53.000  50.000  0.000  40.000  0.000  0.000  0.000  60.000  0.000  0.000  0.000  0.000  40000.000  -0.276  1.239  0.352  0.298  0.407  0.424  1.062  1.206  1.062  0.103  1.261  1.104  1.254  1.261  0.702
  651727.490  4766012.970  90.460  3.000  0.320  0.310  27.000  50.000  0.000  40.000  0.000  0.000  0.000  60.000  0.000  0.000  0.000  0.000  30000.000  -0.508  1.604  -0.192  0.299  0.408  0.425  1.064  1.208  1.064  0.104  1.263  1.106  1.256  1.263  0.078
  650563.090  4764987.560  1027.360  3.000  0.090  0.030  17.850  81.550  0.000  5.000  0.000  0.000  0.000  95.000  0.000  0.000  0.000  0.000  60000.000  -1.137  -0.243  -0.580  0.517  0.409  -0.821  1.065  1.210  1.065  1.432  1.265  1.108  1.258  1.265  1.539
  651321.240  4765685.550  382.150  3.000  0.140  0.020  5.000  50.000  0.000  20.000  0.000  0.000  0.000  80.000  0.000  0.000  0.000  0.000  30000.000  -0.953  -0.552  -1.307  0.300  0.410  -0.173  1.067  1.212  1.067  0.767  1.267  1.109  1.261  1.267  0.079
  651108.770  4765850.960  259.890  3.000  0.360  0.200  26.000  50.000  0.000  40.000  0.000  0.000  0.000  60.000  0.000  0.000  0.000  0.000  30000.000  -0.429  1.266  -0.225  0.302  0.411  0.426  1.069  1.214  1.069  0.105  1.269  1.111  1.263  1.269  0.080
  651175.110  4765753.250  8.290  3.000  0.200  0.360  11.000  50.000  0.000  20.000  0.000  0.000  0.000  80.000  0.000  0.000  0.000  0.000  40000.000  -0.764  1.798  -0.890  0.303  0.412  -0.172  1.070  1.216  1.070  0.768  1.271  1.113  1.265  1.271  0.703
  651167.920  4764767.620  888.520  3.000  0.070  0.030  23.210  116.780  15.000  10.000  0.000  0.000  0.000  75.000  0.000  0.000  0.000  0.000  50000.000  -1.302  -0.242  -0.347  0.636  0.925  -0.518  1.072  1.218  1.072  0.491  1.273  1.115  1.267  1.273  1.154
  650406.090  4764952.530  980.560  3.000  0.810  0.870  7.280  916.000  0.000  25.000  0.000  0.000  0.000  75.000  0.000  0.000  0.000  0.000  35000.000  0.304  2.486  -1.135  1.747  0.413  -0.095  1.074  1.220  1.074  0.492  1.275  1.116  1.269  1.275  0.193
  650901.890  4765947.650  692.130  3.000  1.030  0.260  12.000  50.000  0.000  40.000  0.000  0.000  0.000  60.000  0.000  0.000  0.000  0.000  40000.000  0.597  1.477  -0.842  0.304  0.415  0.427  1.075  1.222  1.075  0.106  1.277  1.118  1.271  1.277  0.704
  651331.210  4765278.350  589.900  3.000  0.820  0.020  34.000  50.000  0.000  90.000  0.000  0.000  0.000  10.000  0.000  0.000  0.000  0.000  30000.000  0.316  -0.551  -0.020  0.305  0.416  2.069  1.077  1.224  1.077  -1.079  1.279  1.120  1.273  1.279  0.081
  651561.890  4766449.640  339.250  3.000  1.480  0.270  180.000  50.000  0.000  60.000  0.000  0.000  0.000  40.000  0.000  0.000  0.000  0.000  50000.000  1.133  1.509  1.621  0.306  0.417  0.965  1.079  1.226  1.079  -0.377  1.282  1.122  1.275  1.282  1.156
  651057.230  4765703.310  -227.330  3.000  0.120  0.150  6.800  92.700  0.000  10.000  0.000  0.000  0.000  90.000  0.000  0.000  0.000  0.000  15000.000  -1.023  1.059  -1.159  0.539  0.418  -0.517  1.080  1.228  1.080  1.182  1.284  1.123  1.277  1.284  -1.064
  651319.500  4765688.280  370.600  3.000  0.140  0.030  5.000  50.000  0.000  20.000  0.000  0.000  0.000  80.000  0.000  0.000  0.000  0.000  30000.000  -0.952  -0.241  -1.305  0.307  0.419  -0.171  1.082  1.230  1.082  0.770  1.286  1.125  1.279  1.286  0.082
  651370.740  4766777.490  156.560  3.000  0.790  0.070  165.000  50.000  0.000  90.000  0.000  0.000  0.000  10.000  0.000  0.000  0.000  0.000  30000.000  0.269  0.494  1.517  0.308  0.420  2.077  1.084  1.232  1.084  -1.077  1.288  1.127  1.282  1.288  0.083
  651728.170  4766011.960  94.270  3.000  0.020  0.020  5.000  50.000  0.000  10.000  0.000  0.000  0.000  90.000  0.000  0.000  0.000  0.000  20000.000  -1.804  -0.550  -1.302  0.309  0.421  -0.516  1.085  1.234  1.085  1.183  1.290  1.129  1.284  1.290  -0.654
  651133.990  4765680.530  -365.780  3.000  0.230  0.350  6.810  150.000  0.000  15.000  0.000  0.000  0.000  85.000  0.000  0.000  0.000  0.000  25000.000  -0.686  1.783  -1.155  0.805  0.422  -0.427  1.087  1.236  1.087  0.884  1.292  1.130  1.286  1.292  -0.519
  650754.070  4764879.980  1044.230  3.000  0.050  0.010  5.070  101.250  0.000  0.000  0.000  0.000  0.000  100.000  0.000  0.000  0.000  0.000  80000.000  -1.426  -0.995  -1.259  0.572  0.423  -1.028  1.089  1.238  1.089  2.391  1.294  1.132  1.288  1.294  1.913
  650660.440  4765747.330  690.990  3.000  -99.000  -99.000  -99.000  -99.000  0.000  25.000  0.000  0.000  0.000  75.000  0.000  0.000  0.000  0.000  30000.000  -99.000  -99.000  -99.000  -99.000  0.424  -0.094  1.090  1.240  1.090  0.493  1.297  1.134  1.290  1.297  0.083
  651565.080  4766145.760  436.060  3.000  0.810  0.170  71.000  110.000  0.000  20.000  0.000  0.000  0.000  80.000  0.000  0.000  0.000  0.000  50000.000  0.305  1.157  0.619  0.622  0.425  -0.170  1.092  1.242  1.092  0.771  1.299  1.136  1.292  1.299  1.157
  651330.880  4766682.170  38.780  3.000  -99.000  -99.000  -99.000  -99.000  5.000  25.000  0.000  0.000  0.000  70.000  0.000  0.000  0.000  0.000  20000.000  -99.000  -99.000  -99.000  -99.000  0.676  -0.093  1.094  1.244  1.094  0.427  1.301  1.138  1.294  1.301  -0.653
  650205.480  4765050.120  1084.840  3.000  0.710  0.870  22.100  87.900  0.000  55.000  0.000  0.000  0.000  45.000  0.000  0.000  0.000  0.000  40000.000  0.144  2.510  -0.388  0.531  0.426  0.721  1.096  1.246  1.096  -0.338  1.303  1.139  1.297  1.303  0.706
  651367.440  4765371.620  430.310  3.000  0.470  0.020  140.000  50.000  0.000  20.000  0.000  0.000  0.000  80.000  0.000  0.000  0.000  0.000  60000.000  -0.256  -0.549  1.317  0.310  0.427  -0.169  1.097  1.248  1.097  0.772  1.305  1.141  1.299  1.305  1.542
  651175.220  4766199.620  -640.920  3.000  0.040  0.060  4.110  9.100  0.000  10.000  0.000  0.000  0.000  90.000  0.000  0.000  0.000  0.000  10000.000  -1.519  0.369  -1.914  -1.639  0.428  -0.515  1.099  1.250  1.099  1.185  1.308  1.143  1.301  1.308  -1.256
  651400.470  4766112.120  714.200  3.000  1.090  0.050  13.000  50.000  0.000  80.000  0.000  0.000  0.000  20.000  0.000  0.000  0.000  0.000  30000.000  0.679  0.220  -0.787  0.312  0.429  1.676  1.101  1.252  1.101  -0.849  1.310  1.145  1.303  1.310  0.084
  651231.020  4766406.190  1057.000  3.000  -99.000  -99.000  -99.000  -99.000  0.000  0.000  0.000  0.000  0.000  100.000  0.000  0.000  0.000  0.000  10000.000  -99.000  -99.000  -99.000  -99.000  0.430  -1.026  1.102  1.254  1.102  2.407  1.312  1.146  1.305  1.312  -1.254
  651861.460  4766357.890  143.160  3.000  0.760  0.260  5.000  50.000  30.000  30.000  0.000  0.000  0.000  40.000  0.000  0.000  0.000  0.000  20000.000  0.217  1.480  -1.300  0.313  1.337  0.125  1.104  1.256  1.104  -0.376  1.314  1.148  1.308  1.314  -0.651
  651074.950  4765642.050  355.150  3.000  0.810  0.190  94.000  150.000  0.000  50.000  0.000  0.000  0.000  50.000  0.000  0.000  0.000  0.000  40000.000  0.306  1.241  0.888  0.807  0.431  0.685  1.106  1.258  1.106  -0.150  1.316  1.150  1.310  1.316  0.707
  651568.390  4766442.910  354.630  3.000  1.940  0.180  43.000  50.000  70.000  20.000  0.000  0.000  0.000  10.000  0.000  0.000  0.000  0.000  60000.000  1.477  1.193  0.178  0.314  1.913  -0.169  1.108  1.261  1.108  -1.075  1.319  1.152  1.312  1.319  1.545
  651228.070  4766868.460  61.980  3.000  1.460  0.200  89.000  160.000  0.000  60.000  0.000  0.000  0.000  40.000  0.000  0.000  0.000  0.000  35000.000  1.094  1.268  0.822  0.845  0.432  0.966  1.109  1.263  1.109  -0.375  1.321  1.154  1.314  1.321  0.194
  651068.680  4765902.890  410.190  3.000  0.060  0.030  5.000  50.000  0.000  40.000  0.000  0.000  0.000  60.000  0.000  0.000  0.000  0.000  20000.000  -1.352  -0.239  -1.297  0.315  0.433  0.428  1.111  1.265  1.111  0.107  1.323  1.156  1.316  1.323  -0.650
  650394.140  4764802.180  1092.450  3.000  0.100  0.080  12.770  33.880  0.000  0.000  0.000  0.000  0.000  100.000  0.000  0.000  0.000  0.000  10000.000  -1.100  0.606  -0.816  -1.034  0.434  -1.025  1.113  1.267  1.113  2.425  1.325  1.157  1.319  1.325  -1.252
  651257.380  4765894.770  532.010  3.000  0.560  0.050  88.000  50.000  0.000  40.000  0.000  0.000  0.000  60.000  0.000  0.000  0.000  0.000  40000.000  -0.096  0.221  0.808  0.316  0.435  0.429  1.115  1.269  1.115  0.108  1.328  1.159  1.321  1.328  0.708
  650181.950  4765049.890  1021.040  3.000  0.220  0.050  16.400  8.100  0.000  40.000  0.000  0.000  0.000  60.000  0.000  0.000  0.000  0.000  15000.000  -0.704  0.222  -0.623  -1.747  0.436  0.430  1.116  1.271  1.116  0.109  1.330  1.161  1.323  1.330  -1.062
  651581.300  4766120.700  525.190  3.000  0.980  0.210  120.000  250.000  0.000  70.000  0.000  0.000  0.000  30.000  0.000  0.000  0.000  0.000  40000.000  0.531  1.304  1.159  1.055  0.437  1.330  1.118  1.273  1.118  -0.601  1.332  1.163  1.325  1.332  0.709
  651471.760  4766798.000  101.110  3.000  -99.000  -99.000  -99.000  -99.000  52.750  37.250  0.000  0.000  0.000  10.000  0.000  0.000  0.000  0.000  94700.000  -99.000  -99.000  -99.000  -99.000  1.699  0.213  1.120  1.275  1.120  -1.074  1.334  1.165  1.328  1.334  1.969
  650855.420  4765727.340  213.900  3.000  0.220  0.100  36.000  5.700  0.000  45.000  0.000  0.000  0.000  50.000  0.000  5.000  0.000  0.000  20000.000  -0.703  0.746  0.030  -1.939  0.438  0.483  1.122  1.277  1.122  -0.149  1.337  2.729  1.330  1.337  -0.649
  651271.580  4765525.230  433.250  3.000  0.090  0.030  5.000  50.000  0.000  10.000  0.000  0.000  0.000  90.000  0.000  0.000  0.000  0.000  30000.000  -1.135  -0.238  -1.295  0.317  0.439  -0.514  1.123  1.279  1.123  1.187  1.339  1.167  1.332  1.339  0.085
  650473.620  4764917.490  960.500  3.000  0.110  0.250  8.000  105.450  0.000  10.000  0.000  0.000  0.000  90.000  0.000  0.000  0.000  0.000  40000.000  -1.055  1.447  -1.088  0.576  0.440  -0.513  1.125  1.282  1.125  1.189  1.341  1.168  1.334  1.341  0.711
  651892.350  4766455.600  212.640  3.000  1.190  0.100  20.000  50.000  70.000  20.000  0.000  0.000  0.000  10.000  0.000  0.000  0.000  0.000  15000.000  0.791  0.747  -0.462  0.318  1.919  -0.168  1.127  1.284  1.127  -1.072  1.344  1.170  1.337  1.344  -1.060
  650384.060  4764950.580  844.340  3.000  0.070  0.000  3.950  16.900  0.000  40.000  0.000  0.000  0.000  60.000  0.000  0.000  0.000  0.000  10000.000  -1.300  -1.509  -1.999  -1.334  0.441  0.431  1.129  1.286  1.129  0.110  1.346  1.172  1.339  1.346  -1.250
  651064.710  4765947.580  521.640  3.000  0.500  0.070  23.000  50.000  0.000  60.000  0.000  0.000  0.000  40.000  0.000  0.000  0.000  0.000  20000.000  -0.208  0.495  -0.353  0.319  0.442  0.968  1.130  1.288  1.130  -0.374  1.348  1.174  1.341  1.348  -0.648
  650587.370  4764915.920  1035.370  3.000  0.170  0.040  11.530  31.400  0.000  20.000  0.000  0.000  0.000  80.000  0.000  0.000  0.000  0.000  20000.000  -0.845  -0.003  -0.877  -1.058  0.443  -0.167  1.132  1.290  1.132  0.773  1.351  1.176  1.344  1.351  -0.647
  650145.440  4765050.030  923.660  3.000  0.270  0.060  29.700  13.900  0.000  35.000  0.000  0.000  0.000  65.000  0.000  0.000  0.000  0.000  30000.000  -0.603  0.370  -0.134  -1.422  0.444  0.205  1.134  1.292  1.134  0.176  1.353  1.178  1.346  1.353  0.086
  651650.490  4766335.070  312.910  3.000  0.340  0.090  5.000  50.000  0.000  30.000  0.000  0.000  0.000  70.000  0.000  0.000  0.000  0.000  30000.000  -0.479  0.676  -1.292  0.321  0.445  0.126  1.136  1.294  1.136  0.428  1.355  1.180  1.348  1.355  0.087
  650196.470  4764998.440  1099.090  3.000  0.130  0.110  10.900  26.500  0.000  10.000  0.000  0.000  0.000  90.000  0.000  0.000  0.000  0.000  20000.000  -0.980  0.830  -0.929  -1.102  0.446  -0.512  1.138  1.297  1.138  1.191  1.358  1.182  1.351  1.358  -0.646
  651697.420  4766263.650  292.340  3.000  0.880  0.270  61.000  120.000  0.000  40.000  0.000  0.000  0.000  60.000  0.000  0.000  0.000  0.000  40000.000  0.398  1.512  0.481  0.680  0.447  0.432  1.139  1.299  1.139  0.111  1.360  1.183  1.353  1.360  0.712
  651894.550  4766327.940  296.810  3.000  0.860  0.130  5.000  50.000  0.000  40.000  0.000  0.000  0.000  60.000  0.000  0.000  0.000  0.000  40000.000  0.368  0.965  -1.290  0.322  0.448  0.433  1.141  1.301  1.141  0.112  1.362  1.185  1.355  1.362  0.713
  651577.900  4766182.970  650.170  3.000  0.690  0.030  16.000  50.000  0.000  30.000  0.000  0.000  0.000  70.000  0.000  0.000  0.000  0.000  50000.000  0.115  -0.237  -0.628  0.323  0.449  0.127  1.143  1.303  1.143  0.429  1.365  1.187  1.358  1.365  1.159
  651166.620  4765265.920  471.070  3.000  0.470  0.050  18.000  50.000  0.000  40.000  0.000  0.000  0.000  60.000  0.000  0.000  0.000  0.000  20000.000  -0.255  0.223  -0.547  0.324  0.451  0.434  1.145  1.305  1.145  0.113  1.367  1.189  1.360  1.367  -0.644
  650355.830  4765047.910  958.640  3.000  0.110  0.060  19.500  13.300  0.000  10.000  0.000  0.000  0.000  90.000  0.000  0.000  0.000  0.000  20000.000  -1.054  0.371  -0.492  -1.440  0.452  -0.510  1.146  1.308  1.146  1.193  1.370  1.191  1.362  1.370  -0.643
  651566.720  4766143.020  445.540  3.000  0.550  0.330  105.000  190.000  0.000  40.000  0.000  0.000  0.000  60.000  0.000  0.000  0.000  0.000  40000.000  -0.115  1.706  1.015  0.929  0.453  0.435  1.148  1.310  1.148  0.114  1.372  1.193  1.365  1.372  0.714
  651479.750  4766505.490  278.200  3.000  0.580  0.130  79.000  50.000  0.000  60.000  0.000  0.000  0.000  40.000  0.000  0.000  0.000  0.000  30000.000  -0.066  0.966  0.713  0.325  0.454  0.969  1.150  1.312  1.150  -0.373  1.374  1.195  1.367  1.374  0.088
  651198.880  4765637.510  464.340  3.000  0.320  0.130  77.000  50.000  0.000  30.000  0.000  0.000  0.000  70.000  0.000  0.000  0.000  0.000  30000.000  -0.507  0.968  0.690  0.326  0.455  0.128  1.152  1.314  1.152  0.430  1.377  1.197  1.370  1.377  0.089
  651617.830  4766026.020  322.490  3.000  0.040  0.170  5.000  50.000  0.000  0.000  0.000  0.000  0.000  100.000  0.000  0.000  0.000  0.000  10000.000  -1.516  1.159  -1.288  0.327  0.456  -1.023  1.154  1.316  1.154  2.443  1.379  1.199  1.372  1.379  -1.248
  650689.140  4764883.720  1067.510  3.000  0.300  0.050  5.350  37.590  0.000  20.000  0.000  0.000  0.000  80.000  0.000  0.000  0.000  0.000  80000.000  -0.543  0.224  -1.245  -1.018  0.457  -0.166  1.156  1.319  1.156  0.775  1.382  1.201  1.374  1.382  1.919
  651200.340  4765635.020  471.810  3.000  0.490  0.060  145.000  50.000  0.000  30.000  0.000  0.000  0.000  70.000  0.000  0.000  0.000  0.000  40000.000  -0.227  0.372  1.350  0.329  0.458  0.129  1.157  1.321  1.157  0.431  1.384  1.203  1.377  1.384  0.715
  650921.090  4765058.700  741.800  3.000  0.100  0.020  5.000  -99.000  0.000  0.000  0.000  0.000  0.000  100.000  0.000  0.000  0.000  0.000  40000.000  -1.098  -0.548  -1.285  -99.000  0.459  -1.022  1.159  1.323  1.159  2.462  1.386  1.204  1.379  1.386  0.717
  650587.260  4764915.670  1029.380  3.000  0.200  0.040  26.500  23.700  0.000  20.000  0.000  0.000  0.000  80.000  0.000  0.000  0.000  0.000  30000.000  -0.763  -0.002  -0.219  -1.174  0.460  -0.165  1.161  1.325  1.161  0.776  1.389  1.206  1.382  1.389  0.090
  651509.370  4765929.470  378.230  3.000  0.500  0.010  185.000  50.000  0.000  60.000  0.000  0.000  0.000  40.000  0.000  0.000  0.000  0.000  25000.000  -0.207  -0.993  1.645  0.330  0.461  0.971  1.163  1.328  1.163  -0.372  1.391  1.208  1.384  1.391  -0.518
  650170.820  4765049.860  991.040  3.000  1.100  0.470  55.900  19.400  0.000  65.000  0.000  0.000  0.000  31.000  0.000  4.000  0.000  0.000  40000.000  0.684  2.041  0.397  -1.266  0.462  1.033  1.165  1.330  1.165  -0.581  1.394  2.462  1.386  1.394  0.718
  651429.750  4765271.720  509.150  3.000  0.360  0.000  46.000  50.000  40.000  40.000  0.000  0.000  0.000  20.000  0.000  0.000  0.000  0.000  10000.000  -0.428  -1.506  0.239  0.331  1.506  0.436  1.167  1.332  1.167  -0.848  1.396  1.210  1.389  1.396  -1.246
  651231.210  4766406.420  531.000  3.000  -99.000  -99.000  -99.000  -99.000  0.000  0.000  0.000  0.000  0.000  0.000  0.000  0.000  0.000  0.000  0.000  -99.000  -99.000  -99.000  -99.000  0.463  -1.020  1.168  1.334  1.168  -1.382  1.399  1.212  1.391  1.399  -2.138
  650824.660  4765292.260  861.070  3.000  -99.000  -99.000  -99.000  -99.000  0.000  15.000  0.000  0.000  0.000  85.000  0.000  0.000  0.000  0.000  50000.000  -99.000  -99.000  -99.000  -99.000  0.464  -0.426  1.170  1.337  1.170  0.886  1.401  1.214  1.394  1.401  1.161
  651284.180  4764794.420  1116.800  3.000  0.030  0.000  3.950  25.140  0.000  20.000  0.000  0.000  0.000  80.000  0.000  0.000  0.000  0.000  30000.000  -1.651  -1.502  -1.991  -1.116  0.465  -0.164  1.172  1.339  1.172  0.777  1.404  1.216  1.396  1.404  0.091
  650139.750  4765050.180  908.710  3.000  0.110  0.060  19.250  25.500  0.000  20.000  0.000  0.000  0.000  80.000  0.000  0.000  0.000  0.000  20000.000  -1.052  0.373  -0.493  -1.110  0.466  -0.163  1.174  1.341  1.174  0.779  1.406  1.218  1.399  1.406  -0.642
  651147.810  4766198.360  -570.050  3.000  0.140  0.140  10.350  25.300  0.000  15.000  0.000  0.000  0.000  83.000  0.000  2.000  0.000  0.000  30000.000  -0.950  1.009  -0.949  -1.114  0.467  -0.425  1.176  1.344  1.176  0.812  1.409  2.062  1.401  1.409  0.092
  650104.710  4764995.850  937.320  3.000  0.090  0.730  3.210  83.900  0.000  20.000  0.000  0.000  0.000  80.000  0.000  0.000  0.000  0.000  15000.000  -1.133  2.303  -2.092  0.523  0.468  -0.162  1.178  1.346  1.178  0.780  1.411  1.220  1.404  1.411  -1.059
  651048.100  4765950.180  548.870  3.000  0.220  0.100  5.000  50.000  0.000  33.000  0.000  0.000  0.000  67.000  0.000  0.000  0.000  0.000  20000.000  -0.702  0.749  -1.283  0.332  0.469  0.154  1.180  1.348  1.180  0.186  1.414  1.222  1.406  1.414  -0.641
  650196.480  4765050.030  1060.450  3.000  0.360  0.120  73.500  19.300  0.000  35.000  0.000  0.000  0.000  65.000  0.000  0.000  0.000  0.000  35000.000  -0.427  0.910  0.646  -1.271  0.470  0.206  1.182  1.351  1.182  0.177  1.416  1.224  1.409  1.416  0.195
  651477.730  4765909.770  385.140  3.000  0.390  0.070  270.000  50.000  0.000  10.000  0.000  0.000  0.000  90.000  0.000  0.000  0.000  0.000  70000.000  -0.381  0.496  2.131  0.333  0.471  -0.509  1.183  1.353  1.183  1.195  1.419  1.226  1.411  1.419  1.793
  650849.000  4766099.280  650.290  3.000  0.460  0.060  50.000  50.000  0.000  20.000  0.000  0.000  0.000  80.000  0.000  0.000  0.000  0.000  30000.000  -0.274  0.374  0.304  0.334  0.472  -0.161  1.185  1.355  1.185  0.781  1.422  1.228  1.414  1.422  0.093
  651433.790  4766147.720  492.760  3.000  0.800  0.120  58.000  50.000  0.000  60.000  0.000  0.000  0.000  40.000  0.000  0.000  0.000  0.000  30000.000  0.292  0.911  0.436  0.335  0.473  0.972  1.187  1.358  1.187  -0.371  1.424  1.230  1.416  1.424  0.094
  650637.860  4765750.480  746.490  3.000  -99.000  -99.000  -99.000  -99.000  0.000  35.000  0.000  0.000  0.000  63.000  0.000  2.000  0.000  0.000  30000.000  -99.000  -99.000  -99.000  -99.000  0.475  0.207  1.189  1.360  1.189  0.135  1.427  2.069  1.419  1.427  0.095
  651687.590  4766022.760  330.850  3.000  0.840  0.110  49.000  50.000  0.000  100.000  0.000  0.000  0.000  0.000  0.000  0.000  0.000  0.000  15000.000  0.345  0.832  0.288  0.336  0.476  2.869  1.191  1.362  1.191  -1.379  1.429  1.232  1.422  1.429  -1.057
  651634.370  4766127.700  450.330  3.000  0.810  0.130  71.000  1240.000  0.000  50.000  0.000  0.000  0.000  50.000  0.000  0.000  0.000  0.000  20000.000  0.307  0.970  0.620  2.014  0.477  0.687  1.193  1.365  1.193  -0.148  1.432  1.234  1.424  1.432  -0.640
  650151.220  4765101.170  943.850  3.000  0.390  0.060  43.700  18.200  0.000  88.000  0.000  0.000  0.000  10.000  0.000  2.000  0.000  0.000  10000.000  -0.380  0.375  0.181  -1.301  0.478  1.707  1.195  1.367  1.195  -1.070  1.435  2.077  1.427  1.435  -1.244
  651745.140  4766219.150  440.620  3.000  0.980  0.070  21.000  50.000  0.000  60.000  0.000  0.000  0.000  40.000  0.000  0.000  0.000  0.000  40000.000  0.532  0.497  -0.427  0.338  0.479  0.974  1.197  1.370  1.197  -0.370  1.437  1.236  1.429  1.437  0.719
  651799.270  4766587.030  99.270  3.000  0.600  0.120  44.000  170.000  10.000  60.000  0.000  0.000  0.000  30.000  0.000  0.000  0.000  0.000  30000.000  -0.038  0.913  0.196  0.885  0.893  0.975  1.199  1.372  1.199  -0.600  1.440  1.238  1.432  1.440  0.096
  651151.050  4765791.460  101.960  3.000  0.100  0.050  15.000  50.000  0.000  30.000  0.000  0.000  0.000  70.000  0.000  0.000  0.000  0.000  20000.000  -1.096  0.225  -0.668  0.339  0.480  0.130  1.201  1.374  1.201  0.432  1.443  1.240  1.435  1.443  -0.639
  650241.130  4765058.440  1011.020  3.000  0.300  0.130  25.100  53.700  0.000  20.000  0.000  0.000  0.000  80.000  0.000  0.000  0.000  0.000  30000.000  -0.542  0.971  -0.257  0.453  0.481  -0.160  1.203  1.377  1.203  0.782  1.445  1.242  1.437  1.445  0.097
  651676.580  4765518.610  128.820  3.000  0.400  0.120  90.000  50.000  0.000  30.000  0.000  0.000  0.000  70.000  0.000  0.000  0.000  0.000  30000.000  -0.368  0.914  0.835  0.340  0.482  0.131  1.204  1.379  1.204  0.433  1.448  1.244  1.440  1.448  0.098
  651602.050  4766677.820  221.190  3.000  -99.000  -99.000  -99.000  -99.000  0.000  0.000  0.000  0.000  0.000  0.000  0.000  0.000  0.000  0.000  0.000  -99.000  -99.000  -99.000  -99.000  0.483  -1.019  1.206  1.382  1.206  -1.377  1.451  1.246  1.443  1.451  -2.129
  651487.450  4766743.150  76.270  3.000  1.250  0.130  165.000  50.000  0.000  60.000  0.000  0.000  0.000  40.000  0.000  0.000  0.000  0.000  30000.000  0.856  0.973  1.520  0.341  0.484  0.977  1.208  1.384  1.208  -0.369  1.453  1.248  1.445  1.453  0.099
  651691.600  4766269.150  274.020  3.000  0.700  0.170  57.000  190.000  0.000  30.000  0.000  0.000  0.000  70.000  0.000  0.000  0.000  0.000  30000.000  0.128  1.161  0.418  0.930  0.485  0.132  1.210  1.386  1.210  0.434  1.456  1.250  1.448  1.456  0.099
  651618.450  4766669.640  242.360  3.000  0.290  0.090  230.000  50.000  0.000  21.000  0.000  0.000  0.000  79.000  0.000  0.000  0.000  0.000  10000.000  -0.565  0.677  1.948  0.342  0.486  -0.143  1.212  1.389  1.212  0.508  1.459  1.252  1.451  1.459  -1.242
  651583.270  4765598.140  498.230  3.000  0.840  0.050  72.000  140.000  0.000  45.000  0.000  0.000  0.000  55.000  0.000  0.000  0.000  0.000  40000.000  0.346  0.227  0.632  0.779  0.487  0.484  1.214  1.391  1.214  -0.111  1.461  1.254  1.453  1.461  0.720
  650232.580  4765049.900  895.670  3.000  0.290  0.260  18.450  51.300  0.000  30.000  0.000  0.000  0.000  70.000  0.000  0.000  0.000  0.000  35000.000  -0.564  1.483  -0.536  0.439  0.488  0.133  1.216  1.394  1.216  0.435  1.464  1.256  1.456  1.464  0.196
  650819.760  4764764.170  1059.720  3.000  0.190  0.000  4.550  122.050  0.000  0.000  25.000  0.000  0.000  75.000  0.000  0.000  0.000  0.000  30000.000  -0.801  -1.499  -1.841  0.687  0.489  -1.017  2.391  1.396  1.218  0.495  1.467  1.258  1.459  1.467  0.100
  651733.260  4766004.390  122.850  3.000  -99.000  -99.000  -99.000  -99.000  0.000  10.000  0.000  0.000  0.000  90.000  0.000  0.000  0.000  0.000  10000.000  -99.000  -99.000  -99.000  -99.000  0.490  -0.508  1.218  1.399  1.220  1.197  1.470  1.261  1.461  1.470  -1.240
  651453.720  4765945.390  607.640  3.000  4.190  0.240  110.000  580.000  50.000  0.000  50.000  0.000  0.000  0.000  0.000  0.000  0.000  0.000  70000.000  2.535  1.420  1.069  1.449  1.660  -1.015  2.932  1.401  1.222  -1.374  1.472  1.263  1.464  1.472  1.798
  650956.130  4765919.570  470.390  3.000  0.510  0.090  55.000  50.000  0.000  50.000  0.000  0.000  0.000  50.000  0.000  0.000  0.000  0.000  40000.000  -0.196  0.679  0.392  0.343  0.491  0.688  1.220  1.404  1.224  -0.147  1.475  1.265  1.467  1.475  0.721
  650872.050  4764803.460  974.820  3.000  0.030  0.000  7.090  38.400  0.000  40.000  0.000  0.000  0.000  60.000  0.000  0.000  0.000  0.000  30000.000  -1.647  -1.496  -1.143  -1.013  0.492  0.437  1.222  1.406  1.226  0.115  1.478  1.267  1.470  1.478  0.101
  650337.170  4764854.590  1062.890  3.000  0.060  0.020  3.020  53.600  0.000  25.000  0.000  0.000  0.000  75.000  0.000  0.000  0.000  0.000  20000.000  -1.350  -0.546  -2.121  0.452  0.493  -0.092  1.224  1.409  1.228  0.496  1.481  1.269  1.472  1.481  -0.638
  650873.940  4764824.920  1026.010  3.000  0.100  0.000  16.020  349.000  0.000  0.000  0.000  0.000  0.000  100.000  0.000  0.000  0.000  0.000  10000.000  -1.094  -1.493  -0.627  1.185  0.495  -1.014  1.226  1.411  1.230  2.481  1.483  1.271  1.475  1.483  -1.238
  650930.080  4766178.400  -63.290  3.000  0.260  0.380  3.430  2.800  0.000  40.000  0.000  0.000  0.000  57.000  0.000  3.000  0.000  0.000  30000.000  -0.625  1.842  -2.065  -2.582  0.496  0.438  1.228  1.414  1.232  -0.107  1.486  2.375  1.478  1.486  0.102
  651231.560  4765727.000  634.930  3.000  0.420  0.020  25.000  50.000  0.000  30.000  0.000  0.000  0.000  70.000  0.000  0.000  0.000  0.000  40000.000  -0.339  -0.545  -0.264  0.344  0.497  0.133  1.230  1.416  1.234  0.436  1.489  1.273  1.481  1.489  0.723
  651308.470  4766509.450  282.740  3.000  -99.000  -99.000  -99.000  -99.000  0.000  20.000  0.000  0.000  0.000  80.000  0.000  0.000  0.000  0.000  20000.000  -99.000  -99.000  -99.000  -99.000  0.498  -0.159  1.232  1.419  1.236  0.784  1.492  1.275  1.483  1.492  -0.636
  650689.920  4765153.130  1031.680  3.000  0.720  0.080  49.220  11.890  0.000  40.000  0.000  0.000  0.000  60.000  0.000  0.000  0.000  0.000  80000.000  0.164  0.607  0.290  -1.490  0.499  0.439  1.234  1.422  1.238  0.116  1.495  1.277  1.486  1.495  1.925
  651454.270  4766053.180  477.050  3.000  0.630  0.170  62.000  50.000  0.000  50.000  0.000  0.000  0.000  50.000  0.000  0.000  0.000  0.000  30000.000  0.008  1.163  0.493  0.346  0.500  0.689  1.236  1.424  1.240  -0.146  1.498  1.279  1.489  1.498  0.103
  651578.910  4765602.290  479.160  3.000  1.260  0.070  53.000  50.000  0.000  70.000  0.000  0.000  0.000  30.000  0.000  0.000  0.000  0.000  40000.000  0.874  0.498  0.353  0.347  0.501  1.332  1.238  1.427  1.242  -0.599  1.501  1.282  1.492  1.501  0.724
  650620.470  4765098.150  1097.720  3.000  0.030  0.010  11.400  6.380  0.000  0.200  0.000  0.000  0.000  99.800  0.000  0.000  0.000  0.000  200000.000  -1.643  -0.992  -0.880  -1.892  0.502  -0.969  1.240  1.429  1.244  1.498  1.503  1.284  1.495  1.503  3.558
  651037.170  4765707.200  -188.360  3.000  0.330  0.280  23.400  129.500  0.000  25.000  0.000  0.000  0.000  75.000  0.000  0.000  0.000  0.000  35000.000  -0.492  1.542  -0.344  0.696  0.503  -0.091  1.242  1.432  1.246  0.497  1.506  1.286  1.498  1.506  0.197
  650960.570  4765718.250  -25.880  3.000  0.180  0.240  26.700  16.300  0.000  20.000  0.000  0.000  0.000  80.000  0.000  0.000  0.000  0.000  30000.000  -0.816  1.423  -0.217  -1.357  0.504  -0.158  1.244  1.435  1.248  0.785  1.509  1.288  1.501  1.509  0.104
  651142.650  4766198.090  -557.040  3.000  0.170  0.060  14.550  20.000  0.000  30.000  0.000  0.000  0.000  67.000  0.000  3.000  0.000  0.000  30000.000  -0.844  0.377  -0.720  -1.250  0.505  0.134  1.246  1.437  1.250  0.187  1.512  2.391  1.503  1.512  0.105
  650725.870  4765736.960  534.440  3.000  0.670  0.080  53.700  4.500  0.000  80.000  0.000  0.000  0.000  20.000  0.000  0.000  0.000  0.000  15000.000  0.078  0.608  0.355  -2.113  0.506  1.679  1.248  1.440  1.252  -0.846  1.515  1.290  1.506  1.515  -1.055
  651473.180  4765915.600  366.560  3.000  0.340  0.040  155.000  50.000  0.000  0.000  0.000  0.000  0.000  100.000  0.000  0.000  0.000  0.000  40000.000  -0.478  -0.001  1.433  0.348  0.507  -1.012  1.250  1.443  1.254  2.502  1.518  1.292  1.509  1.518  0.725
  651029.660  4765689.020  586.080  3.000  0.730  0.110  32.000  150.000  0.000  60.000  0.000  0.000  0.000  40.000  0.000  0.000  0.000  0.000  30000.000  0.179  0.833  -0.059  0.808  0.508  0.978  1.252  1.445  1.256  -0.368  1.521  1.294  1.512  1.521  0.106
  651627.200  4766645.680  371.810  3.000  2.740  0.120  40.000  50.000  0.000  100.000  0.000  0.000  0.000  0.000  0.000  0.000  0.000  0.000  40000.000  1.848  0.916  0.110  0.349  0.509  2.932  1.254  1.448  1.258  -1.372  1.524  1.297  1.515  1.524  0.726
  650694.930  4765158.490  1015.240  3.000  0.410  0.040  91.730  9.040  0.000  17.500  0.000  0.000  0.000  82.500  0.000  0.000  0.000  0.000  47500.000  -0.353  -0.000  0.851  -1.647  0.510  -0.415  1.256  1.451  1.261  0.803  1.527  1.299  1.518  1.527  0.793
  651873.440  4766346.550  200.850  3.000  1.090  0.380  5.000  50.000  50.000  30.000  0.000  0.000  0.000  20.000  0.000  0.000  0.000  0.000  20000.000  0.680  1.848  -1.280  0.350  1.664  0.135  1.258  1.453  1.263  -0.845  1.530  1.301  1.521  1.530  -0.635
  650760.280  4765120.150  980.020  3.000  -99.000  -99.000  -99.000  -99.000  0.000  2.000  0.000  0.000  0.000  98.000  0.000  0.000  0.000  0.000  10000.000  -99.000  -99.000  -99.000  -99.000  0.512  -0.949  1.261  1.456  1.265  1.467  1.533  1.303  1.524  1.533  -1.236
  651147.670  4765796.420  114.610  3.000  0.320  0.130  58.000  50.000  0.000  30.000  0.000  0.000  0.000  70.000  0.000  0.000  0.000  0.000  20000.000  -0.506  0.975  0.437  0.351  0.513  0.136  1.263  1.459  1.267  0.437  1.536  1.305  1.527  1.536  -0.634
  651822.080  4766486.980  112.880  3.000  0.580  0.060  23.000  50.000  0.000  35.000  0.000  0.000  0.000  65.000  0.000  0.000  0.000  0.000  40000.000  -0.065  0.378  -0.352  0.352  0.514  0.208  1.265  1.461  1.269  0.178  1.539  1.308  1.530  1.539  0.728
  650911.030  4765723.460  85.490  3.000  0.280  0.040  37.300  8.200  0.000  30.000  0.000  0.000  0.000  68.000  0.000  2.000  0.000  0.000  35000.000  -0.588  0.001  0.053  -1.737  0.515  0.137  1.267  1.464  1.271  0.194  1.542  2.086  1.533  1.542  0.198
  651554.750  4765747.120  342.770  4.000  0.950  0.050  29.000  110.000  50.000  50.000  0.000  0.000  0.000  0.000  0.000  0.000  0.000  0.000  25000.000  0.487  0.228  -0.136  0.623  1.668  0.690  1.269  1.467  1.273  -1.370  1.545  1.310  1.536  1.545  -0.517
  651622.450  4765948.570  489.620  4.000  0.200  0.020  5.000  50.000  80.000  20.000  0.000  0.000  0.000  0.000  0.000  0.000  0.000  0.000  10000.000  -0.762  -0.544  -1.278  0.353  2.086  -0.157  1.271  1.470  1.275  -1.367  1.549  1.312  1.539  1.549  -1.234
  651126.760  4765393.700  1055.540  4.000  0.250  0.030  11.000  25.000  0.000  30.000  0.000  0.000  0.000  70.000  0.000  0.000  0.000  0.000  20000.000  -0.649  -0.236  -0.888  -1.124  0.516  0.138  1.273  1.472  1.277  0.438  1.552  1.314  1.542  1.552  -0.633
  651478.280  4765431.770  482.610  4.000  1.490  0.100  52.000  50.000  40.000  60.000  0.000  0.000  0.000  0.000  0.000  0.000  0.000  0.000  30000.000  1.141  0.750  0.337  0.355  1.509  0.980  1.275  1.475  1.279  -1.365  1.555  1.316  1.545  1.555  0.107
  651596.550  4766170.910  581.680  4.000  3.750  0.340  20.000  50.000  0.000  60.000  0.000  0.000  0.000  40.000  0.000  0.000  0.000  0.000  60000.000  2.319  1.748  -0.461  0.356  0.517  0.981  1.277  1.478  1.282  -0.367  1.558  1.319  1.549  1.558  1.549
  651490.060  4766195.820  594.720  4.000  1.080  0.070  58.000  50.000  50.000  50.000  0.000  0.000  0.000  0.000  0.000  0.000  0.000  0.000  25000.000  0.665  0.500  0.438  0.357  1.672  0.691  1.279  1.481  1.284  -1.362  1.561  1.321  1.552  1.561  -0.516
  651550.530  4765959.560  492.430  4.000  0.900  0.040  67.000  50.000  0.000  60.000  0.000  0.000  0.000  40.000  0.000  0.000  0.000  0.000  10000.000  0.428  0.002  0.558  0.358  0.518  0.983  1.282  1.483  1.286  -0.366  1.564  1.323  1.555  1.564  -1.232
  651234.940  4765357.500  502.670  4.000  0.320  0.000  210.000  50.000  0.000  70.000  0.000  0.000  0.000  30.000  0.000  0.000  0.000  0.000  30000.000  -0.505  -1.490  1.829  0.359  0.519  1.334  1.284  1.486  1.288  -0.598  1.567  1.325  1.558  1.567  0.108
  651651.440  4766116.530  544.140  4.000  1.290  0.060  31.000  50.000  50.000  50.000  0.000  0.000  0.000  0.000  0.000  0.000  0.000  0.000  10000.000  0.908  0.379  -0.082  0.360  1.676  0.693  1.286  1.489  1.290  -1.360  1.571  1.328  1.561  1.571  -1.230
  651432.290  4765814.270  545.590  4.000  1.110  0.030  61.000  110.000  90.000  10.000  0.000  0.000  0.000  0.000  0.000  0.000  0.000  0.000  10000.000  0.695  -0.235  0.482  0.624  2.289  -0.507  1.288  1.492  1.292  -1.358  1.574  1.330  1.564  1.574  -1.228
  651614.240  4766025.810  451.580  4.000  0.630  0.090  155.000  490.000  0.000  60.000  0.000  0.000  0.000  40.000  0.000  0.000  0.000  0.000  30000.000  0.009  0.680  1.436  1.352  0.520  0.985  1.290  1.495  1.294  -0.365  1.577  1.332  1.567  1.577  0.109
  651182.210  4765287.230  515.860  4.000  -99.000  -99.000  -99.000  -99.000  0.000  0.000  0.000  0.000  0.000  0.000  0.000  0.000  0.000  0.000  0.000  -99.000  -99.000  -99.000  -99.000  0.521  -1.011  1.292  1.498  1.297  -1.355  1.580  1.334  1.571  1.580  -2.120
  650053.810  4764993.620  971.440  4.000  0.260  0.060  7.730  11.000  0.000  25.000  0.000  0.000  0.000  70.000  0.000  5.000  0.000  0.000  25000.000  -0.624  0.380  -1.098  -1.523  0.522  -0.090  1.294  1.501  1.299  0.439  1.584  2.770  1.574  1.584  -0.515
  651154.920  4765843.760  740.800  4.000  0.020  0.030  4.480  4.070  0.000  0.000  0.000  0.000  0.000  100.000  0.000  0.000  0.000  0.000  10000.000  -1.799  -0.234  -1.858  -2.201  0.523  -1.009  1.297  1.503  1.301  2.524  1.587  1.337  1.577  1.587  -1.226
  651380.050  4765841.710  558.860  4.000  1.280  0.030  65.000  50.000  50.000  20.000  0.000  0.000  0.000  30.000  0.000  0.000  0.000  0.000  20000.000  0.894  -0.233  0.538  0.361  1.679  -0.156  1.299  1.506  1.303  -0.597  1.590  1.339  1.580  1.590  -0.632
  651367.190  4765791.640  611.800  4.000  1.740  0.110  34.000  50.000  90.000  0.000  0.000  0.000  0.000  10.000  0.000  0.000  0.000  0.000  10000.000  1.347  0.835  -0.019  0.363  2.302  -1.008  1.301  1.509  1.305  -1.069  1.594  1.341  1.584  1.594  -1.224
  651374.750  4765733.560  485.030  4.000  0.860  0.010  47.000  50.000  10.000  60.000  0.000  0.000  0.000  30.000  0.000  0.000  0.000  0.000  10000.000  0.369  -0.990  0.251  0.364  0.894  0.986  1.303  1.512  1.308  -0.596  1.597  1.344  1.587  1.597  -1.222
  651690.560  4766019.580  337.560  4.000  0.580  0.050  10.000  50.000  0.000  90.000  0.000  0.000  0.000  10.000  0.000  0.000  0.000  0.000  10000.000  -0.064  0.229  -0.964  0.365  0.524  2.086  1.305  1.515  1.310  -1.067  1.600  1.346  1.590  1.600  -1.220
  651657.830  4766112.340  579.320  4.000  0.600  0.040  22.000  50.000  30.000  40.000  0.000  0.000  0.000  30.000  0.000  0.000  0.000  0.000  20000.000  -0.037  0.003  -0.390  0.366  1.339  0.440  1.308  1.518  1.312  -0.595  1.604  1.348  1.594  1.604  -0.631
  651443.580  4765958.730  564.800  4.000  0.680  0.030  125.000  50.000  0.000  40.000  0.000  0.000  0.000  60.000  0.000  0.000  0.000  0.000  50000.000  0.095  -0.232  1.199  0.367  0.525  0.441  1.310  1.521  1.314  0.116  1.607  1.351  1.597  1.607  1.163
  651339.740  4765855.120  632.700  4.000  2.290  0.060  145.000  50.000  30.000  30.000  0.000  0.000  0.000  40.000  0.000  0.000  0.000  0.000  40000.000  1.689  0.381  1.353  0.368  1.341  0.139  1.312  1.524  1.316  -0.364  1.610  1.353  1.600  1.610  0.729
  650876.250  4765959.990  796.320  4.000  0.070  0.020  25.000  50.000  0.000  40.000  0.000  0.000  0.000  60.000  0.000  0.000  0.000  0.000  10000.000  -1.297  -0.543  -0.263  0.369  0.527  0.442  1.314  1.527  1.319  0.117  1.614  1.355  1.604  1.614  -1.218
  651537.430  4765644.110  290.120  4.000  0.760  0.040  41.000  50.000  40.000  40.000  0.000  0.000  0.000  20.000  0.000  0.000  0.000  0.000  20000.000  0.218  0.004  0.128  0.371  1.512  0.443  1.316  1.530  1.321  -0.844  1.617  1.358  1.607  1.617  -0.630
  651743.490  4766062.160  580.500  4.000  -99.000  -99.000  -99.000  -99.000  0.000  40.000  0.000  0.000  0.000  60.000  0.000  0.000  0.000  0.000  60000.000  -99.000  -99.000  -99.000  -99.000  0.528  0.444  1.319  1.533  1.323  0.118  1.621  1.360  1.610  1.621  1.552
  651464.880  4765755.800  481.030  4.000  0.970  0.050  38.000  50.000  30.000  30.000  0.000  0.000  0.000  40.000  0.000  0.000  0.000  0.000  25000.000  0.513  0.230  0.077  0.372  1.344  0.140  1.321  1.536  1.325  -0.363  1.624  1.362  1.614  1.624  -0.514
  651298.870  4766513.800  115.070  4.000  -99.000  -99.000  -99.000  -99.000  5.000  25.000  0.000  0.000  0.000  70.000  0.000  0.000  0.000  0.000  20000.000  -99.000  -99.000  -99.000  -99.000  0.677  -0.089  1.323  1.539  1.328  0.440  1.628  1.365  1.617  1.628  -0.628
  651348.310  4765851.240  643.070  4.000  1.030  0.040  105.000  50.000  70.000  30.000  0.000  0.000  0.000  0.000  0.000  0.000  0.000  0.000  15000.000  0.598  0.005  1.017  0.373  1.925  0.141  1.325  1.542  1.330  -1.353  1.631  1.367  1.621  1.631  -1.054
  650049.220  4764993.940  943.820  4.000  0.060  0.100  2.540  14.000  0.000  35.000  0.000  0.000  0.000  65.000  0.000  0.000  0.000  0.000  10000.000  -1.347  0.752  -2.174  -1.416  0.529  0.209  1.328  1.545  1.332  0.179  1.635  1.370  1.624  1.635  -1.216
  651520.530  4765660.770  211.640  4.000  0.900  0.000  51.000  150.000  60.000  10.000  0.000  0.000  0.000  30.000  0.000  0.000  0.000  0.000  20000.000  0.429  -1.487  0.321  0.810  1.803  -0.506  1.330  1.549  1.334  -0.593  1.639  1.372  1.628  1.639  -0.627
  651453.910  4765648.760  397.350  4.000  0.640  0.030  77.000  50.000  20.000  60.000  0.000  0.000  0.000  20.000  0.000  0.000  0.000  0.000  20000.000  0.028  -0.231  0.692  0.374  1.109  0.988  1.332  1.552  1.337  -0.842  1.642  1.374  1.631  1.642  -0.626
  651464.430  4765927.110  634.500  4.000  1.820  0.100  34.000  50.000  100.000  0.000  0.000  0.000  0.000  0.000  0.000  0.000  0.000  0.000  20000.000  1.406  0.753  -0.018  0.375  3.110  -1.006  1.334  1.555  1.339  -1.351  1.646  1.377  1.635  1.646  -0.625
  651216.190  4765374.680  448.330  4.000  0.420  0.040  91.000  50.000  0.000  30.000  0.000  0.000  0.000  70.000  0.000  0.000  0.000  0.000  30000.000  -0.338  0.006  0.848  0.376  0.530  0.142  1.337  1.558  1.341  0.441  1.649  1.379  1.639  1.649  0.110
  651174.200  4766081.570  920.660  4.000  0.010  0.160  5.000  50.000  0.000  30.000  0.000  0.000  0.000  70.000  0.000  0.000  0.000  0.000  20000.000  -1.949  1.100  -1.276  0.377  0.531  0.143  1.339  1.561  1.344  0.442  1.653  1.382  1.642  1.653  -0.624
  651478.570  4765990.450  578.090  4.000  0.980  0.040  85.000  50.000  0.000  60.000  0.000  0.000  0.000  40.000  0.000  0.000  0.000  0.000  40000.000  0.533  0.007  0.781  0.379  0.532  0.989  1.341  1.564  1.346  -0.362  1.657  1.384  1.646  1.657  0.730
  651718.160  4766087.030  436.820  4.000  1.020  0.040  41.000  50.000  10.000  40.000  0.000  0.000  0.000  50.000  0.000  0.000  0.000  0.000  40000.000  0.585  0.008  0.129  0.380  0.896  0.445  1.344  1.567  1.348  -0.145  1.660  1.386  1.649  1.660  0.731
  651151.930  4765828.230  761.440  4.000  0.760  0.020  74.000  50.000  0.000  70.000  0.000  0.000  0.000  30.000  0.000  0.000  0.000  0.000  20000.000  0.220  -0.542  0.655  0.381  0.533  1.337  1.346  1.571  1.351  -0.592  1.664  1.389  1.653  1.664  -0.623
  651486.370  4766232.730  588.850  4.000  2.310  0.410  130.000  50.000  50.000  50.000  0.000  0.000  0.000  0.000  0.000  0.000  0.000  0.000  40000.000  1.702  1.896  1.248  0.382  1.683  0.694  1.348  1.574  1.353  -1.348  1.668  1.391  1.657  1.668  0.732
  651481.100  4766237.550  609.660  4.000  0.780  0.030  5.000  50.000  0.000  70.000  0.000  0.000  0.000  30.000  0.000  0.000  0.000  0.000  35000.000  0.255  -0.230  -1.273  0.383  0.534  1.339  1.351  1.577  1.355  -0.591  1.672  1.394  1.660  1.672  0.199
  651442.790  4765453.120  551.050  4.000  1.670  0.040  25.000  50.000  10.000  70.000  0.000  0.000  0.000  20.000  0.000  0.000  0.000  0.000  40000.000  1.273  0.009  -0.261  0.384  0.897  1.341  1.353  1.580  1.358  -0.841  1.676  1.396  1.664  1.676  0.734
  651351.610  4765588.310  414.540  4.000  0.550  0.020  82.000  50.000  0.000  50.000  0.000  0.000  0.000  50.000  0.000  0.000  0.000  0.000  40000.000  -0.114  -0.540  0.741  0.386  0.535  0.695  1.355  1.584  1.360  -0.144  1.679  1.399  1.668  1.679  0.735
  651369.430  4765801.070  601.690  4.000  0.920  0.020  41.000  50.000  40.000  30.000  0.000  0.000  0.000  30.000  0.000  0.000  0.000  0.000  20000.000  0.455  -0.539  0.130  0.387  1.515  0.144  1.358  1.587  1.362  -0.590  1.683  1.401  1.672  1.683  -0.622
  650107.950  4764948.670  1067.460  4.000  0.120  0.050  2.350  8.290  0.000  65.000  0.000  0.000  0.000  30.000  0.000  5.000  0.000  0.000  40000.000  -1.021  0.231  -2.302  -1.732  0.536  1.034  1.360  1.590  1.365  -0.589  1.687  2.816  1.676  1.687  0.736
  651457.750  4765997.740  550.070  4.000  0.470  0.020  62.000  50.000  40.000  20.000  0.000  0.000  0.000  40.000  0.000  0.000  0.000  0.000  15000.000  -0.254  -0.538  0.494  0.388  1.518  -0.155  1.362  1.594  1.367  -0.361  1.691  1.404  1.679  1.691  -1.052
  651608.800  4765574.640  606.820  4.000  0.140  0.010  26.000  520.000  0.000  10.000  0.000  0.000  0.000  90.000  0.000  0.000  0.000  0.000  80000.000  -0.948  -0.988  -0.224  1.399  0.537  -0.505  1.365  1.597  1.370  1.199  1.695  1.406  1.683  1.695  1.931
  651782.440  4766163.590  215.510  4.000  0.960  0.050  105.000  50.000  0.000  70.000  0.000  0.000  0.000  30.000  0.000  0.000  0.000  0.000  40000.000  0.500  0.232  1.019  0.389  0.538  1.344  1.367  1.600  1.372  -0.588  1.699  1.409  1.687  1.699  0.737
  651423.290  4765824.080  507.870  4.000  1.400  0.040  79.000  50.000  50.000  50.000  0.000  0.000  0.000  0.000  0.000  0.000  0.000  0.000  20000.000  1.025  0.010  0.715  0.390  1.687  0.696  1.370  1.604  1.374  -1.346  1.703  1.411  1.691  1.703  -0.620
  651301.370  4766512.650  158.980  4.000  -99.000  -99.000  -99.000  -99.000  5.000  25.000  0.000  0.000  0.000  70.000  0.000  0.000  0.000  0.000  20000.000  -99.000  -99.000  -99.000  -99.000  0.678  -0.088  1.372  1.607  1.377  0.443  1.707  1.414  1.695  1.707  -0.619
  651483.060  4766010.090  561.650  4.000  0.550  0.030  89.000  50.000  0.000  70.000  0.000  0.000  0.000  30.000  0.000  0.000  0.000  0.000  20000.000  -0.113  -0.229  0.823  0.391  0.540  1.346  1.374  1.610  1.379  -0.587  1.711  1.416  1.699  1.711  -0.618
  651601.750  4765974.940  421.420  4.000  0.560  0.010  62.000  50.000  0.000  60.000  0.000  0.000  0.000  40.000  0.000  0.000  0.000  0.000  30000.000  -0.095  -0.987  0.495  0.392  0.541  0.991  1.377  1.614  1.382  -0.360  1.715  1.419  1.703  1.715  0.111
  651343.890  4765269.040  633.120  4.000  0.870  0.030  45.000  50.000  0.000  40.000  0.000  0.000  0.000  60.000  0.000  0.000  0.000  0.000  40000.000  0.385  -0.228  0.215  0.394  0.542  0.446  1.379  1.617  1.384  0.119  1.719  1.422  1.707  1.719  0.739
  651633.300  4766017.880  537.120  4.000  0.550  0.010  14.000  50.000  0.000  0.000  0.000  0.000  0.000  0.000  0.000  0.000  0.000  0.000  0.000  -0.111  -0.985  -0.732  0.395  0.543  -1.004  1.382  1.621  1.386  -1.344  1.723  1.424  1.711  1.723  -2.111
  650586.100  4764912.990  971.450  4.000  0.090  0.020  22.720  17.100  0.000  0.000  0.000  0.000  0.000  100.000  0.000  0.000  0.000  0.000  10000.000  -1.131  -0.537  -0.380  -1.328  0.544  -1.003  1.384  1.624  1.389  2.548  1.727  1.427  1.715  1.727  -1.214
  651490.500  4765716.390  381.580  4.000  0.770  0.020  140.000  50.000  30.000  10.000  0.000  0.000  0.000  60.000  0.000  0.000  0.000  0.000  20000.000  0.230  -0.535  1.319  0.396  1.346  -0.504  1.386  1.628  1.391  0.120  1.731  1.429  1.719  1.731  -0.617
  651004.510  4764795.790  998.380  4.000  0.420  0.030  116.200  742.200  5.000  5.000  0.000  0.000  0.000  90.000  0.000  0.000  0.000  0.000  100000.000  -0.337  -0.227  1.125  1.607  0.679  -0.820  1.389  1.631  1.394  1.201  1.736  1.432  1.723  1.736  2.229
  650373.220  4765048.190  1001.230  4.000  0.370  0.140  24.700  30.600  0.000  30.000  0.000  0.000  0.000  70.000  0.000  0.000  0.000  0.000  20000.000  -0.418  1.011  -0.300  -1.064  0.545  0.145  1.391  1.635  1.396  0.444  1.740  1.435  1.727  1.740  -0.616
  651070.950  4764899.340  1071.810  4.000  0.050  0.020  5.320  12.750  0.000  0.000  0.000  0.000  0.000  100.000  0.000  0.000  0.000  0.000  100000.000  -1.424  -0.534  -1.248  -1.461  0.546  -1.001  1.394  1.639  1.399  2.573  1.744  1.437  1.731  1.744  2.241
  650922.670  4764980.770  892.870  4.000  0.290  0.000  169.000  -99.000  0.000  0.000  0.000  0.000  0.000  100.000  0.000  0.000  0.000  0.000  50000.000  -0.563  -1.483  1.534  -99.000  0.547  -1.000  1.396  1.642  1.401  2.599  1.749  1.440  1.736  1.749  1.165
  650054.150  4764993.610  973.410  4.000  0.230  0.060  7.810  10.000  0.000  25.000  0.000  0.000  0.000  75.000  0.000  0.000  0.000  0.000  15000.000  -0.684  0.382  -1.094  -1.584  0.548  -0.087  1.399  1.646  1.404  0.498  1.753  1.443  1.740  1.753  -1.051
  651464.740  4765928.540  633.130  4.000  3.940  0.200  38.000  50.000  60.000  0.000  30.000  0.000  0.000  10.000  0.000  0.000  0.000  0.000  50000.000  2.403  1.271  0.078  0.397  1.808  -0.998  2.628  1.649  1.406  -1.065  1.757  1.445  1.744  1.757  1.167
  651478.010  4765735.920  430.350  4.000  0.670  0.020  37.000  50.000  10.000  70.000  0.000  0.000  0.000  20.000  0.000  0.000  0.000  0.000  20000.000  0.079  -0.533  0.050  0.398  0.898  1.348  1.401  1.653  1.409  -0.840  1.762  1.448  1.749  1.762  -0.615
  650903.310  4765964.880  788.030  4.000  0.080  0.020  26.000  110.000  0.000  0.000  0.000  0.000  0.000  100.000  0.000  0.000  0.000  0.000  30000.000  -1.212  -0.532  -0.223  0.626  0.549  -0.997  1.404  1.657  1.411  2.628  1.766  1.451  1.753  1.766  0.112
  651590.820  4765825.840  559.940  4.000  0.710  0.050  5.000  50.000  50.000  20.000  0.000  0.000  0.000  30.000  0.000  0.000  0.000  0.000  10000.000  0.145  0.233  -1.271  0.399  1.691  -0.154  1.406  1.660  1.414  -0.586  1.771  1.453  1.757  1.771  -1.212
  651742.080  4766063.460  572.730  4.000  -99.000  -99.000  -99.000  -99.000  0.000  60.000  0.000  0.000  0.000  40.000  0.000  0.000  0.000  0.000  50000.000  -99.000  -99.000  -99.000  -99.000  0.550  0.992  1.409  1.664  1.416  -0.359  1.775  1.456  1.762  1.775  1.168
  651563.580  4765947.530  539.170  4.000  0.880  0.040  115.000  50.000  40.000  50.000  0.000  0.000  0.000  10.000  0.000  0.000  0.000  0.000  10000.000  0.399  0.011  1.123  0.401  1.521  0.697  1.411  1.668  1.419  -1.064  1.780  1.459  1.766  1.780  -1.210
  651571.730  4765609.360  446.690  4.000  0.340  0.030  13.000  120.000  100.000  0.000  0.000  0.000  0.000  0.000  0.000  0.000  0.000  0.000  5000.000  -0.476  -0.225  -0.785  0.681  3.258  -0.995  1.414  1.672  1.422  -1.341  1.784  1.461  1.771  1.784  -1.842
  650147.640  4764901.010  958.930  4.000  0.050  0.020  7.160  33.170  0.000  5.000  0.000  0.000  0.000  95.000  0.000  0.000  0.000  0.000  10000.000  -1.421  -0.531  -1.139  -1.040  0.551  -0.818  1.416  1.676  1.424  1.435  1.789  1.464  1.775  1.789  -1.208
  651517.650  4765663.470  198.210  4.000  0.770  0.020  24.000  180.000  50.000  20.000  0.000  0.000  0.000  30.000  0.000  0.000  0.000  0.000  20000.000  0.231  -0.529  -0.308  0.906  1.695  -0.153  1.419  1.679  1.427  -0.585  1.793  1.467  1.780  1.793  -0.614
  650963.170  4765747.830  868.440  4.000  -99.000  -99.000  -99.000  -99.000  0.000  20.000  0.000  0.000  0.000  80.000  0.000  0.000  0.000  0.000  50000.000  -99.000  -99.000  -99.000  -99.000  0.553  -0.152  1.422  1.683  1.429  0.786  1.798  1.470  1.784  1.798  1.170
  650241.020  4764787.960  1032.890  4.000  0.050  0.040  7.180  76.300  0.000  0.000  0.000  0.000  0.000  100.000  0.000  0.000  0.000  0.000  10000.000  -1.418  0.013  -1.137  0.505  0.554  -0.994  1.424  1.687  1.432  2.658  1.803  1.472  1.789  1.803  -1.206
  651545.970  4765758.950  272.290  4.000  0.720  0.030  38.000  50.000  60.000  40.000  0.000  0.000  0.000  0.000  0.000  0.000  0.000  0.000  10000.000  0.165  -0.224  0.079  0.402  1.813  0.447  1.427  1.691  1.435  -1.339  1.808  1.475  1.793  1.808  -1.204
  651593.900  4765822.420  575.260  4.000  0.770  0.030  17.000  140.000  0.000  90.000  0.000  0.000  0.000  10.000  0.000  0.000  0.000  0.000  10000.000  0.232  -0.223  -0.589  0.780  0.555  2.094  1.429  1.695  1.437  -1.062  1.813  1.478  1.798  1.813  -1.203
  651355.920  4765346.620  560.340  4.000  0.770  0.010  25.000  50.000  0.000  60.000  0.000  0.000  0.000  40.000  0.000  0.000  0.000  0.000  40000.000  0.233  -0.983  -0.260  0.403  0.556  0.994  1.432  1.699  1.440  -0.358  1.817  1.481  1.803  1.817  0.740
  651652.500  4766115.830  550.000  4.000  0.890  0.050  25.000  50.000  30.000  30.000  0.000  0.000  0.000  40.000  0.000  0.000  0.000  0.000  20000.000  0.414  0.234  -0.259  0.404  1.348  0.146  1.435  1.703  1.443  -0.357  1.822  1.483  1.808  1.822  -0.613
  651350.400  4766615.230  432.910  4.000  -99.000  -99.000  -99.000  -99.000  0.000  7.750  0.000  0.000  0.000  92.250  0.000  0.000  0.000  0.000  39000.000  -99.000  -99.000  -99.000  -99.000  0.557  -0.803  1.437  1.707  1.445  1.222  1.827  1.486  1.813  1.827  0.205
  650825.210  4765095.640  938.460  4.000  0.090  0.010  4.730  9.550  0.000  0.000  0.000  0.000  0.000  100.000  0.000  0.000  0.000  0.000  5000.000  -1.129  -0.981  -1.824  -1.603  0.558  -0.992  1.440  1.711  1.448  2.692  1.832  1.489  1.817  1.832  -1.837
  651440.500  4765452.090  606.430  4.000  1.040  0.030  19.000  50.000  0.000  60.000  0.000  0.000  0.000  40.000  0.000  0.000  0.000  0.000  30000.000  0.608  -0.222  -0.500  0.405  0.559  0.995  1.443  1.715  1.451  -0.356  1.837  1.492  1.822  1.837  0.113
  651433.930  4765918.050  902.660  4.000  -99.000  -99.000  -99.000  -99.000  0.000  0.000  0.000  0.000  0.000  0.000  0.000  0.000  0.000  0.000  0.000  -99.000  -99.000  -99.000  -99.000  0.560  -0.991  1.445  1.719  1.453  -1.337  1.842  1.495  1.827  1.842  -2.102
  651256.160  4765338.960  562.350  4.000  0.420  0.030  88.000  50.000  0.000  40.000  0.000  0.000  0.000  60.000  0.000  0.000  0.000  0.000  30000.000  -0.336  -0.221  0.810  0.406  0.561  0.448  1.448  1.723  1.456  0.121  1.848  1.498  1.832  1.848  0.114
  651562.540  4765948.440  535.420  4.000  0.490  0.030  41.000  50.000  20.000  70.000  0.000  0.000  0.000  10.000  0.000  0.000  0.000  0.000  20000.000  -0.226  -0.220  0.131  0.408  1.111  1.351  1.451  1.727  1.459  -1.060  1.853  1.501  1.837  1.853  -0.611
  651425.880  4765698.790  553.960  4.000  0.750  0.030  35.000  50.000  40.000  60.000  0.000  0.000  0.000  0.000  0.000  0.000  0.000  0.000  10000.000  0.206  -0.219  0.004  0.409  1.524  0.997  1.453  1.731  1.461  -1.334  1.858  1.503  1.842  1.858  -1.201
  651004.520  4764795.570  994.380  4.000  0.460  0.040  64.900  798.400  5.000  5.000  0.000  0.000  0.000  90.000  0.000  0.000  0.000  0.000  100000.000  -0.273  0.014  0.529  1.656  0.681  -0.817  1.456  1.736  1.464  1.203  1.863  1.506  1.848  1.863  2.252
  651396.280  4765311.120  570.190  4.000  0.480  0.020  110.000  50.000  10.000  70.000  0.000  0.000  0.000  20.000  0.000  0.000  0.000  0.000  20000.000  -0.243  -0.528  1.071  0.410  0.900  1.353  1.459  1.740  1.467  -0.838  1.869  1.509  1.853  1.869  -0.610
  651302.950  4766511.930  186.930  4.000  -99.000  -99.000  -99.000  -99.000  0.000  80.000  0.000  0.000  0.000  20.000  0.000  0.000  0.000  0.000  20000.000  -99.000  -99.000  -99.000  -99.000  0.562  1.683  1.461  1.744  1.470  -0.837  1.874  1.512  1.858  1.874  -0.609
  651501.350  4765881.960  480.370  4.000  0.530  0.020  12.000  50.000  70.000  30.000  0.000  0.000  0.000  0.000  0.000  0.000  0.000  0.000  30000.000  -0.156  -0.527  -0.841  0.411  1.931  0.147  1.464  1.749  1.472  -1.332  1.879  1.515  1.863  1.879  0.115
  651620.070  4766153.960  490.160  4.000  1.230  0.110  74.000  190.000  0.000  35.000  0.000  0.000  0.000  65.000  0.000  0.000  0.000  0.000  60000.000  0.833  0.836  0.656  0.932  0.564  0.210  1.467  1.753  1.475  0.180  1.885  1.518  1.869  1.885  1.555
  651468.690  4765750.180  466.540  4.000  1.270  0.060  47.000  50.000  30.000  50.000  0.000  0.000  0.000  20.000  0.000  0.000  0.000  0.000  25000.000  0.886  0.383  0.252  0.412  1.351  0.699  1.470  1.757  1.478  -0.836  1.890  1.521  1.874  1.890  -0.513
  651301.820  4766512.450  166.970  4.000  -99.000  -99.000  -99.000  -99.000  5.000  25.000  0.000  0.000  0.000  70.000  0.000  0.000  0.000  0.000  20000.000  -99.000  -99.000  -99.000  -99.000  0.682  -0.086  1.472  1.762  1.481  0.445  1.896  1.524  1.879  1.896  -0.608
  651139.960  4765597.170  738.120  4.000  0.350  0.010  73.000  50.000  0.000  20.000  0.000  0.000  0.000  80.000  0.000  0.000  0.000  0.000  30000.000  -0.455  -0.980  0.642  0.413  0.565  -0.151  1.475  1.766  1.483  0.787  1.902  1.527  1.885  1.902  0.116
  651484.700  4766191.240  585.010  4.000  0.590  0.050  26.000  50.000  0.000  100.000  0.000  0.000  0.000  0.000  0.000  0.000  0.000  0.000  20000.000  -0.053  0.235  -0.222  0.415  0.566  3.009  1.478  1.771  1.486  -1.330  1.908  1.530  1.890  1.908  -0.607
  651445.370  4765445.800  617.950  4.000  1.620  0.020  45.000  50.000  0.000  90.000  0.000  0.000  0.000  10.000  0.000  0.000  0.000  0.000  30000.000  1.234  -0.526  0.216  0.416  0.567  2.102  1.481  1.775  1.489  -1.059  1.913  1.533  1.896  1.913  0.116
  651745.290  4766060.560  590.200  4.000  -99.000  -99.000  -99.000  -99.000  0.000  40.000  0.000  0.000  0.000  60.000  0.000  0.000  0.000  0.000  60000.000  -99.000  -99.000  -99.000  -99.000  0.568  0.449  1.483  1.780  1.492  0.122  1.919  1.536  1.902  1.919  1.558
  651544.610  4765505.780  506.930  4.000  0.720  0.000  63.000  130.000  0.000  90.000  0.000  0.000  0.000  10.000  0.000  0.000  0.000  0.000  30000.000  0.166  -1.480  0.511  0.726  0.569  2.111  1.486  1.784  1.495  -1.057  1.925  1.539  1.908  1.925  0.117
  650967.640  4766003.390  757.990  4.000  -99.000  -99.000  -99.000  -99.000  0.000  0.000  0.000  0.000  0.000  0.000  0.000  0.000  0.000  0.000  0.000  -99.000  -99.000  -99.000  -99.000  0.570  -0.989  1.489  1.789  1.498  -1.328  1.931  1.542  1.913  1.931  -2.094
  651431.130  4765741.650  496.350  4.000  1.160  0.060  140.000  50.000  70.000  20.000  0.000  0.000  0.000  10.000  0.000  0.000  0.000  0.000  10000.000  0.764  0.384  1.322  0.417  1.937  -0.150  1.492  1.793  1.501  -1.055  1.937  1.545  1.919  1.937  -1.199
  651386.560  4765864.790  534.760  4.000  1.230  0.050  110.000  50.000  10.000  60.000  0.000  0.000  0.000  30.000  0.000  0.000  0.000  0.000  30000.000  0.835  0.236  1.073  0.418  0.901  0.998  1.495  1.798  1.503  -0.583  1.943  1.549  1.925  1.943  0.118
  651502.260  4765880.950  484.140  4.000  1.120  0.070  98.000  50.000  20.000  40.000  0.000  0.000  0.000  40.000  0.000  0.000  0.000  0.000  50000.000  0.706  0.501  0.921  0.419  1.113  0.451  1.498  1.803  1.506  -0.355  1.950  1.552  1.931  1.950  1.172
  651150.220  4765744.940  747.220  4.000  1.460  0.050  91.000  25.000  0.000  90.000  0.000  0.000  0.000  10.000  0.000  0.000  0.000  0.000  30000.000  1.096  0.237  0.850  -1.122  0.571  2.120  1.501  1.808  1.509  -1.054  1.956  1.555  1.937  1.956  0.119
  651565.850  4766452.820  525.140  4.000  0.590  0.150  5.000  500.000  0.000  60.000  0.000  0.000  0.000  40.000  0.000  0.000  0.000  0.000  15000.000  -0.052  1.061  -1.269  1.366  0.572  1.000  1.503  1.813  1.512  -0.354  1.962  1.558  1.943  1.962  -1.049
  651469.450  4765887.990  555.020  4.000  1.070  0.060  105.000  50.000  0.000  90.000  0.000  0.000  0.000  10.000  0.000  0.000  0.000  0.000  20000.000  0.653  0.385  1.020  0.420  0.573  2.129  1.506  1.817  1.515  -1.052  1.969  1.561  1.950  1.969  -0.606
  651240.640  4765352.390  518.960  4.000  1.240  0.000  98.000  50.000  30.000  50.000  0.000  0.000  0.000  20.000  0.000  0.000  0.000  0.000  30000.000  0.844  -1.477  0.923  0.422  1.353  0.700  1.509  1.822  1.518  -0.834  1.975  1.564  1.956  1.975  0.120
  651494.170  4765421.920  451.850  4.000  0.410  0.020  165.000  140.000  100.000  0.000  0.000  0.000  0.000  0.000  0.000  0.000  0.000  0.000  10000.000  -0.352  -0.525  1.524  0.782  3.558  -0.988  1.512  1.827  1.521  -1.325  1.982  1.567  1.962  1.982  -1.197
  651430.880  4765465.130  583.600  4.000  2.250  0.070  45.000  50.000  0.000  100.000  0.000  0.000  0.000  0.000  0.000  0.000  0.000  0.000  30000.000  1.676  0.502  0.217  0.423  0.575  3.110  1.515  1.832  1.524  -1.323  1.989  1.571  1.969  1.989  0.121
  651719.160  4766086.000  442.640  4.000  1.370  0.110  24.000  120.000  20.000  60.000  0.000  0.000  0.000  20.000  0.000  0.000  0.000  0.000  40000.000  0.997  0.838  -0.307  0.683  1.115  1.001  1.518  1.837  1.527  -0.833  1.996  1.574  1.975  1.996  0.741
  651508.330  4765672.470  154.070  4.000  0.560  0.010  53.000  50.000  70.000  20.000  0.000  0.000  0.000  10.000  0.000  0.000  0.000  0.000  10000.000  -0.094  -0.978  0.354  0.424  1.943  -0.150  1.521  1.842  1.530  -1.051  2.002  1.577  1.982  2.002  -1.195
  651155.920  4766098.050  988.320  4.000  -99.000  -99.000  -99.000  -99.000  0.000  0.000  0.000  0.000  0.000  100.000  0.000  0.000  0.000  0.000  10000.000  -99.000  -99.000  -99.000  -99.000  0.576  -0.986  1.524  1.848  1.533  2.729  2.009  1.580  1.989  2.009  -1.193
  651687.670  4765503.990  194.280  4.000  0.020  0.030  5.000  50.000  0.000  10.000  0.000  0.000  0.000  90.000  0.000  0.000  0.000  0.000  30000.000  -1.793  -0.218  -1.266  0.425  0.577  -0.503  1.527  1.853  1.536  1.204  2.017  1.584  1.996  2.017  0.122
  651254.150  4765690.330  657.180  4.000  1.250  0.070  67.000  50.000  30.000  50.000  0.000  0.000  0.000  20.000  0.000  0.000  0.000  0.000  50000.000  0.857  0.503  0.559  0.426  1.355  0.701  1.530  1.858  1.539  -0.832  2.024  1.587  2.002  2.024  1.174
  651608.950  4766162.230  534.020  4.000  1.190  0.040  41.000  50.000  90.000  10.000  0.000  0.000  0.000  0.000  0.000  0.000  0.000  0.000  30000.000  0.793  0.015  0.132  0.427  2.316  -0.502  1.533  1.863  1.542  -1.321  2.031  1.590  2.009  2.031  0.123
  651398.120  4765713.150  569.500  4.000  1.530  0.040  15.000  50.000  90.000  10.000  0.000  0.000  0.000  0.000  0.000  0.000  0.000  0.000  10000.000  1.168  0.016  -0.667  0.429  2.330  -0.501  1.536  1.869  1.545  -1.319  2.039  1.594  2.017  2.039  -1.191
  651720.490  4766084.630  450.410  4.000  2.860  0.360  120.000  50.000  0.000  50.000  0.000  0.000  0.000  50.000  0.000  0.000  0.000  0.000  60000.000  1.896  1.804  1.161  0.430  0.578  0.702  1.539  1.874  1.549  -0.143  2.046  1.597  2.024  2.046  1.561
  650922.400  4764995.270  864.350  4.000  0.310  0.060  47.000  -99.000  0.000  20.000  0.000  0.000  0.000  80.000  0.000  0.000  0.000  0.000  40000.000  -0.527  0.387  0.253  -99.000  0.579  -0.149  1.542  1.879  1.552  0.789  2.054  1.600  2.031  2.054  0.742
  651609.550  4765965.030  446.410  4.000  0.540  0.020  82.000  50.000  0.000  100.000  0.000  0.000  0.000  0.000  0.000  0.000  0.000  0.000  10000.000  -0.139  -0.523  0.742  0.431  0.580  3.258  1.545  1.885  1.555  -1.316  2.062  1.604  2.039  2.062  -1.189
  651469.190  4765948.860  614.380  4.000  0.660  0.030  43.000  50.000  0.000  10.000  20.000  0.000  0.000  70.000  0.000  0.000  0.000  0.000  25000.000  0.060  -0.217  0.179  0.432  0.581  -0.500  2.330  1.890  1.558  0.446  2.069  1.607  2.046  2.069  -0.512
  651004.460  4764792.070  930.480  4.000  0.280  0.040  64.280  405.400  5.000  11.000  0.000  0.000  0.000  84.000  0.000  0.000  0.000  0.000  130000.000  -0.587  0.017  0.525  1.257  0.683  -0.484  1.549  1.896  1.561  0.815  2.077  1.610  2.054  2.077  2.375
  650247.400  4765077.550  946.060  4.000  0.160  0.030  24.980  8.540  0.000  10.000  0.000  0.000  0.000  90.000  0.000  0.000  0.000  0.000  20000.000  -0.879  -0.216  -0.297  -1.709  0.582  -0.499  1.552  1.902  1.564  1.206  2.086  1.614  2.062  2.086  -0.605
  651291.890  4765638.700  484.650  4.000  0.840  0.020  165.000  50.000  30.000  30.000  0.000  0.000  0.000  40.000  0.000  0.000  0.000  0.000  30000.000  0.347  -0.522  1.527  0.433  1.358  0.148  1.555  1.908  1.567  -0.353  2.094  1.617  2.069  2.094  0.124
  651578.990  4765715.540  526.500  4.000  0.680  0.030  23.000  50.000  30.000  40.000  0.000  0.000  0.000  30.000  0.000  0.000  0.000  0.000  10000.000  0.096  -0.215  -0.351  0.434  1.360  0.452  1.558  1.913  1.571  -0.582  2.102  1.621  2.077  2.102  -1.187
  650059.090  4764902.780  976.390  4.000  0.090  0.030  6.210  3.360  0.000  0.000  0.000  0.000  0.000  100.000  0.000  0.000  0.000  0.000  10000.000  -1.127  -0.214  -1.186  -2.341  0.583  -0.985  1.561  1.919  1.574  2.770  2.111  1.624  2.086  2.111  -1.185
  651126.640  4765401.690  1041.680  4.000  0.090  0.010  35.000  25.000  0.000  20.000  0.000  0.000  0.000  80.000  0.000  0.000  0.000  0.000  20000.000  -1.125  -0.976  0.005  -1.120  0.585  -0.148  1.564  1.925  1.577  0.790  2.120  1.628  2.094  2.120  -0.604
  651474.070  4765904.490  538.210  4.000  1.170  0.030  40.000  50.000  20.000  40.000  0.000  0.000  0.000  40.000  0.000  0.000  0.000  0.000  20000.000  0.776  -0.213  0.111  0.436  1.116  0.453  1.567  1.931  1.580  -0.352  2.129  1.631  2.102  2.129  -0.602
  650825.530  4766167.370  163.530  5.000  0.400  0.230  9.030  5.700  0.000  30.000  0.000  0.000  0.000  65.000  0.000  5.000  0.000  0.000  35000.000  -0.367  1.387  -1.055  -1.932  0.586  0.149  1.571  1.937  1.584  0.181  2.138  2.869  2.111  2.138  0.200
  651284.260  4766558.940  209.760  5.000  -99.000  -99.000  -99.000  -99.000  0.000  20.000  0.000  0.000  0.000  80.000  0.000  0.000  0.000  0.000  15000.000  -99.000  -99.000  -99.000  -99.000  0.587  -0.147  1.574  1.943  1.587  0.791  2.147  1.635  2.120  2.147  -1.047
  651394.970  4766707.390  -117.640  5.000  -99.000  -99.000  -99.000  -99.000  0.000  85.000  0.000  0.000  0.000  15.000  0.000  0.000  0.000  0.000  15000.000  -99.000  -99.000  -99.000  -99.000  0.588  1.699  1.577  1.950  1.590  -1.036  2.157  1.639  2.129  2.157  -1.046
  651037.080  4766189.330  -304.380  5.000  0.270  0.050  20.500  6.900  0.000  10.000  0.000  0.000  0.000  88.000  0.000  2.000  0.000  0.000  20000.000  -0.602  0.238  -0.456  -1.831  0.589  -0.498  1.580  1.956  1.594  0.893  2.166  2.094  2.138  2.166  -0.601
  650977.530  4766182.930  -169.040  5.000  0.660  0.080  89.300  4.800  0.000  35.000  0.000  0.000  0.000  60.000  0.000  5.000  0.000  0.000  30000.000  0.061  0.609  0.825  -2.057  0.590  0.211  1.584  1.962  1.597  0.123  2.176  2.932  2.147  2.176  0.125
  650901.700  4766391.870  -58.840  5.000  -99.000  -99.000  -99.000  -99.000  30.000  60.000  0.000  0.000  0.000  10.000  0.000  0.000  0.000  0.000  30000.000  -99.000  -99.000  -99.000  -99.000  1.362  1.003  1.587  1.969  1.600  -1.049  2.186  1.642  2.157  2.186  0.126
  650876.780  4766172.750  52.950  5.000  0.620  0.320  70.300  9.300  2.000  15.000  0.000  0.000  0.000  78.000  0.000  5.000  0.000  0.000  35000.000  -0.007  1.663  0.608  -1.627  0.625  -0.424  1.590  1.975  1.604  0.507  2.197  3.009  2.166  2.197  0.201
  651264.640  4766578.180  25.800  5.000  -99.000  -99.000  -99.000  -99.000  20.000  70.000  0.000  0.000  0.000  10.000  0.000  0.000  0.000  0.000  20000.000  -99.000  -99.000  -99.000  -99.000  1.118  1.355  1.594  1.982  1.607  -1.047  2.207  1.646  2.176  2.207  -0.600
  650760.490  4766162.460  309.620  5.000  0.590  0.160  76.300  9.000  5.000  30.000  0.000  0.000  0.000  60.000  0.000  5.000  0.000  0.000  20000.000  -0.051  1.102  0.677  -1.652  0.684  0.150  1.597  1.989  1.610  0.124  2.218  3.110  2.186  2.218  -0.599
  651184.410  4766199.810  -665.240  5.000  0.110  0.080  7.660  4.800  0.000  20.000  0.000  0.000  0.000  80.000  0.000  0.000  0.000  0.000  15000.000  -1.050  0.611  -1.100  -2.048  0.591  -0.146  1.600  1.996  1.614  0.793  2.229  1.649  2.197  2.229  -1.044
  651384.640  4766686.430  2.100  5.000  -99.000  -99.000  -99.000  -99.000  20.000  70.000  0.000  0.000  0.000  10.000  0.000  0.000  0.000  0.000  20000.000  -99.000  -99.000  -99.000  -99.000  1.120  1.358  1.604  2.002  1.617  -1.046  2.241  1.653  2.207  2.241  -0.598
  650882.070  4766391.010  -55.140  5.000  -99.000  -99.000  -99.000  -99.000  30.000  60.000  0.000  0.000  0.000  10.000  0.000  0.000  0.000  0.000  30000.000  -99.000  -99.000  -99.000  -99.000  1.365  1.004  1.607  2.009  1.621  -1.044  2.252  1.657  2.218  2.252  0.127
  651290.360  4766518.320  -34.620  5.000  -99.000  -99.000  -99.000  -99.000  30.000  50.000  0.000  0.000  0.000  20.000  0.000  0.000  0.000  0.000  25000.000  -99.000  -99.000  -99.000  -99.000  1.367  0.703  1.610  2.017  1.624  -0.830  2.264  1.660  2.229  2.264  -0.510
  651055.480  4766191.440  -346.480  5.000  0.170  0.030  9.970  3.500  0.000  25.000  0.000  0.000  0.000  75.000  0.000  0.000  0.000  0.000  15000.000  -0.842  -0.212  -1.013  -2.294  0.592  -0.085  1.614  2.024  1.628  0.499  2.277  1.664  2.241  2.277  -1.042
  650787.730  4766164.270  247.350  5.000  0.510  0.870  7.540  14.900  0.000  20.000  0.000  0.000  0.000  80.000  0.000  0.000  0.000  0.000  20000.000  -0.195  2.535  -1.117  -1.399  0.593  -0.145  1.617  2.031  1.631  0.794  2.289  1.668  2.252  2.289  -0.597
  650332.300  4765050.360  981.320  5.000  1.070  0.860  18.400  14.050  0.000  34.000  0.000  0.000  0.000  66.000  0.000  0.000  0.000  0.000  60000.000  0.654  2.442  -0.537  -1.413  0.595  0.155  1.621  2.039  1.635  0.182  2.302  1.672  2.264  2.302  1.564
  651280.890  4766524.360  -208.260  5.000  -99.000  -99.000  -99.000  -99.000  0.000  80.000  0.000  0.000  0.000  20.000  0.000  0.000  0.000  0.000  15000.000  -99.000  -99.000  -99.000  -99.000  0.596  1.687  1.624  2.046  1.639  -0.829  2.316  1.676  2.277  2.316  -1.041
  650794.220  4766164.730  232.730  5.000  0.490  0.200  4.920  2.900  5.000  34.000  0.000  0.000  0.000  60.000  0.000  1.000  0.000  0.000  25000.000  -0.225  1.273  -1.791  -2.501  0.685  0.156  1.628  2.054  1.642  0.125  2.330  1.813  2.289  2.330  -0.509
  650911.520  4766392.300  -60.700  5.000  -99.000  -99.000  -99.000  -99.000  30.000  60.000  0.000  0.000  0.000  10.000  0.000  0.000  0.000  0.000  30000.000  -99.000  -99.000  -99.000  -99.000  1.370  1.006  1.631  2.062  1.646  -1.042  2.344  1.679  2.302  2.344  0.128
  651070.450  4766192.960  -381.380  5.000  0.120  0.040  25.100  3.200  0.000  10.000  0.000  0.000  0.000  88.000  0.000  2.000  0.000  0.000  15000.000  -1.020  0.018  -0.256  -2.394  0.597  -0.497  1.635  2.069  1.649  0.894  2.359  2.102  2.316  2.359  -1.039
  651044.280  4766190.150  -320.850  5.000  0.160  0.020  10.500  3.300  0.000  30.000  0.000  0.000  0.000  67.000  0.000  3.000  0.000  0.000  10000.000  -0.877  -0.521  -0.942  -2.376  0.598  0.150  1.639  2.077  1.653  0.188  2.375  2.407  2.330  2.375  -1.183
  650120.890  4765127.730  1011.080  6.000  -99.000  -99.000  -99.000  -99.000  0.000  10.000  0.000  0.000  0.000  90.000  0.000  0.000  0.000  0.000  6000.000  -99.000  -99.000  -99.000  -99.000  0.599  -0.496  1.642  2.086  1.657  1.208  2.391  1.683  2.344  2.391  -1.808
  650917.220  4764807.810  925.810  6.000  0.630  0.010  8.560  475.200  5.000  10.000  0.000  0.000  0.000  85.000  0.000  0.000  0.000  0.000  150000.000  0.010  -0.975  -1.067  1.341  0.687  -0.495  1.646  2.094  1.660  0.887  2.407  1.687  2.359  2.407  3.009
  650787.050  4765248.830  1079.890  6.000  -99.000  -99.000  -99.000  -99.000  0.000  0.000  0.000  0.000  0.000  100.000  0.000  0.000  0.000  0.000  10000.000  -99.000  -99.000  -99.000  -99.000  0.600  -0.983  1.649  2.102  1.664  2.816  2.425  1.691  2.375  2.425  -1.182
  650317.240  4765050.260  1118.100  6.000  0.070  0.000  6.940  204.000  0.000  1.000  0.000  0.000  0.000  99.000  0.000  0.000  0.000  0.000  10000.000  -1.295  -1.474  -1.151  0.962  0.601  -0.959  1.653  2.111  1.668  1.486  2.443  1.695  2.391  2.443  -1.180
  650270.990  4765248.680  1055.540  6.000  0.010  0.000  0.650  28.800  0.000  0.000  0.000  0.000  0.000  100.000  0.000  0.000  0.000  0.000  1300.000  -1.942  -1.471  -2.834  -1.083  0.602  -0.981  1.657  2.120  1.672  2.869  2.462  1.699  2.407  2.462  -2.046
  650438.410  4764916.160  1031.540  6.000  0.100  0.040  7.290  54.700  0.000  10.000  0.000  0.000  0.000  90.000  0.000  0.000  0.000  0.000  25000.000  -1.093  0.019  -1.133  0.455  0.604  -0.493  1.660  2.129  1.676  1.210  2.481  1.703  2.425  2.481  -0.508
  650455.660  4764909.380  1082.260  6.000  0.070  0.110  6.700  61.900  0.000  20.000  0.000  0.000  0.000  80.000  0.000  0.000  0.000  0.000  15000.000  -1.292  0.839  -1.167  0.472  0.605  -0.144  1.664  2.138  1.679  0.795  2.502  1.707  2.443  2.502  -1.038
  650921.890  4764809.730  1051.700  6.000  0.070  0.010  4.500  223.480  10.000  10.000  0.000  0.000  0.000  80.000  0.000  0.000  0.000  0.000  100000.000  -1.290  -0.973  -1.852  0.998  0.903  -0.492  1.668  2.147  1.683  0.796  2.524  1.711  2.462  2.524  2.264
  650538.330  4764915.360  1023.090  6.000  0.170  0.110  13.250  62.700  0.000  10.000  0.000  0.000  0.000  90.000  0.000  0.000  0.000  0.000  36500.000  -0.841  0.841  -0.778  0.476  0.606  -0.491  1.672  2.157  1.687  1.212  2.548  1.715  2.481  2.548  0.203
  651393.790  4766704.940  -103.910  6.000  -99.000  -99.000  -99.000  -99.000  0.000  100.000  0.000  0.000  0.000  0.000  0.000  0.000  0.000  0.000  10000.000  -99.000  -99.000  -99.000  -99.000  0.607  3.558  1.676  2.166  1.691  -1.314  2.573  1.719  2.502  2.573  -1.178
  650919.760  4764809.200  995.750  6.000  0.030  0.010  10.980  134.400  10.000  10.000  0.000  0.000  0.000  80.000  0.000  0.000  0.000  0.000  100000.000  -1.639  -0.971  -0.924  0.736  0.904  -0.490  1.679  2.176  1.695  0.798  2.599  1.723  2.524  2.599  2.277
  650363.380  4765103.660  1081.890  6.000  0.050  0.040  4.010  20.600  0.000  0.000  0.000  0.000  0.000  100.000  0.000  0.000  0.000  0.000  7000.000  -1.415  0.020  -1.969  -1.236  0.608  -0.980  1.683  2.186  1.699  2.932  2.628  1.727  2.548  2.628  -1.784
  650548.140  4764822.340  1127.090  6.000  0.060  0.010  10.300  71.260  0.000  0.000  0.000  0.000  0.000  100.000  0.000  0.000  0.000  0.000  30000.000  -1.345  -0.970  -0.955  0.499  0.609  -0.978  1.687  2.197  1.703  3.009  2.658  1.731  2.573  2.658  0.129
  650418.090  4764924.590  971.450  6.000  0.090  0.080  13.600  82.900  0.000  7.000  0.000  0.000  0.000  90.000  0.000  3.000  0.000  0.000  20000.000  -1.123  0.612  -0.764  0.521  0.610  -0.804  1.691  2.207  1.707  1.214  2.692  2.425  2.599  2.692  -0.596
  650921.590  4764809.690  1043.710  6.000  0.040  0.010  4.060  89.920  10.000  10.000  0.000  0.000  0.000  80.000  0.000  0.000  0.000  0.000  100000.000  -1.512  -0.968  -1.955  0.534  0.905  -0.489  1.695  2.218  1.711  0.799  2.729  1.736  2.628  2.729  2.289
  650922.110  4764809.730  1059.700  6.000  0.060  0.010  58.930  101.670  10.000  10.000  0.000  0.000  0.000  80.000  0.000  0.000  0.000  0.000  100000.000  -1.342  -0.966  0.441  0.573  0.907  -0.488  1.699  2.229  1.715  0.800  2.770  1.740  2.658  2.770  2.302
  651395.650  4766708.790  -125.490  6.000  -99.000  -99.000  -99.000  -99.000  0.000  95.000  0.000  0.000  0.000  5.000  0.000  0.000  0.000  0.000  10000.000  -99.000  -99.000  -99.000  -99.000  0.611  2.138  1.703  2.241  1.719  -1.312  2.816  1.744  2.692  2.816  -1.176
  651069.800  4764899.530  975.820  6.000  0.030  0.020  7.580  20.360  0.000  0.000  0.000  0.000  0.000  100.000  0.000  0.000  0.000  0.000  16500.000  -1.635  -0.520  -1.111  -1.241  0.613  -0.977  1.707  2.252  1.723  3.110  2.869  1.749  2.729  2.869  -1.036
  650126.150  4765133.430  1058.450  6.000  0.010  0.000  0.610  10.300  0.000  10.000  0.000  0.000  0.000  90.000  0.000  0.000  0.000  0.000  6000.000  -1.936  -1.468  -2.897  -1.558  0.614  -0.487  1.711  2.264  1.727  1.216  2.932  1.753  2.770  2.932  -1.803
  650364.380  4765105.450  1085.330  6.000  0.050  0.050  4.600  26.100  0.000  0.000  0.000  0.000  0.000  100.000  0.000  0.000  0.000  0.000  7000.000  -1.412  0.239  -1.835  -1.106  0.615  -0.975  1.715  2.277  1.731  3.258  3.009  1.757  2.816  3.009  -1.780
  650920.230  4764809.360  1007.740  6.000  0.160  0.000  23.410  614.450  10.000  10.000  0.000  0.000  0.000  80.000  0.000  0.000  0.000  0.000  100000.000  -0.876  -1.465  -0.343  1.484  0.908  -0.486  1.719  2.289  1.736  0.802  3.110  1.762  2.869  3.110  2.316
  650305.420  4765049.910  1086.220  6.000  0.050  0.000  4.660  23.700  0.000  1.000  0.000  0.000  0.000  99.000  0.000  0.000  0.000  0.000  10000.000  -1.409  -1.462  -1.829  -1.172  0.616  -0.957  1.723  2.302  1.740  1.489  3.258  1.766  2.932  3.258  -1.174
  650260.490  4765248.220  992.410  6.000  -99.000  -99.000  -99.000  -99.000  0.000  0.000  0.000  0.000  0.000  100.000  0.000  0.000  0.000  0.000  3000.000  -99.000  -99.000  -99.000  -99.000  0.617  -0.974  1.727  2.316  1.744  3.558  3.558  1.771  3.009  3.558  -1.975
