Easting,Northing,Elevation,Cu,Au,Mo,As,Bn,Cp,Cc,Cv,En,Py,Pyr,Mol,Ga,Sph,TS,Alteration
651331.66,4766465.17,194.35,0.67,0.18,70,50,0,12000,0,0,0,28000,0,0,0,0,40000,PHY
651330.64,4766465.2,192.63,0.58,0.34,95,50,0,10000,0,0,0,40000,0,0,0,0,50000,PHY
651329.62,4766465.22,190.91,0.67,0.11,440,50,0,12000,0,0,0,28000,0,0,0,0,40000,PHY
651327.58,4766465.28,187.47,0.76,0.11,115,50,4000,12000,0,0,0,24000,0,0,0,0,40000,PHY
651326.56,4766465.31,185.75,1.05,0.1,180,50,0,16000,0,0,0,24000,0,0,0,0,40000,PHY
651325.54,4766465.33,184.03,0.98,0.13,85,50,0,21000,0,0,0,9000,0,0,0,0,30000,PHY
651324.52,4766465.36,182.31,0.91,0.21,110,50,0,18000,0,0,0,12000,0,0,0,0,30000,PHY
651323.5,4766465.39,180.59,0.83,0.27,70,50,0,18000,0,0,0,12000,0,0,0,0,30000,PHY
651322.48,4766465.41,178.87,0.68,0.34,90,50,0,17500,0,0,0,7500,0,0,0,0,25000,PHY
651320.44,4766465.47,175.43,0.59,0.11,55,50,0,18000,0,0,0,12000,0,0,0,0,30000,PHY
651318.41,4766465.52,171.99,0.79,0.09,70,50,0,14000,0,0,0,6000,0,0,0,0,20000,PHY
651317.39,4766465.55,170.27,0.68,0.14,60,50,0,20000,0,0,0,5000,0,0,0,0,25000,PHY
651316.37,4766465.58,168.55,0.74,0.09,60,50,0,17500,0,0,0,7500,0,0,0,0,25000,PHY
651313.31,4766465.66,163.39,0.73,1.5,50,50,0,12000,0,0,0,18000,0,0,0,0,30000,PHY
651310.25,4766465.74,158.23,1.27,0.6,40,50,0,15000,0,0,0,15000,0,0,0,0,30000,PHY
650723.17,4766160.12,395.87,0.1,0.03,7.17,15.5,0,500,0,0,0,4500,0,0,0,0,5000,PHY
650723.96,4766160.17,394.03,0.63,0.34,43,65.7,0,9000,0,0,0,21000,0,0,0,0,30000,PHY
650728.7,4766160.44,383.01,0.22,0.05,25.5,22.4,0,2000,0,0,0,18000,0,0,0,0,20000,PHY
650808.95,4766165.91,199.9,0.8,0.47,6.68,3.1,7500,33500,0,0,0,8000,0,1000,0,0,50000,PTS
650843.15,4766169.09,125.44,0.58,0.31,22.7,2.8,12000,11400,0,0,0,6000,0,600,0,0,30000,PTS
650808.13,4766165.84,201.72,0.29,0.11,9.56,2.8,800,28000,0,0,0,9200,0,2000,0,0,40000,PTS
650884.3,4766173.62,36.62,0.78,0.52,11.9,3.1,10500,12000,0,0,0,6900,0,600,0,0,30000,PTS
650883.47,4766173.52,38.43,0.7,0.38,46.3,2.7,6000,15000,0,0,0,8100,0,900,0,0,30000,PTS
650813.07,4766166.26,190.79,0.6,0.47,5.91,4.5,5000,29000,0,0,0,15000,0,1000,0,0,50000,PTS
650840.62,4766168.82,130.87,0.43,0.21,7.56,2.6,7500,9250,0,0,0,7500,0,750,0,0,25000,PTS
650842.3,4766169,127.25,0.54,0.2,14.65,1.8,7500,9500,0,0,0,7500,0,500,0,0,25000,PTS
650882.63,4766173.42,40.25,0.61,0.39,18.3,2.6,10500,9900,0,0,0,9000,0,600,0,0,30000,PTS
650852.35,4765727.45,221.28,0.23,0.04,14.4,2.6,0,10500,0,0,0,4500,0,0,0,0,15000,PTS
651230.63,4766406.92,81.01,0.8,0.12,18.15,8.9,0,22750,0,1750,0,10500,0,0,0,0,35000,PTS
651230.63,4766406.92,79.01,0.38,0.07,57.9,4.5,0,22750,0,1750,0,10500,0,0,0,0,35000,PTS
651230.63,4766406.92,77.01,0.58,0.07,22.1,5.1,0,22750,0,1750,0,10500,0,0,0,0,35000,PTS
651230.63,4766406.93,75.01,0.46,0.05,29.2,9.7,0,22750,0,1750,0,10500,0,0,0,0,35000,PTS
651230.63,4766406.93,73.01,0.45,0.05,31.4,3.6,0,22750,0,1750,0,10500,0,0,0,0,35000,PTS
650753.31,4766161.94,326.12,0.51,0.12,29,7.9,0,12000,0,0,0,18000,0,0,0,0,30000,PHY
650754.11,4766161.99,324.29,0.43,0.16,18.1,11.5,0,7500,0,0,0,22500,0,0,0,0,30000,PHY
650754.91,4766162.03,322.46,0.32,0.33,33,46.9,0,13200,0,0,0,26000,0,800,0,0,40000,PHY
651230.63,4766406.93,69.01,0.48,0.04,27.3,15.4,0,22750,0,1750,0,10500,0,0,0,0,35000,PTS
650841.46,4766168.91,129.06,0.35,0.17,8.95,2.4,7500,12000,0,0,0,9900,0,600,0,0,30000,PTS
650887.65,4766174,29.36,0.35,0.21,25,2.6,3750,12500,0,0,0,8250,0,500,0,0,25000,PTS
650807.31,4766165.77,203.55,0.41,0.26,16.65,3.3,1750,20300,0,0,0,12250,0,700,0,0,35000,PTS
650809.78,4766165.98,198.08,0.59,0.5,9.23,3.6,4000,27500,0,0,0,17500,0,1000,0,0,50000,PTS
651025.88,4766188.04,-278.75,1.08,0.08,21.8,3.3,0,18000,0,0,0,10500,0,1500,0,0,30000,PTS
650857.48,4766170.61,94.65,0.92,0.38,32.1,13.2,12000,12000,0,0,0,15200,0,800,0,0,40000,PTS
650858.33,4766170.69,92.84,0.85,0.41,45.87,3.76,8000,16000,0,0,0,15200,0,800,0,0,40000,PTS
650763.67,4766162.71,302.29,0.62,0.33,37.6,99.9,1500,10500,0,0,0,16500,0,1500,0,0,30000,PHY
650806.49,4766165.7,205.37,0.74,0.25,12,3.7,1500,27500,0,0,0,20000,0,1000,0,0,50000,PTS
650895.17,4766174.87,13.03,0.75,0.62,24.4,19.8,3000,15000,0,0,0,12000,0,0,0,0,30000,PTS
650996.91,4766185.12,-212.9,0.77,0.16,624,5.5,0,20000,0,0,0,16000,0,4000,0,0,40000,PTS
651000.94,4766185.52,-222.04,0.65,0.61,97,7.1,0,15000,0,0,0,12000,0,3000,0,0,30000,PTS
650894.33,4766174.78,14.84,0.57,0.43,7.15,4.8,6000,16000,0,0,0,18000,0,0,0,0,40000,PTS
650826.37,4766167.45,161.71,0.8,0.59,10.1,4.1,8000,12000,0,0,0,18800,0,1200,0,0,40000,PTS
650855.8,4766170.43,98.27,0.5,0.41,50.8,9.3,3000,12000,0,0,0,14100,0,900,0,0,30000,PTS
650860.86,4766170.96,87.4,0.56,0.29,17.15,1.8,8000,12000,0,0,0,18800,0,1200,0,0,40000,PTS
650916,4766177.11,-32.37,0.39,0.4,49.7,3.5,1000,9000,0,0,0,9400,0,600,0,0,20000,PTS
650745.34,4766161.44,344.46,1.03,0.55,60.7,259,2000,18000,0,0,0,20000,0,0,0,0,40000,PTS
650777.26,4766163.67,271.14,0.42,0.18,108,17.2,0,6000,0,0,0,13000,0,1000,0,0,20000,PHY
650778.88,4766163.76,267.48,0.49,0.22,50.4,53.6,0,7000,0,0,0,12400,0,600,0,0,20000,PHY
650779.68,4766163.81,265.65,0.59,0.28,65.2,42.2,0,9000,0,0,0,19500,0,1500,0,0,30000,PHY
650780.49,4766163.85,263.82,0.65,0.18,22.5,17.4,0,9000,0,0,0,21000,0,0,0,0,30000,PHY
650782.1,4766163.95,260.16,0.66,0.22,38.2,33.3,0,9900,0,0,0,19500,0,600,0,0,30000,PHY
650757.3,4766162.22,316.96,1.23,0.54,129.5,71.1,3000,24000,0,0,0,30000,0,3000,0,0,60000,PTS
650818.02,4766166.69,179.87,0.48,0.27,10.8,3.2,3000,11400,0,0,0,15000,0,600,0,0,30000,PTS
650820.53,4766166.92,174.43,0.64,0.55,42.8,4.3,4500,9000,0,0,0,15000,0,1500,0,0,30000,PTS
650821.36,4766166.99,172.61,0.38,0.17,4.54,3.5,3750,8000,0,0,0,12500,0,750,0,0,25000,PTS
650865.92,4766171.5,76.54,1.18,0.66,316,14.9,5000,17500,0,0,0,25000,0,2500,0,0,50000,PTS
650881.8,4766173.33,42.06,0.74,0.44,57.5,13.5,5250,11200,0,0,0,17500,0,1050,0,0,35000,PTS
650888.48,4766174.1,27.55,0.64,0.4,102,2.8,4000,14000,0,0,0,20000,0,2000,0,0,40000,PTS
650916.82,4766177.19,-34.19,0.47,0.18,13.65,2.6,3000,10500,0,0,0,15000,0,1500,0,0,30000,PTS
650917.65,4766177.26,-36.01,0.41,0.21,5.89,12.8,1200,13800,0,0,0,15000,0,0,0,0,30000,PTS
650997.72,4766185.2,-214.73,0.76,0.27,319,4.8,0,16000,0,0,0,20000,0,4000,0,0,40000,PTS
650998.52,4766185.28,-216.56,1.04,0.21,278,3.2,0,16000,0,0,0,20000,0,4000,0,0,40000,PTS
651043.48,4766190.06,-319.02,0.15,0.03,65.4,3.5,0,6750,0,0,0,7500,0,750,0,0,15000,PTS
650850.04,4765727.53,226.82,0.15,0.02,14.15,6.4,0,7500,0,0,0,7500,0,0,0,0,15000,PTS
650851.58,4765727.47,223.13,0.18,0.03,13.7,2.8,0,7500,0,0,0,7500,0,0,0,0,15000,PTS
650765.27,4766162.83,298.62,0.6,0.32,10.15,6.9,600,8000,0,0,0,10800,0,600,0,0,20000,PTS
650775.65,4766163.57,274.8,0.85,0.28,28,74.7,3000,10500,0,0,0,16500,0,0,0,0,30000,PTS
650833.88,4766168.13,145.37,0.59,0.2,33.9,5.9,750,10000,0,0,0,13750,0,500,0,0,25000,PTS
650804.02,4766165.49,210.83,0.6,0.26,22.7,60.8,1200,6000,0,0,0,52200,0,600,0,0,60000,PHY
650805.66,4766165.63,207.19,0.56,0.2,57.6,18.3,800,18800,0,0,0,20000,0,400,0,0,40000,PHY
650910.2,4766176.58,-19.64,0.55,0.46,17.9,6.2,1200,16800,0,0,0,22000,0,0,0,0,40000,PTS
650993.69,4766184.8,-205.58,0.14,0.07,72.3,7,0,7500,0,0,0,11400,0,1100,0,0,20000,PTS
651040.28,4766189.69,-311.7,0.22,0.02,8.17,2.7,0,8000,0,0,0,11400,0,600,0,0,20000,PTS
651045.88,4766190.34,-324.52,0.22,0.04,16.95,4.1,0,6000,0,0,0,8550,0,450,0,0,15000,PTS
650734.23,4766160.77,370.15,0.75,0.2,34,9.3,0,12000,0,0,0,18000,0,0,0,0,30000,PTS
650744.55,4766161.39,346.29,0.58,0.54,16.95,16.5,0,12000,0,0,0,18000,0,0,0,0,30000,PTS
650748.53,4766161.64,337.12,0.43,0.28,9.46,22.6,0,12000,0,0,0,18000,0,0,0,0,30000,PTS
650760.49,4766162.46,309.62,0.59,0.16,76.3,9,1000,6000,0,0,0,12000,0,1000,0,0,20000,PTS
650761.28,4766162.52,307.79,0.74,0.47,22.1,7.6,1000,6000,0,0,0,12000,0,1000,0,0,20000,PTS
650767.66,4766163.01,293.12,0.73,0.22,21.1,10.6,1000,7000,0,0,0,12000,0,0,0,0,20000,PTS
650772.44,4766163.38,282.12,0.36,0.26,25.2,1.9,0,4000,0,0,0,6000,0,0,0,0,10000,PTS
650774.04,4766163.48,278.46,0.5,0.16,27.7,8.5,2000,12000,0,0,0,24000,0,2000,0,0,40000,PTS
650793.41,4766164.67,234.56,0.58,0.24,13.5,3.1,600,11100,0,0,0,18000,0,300,0,0,30000,PTS
650798.29,4766165.03,223.6,0.53,0.24,14.2,3,0,11700,0,0,0,18000,0,300,0,0,30000,PTS
650810.6,4766166.05,196.26,0.34,0.24,14.65,3.2,0,11400,0,0,0,18000,0,600,0,0,30000,PTS
650815.53,4766166.47,185.33,0.42,0.17,7.64,4.1,5000,14000,0,0,0,30000,0,1000,0,0,50000,PTS
650816.35,4766166.54,183.51,0.51,0.32,5.44,2.9,5000,14000,0,0,0,30000,0,1000,0,0,50000,PTS
650856.64,4766170.52,96.46,0.54,0.24,146,1.2,4500,6000,0,0,0,18000,0,1500,0,0,30000,PTS
650860.01,4766170.87,89.22,0.54,0.31,28,1.8,4000,10800,0,0,0,24000,0,1200,0,0,40000,PTS
650911.02,4766176.66,-21.46,0.34,0.14,33,10.1,300,11700,0,0,0,18000,0,0,0,0,30000,PTS
650913.51,4766176.89,-26.91,0.32,0.14,9.68,7.7,0,10500,0,0,0,18000,0,1500,0,0,30000,PTS
650975.9,4766182.77,-165.39,0.59,0.35,338,10.9,0,10500,0,0,0,18000,0,1500,0,0,30000,PTS
650977.53,4766182.93,-169.04,0.66,0.08,89.3,4.8,0,10500,0,0,0,18000,0,1500,0,0,30000,PTS
650991.27,4766184.53,-200.1,0.25,0.04,20.4,3.2,0,4000,0,0,0,6000,0,0,0,0,10000,PTS
650999.33,4766185.36,-218.38,0.2,0.03,34.8,3.5,0,7200,0,0,0,12000,0,800,0,0,20000,PTS
650836.4,4766168.38,139.93,1.25,0.33,15.15,32.6,1500,21000,0,0,0,6000,0,1500,0,0,30000,PHY
650837.24,4766168.47,138.12,0.68,0.42,26.6,41.2,1500,11000,0,0,0,35000,0,2500,0,0,50000,PHY
650838.09,4766168.56,136.31,0.59,0.45,13.9,9.5,0,5000,0,0,0,14000,0,1000,0,0,20000,PHY
651023.48,4766187.77,-273.26,0.43,0.06,28.2,2.9,0,8000,0,0,0,12000,0,0,0,0,20000,PTS
651030.68,4766188.59,-289.73,0.63,0.06,82.6,2.5,0,9250,0,0,0,15000,0,750,0,0,25000,PTS
651046.68,4766190.43,-326.35,0.28,0.07,25.7,3.5,0,7000,0,0,0,12000,0,1000,0,0,20000,PTS
651072.8,4766193.19,-386.89,0.89,0.3,11.55,5.1,0,11400,0,0,0,18000,0,600,0,0,30000,PTS
650850.81,4765727.5,224.97,0.16,0.04,14.4,5.1,0,6000,0,0,0,9000,0,0,0,0,15000,PTS
651031.48,4766188.68,-291.56,0.68,0.06,20.8,2.7,0,10500,0,0,0,18600,0,900,0,0,30000,PTS
650847.36,4766169.54,116.38,0.49,0.19,13.45,3.9,0,8500,0,0,0,40000,0,1500,0,0,50000,PHY
650848.21,4766169.63,114.57,0.65,0.26,83.7,37.5,0,10800,0,0,0,48000,0,1200,0,0,60000,PHY
650865.08,4766171.41,78.35,0.49,0.25,26.2,1.6,1250,7500,0,0,0,15750,0,500,0,0,25000,PTS
651013.02,4766186.71,-249.48,0.34,0.08,243,4.9,0,9000,0,0,0,18900,0,2100,0,0,30000,PTS
651062.61,4766192.2,-363,0.31,0.06,11.5,3.6,0,8750,0,0,0,15750,0,500,0,0,25000,PTS
651141.17,4766198.01,-553.33,0.09,0.03,10.4,9.5,0,5250,0,0,0,9450,0,300,0,0,15000,PTS
650989.66,4766184.34,-196.44,0.37,0.2,54,9.5,0,3500,0,0,0,6400,0,100,0,0,10000,PTS
650747.73,4766161.59,338.96,0.4,0.18,10.3,19.8,0,10500,0,0,0,19500,0,0,0,0,30000,PTS
650783.71,4766164.04,256.5,0.57,0.23,52.8,20.6,0,6000,0,0,0,13000,0,1000,0,0,20000,PTS
650797.48,4766164.97,225.42,0.68,0.28,18.6,6,400,13600,0,0,0,26000,0,0,0,0,40000,PTS
650812.24,4766166.19,192.62,0.32,0.2,3.86,2.3,600,9000,0,0,0,19500,0,900,0,0,30000,PTS
650818.86,4766166.76,178.06,0.42,0.22,6.75,2.9,1500,8400,0,0,0,19500,0,600,0,0,30000,PTS
650825.53,4766167.37,163.53,0.4,0.23,9.03,5.7,0,10500,0,0,0,22750,0,1750,0,0,35000,PTS
650843.99,4766169.18,123.63,0.48,0.2,27,1.9,1250,7500,0,0,0,16250,0,0,0,0,25000,PTS
650874.28,4766172.46,58.39,0.69,0.26,132,6.1,600,9000,0,0,0,19500,0,900,0,0,30000,PTS
650892.66,4766174.58,18.47,0.39,0.26,9.38,22.4,600,6400,0,0,0,13000,0,0,0,0,20000,PTS
650912.68,4766176.81,-25.09,0.43,0.47,22.7,44.4,0,10500,0,0,0,19500,0,0,0,0,30000,PTS
650938.31,4766179.11,-81.5,1.06,0.65,28.8,4,0,10500,0,0,0,19500,0,0,0,0,30000,PTS
650962.83,4766181.45,-136.21,0.16,0.11,47.8,11,0,9000,0,0,0,19500,0,1500,0,0,30000,PTS
650963.65,4766181.54,-138.03,0.5,0.11,116.5,9.3,0,9000,0,0,0,19500,0,1500,0,0,30000,PTS
651022.68,4766187.67,-271.43,0.24,0.04,81,3.5,0,4500,0,0,0,9750,0,750,0,0,15000,PTS
651025.08,4766187.95,-276.92,0.24,0.02,5.75,4.1,0,2700,0,0,0,6500,0,800,0,0,10000,PTS
651026.68,4766188.13,-280.58,0.36,0.06,34.7,3.2,0,5250,0,0,0,9750,0,0,0,0,15000,PTS
651028.28,4766188.32,-284.24,0.28,0.04,20.6,3.9,0,3500,0,0,0,6500,0,0,0,0,10000,PTS
651029.08,4766188.41,-286.07,0.3,0.05,42.8,4.2,0,6000,0,0,0,13000,0,1000,0,0,20000,PTS
651054.68,4766191.34,-344.65,0.16,0.03,29.5,3,0,3500,0,0,0,6500,0,0,0,0,10000,PTS
650981.58,4766183.39,-178.17,0.3,0.11,31.7,3.3,0,6000,0,0,0,13200,0,800,0,0,20000,PTS
651024.28,4766187.86,-275.09,0.2,0.02,68.1,3.1,0,4500,0,0,0,9900,0,600,0,0,15000,PTS
650332.87,4765051.26,983.02,1.46,1.01,22.5,20.8,0,20400,0,0,0,39600,0,0,0,0,60000,PTS
650331.74,4765049.46,979.63,0.55,0.42,14.9,6.55,0,20400,0,0,0,39600,0,0,0,0,60000,PTS
650795.04,4766164.79,230.9,0.47,0.28,31.2,3,600,9000,0,0,0,20100,0,300,0,0,30000,PTS
650796.66,4766164.91,227.25,0.72,0.26,13.95,3.2,1500,15000,0,0,0,33500,0,0,0,0,50000,PTS
650852.42,4766170.07,105.52,0.69,0.49,89.1,8.7,1500,7500,0,0,0,20100,0,900,0,0,30000,PTS
650861.7,4766171.05,85.59,0.34,0.19,46.9,1.4,3000,6000,0,0,0,20100,0,900,0,0,30000,PTS
651013.83,4766186.78,-251.3,0.28,0.04,21.4,2.2,0,4500,0,0,0,10050,0,450,0,0,15000,PTS
651037.88,4766189.42,-306.21,0.48,0.06,67,4.9,0,6000,0,0,0,13400,0,600,0,0,20000,PTS
651102.11,4766195.78,-456.97,0.43,0.2,10,13.1,0,9000,0,0,0,20100,0,900,0,0,30000,PTS
651108.21,4766196.2,-471.75,0.47,0.16,29.9,9.9,0,18000,0,0,0,40200,0,1800,0,0,60000,PTS
650893.5,4766174.68,16.66,0.52,0.39,37.5,44,0,12000,0,0,0,28000,0,0,0,0,40000,PHY
650978.35,4766183.02,-170.86,0.58,0.09,83.4,3.5,0,6000,0,0,0,13600,0,400,0,0,20000,PTS
651002.55,4766185.68,-225.7,0.33,0.05,33.7,4,0,6000,0,0,0,13600,0,400,0,0,20000,PTS
650896,4766174.97,11.22,0.54,0.35,20.8,26.2,0,16000,0,0,0,24000,0,0,0,0,40000,PHY
650899.34,4766175.36,3.96,1.04,0.36,6.58,11.4,0,25000,0,0,0,22500,0,2500,0,0,50000,PHY
650901.02,4766175.55,0.33,0.49,0.29,10.95,70.2,0,12000,0,0,0,27200,0,800,0,0,40000,PHY
650901.85,4766175.65,-1.49,0.62,0.44,19.3,58.4,0,14800,0,0,0,24000,0,1200,0,0,40000,PHY
650903.52,4766175.84,-5.12,0.33,0.21,25.6,20.4,0,9000,0,0,0,21000,0,0,0,0,30000,PHY
650904.36,4766175.94,-6.93,0.35,0.08,9.93,11,0,7500,0,0,0,22500,0,0,0,0,30000,PHY
650905.19,4766176.03,-8.74,0.51,0.16,41.8,9.9,0,7500,0,0,0,22500,0,0,0,0,30000,PHY
651047.48,4766190.52,-328.18,0.15,0.03,3.93,3.1,0,4500,0,0,0,10200,0,300,0,0,15000,PTS
651061.82,4766192.12,-361.16,0.69,0.1,5.9,4.7,0,9000,0,0,0,20400,0,600,0,0,30000,PTS
651109.73,4766196.31,-475.45,0.22,0.09,6.47,12.9,0,15000,0,0,0,34000,0,1000,0,0,50000,PTS
651112,4766196.44,-481,0.44,0.4,30.6,23.6,0,18000,0,0,0,40800,0,1200,0,0,60000,PTS
650914.34,4766176.96,-28.73,0.56,3.57,105.5,27.4,0,16000,0,0,0,21200,0,2800,0,0,40000,PHY
650979.16,4766183.11,-172.69,0.56,0.16,40.4,9.8,0,9000,0,0,0,20700,0,300,0,0,30000,PTS
650982.39,4766183.48,-180,0.37,0.07,74.1,4.3,0,3000,0,0,0,6900,0,100,0,0,10000,PTS
651012.22,4766186.63,-247.65,0.29,0.08,100.5,4.9,0,6000,0,0,0,13800,0,200,0,0,20000,PTS
650743.75,4766161.34,348.13,0.46,0.23,14.4,6.3,0,9000,0,0,0,21000,0,0,0,0,30000,PTS
650919.31,4766177.42,-39.64,0.4,0.23,17.8,54.6,0,12000,0,0,0,16500,0,1500,0,0,30000,PHY
650920.14,4766177.49,-41.46,0.54,0.24,10.8,36.9,0,11100,0,0,0,18000,0,900,0,0,30000,PHY
650920.97,4766177.57,-43.28,0.59,0.28,38,87.4,0,14400,0,0,0,24000,0,1600,0,0,40000,PHY
650922.62,4766177.72,-46.92,1.04,0.52,18.75,43.2,2000,16000,0,0,0,20000,0,2000,0,0,40000,PHY
650923.45,4766177.8,-48.74,1.57,0.17,21.2,25.9,0,22000,0,0,0,16000,0,2000,0,0,40000,PHY
650925.11,4766177.95,-52.37,1.06,0.27,16.15,14.2,0,17100,0,0,0,12000,0,900,0,0,30000,PHY
650927.59,4766178.17,-57.83,1.21,0.26,20.5,29.1,0,13500,0,0,0,16500,0,0,0,0,30000,PHY
650928.42,4766178.25,-59.65,0.36,0.17,23.7,44.7,0,12000,0,0,0,17400,0,600,0,0,30000,PHY
650939.13,4766179.17,-83.32,1.63,0.76,127.5,20.1,1000,29000,0,0,0,18000,0,2000,0,0,50000,PHY
650939.95,4766179.24,-85.15,0.89,0.29,9.92,27.3,0,13500,0,0,0,16500,0,0,0,0,30000,PHY
650942.41,4766179.44,-90.62,0.51,0.19,27.8,27.2,0,12000,0,0,0,17100,0,900,0,0,30000,PHY
650943.23,4766179.51,-92.44,0.36,0.16,103.5,29.9,0,9000,0,0,0,21000,0,0,0,0,30000,PHY
650944.87,4766179.64,-96.09,0.23,0.13,8.4,13.2,0,4000,0,0,0,16000,0,0,0,0,20000,PHY
650947.32,4766179.89,-101.56,0.42,0.28,9.93,30.7,0,12000,0,0,0,28000,0,0,0,0,40000,PHY
650948.13,4766179.97,-103.38,0.46,0.16,8.42,17.5,0,9000,0,0,0,21000,0,0,0,0,30000,PHY
650955.48,4766180.71,-119.8,0.29,0.1,8.65,10.3,0,9000,0,0,0,20400,0,600,0,0,30000,PHY
650956.3,4766180.8,-121.62,0.5,0.29,14.5,24.6,0,9000,0,0,0,20400,0,600,0,0,30000,PHY
650957.93,4766180.96,-125.27,0.22,0.14,23.6,41.2,0,6000,0,0,0,24000,0,0,0,0,30000,PHY
650762.88,4766162.65,304.12,0.18,0.11,3.83,9.7,0,6000,0,0,0,14000,0,0,0,0,20000,PTS
650965.28,4766181.7,-141.68,1.31,0.3,110.5,20.6,2500,27500,0,0,0,18500,0,1500,0,0,50000,PHY
650966.1,4766181.78,-143.51,0.81,0.15,53.5,13,0,16000,0,0,0,23200,0,800,0,0,40000,PHY
650966.92,4766181.87,-145.33,0.49,0.11,34.3,31.1,0,16000,0,0,0,22800,0,1200,0,0,40000,PHY
650766.86,4766162.95,294.95,0.31,0.15,6.72,12.2,0,6000,0,0,0,14000,0,0,0,0,20000,PTS
650770.84,4766163.26,285.79,0.66,0.21,9.35,7,0,6000,0,0,0,14000,0,0,0,0,20000,PTS
650773.24,4766163.43,280.29,0.36,0.16,7.01,1.8,0,6000,0,0,0,14000,0,0,0,0,20000,PTS
650776.46,4766163.62,272.97,0.45,0.19,6.21,15.4,0,6000,0,0,0,14000,0,0,0,0,20000,PTS
650974.26,4766182.61,-161.74,1.12,0.51,80.6,4.8,0,30000,0,0,0,18500,0,1500,0,0,50000,PHY
650786.93,4766164.23,249.18,0.78,0.23,28.4,26.4,0,6000,0,0,0,14000,0,0,0,0,20000,PTS
650790.15,4766164.43,241.86,0.59,0.3,71.9,3.8,0,5800,0,0,0,14000,0,200,0,0,20000,PTS
650792.6,4766164.61,236.38,0.38,0.26,7.41,2.8,0,6000,0,0,0,14000,0,0,0,0,20000,PTS
650799.1,4766165.09,221.77,0.8,0.5,15.6,10.9,0,15000,0,0,0,35000,0,0,0,0,50000,PTS
650800.73,4766165.21,218.12,0.35,0.33,6.47,2.7,0,11200,0,0,0,28000,0,800,0,0,40000,PTS
650814.71,4766166.4,187.15,0.25,0.22,8.44,3.9,1350,11250,0,0,0,31500,0,900,0,0,45000,PTS
650823.86,4766167.22,167.16,0.38,0.19,6.52,4.1,600,7500,0,0,0,21000,0,900,0,0,30000,PTS
650827.2,4766167.52,159.9,0.39,0.17,13.15,2.8,600,5400,0,0,0,14000,0,0,0,0,20000,PTS
650828.04,4766167.6,158.08,0.33,0.29,14.05,4.3,1200,7500,0,0,0,21000,0,300,0,0,30000,PTS
650828.87,4766167.67,156.27,0.38,0.19,12.9,3.2,1500,7500,0,0,0,21000,0,0,0,0,30000,PTS
650839.77,4766168.74,132.69,0.48,0.19,8.72,2.6,1000,5000,0,0,0,14000,0,0,0,0,20000,PTS
650862.55,4766171.14,83.78,0.42,0.45,10.45,1.6,1500,7500,0,0,0,21000,0,0,0,0,30000,PTS
650866.76,4766171.59,74.72,0.7,0.29,53.4,3.7,2400,6000,0,0,0,21000,0,600,0,0,30000,PTS
650964.47,4766181.62,-139.86,0.38,0.09,47.6,7.2,0,9000,0,0,0,21000,0,0,0,0,30000,PTS
650970.18,4766182.19,-152.63,0.28,0.36,15.7,9.2,0,6000,0,0,0,14000,0,0,0,0,20000,PTS
650995.3,4766184.96,-209.24,0.21,0.05,11.2,6.3,0,9000,0,0,0,21000,0,0,0,0,30000,PTS
651003.36,4766185.75,-227.53,0.26,0.38,35.4,7.9,0,5000,0,0,0,14000,0,1000,0,0,20000,PTS
651004.97,4766185.91,-231.19,0.3,0.05,16.75,3.5,0,3000,0,0,0,7000,0,0,0,0,10000,PTS
651005.77,4766185.99,-233.02,0.31,0.05,20.6,4,0,3000,0,0,0,7000,0,0,0,0,10000,PTS
651014.63,4766186.86,-253.13,0.14,0.07,35.6,7.6,0,3000,0,0,0,10500,0,1500,0,0,15000,PTS
651015.44,4766186.94,-254.96,0.45,0.1,292,6.2,0,6000,0,0,0,21000,0,3000,0,0,30000,PTS
651016.24,4766187.02,-256.79,0.19,0.05,19.05,3,0,5244.89,0,0,0,15190,0,1265.11,0,0,21700,PTS
651018.66,4766187.26,-262.28,0.37,0.06,294,6.7,0,3000,0,0,0,10500,0,1500,0,0,15000,PTS
651019.47,4766187.34,-264.11,0.15,0.02,9.52,2.2,0,2100,0,0,0,4900,0,0,0,0,7000,PTS
651020.27,4766187.42,-265.94,0.17,0.01,11.25,1.6,0,3000,0,0,0,7000,0,0,0,0,10000,PTS
651057.08,4766191.62,-350.15,0.11,0.04,4.67,2.2,0,2800,0,0,0,7000,0,200,0,0,10000,PTS
651059.47,4766191.89,-355.64,0.36,0.08,6.75,9.6,0,7500,0,0,0,17500,0,0,0,0,25000,PTS
651139.69,4766197.93,-549.61,0.14,0.07,13.7,8.4,0,4500,0,0,0,10500,0,0,0,0,15000,PTS
651155.78,4766198.76,-590.55,0.08,0.07,10.7,10.9,0,3000,0,0,0,7000,0,0,0,0,10000,PTS
651187.23,4766199.86,-672.73,0.08,0.04,4.89,3.3,0,3000,0,0,0,7000,0,0,0,0,10000,PTS
650854.11,4766170.25,101.89,0.52,0.22,25.9,8.9,0,12500,0,0,0,36500,0,1000,0,0,50000,PTS
650756.5,4766162.16,318.79,0.59,0.21,19.2,4.4,0,7500,0,0,0,22500,0,0,0,0,30000,PTS
650759.69,4766162.4,311.46,0.59,0.27,17.45,7.1,1000,4000,0,0,0,15000,0,0,0,0,20000,PTS
650790.97,4766164.49,240.03,0.47,0.27,7.29,2.9,0,4800,0,0,0,15000,0,200,0,0,20000,PTS
650851.58,4766169.98,107.33,0.51,0.21,12.1,2.3,1500,6000,0,0,0,22500,0,0,0,0,30000,PTS
650933.39,4766178.71,-70.56,0.43,0.16,10.8,3.4,0,5000,0,0,0,15000,0,0,0,0,20000,PTS
650988.04,4766184.15,-192.79,0.11,0.03,20.9,5.1,0,5000,0,0,0,15000,0,0,0,0,20000,PTS
650988.85,4766184.24,-194.62,0.23,0.26,55.9,5.8,0,5000,0,0,0,15000,0,0,0,0,20000,PTS
651009,4766186.31,-240.33,0.18,0.03,8.69,2.5,0,5000,0,0,0,15000,0,0,0,0,20000,PTS
651055.48,4766191.44,-346.48,0.17,0.03,9.97,3.5,0,3750,0,0,0,11250,0,0,0,0,15000,PTS
651065.74,4766192.5,-370.35,0.14,0.03,28.5,2.3,0,5000,0,0,0,15000,0,0,0,0,20000,PTS
650870.1,4766171.98,67.47,0.44,0.28,58.7,2.7,600,4000,0,0,0,15400,0,0,0,0,20000,PTS
651004.16,4766185.83,-229.36,0.29,0.16,10.6,10,0,4000,0,0,0,15400,0,600,0,0,20000,PTS
651033.08,4766188.87,-295.22,0.25,0.04,6.65,3.7,0,4000,0,0,0,15400,0,600,0,0,20000,PTS
651049.08,4766190.7,-331.84,0.17,0.02,9.45,5,0,2000,0,0,0,7700,0,300,0,0,10000,PTS
651071.23,4766193.04,-383.22,0.25,0.07,25.4,7.7,0,6000,0,0,0,23100,0,900,0,0,30000,PTS
651105.92,4766196.04,-466.21,0.18,0.07,17.45,4.9,0,4000,0,0,0,15400,0,600,0,0,20000,PTS
651107.44,4766196.15,-469.9,0.27,0.09,24.4,4.9,0,8000,0,0,0,30800,0,1200,0,0,40000,PTS
650813.89,4766166.33,188.97,0.38,0.13,8.3,2.5,1000,10000,0,0,0,39000,0,0,0,0,50000,PTS
650831.37,4766167.9,150.82,0.26,0.29,5.55,3.4,1500,4500,0,0,0,23400,0,600,0,0,30000,PTS
650845.68,4766169.36,120.01,0.58,0.31,52.1,8.3,2000,6000,0,0,0,31200,0,800,0,0,40000,PTS
650875.11,4766172.56,56.58,0.66,0.26,51.4,2.5,800,8000,0,0,0,31200,0,0,0,0,40000,PTS
650876.78,4766172.75,52.95,0.62,0.32,70.3,9.3,700,5250,0,0,0,27300,0,1750,0,0,35000,PTS
651000.14,4766185.44,-220.21,0.26,0.17,24.6,9.2,0,4000,0,0,0,15600,0,400,0,0,20000,PTS
651001.75,4766185.6,-223.87,0.11,0.05,14.8,3.3,0,3000,0,0,0,11700,0,300,0,0,15000,PTS
651041.88,4766189.88,-315.36,0.17,0.04,6.18,6.1,0,4000,0,0,0,15600,0,400,0,0,20000,PTS
651057.88,4766191.71,-351.98,0.13,0.03,4.39,2.6,0,2000,0,0,0,7800,0,200,0,0,10000,PTS
651073.58,4766193.27,-388.73,0.21,0.07,48.6,7.4,0,4000,0,0,0,15600,0,400,0,0,20000,PTS
651106.68,4766196.1,-468.06,0.18,0.05,12.4,3.6,0,6000,0,0,0,23400,0,600,0,0,30000,PTS
651112.75,4766196.48,-482.85,0.14,0.06,25.3,17.1,0,10000,0,0,0,39000,0,1000,0,0,50000,PTS
651140.43,4766197.97,-551.47,0.24,0.24,12.9,16.4,0,6000,0,0,0,23400,0,600,0,0,30000,PTS
650788.54,4766164.32,245.52,0.46,1.79,23.1,5.6,0,4000,0,0,0,15800,0,200,0,0,20000,PTS
650973.45,4766182.52,-159.92,0.28,0.7,64.6,3.1,0,4000,0,0,0,15800,0,200,0,0,20000,PTS
651129.32,4766197.38,-523.61,0.09,0.04,10.75,16.3,0,4000,0,0,0,15800,0,200,0,0,20000,PTS
650732.65,4766160.68,373.83,0.52,0.1,26.5,17.3,0,6000,0,0,0,24000,0,0,0,0,30000,PTS
650746.14,4766161.49,342.63,0.33,0.14,11.45,20.9,0,6000,0,0,0,24000,0,0,0,0,30000,PTS
650750.92,4766161.79,331.62,0.27,0.11,10.45,13.9,0,4000,0,0,0,16000,0,0,0,0,20000,PTS
650758.89,4766162.34,313.29,0.39,0.3,21.9,15.7,0,4000,0,0,0,16000,0,0,0,0,20000,PTS
650787.73,4766164.27,247.35,0.51,0.87,7.54,14.9,0,4000,0,0,0,16000,0,0,0,0,20000,PTS
650791.78,4766164.55,238.21,0.56,0.31,17.35,2.6,0,3800,0,0,0,16000,0,200,0,0,20000,PTS
650823.03,4766167.14,168.98,0.43,0.18,8.58,5.5,900,5100,0,0,0,24000,0,0,0,0,30000,PTS
650838.93,4766168.65,134.5,0.3,0.13,8.44,2.1,500,3750,0,0,0,20000,0,750,0,0,25000,PTS
650850.74,4766169.89,109.14,0.29,0.15,15.8,5.7,0,8000,0,0,0,32000,0,0,0,0,40000,PTS
650870.94,4766172.07,65.65,0.44,0.26,49.5,2.5,900,5100,0,0,0,24000,0,0,0,0,30000,PTS
650872.61,4766172.27,62.02,0.59,0.23,93.5,27.3,0,9000,0,0,0,40000,0,1000,0,0,50000,PTS
650873.44,4766172.36,60.21,0.35,0.15,47.3,4.4,0,6800,0,0,0,32000,0,1200,0,0,40000,PTS
650967.73,4766181.95,-147.15,0.43,0.07,13.75,15.6,0,4000,0,0,0,16000,0,0,0,0,20000,PTS
650969.37,4766182.11,-150.8,0.22,0.25,52,8.9,0,4000,0,0,0,16000,0,0,0,0,20000,PTS
650971,4766182.28,-154.45,0.21,0.28,23.6,17.9,0,4000,0,0,0,16000,0,0,0,0,20000,PTS
650972.63,4766182.44,-158.1,0.14,0.04,34.5,2.6,0,4000,0,0,0,16000,0,0,0,0,20000,PTS
650980.77,4766183.29,-176.34,0.44,0.11,89.4,13.4,0,4000,0,0,0,16000,0,0,0,0,20000,PTS
650996.11,4766185.04,-211.07,0.24,0.17,24.4,12.3,0,4000,0,0,0,16000,0,0,0,0,20000,PTS
651007.38,4766186.15,-236.67,0.13,0.03,11.4,2.9,0,2000,0,0,0,8000,0,0,0,0,10000,PTS
651033.88,4766188.96,-297.06,0.27,0.06,26,3.7,0,2550,0,0,0,12000,0,450,0,0,15000,PTS
651052.28,4766191.07,-339.16,0.18,0.03,12.05,3.9,0,2000,0,0,0,8000,0,0,0,0,10000,PTS
651053.08,4766191.16,-340.99,0.22,0.04,17.95,3.8,0,3000,0,0,0,12000,0,0,0,0,15000,PTS
651053.88,4766191.25,-342.82,0.21,0.04,8.34,3.2,0,2000,0,0,0,8000,0,0,0,0,10000,PTS
651056.28,4766191.53,-348.32,0.08,0.01,2.68,2.7,0,2000,0,0,0,8000,0,0,0,0,10000,PTS
651064.18,4766192.35,-366.67,0.13,0.03,9.13,3.3,0,3000,0,0,0,12000,0,0,0,0,15000,PTS
651075.15,4766193.42,-392.41,0.18,0.02,53.2,5.7,0,4000,0,0,0,16000,0,0,0,0,20000,PTS
651097.53,4766195.45,-445.88,0.27,0.1,50.9,2.4,0,3600,0,0,0,16000,0,400,0,0,20000,PTS
651100.59,4766195.68,-453.27,0.09,0.04,4.29,2.8,0,2000,0,0,0,8000,0,0,0,0,10000,PTS
651101.35,4766195.73,-455.12,0.16,0.06,6.28,2.5,0,2000,0,0,0,8000,0,0,0,0,10000,PTS
651128.58,4766197.34,-521.75,0.05,0.02,14.85,7.3,0,4000,0,0,0,16000,0,0,0,0,20000,PTS
651156.51,4766198.8,-592.42,0.06,0.05,10.7,3.4,0,2000,0,0,0,8000,0,0,0,0,10000,PTS
651157.23,4766198.83,-594.28,0.08,0.06,8.52,4.8,0,2000,0,0,0,8000,0,0,0,0,10000,PTS
651185.82,4766199.84,-668.99,0.09,0.05,12.35,4.9,0,2000,0,0,0,8000,0,0,0,0,10000,PTS
651115.77,4766196.65,-490.26,0.15,0.16,13.85,21.4,0,10500,0,0,0,23450,0,1050,0,0,35000,PHY
651117.28,4766196.73,-493.97,0.07,0.07,15.15,18.5,0,8000,0,0,0,32000,0,0,0,0,40000,PHY
651118.03,4766196.77,-495.82,0.29,0.28,24.8,32.4,0,12500,0,0,0,36000,0,1500,0,0,50000,PHY
651121.05,4766196.93,-503.22,0.59,0.34,20.4,35.8,0,10000,0,0,0,38500,0,1500,0,0,50000,PHY
651121.8,4766196.97,-505.08,2.02,0.41,19.8,21.6,0,31500,0,0,0,36400,0,2100,0,0,70000,PHY
651123.31,4766197.05,-508.78,0.8,0.38,19.75,31.7,0,18000,0,0,0,40200,0,1800,0,0,60000,PHY
651124.07,4766197.1,-510.63,0.2,0.1,16.45,36.2,0,6000,0,0,0,52800,0,1200,0,0,60000,PHY
651124.82,4766197.14,-512.48,0.19,0.12,8.1,41.7,0,8250,0,0,0,45650,0,1100,0,0,55000,PHY
651125.58,4766197.18,-514.34,0.74,0.34,14.85,24,0,17600,0,0,0,60000,0,2400,0,0,80000,PHY
651126.33,4766197.22,-516.19,0.82,0.25,17.45,33.1,0,15000,0,0,0,43800,0,1200,0,0,60000,PHY
651127.08,4766197.26,-518.04,0.36,0.53,82.2,18.5,0,8000,0,0,0,30800,0,1200,0,0,40000,PHY
651127.84,4766197.3,-519.89,0.07,0.04,21.7,11.4,0,6000,0,0,0,23400,0,600,0,0,30000,PHY
651098.3,4766195.52,-447.72,0.23,0.1,19.45,13.4,0,4500,0,0,0,24600,0,900,0,0,30000,PTS
650854.95,4766170.34,100.08,0.52,0.65,19.7,37.4,0,6000,0,0,0,33200,0,800,0,0,40000,PTS
651102.87,4766195.83,-458.81,0.16,0.06,3.31,5,0,2250,0,0,0,12450,0,300,0,0,15000,PTS
651141.91,4766198.05,-555.18,0.08,0.03,27.8,3.7,0,3750,0,0,0,11250,0,0,0,0,15000,PHY
651143.39,4766198.13,-558.9,0.22,0.06,13.35,4.5,0,10500,0,0,0,18900,0,600,0,0,30000,PHY
651144.87,4766198.21,-562.61,0.26,0.13,31.9,30,0,10500,0,0,0,18600,0,900,0,0,30000,PHY
651145.61,4766198.25,-564.47,0.22,0.08,10.35,19.1,0,7500,0,0,0,21900,0,600,0,0,30000,PHY
651146.35,4766198.29,-566.33,0.27,0.07,43,11.5,0,6250,0,0,0,18750,0,0,0,0,25000,PHY
651147.08,4766198.33,-568.19,0.08,0.03,8.2,8,0,7500,0,0,0,17500,0,0,0,0,25000,PHY
651147.81,4766198.36,-570.05,0.14,0.14,10.35,25.3,0,4500,0,0,0,24900,0,600,0,0,30000,PHY
651148.53,4766198.4,-571.92,0.07,0.04,3.48,7.7,0,4500,0,0,0,10500,0,0,0,0,15000,PHY
651149.26,4766198.44,-573.78,0.15,0.12,3.76,21.4,0,12000,0,0,0,28000,0,0,0,0,40000,PHY
651149.98,4766198.47,-575.64,0.14,0.17,5.52,53.8,0,12500,0,0,0,36500,0,1000,0,0,50000,PHY
651150.71,4766198.51,-577.51,0.07,0.1,7.14,77.1,0,4000,0,0,0,36000,0,0,0,0,40000,PHY
651151.43,4766198.54,-579.37,0.07,0.05,6.36,38.3,0,6000,0,0,0,24000,0,0,0,0,30000,PHY
651152.16,4766198.58,-581.23,0.2,0.1,19.1,16.8,0,7500,0,0,0,17000,0,500,0,0,25000,PHY
651152.88,4766198.62,-583.1,0.14,0.06,9.97,26.4,0,6250,0,0,0,18750,0,0,0,0,25000,PHY
651153.61,4766198.65,-584.96,0.6,0.56,9.25,39.6,0,9000,0,0,0,20400,0,600,0,0,30000,PHY
651154.33,4766198.69,-586.82,0.25,0.14,9.67,23.5,0,8750,0,0,0,16250,0,0,0,0,25000,PHY
651155.06,4766198.73,-588.69,0.07,0.05,9.15,8.6,0,5000,0,0,0,15000,0,0,0,0,20000,PHY
650868.43,4766171.78,71.1,0.43,0.21,59.4,2.3,600,3000,0,0,0,25500,0,900,0,0,30000,PTS
650877.62,4766172.85,51.14,0.59,0.3,12.35,9.4,800,4000,0,0,0,34000,0,1200,0,0,40000,PTS
651072.02,4766193.12,-385.06,0.4,0.09,6.24,2.9,0,2600,0,0,0,17000,0,400,0,0,20000,PTS
651157.96,4766198.87,-596.14,0.17,0.21,62.2,38.6,0,8000,0,0,0,31200,0,800,0,0,40000,PHY
651159.41,4766198.94,-599.87,0.18,0.31,141,107,0,6000,0,0,0,33200,0,800,0,0,40000,PHY
651160.13,4766198.98,-601.73,0.05,0.04,14.1,4.2,0,3000,0,0,0,17000,0,0,0,0,20000,PHY
651162.31,4766199.09,-607.32,0.03,0.05,14.4,10.6,0,4000,0,0,0,16000,0,0,0,0,20000,PHY
651163.03,4766199.13,-609.19,0.09,0.09,98.8,20.7,0,9000,0,0,0,20400,0,600,0,0,30000,PHY
651163.76,4766199.16,-611.05,0.06,0.04,21.4,6.5,0,6250,0,0,0,18250,0,500,0,0,25000,PHY
651164.48,4766199.2,-612.91,0.24,0.34,38.3,60.6,0,12000,0,0,0,27200,0,800,0,0,40000,PHY
651165.2,4766199.23,-614.78,0.19,0.16,6.79,35.3,0,14000,0,0,0,25200,0,800,0,0,40000,PHY
651170.21,4766199.43,-627.85,0.04,0.03,6.19,6,0,750,0,0,0,14250,0,0,0,0,15000,PHY
651171.65,4766199.48,-631.59,0.18,0.16,13.15,27.5,0,7500,0,0,0,22500,0,0,0,0,30000,PHY
651172.36,4766199.51,-633.45,0.09,0.14,16.6,27.4,0,5000,0,0,0,19500,0,500,0,0,25000,PHY
651173.08,4766199.54,-635.32,0.04,0.02,5.3,7.4,0,1000,0,0,0,9000,0,0,0,0,10000,PHY
651173.79,4766199.57,-637.19,0.02,0.01,0.74,5.3,0,0,0,0,0,10000,0,0,0,0,10000,PHY
651174.51,4766199.6,-639.06,0.03,0.02,0.58,5.7,0,0,0,0,0,10000,0,0,0,0,10000,PHY
651175.22,4766199.62,-640.92,0.04,0.06,4.11,9.1,0,1000,0,0,0,9000,0,0,0,0,10000,PHY
651175.94,4766199.65,-642.79,0.06,0.03,5.66,6.3,0,3000,0,0,0,7000,0,0,0,0,10000,PHY
651176.65,4766199.67,-644.66,0.22,0.1,6.62,15.6,0,8750,0,0,0,15500,0,750,0,0,25000,PHY
651177.36,4766199.69,-646.53,0.48,0.35,7.36,90.6,0,15000,0,0,0,33500,0,1500,0,0,50000,PHY
651178.06,4766199.7,-648.4,0.11,0.07,5.32,22.4,0,4000,0,0,0,16000,0,0,0,0,20000,PHY
651178.77,4766199.71,-650.27,0.1,0.08,4.08,24.6,0,6000,0,0,0,24000,0,0,0,0,30000,PHY
651179.47,4766199.72,-652.14,0.19,0.07,10.65,19.2,0,9000,0,0,0,21000,0,0,0,0,30000,PRO
651180.88,4766199.75,-655.89,0.08,0.04,5.68,4.5,0,3000,0,0,0,7000,0,0,0,0,10000,PRO
651182.3,4766199.78,-659.63,0.28,0.11,8.55,9.9,0,10500,0,0,0,19500,0,0,0,0,30000,PRO
651183,4766199.79,-661.5,0.17,0.06,18.45,4.7,0,10500,0,0,0,19500,0,0,0,0,30000,PRO
651183.71,4766199.8,-663.37,0.06,0.04,5.31,3.9,0,3000,0,0,0,7000,0,0,0,0,10000,PRO
651087.52,4766194.55,-421.9,0.29,0.03,113,6.5,0,3000,0,0,0,26100,0,900,0,0,30000,PTS
651095.99,4766195.31,-442.19,0.26,0.05,37.1,6.5,0,2000,0,0,0,17400,0,600,0,0,20000,PTS
651104.4,4766195.94,-462.51,0.13,0.05,3.06,6.3,0,5000,0,0,0,43500,0,1500,0,0,50000,PTS
651041.08,4766189.79,-313.53,0.15,0.06,12.95,2.6,0,1500,0,0,0,13200,0,300,0,0,15000,PTS
650563.94,4765758.45,940.75,0.48,0.02,4.52,31.7,0,14000,0,0,0,6000,0,0,0,0,20000,AAA
650567.41,4765758.11,931.37,0.81,0.02,4.73,56.6,4000,14000,0,0,0,2000,0,0,0,0,20000,AAA
650568.11,4765758.04,929.5,0.56,0.01,5.44,44.6,1000,16000,0,0,0,3000,0,0,0,0,20000,AAA
650570.89,4765757.77,922,0.68,0.01,9.51,9.9,0,17000,0,0,0,3000,0,0,0,0,20000,AAA
650580.7,4765756.73,895.8,0.86,0.04,3.87,248,4500,15000,0,0,0,10500,0,0,0,0,30000,AAA
650581.4,4765756.66,893.93,0.65,0.02,3.47,28.3,0,12000,0,0,0,18000,0,0,0,0,30000,AAA
650582.11,4765756.58,892.06,0.41,0.02,3.07,45.8,0,12000,0,0,0,28000,0,0,0,0,40000,PHY
650584.92,4765756.28,884.57,0.23,0.01,3.2,30.3,0,6000,0,0,0,24000,0,0,0,0,30000,PHY
650585.62,4765756.2,882.7,0.14,0.02,5.43,54.6,0,7500,0,0,0,22500,0,0,0,0,30000,PHY
650587.02,4765756.05,878.96,0.15,0.04,4.42,40.6,0,6000,0,0,0,24000,0,0,0,0,30000,PHY
650587.73,4765755.98,877.09,0.15,0.03,7.22,33.4,0,6000,0,0,0,24000,0,0,0,0,30000,PHY
650590.54,4765755.68,869.61,0.13,0.06,7.45,33.6,0,6000,0,0,0,24000,0,0,0,0,30000,PHY
650591.94,4765755.52,865.86,0.18,0.03,9.57,19.2,0,4000,0,0,0,36000,0,0,0,0,40000,PHY
650594.75,4765755.22,858.38,0.13,0.03,11.05,137,0,8000,0,0,0,32000,0,0,0,0,40000,PHY
650595.46,4765755.15,856.51,0.13,0.03,12,40.4,0,8000,0,0,0,32000,0,0,0,0,40000,PHY
650599.7,4765754.69,845.3,0.11,0.03,15.3,396,0,0,0,0,0,30000,0,0,0,0,30000,AAA
650600.41,4765754.61,843.43,0.16,0.05,7.24,579,0,0,0,0,0,50000,0,0,0,0,50000,AAA
650601.12,4765754.54,841.56,0.06,0.03,12.4,209,0,0,0,0,0,40000,0,0,0,0,40000,AAA
650601.83,4765754.46,839.69,0.07,0.03,8.24,238,0,0,0,0,0,50000,0,0,0,0,50000,AAA
650603.25,4765754.31,835.96,0.12,0.03,9.62,430,0,0,0,0,0,40000,0,0,0,0,40000,AAA
650606.1,4765754,828.48,0.3,0.04,47.5,281,0,3200,0,0,0,35200,0,1600,0,0,40000,AAA
650606.81,4765753.93,826.62,0.17,0.03,14.55,62,0,2500,0,0,0,47500,0,0,0,0,50000,AAA
650607.52,4765753.85,824.75,0.19,0.03,19.95,61.1,0,2000,0,0,0,38000,0,0,0,0,40000,AAA
650608.94,4765753.7,821.01,0.19,0.02,28.9,33.9,0,2500,0,0,0,47500,0,0,0,0,50000,AAA
650610.36,4765753.55,817.28,0.12,0.16,26.5,54.3,0,2000,0,0,0,38000,0,0,0,0,40000,AAA
650611.07,4765753.47,815.41,0.15,0.03,84.6,66.2,0,2500,0,0,0,47500,0,0,0,0,50000,AAA
650613.91,4765753.17,807.94,0.21,0.11,13,65.3,0,5000,0,0,0,45000,0,0,0,0,50000,AAA
650616.04,4765752.94,802.33,0.35,0.11,30.6,103.5,0,12000,0,0,0,28000,0,0,0,0,40000,AAA
650617.48,4765752.78,798.6,0.08,0.07,20.2,17.3,0,2500,0,0,0,47500,0,0,0,0,50000,AAA
650620.39,4765752.45,791.16,0.13,0.03,28.5,235,0,800,0,0,0,39200,0,0,0,0,40000,AAA
650621.11,4765752.37,789.29,0.27,0.05,24.7,812,0,800,0,0,0,39200,0,0,0,0,40000,AAA
650621.84,4765752.29,787.43,0.44,0.08,43.6,1305,0,800,0,0,0,39200,0,0,0,0,40000,AAA
650624.74,4765751.97,779.99,0.5,0.03,12.65,870,0,1000,0,0,0,49000,0,0,0,0,50000,AAA
650625.47,4765751.89,778.12,0.37,0.03,9.86,821,0,1000,0,0,0,49000,0,0,0,0,50000,AAA
650629.1,4765751.48,768.82,0.21,0.03,140,8.2,0,9000,0,0,0,21000,0,0,0,0,30000,PHY
650629.83,4765751.4,766.96,0.25,0.03,111.5,11.3,0,6000,0,0,0,14000,0,0,0,0,20000,PHY
650638.6,4765750.38,744.64,0.24,0.02,116.5,11.6,0,4500,0,0,0,5500,0,0,0,0,10000,PHY
650640.84,4765750.1,739.08,0.27,0.02,95.9,16.2,0,11200,0,0,0,28000,0,800,0,0,40000,PHY
650643.82,4765749.72,731.66,0.31,0.07,175.5,21.8,0,10000,0,0,0,30000,0,0,0,0,40000,PHY
650644.56,4765749.63,729.81,0.3,0.04,172,8,0,8000,0,0,0,30000,0,2000,0,0,40000,PHY
650649.04,4765749.06,718.69,0.35,0.04,129.5,5.8,0,8100,0,0,0,21000,0,900,0,0,30000,PHY
650649.78,4765748.97,716.84,0.58,0.07,192,9.8,0,18000,0,0,0,10800,0,1200,0,0,30000,PHY
650650.54,4765748.85,714.99,0.28,0.04,144,10,0,6750,0,0,0,17500,0,750,0,0,25000,PHY
650652.83,4765748.5,709.45,0.3,0.04,92,12.5,0,8750,0,0,0,15500,0,750,0,0,25000,PHY
650653.59,4765748.38,707.61,0.29,0.04,98.5,15.5,0,7000,0,0,0,12400,0,600,0,0,20000,PHY
650654.35,4765748.26,705.76,0.21,0.02,40.6,4.7,0,8000,0,0,0,12000,0,0,0,0,20000,PHY
650662.72,4765746.98,685.46,0.31,0.06,101,8.2,300,6000,0,0,0,23400,0,300,0,0,30000,PHY
650663.48,4765746.86,683.61,0.87,0.27,142,9.4,750,17500,0,0,0,6750,0,0,0,0,25000,PHY
650664.24,4765746.74,681.77,0.4,0.09,53.4,5.8,250,10000,0,0,0,14750,0,0,0,0,25000,PHY
650665,4765746.62,679.92,0.6,0.09,51.6,6.6,600,24000,0,0,0,5400,0,0,0,0,30000,PHY
650665.76,4765746.51,678.07,0.28,0.1,32,8.5,0,15000,0,0,0,14400,0,600,0,0,30000,PHY
650666.52,4765746.39,676.23,0.25,0.06,46.3,6.6,0,14000,0,0,0,5600,0,400,0,0,20000,PHY
650668.05,4765746.16,672.54,0.29,0.06,61.5,20.8,0,12000,0,0,0,8000,0,0,0,0,20000,PHY
650673.44,4765745.3,659.65,0.37,0.03,26.9,6.3,0,6000,0,0,0,24000,0,0,0,0,30000,PHY
650674.21,4765745.18,657.8,0.25,0.2,22.7,53.1,0,6000,0,0,0,54000,0,0,0,0,60000,PHY
650674.98,4765745.06,655.96,0.28,0.06,30,17.8,0,5000,0,0,0,45000,0,0,0,0,50000,PHY
650677.29,4765744.69,650.44,0.18,0.03,18.1,27.6,0,3500,0,0,0,31500,0,0,0,0,35000,PHY
650678.07,4765744.56,648.6,0.24,0.03,34.5,47.5,0,4500,0,0,0,25500,0,0,0,0,30000,PHY
650678.84,4765744.44,646.76,0.34,0.03,59.8,40.2,0,7000,0,0,0,27650,0,350,0,0,35000,PHY
650680.38,4765744.2,643.07,0.21,0.04,120.5,19.3,0,5000,0,0,0,44000,0,1000,0,0,50000,PHY
650681.15,4765744.07,641.23,0.15,0.03,137.5,14.4,0,4000,0,0,0,45000,0,1000,0,0,50000,PHY
650682.69,4765743.83,637.55,0.24,0.02,69.8,12.7,0,4000,0,0,0,36000,0,0,0,0,40000,PHY
650683.46,4765743.71,635.71,0.24,0.03,36,11.7,0,6000,0,0,0,33600,0,400,0,0,40000,PHY
650684.23,4765743.58,633.87,0.48,0.05,25.6,8.9,0,4900,0,0,0,29750,0,350,0,0,35000,PHY
650688.09,4765742.97,624.66,0.54,0.15,31.7,54.7,0,14000,0,0,0,26000,0,0,0,0,40000,PHY
650689.63,4765742.72,620.98,0.36,0.08,36,144.5,0,6000,0,0,0,54000,0,0,0,0,60000,PHY
650690.4,4765742.6,619.14,0.39,0.12,19.4,77,0,10500,0,0,0,24500,0,0,0,0,35000,PHY
650691.94,4765742.36,615.45,0.18,0.02,42.8,13.2,0,5250,0,0,0,29400,0,350,0,0,35000,PHY
650697.34,4765741.5,602.57,0.47,0.03,72.1,8.6,0,6000,0,0,0,23400,0,600,0,0,30000,PHY
650698.11,4765741.37,600.72,0.36,0.02,90.3,12.8,0,5250,0,0,0,29400,0,350,0,0,35000,PHY
650698.88,4765741.25,598.88,0.27,0.02,108,8.3,0,4900,0,0,0,64400,0,700,0,0,70000,PHY
650701.2,4765740.88,593.36,0.45,0.03,24.7,27.7,0,7500,0,0,0,22500,0,0,0,0,30000,PHY
650701.97,4765740.76,591.52,0.82,0.05,51.5,22,0,6000,0,0,0,24000,0,0,0,0,30000,PHY
650702.74,4765740.64,589.68,0.56,0.04,40.8,13.7,0,4500,0,0,0,25500,0,0,0,0,30000,PHY
650705.05,4765740.27,584.15,0.57,0.02,64.1,16.3,0,11900,0,0,0,22750,0,350,0,0,35000,PHY
650705.82,4765740.15,582.31,0.6,0.02,70.3,10.3,0,7000,0,0,0,28000,0,0,0,0,35000,PHY
650708.14,4765739.78,576.79,0.65,0.04,25.3,6.5,0,12000,0,0,0,18000,0,0,0,0,30000,PHY
650708.91,4765739.66,574.95,1.15,0.14,26.8,9.9,0,16000,0,0,0,24000,0,0,0,0,40000,PHY
650711.22,4765739.29,569.42,1.09,0.05,42.8,6.5,1350,13500,0,0,0,30150,0,0,0,0,45000,PHY
650712.76,4765739.04,565.74,0.8,0.11,40.9,5.7,1350,13500,0,0,0,29250,0,900,0,0,45000,PHY
650714.31,4765738.8,562.06,0.4,0.06,23.5,5.5,0,4000,0,0,0,16000,0,0,0,0,20000,PHY
650716.62,4765738.43,556.53,0.76,0.12,82.7,17,0,7000,0,0,0,28000,0,0,0,0,35000,PHY
650718.16,4765738.19,552.85,1.05,0.16,38.7,5.2,0,7500,0,0,0,22500,0,0,0,0,30000,PHY
650721.25,4765737.69,545.48,0.71,0.08,18.7,13,0,7000,0,0,0,28000,0,0,0,0,35000,PHY
650722.02,4765737.57,543.64,0.69,0.07,41.1,7.6,0,8750,0,0,0,26250,0,0,0,0,35000,PHY
650726.64,4765736.84,532.6,0.5,0.08,21.1,4.7,0,16000,0,0,0,3600,0,400,0,0,20000,PHY
650728.19,4765736.59,528.91,0.54,0.11,26.6,2.4,0,16000,0,0,0,3400,0,600,0,0,20000,PHY
650728.96,4765736.47,527.07,0.48,0.09,27.6,3.2,0,8000,0,0,0,2000,0,0,0,0,10000,PHY
650735.13,4765735.49,512.34,0.71,0.06,111.5,3.3,0,7000,0,0,0,3000,0,0,0,0,10000,PHY
650735.9,4765735.36,510.5,0.77,0.07,139,4.7,0,9000,0,0,0,10400,0,600,0,0,20000,PHY
650736.67,4765735.24,508.66,0.5,0.08,155,4.1,0,8000,0,0,0,11400,0,600,0,0,20000,PHY
650737.44,4765735.12,506.82,0.43,0.09,84.6,3,0,9600,0,0,0,10000,0,400,0,0,20000,PHY
650741.35,4765734.53,497.63,0.55,0.11,51.3,2.2,0,16000,0,0,0,4000,0,0,0,0,20000,PHY
650742.13,4765734.41,495.79,0.71,0.12,134,1.7,0,12000,0,0,0,8000,0,0,0,0,20000,PHY
650745.25,4765733.94,488.45,0.52,0.11,77.2,2,0,9000,0,0,0,10600,0,400,0,0,20000,PHY
650748.38,4765733.47,481.1,0.57,0.09,76.2,2.9,0,6000,0,0,0,13600,0,400,0,0,20000,PHY
650753.07,4765732.77,470.07,0.56,0.07,70.2,5.6,0,12000,0,0,0,18000,0,0,0,0,30000,PHY
650755.42,4765732.42,464.56,0.4,0.08,22.6,7.3,0,10500,0,0,0,19500,0,0,0,0,30000,PHY
650756.98,4765732.18,460.89,0.26,0.03,21.2,3.8,0,8000,0,0,0,12000,0,0,0,0,20000,PHY
650759.32,4765731.83,455.38,0.72,0.21,54.3,81.4,0,19250,0,0,0,15750,0,0,0,0,35000,PHY
650760.1,4765731.71,453.54,0.51,0.11,51.9,60.9,0,10500,0,0,0,19500,0,0,0,0,30000,PHY
650760.89,4765731.59,451.7,0.6,0.13,43.2,91.2,0,12000,0,0,0,18000,0,0,0,0,30000,PHY
650763.23,4765731.24,446.19,0.59,0.22,67.1,39.5,0,12000,0,0,0,18000,0,0,0,0,30000,PHY
650764.01,4765731.12,444.35,0.78,0.17,71.1,28.9,0,18000,0,0,0,12000,0,0,0,0,30000,PHY
650764.79,4765731.01,442.52,0.5,0.11,80.3,18.1,0,10000,0,0,0,15000,0,0,0,0,25000,PHY
650766.36,4765730.77,438.84,0.46,0.11,54.5,10.2,0,12000,0,0,0,18000,0,0,0,0,30000,PHY
650767.14,4765730.65,437,1.04,0.12,66.1,8.9,0,28000,0,0,0,12000,0,0,0,0,40000,PHY
650767.91,4765730.54,435.16,0.65,0.2,34.5,9,0,18000,0,0,0,12000,0,0,0,0,30000,PHY
650782.05,4765729.09,399.93,0.5,0.11,51.4,7.6,0,10000,0,0,0,10000,0,0,0,0,20000,PHY
650782.76,4765729.08,398.06,0.49,0.09,56.6,7.4,0,10000,0,0,0,10000,0,0,0,0,20000,PHY
650785.6,4765729.04,390.58,0.36,0.07,47.1,6.1,0,8000,0,0,0,12000,0,0,0,0,20000,PHY
650788.44,4765729,383.1,0.55,0.11,85.1,14.5,0,10000,0,0,0,15000,0,0,0,0,25000,PHY
650790.58,4765728.96,377.5,0.73,0.13,88.3,10.6,0,12500,0,0,0,12500,0,0,0,0,25000,PHY
650791.29,4765728.95,375.63,1.1,0.27,70.5,8.3,0,15000,0,0,0,15000,0,0,0,0,30000,PHY
650793.42,4765728.92,370.02,0.33,0.07,164.5,13.8,0,11250,0,0,0,13750,0,0,0,0,25000,PHY
650794.13,4765728.91,368.15,0.34,0.06,53.9,3.6,0,4500,0,0,0,10500,0,0,0,0,15000,PHY
650797.68,4765728.85,358.8,0.27,0.05,21.1,2.8,0,10000,0,0,0,15000,0,0,0,0,25000,PHY
650798.39,4765728.84,356.93,0.78,0.15,172,5.6,0,21000,0,0,0,14000,0,0,0,0,35000,PHY
650825.25,4765728.22,287.98,0.2,0.05,19.5,2.1,0,7000,0,0,0,13000,0,0,0,0,20000,PHY
650826,4765728.2,286.13,0.33,0.08,43.1,3,0,10000,0,0,0,15000,0,0,0,0,25000,PHY
650826.74,4765728.18,284.27,0.71,0.21,171,5.5,0,10000,0,0,0,15000,0,0,0,0,25000,PHY
650827.48,4765728.16,282.41,0.25,0.18,26.6,8.8,0,7500,0,0,0,22500,0,0,0,0,30000,PHY
651051.48,4766190.98,-337.33,0.27,0.05,23.4,4.6,0,1000,0,0,0,8800,0,200,0,0,10000,PTS
650833.43,4765728.01,267.56,0.47,0.13,27.9,13.3,0,11250,0,0,0,13750,0,0,0,0,25000,PHY
650834.17,4765728,265.7,0.44,0.15,24.9,25.8,0,11250,0,0,0,13750,0,0,0,0,25000,PHY
650834.92,4765727.98,263.85,0.54,0.16,28.2,15.9,0,13500,0,0,0,16500,0,0,0,0,30000,PHY
650836.4,4765727.94,260.13,0.46,0.13,57.7,38.9,0,13500,0,0,0,16500,0,0,0,0,30000,PHY
650837.15,4765727.92,258.28,0.38,0.07,41.9,10.5,0,11250,0,0,0,13750,0,0,0,0,25000,PHY
650840.12,4765727.85,250.85,0.38,0.11,37.5,2.9,0,12000,0,0,0,8000,0,0,0,0,20000,PHY
650841.61,4765727.81,247.14,0.34,0.64,52,105.5,0,12000,0,0,0,17400,0,600,0,0,30000,PHY
650842.36,4765727.79,245.28,0.52,0.21,23.9,63.3,0,13500,0,0,0,15900,0,600,0,0,30000,PHY
650843.13,4765727.76,243.44,0.37,0.11,34.1,22.5,0,8750,0,0,0,15750,0,500,0,0,25000,PHY
650843.9,4765727.74,241.59,0.77,0.14,222,19.1,0,21700,0,0,0,12250,0,1050,0,0,35000,PHY
650847.74,4765727.6,232.36,0.39,0.16,58.4,16.9,0,12000,0,0,0,17100,0,900,0,0,30000,PHY
651069.66,4766192.89,-379.54,0.12,0.03,18,3,0,3000,0,0,0,26400,0,600,0,0,30000,PTS
651070.45,4766192.96,-381.38,0.12,0.04,25.1,3.2,0,1500,0,0,0,13200,0,300,0,0,15000,PTS
651088.29,4766194.62,-423.74,0.14,0.02,78.5,4.8,0,2500,0,0,0,22000,0,500,0,0,25000,PTS
651096.76,4766195.38,-444.03,0.16,0.06,39.9,2.6,0,1500,0,0,0,13200,0,300,0,0,15000,PTS
651099.06,4766195.57,-449.57,0.15,0.08,7.78,8.4,0,3000,0,0,0,26400,0,600,0,0,30000,PTS
651103.63,4766195.89,-460.66,0.1,0.08,2.67,10.6,0,2000,0,0,0,17600,0,400,0,0,20000,PTS
650853.12,4765727.42,219.44,0.54,0.26,159.5,3.9,0,12000,0,0,0,7600,0,400,0,0,20000,PHY
650854.65,4765727.37,215.74,0.38,0.08,730,2,0,12400,0,0,0,6600,0,1000,0,0,20000,PHY
650856.96,4765727.29,210.2,0.41,0.32,104.5,46.2,0,8000,0,0,0,11600,0,400,0,0,20000,PHY
650857.73,4765727.26,208.36,0.55,0.13,225,26.7,0,12000,0,0,0,17400,0,600,0,0,30000,PHY
650858.49,4765727.24,206.51,0.41,0.16,22.5,49.4,0,10000,0,0,0,13750,0,1250,0,0,25000,PHY
650859.28,4765727.2,204.67,0.19,0.03,11.9,6.3,0,9000,0,0,0,5700,0,300,0,0,15000,PHY
650860.06,4765727.17,202.83,0.14,0.02,21.8,13.4,0,10500,0,0,0,4200,0,300,0,0,15000,PHY
650860.84,4765727.13,200.99,0.17,0.03,16.95,7.7,0,7500,0,0,0,7200,0,300,0,0,15000,PHY
650864.75,4765726.95,191.79,0.52,0.1,150.5,89.2,0,6000,0,0,0,13600,0,400,0,0,20000,PHY
650865.53,4765726.92,189.95,0.43,0.12,87.6,111,0,7500,0,0,0,21900,0,600,0,0,30000,PHY
650866.31,4765726.88,188.11,0.39,0.1,40.3,93.6,0,10500,0,0,0,19500,0,0,0,0,30000,PHY
650867.09,4765726.85,186.27,0.37,0.33,110,34.6,0,12000,0,0,0,17400,0,600,0,0,30000,PHY
650867.88,4765726.81,184.42,0.47,0.23,97.8,48,0,11400,0,0,0,18000,0,600,0,0,30000,PHY
650869.44,4765726.74,180.74,0.42,0.06,55.8,213,0,7600,0,0,0,12000,0,400,0,0,20000,PHY
650870.22,4765726.7,178.9,0.57,0.27,85.7,161.5,0,8750,0,0,0,15750,0,500,0,0,25000,PHY
650871.79,4765726.63,175.22,0.31,0.05,43,335,0,7000,0,0,0,17500,0,500,0,0,25000,PHY
650873.35,4765726.56,171.54,0.24,0.04,49.2,26.4,0,6000,0,0,0,14000,0,0,0,0,20000,PHY
650875.69,4765726.46,166.02,0.63,0.11,177,29.8,0,9000,0,0,0,21000,0,0,0,0,30000,PHY
650878.06,4765726.32,160.51,0.26,0.22,43.2,31.5,0,6000,0,0,0,14000,0,0,0,0,20000,PHY
650878.86,4765726.26,158.67,0.32,0.1,87,18.3,0,6250,0,0,0,18750,0,0,0,0,25000,PHY
650879.65,4765726.21,156.84,0.3,0.1,132.5,27.7,0,6250,0,0,0,18250,0,500,0,0,25000,PHY
650880.45,4765726.15,155,0.33,0.03,153,3.7,0,9900,0,0,0,19500,0,600,0,0,30000,PHY
650881.24,4765726.09,153.17,0.31,0.02,67.6,3.6,0,9000,0,0,0,20400,0,600,0,0,30000,PHY
650884.42,4765725.87,145.83,0.25,0.03,47.6,5.3,0,9800,0,0,0,24500,0,700,0,0,35000,PHY
650889.19,4765725.53,134.83,0.25,0.02,26.5,6.1,0,10000,0,0,0,30000,0,0,0,0,40000,PHY
650889.99,4765725.48,132.99,0.33,0.04,86.6,6.5,0,12000,0,0,0,27200,0,800,0,0,40000,PHY
650890.8,4765725.4,131.17,0.38,0.05,108,7.9,0,13200,0,0,0,26000,0,800,0,0,40000,PHY
650891.6,4765725.32,129.34,0.45,0.03,44.7,5.9,0,13500,0,0,0,30600,0,900,0,0,45000,PHY
650892.41,4765725.24,127.51,0.51,0.05,206,7.4,0,17500,0,0,0,31000,0,1500,0,0,50000,PHY
650894.03,4765725.09,123.86,0.39,0.08,638,5.2,0,15200,0,0,0,24000,0,800,0,0,40000,PHY
650894.84,4765725.01,122.03,0.21,0.05,41.9,9.6,0,10500,0,0,0,24500,0,0,0,0,35000,PHY
650897.27,4765724.78,116.55,0.21,0.02,68.8,5.8,0,12250,0,0,0,22750,0,0,0,0,35000,PHY
650899.7,4765724.55,111.07,0.25,0.05,35.9,7,0,10000,0,0,0,30000,0,0,0,0,40000,PHY
650900.51,4765724.47,109.24,0.37,0.09,38.1,5.6,0,10000,0,0,0,30000,0,0,0,0,40000,PHY
650901.32,4765724.39,107.41,0.34,0.04,52,4.7,0,12000,0,0,0,27200,0,800,0,0,40000,PHY
650902.94,4765724.24,103.76,0.18,0.05,40.7,4.7,0,10800,0,0,0,28000,0,1200,0,0,40000,PHY
650907.8,4765723.77,92.79,0.42,0.09,606,6.4,0,12800,0,0,0,26000,0,1200,0,0,40000,PHY
650909.41,4765723.62,89.14,0.42,0.1,42.1,6.9,0,11550,0,0,0,22750,0,700,0,0,35000,PHY
650911.03,4765723.46,85.49,0.28,0.04,37.3,8.2,0,10500,0,0,0,23800,0,700,0,0,35000,PHY
650911.84,4765723.39,83.66,0.28,0.05,55,8.4,0,11200,0,0,0,28000,0,800,0,0,40000,PHY
650912.65,4765723.31,81.83,0.25,0.03,349,6.2,0,12800,0,0,0,26000,0,1200,0,0,40000,PHY
650913.46,4765723.23,80,0.25,0.03,32.1,10.7,0,11250,0,0,0,32850,0,900,0,0,45000,PHY
650915.89,4765723,74.52,0.36,0.06,63.7,7.5,0,12000,0,0,0,27200,0,800,0,0,40000,PHY
650916.7,4765722.92,72.7,0.42,0.05,77.7,9.6,0,13200,0,0,0,26000,0,800,0,0,40000,PHY
650917.51,4765722.85,70.87,0.43,0.04,152.5,7.7,0,11200,0,0,0,22750,0,1050,0,0,35000,PHY
650920.75,4765722.54,63.56,0.22,0.03,135,9.3,0,11200,0,0,0,22750,0,1050,0,0,35000,PHY
650921.56,4765722.46,61.73,0.3,0.07,156,11.6,0,12000,0,0,0,26000,0,2000,0,0,40000,PHY
650923.99,4765722.23,56.25,0.55,0.08,53.8,9.6,0,16000,0,0,0,23200,0,800,0,0,40000,PHY
650925.6,4765722.07,52.6,0.33,0.03,43.4,12.7,0,11550,0,0,0,22750,0,700,0,0,35000,PHY
650927.22,4765721.92,48.94,0.77,0.13,89.2,12.7,0,14000,0,0,0,25200,0,800,0,0,40000,PHY
650928.03,4765721.84,47.11,0.81,0.17,115,16.4,0,22800,0,0,0,16000,0,1200,0,0,40000,PHY
650928.84,4765721.76,45.29,0.42,0.18,53.4,17.9,0,12000,0,0,0,17100,0,900,0,0,30000,PHY
650929.65,4765721.69,43.46,0.36,0.17,73.1,23.7,0,14000,0,0,0,24800,0,1200,0,0,40000,PHY
650930.46,4765721.61,41.63,0.36,0.34,75.3,18.5,0,16000,0,0,0,22800,0,1200,0,0,40000,PHY
650932.89,4765721.38,36.15,0.63,0.16,105,24.6,0,12800,0,0,0,26000,0,1200,0,0,40000,PHY
650934.51,4765721.21,32.5,0.28,0.06,24.9,16.1,0,9900,0,0,0,19500,0,600,0,0,30000,PHY
650935.32,4765721.12,30.67,0.33,0.12,29.3,22.9,0,11200,0,0,0,22750,0,1050,0,0,35000,PHY
650936.13,4765721.03,28.84,0.3,0.42,84.1,22.6,0,9900,0,0,0,19500,0,600,0,0,30000,PHY
650936.94,4765720.94,27.02,0.31,0.33,74.2,22,0,11100,0,0,0,18000,0,900,0,0,30000,PHY
650937.75,4765720.85,25.19,0.72,0.3,49.3,28.2,0,11200,0,0,0,28000,0,800,0,0,40000,PHY
650938.56,4765720.76,23.36,0.97,0.4,109,25.5,0,15050,0,0,0,19250,0,700,0,0,35000,PHY
650939.37,4765720.67,21.54,0.58,0.19,184.5,21,0,16800,0,0,0,17500,0,700,0,0,35000,PHY
650941.79,4765720.4,16.06,0.32,0.41,51,17.2,0,11400,0,0,0,18000,0,600,0,0,30000,PHY
650942.6,4765720.31,14.23,0.32,0.33,67.8,14.7,0,10500,0,0,0,18900,0,600,0,0,30000,PHY
650943.41,4765720.22,12.4,0.16,0.31,45.1,9.1,0,9500,0,0,0,15000,0,500,0,0,25000,PHY
650944.22,4765720.13,10.58,0.35,0.4,52.3,10.1,0,10500,0,0,0,18900,0,600,0,0,30000,PHY
650945.84,4765719.95,6.92,0.21,0.56,29.7,10.4,0,9900,0,0,0,19500,0,600,0,0,30000,PHY
650946.65,4765719.86,5.1,0.36,0.46,100,11.2,0,10500,0,0,0,18600,0,900,0,0,30000,PHY
650947.46,4765719.77,3.27,0.34,0.1,153,11.2,0,10500,0,0,0,18600,0,900,0,0,30000,PHY
650949.08,4765719.59,-0.38,0.19,0.26,42.7,12.7,0,11400,0,0,0,18000,0,600,0,0,30000,PHY
650949.89,4765719.5,-2.21,0.46,0.33,114,23.7,0,11400,0,0,0,18000,0,600,0,0,30000,PHY
650950.7,4765719.41,-4.04,0.23,0.29,66.3,15.1,0,14400,0,0,0,15000,0,600,0,0,30000,PHY
650952.34,4765719.22,-7.68,0.15,0.11,22.8,15.9,0,10500,0,0,0,19500,0,0,0,0,30000,PHY
650953.16,4765719.12,-9.5,0.28,0.27,47.7,21.3,0,10500,0,0,0,18900,0,600,0,0,30000,PHY
650953.99,4765719.02,-11.32,0.3,0.69,37.1,39.5,0,10500,0,0,0,19500,0,0,0,0,30000,PHY
650954.81,4765718.93,-13.14,0.28,0.32,68.9,12.5,0,12000,0,0,0,18000,0,0,0,0,30000,PHY
650956.46,4765718.73,-16.78,0.3,0.29,45.2,4.4,0,11100,0,0,0,18000,0,900,0,0,30000,PHY
650957.28,4765718.64,-18.6,0.25,0.23,29.7,4.6,0,11100,0,0,0,18000,0,900,0,0,30000,PHY
650958.1,4765718.54,-20.42,0.71,0.41,79.4,8.1,0,9000,0,0,0,21000,0,0,0,0,30000,PHY
650958.93,4765718.44,-22.24,0.38,0.67,50,10.7,0,7500,0,0,0,17500,0,0,0,0,25000,PHY
650960.57,4765718.25,-25.88,0.18,0.24,26.7,16.3,0,6000,0,0,0,24000,0,0,0,0,30000,PHY
650976.38,4765716.37,-60.38,0.15,0.36,39.8,20.3,0,7000,0,0,0,28000,0,0,0,0,35000,PHY
650977.22,4765716.27,-62.2,0.23,0.27,32.1,33.3,0,8000,0,0,0,32000,0,0,0,0,40000,PHY
650978.05,4765716.16,-64.01,0.2,0.1,44,7.7,0,8000,0,0,0,32000,0,0,0,0,40000,PHY
650978.89,4765716.06,-65.82,0.46,0.15,128.5,14.9,0,7000,0,0,0,28000,0,0,0,0,35000,PHY
650979.73,4765715.96,-67.64,0.18,0.13,18.9,8.9,0,3000,0,0,0,27000,0,0,0,0,30000,PHY
650980.57,4765715.86,-69.45,0.21,0.46,63.4,6.9,0,3000,0,0,0,27000,0,0,0,0,30000,PHY
650983.08,4765715.56,-74.89,0.28,0.22,49.3,10.8,0,6000,0,0,0,14000,0,0,0,0,20000,PHY
650983.92,4765715.46,-76.7,0.22,0.29,35.7,9.2,0,5000,0,0,0,15000,0,0,0,0,20000,PHY
650986.43,4765715.16,-82.14,0.26,0.14,25,50.6,0,6000,0,0,0,24000,0,0,0,0,30000,PHY
650987.27,4765715.06,-83.96,0.35,0.1,66.9,20.9,0,3000,0,0,0,17000,0,0,0,0,20000,PHY
650988.1,4765714.96,-85.77,0.15,0.1,28.5,53.3,0,2500,0,0,0,22500,0,0,0,0,25000,PHY
650989.78,4765714.75,-89.4,0.19,0.07,21.6,27.1,0,2500,0,0,0,22500,0,0,0,0,25000,PHY
650990.62,4765714.65,-91.21,0.28,0.1,46.5,58.2,0,3000,0,0,0,27000,0,0,0,0,30000,PHY
650993.13,4765714.35,-96.65,0.22,0.09,31.4,23.8,0,2500,0,0,0,22500,0,0,0,0,25000,PHY
650994.81,4765714.13,-100.27,0.29,0.1,23.2,19,0,4500,0,0,0,25500,0,0,0,0,30000,PHY
650997.34,4765713.76,-105.7,0.25,0.09,49.9,13.4,0,1000,0,0,0,19000,0,0,0,0,20000,PHY
650999.02,4765713.52,-109.32,0.44,0.13,28.3,37,0,1250,0,0,0,23750,0,0,0,0,25000,PHY
650999.87,4765713.4,-111.13,0.28,0.04,19.4,26.1,0,2000,0,0,0,18000,0,0,0,0,20000,PHY
651000.71,4765713.27,-112.94,0.15,0.05,23.6,16.3,0,3000,0,0,0,27000,0,0,0,0,30000,PHY
651002.39,4765713.03,-116.56,0.09,0.06,9.07,48.5,0,2000,0,0,0,18000,0,0,0,0,20000,PHY
651003.23,4765712.91,-118.37,0.12,0.04,17.4,20.1,0,2500,0,0,0,22500,0,0,0,0,25000,PHY
651004.08,4765712.79,-120.18,0.31,0.18,37.3,32.3,0,3500,0,0,0,31500,0,0,0,0,35000,PHY
651007.48,4765712.25,-127.4,0.11,0.07,19.75,24.4,0,1500,0,0,0,28500,0,0,0,0,30000,PHY
651008.34,4765712.11,-129.2,0.22,0.07,98.9,54.2,0,1750,0,0,0,33250,0,0,0,0,35000,PHY
651009.19,4765711.97,-131.01,0.21,0.18,63,20.4,0,4000,0,0,0,36000,0,0,0,0,40000,PHY
651010.05,4765711.83,-132.81,0.11,0.02,47.5,10,0,1250,0,0,0,23750,0,0,0,0,25000,PHY
651011.76,4765711.56,-136.41,0.13,0.09,45.3,21.8,0,3000,0,0,0,27000,0,0,0,0,30000,PHY
651012.62,4765711.42,-138.22,0.15,1,30.9,28.5,0,1500,0,0,0,28500,0,0,0,0,30000,PHY
651013.47,4765711.28,-140.02,0.16,0.81,8.03,36.4,0,1500,0,0,0,28500,0,0,0,0,30000,PHY
651014.33,4765711.14,-141.82,0.19,0.32,70.9,25.6,0,3000,0,0,0,27000,0,0,0,0,30000,PHY
651016.89,4765710.73,-147.23,0.31,0.22,33.3,62.2,0,2500,0,0,0,22500,0,0,0,0,25000,PHY
651018.6,4765710.45,-150.83,0.23,0.16,24,69.9,0,5250,0,0,0,29750,0,0,0,0,35000,PHY
651019.48,4765710.3,-152.63,0.19,0.77,35.7,80.7,0,5250,0,0,0,29750,0,0,0,0,35000,PHY
651021.23,4765710,-156.21,0.14,0.15,15.65,44.4,0,7000,0,0,0,28000,0,0,0,0,35000,PHY
651022.99,4765709.7,-159.79,0.16,0.27,29.5,80.8,0,6000,0,0,0,24000,0,0,0,0,30000,PHY
651023.86,4765709.55,-161.58,0.14,0.27,40.5,37.3,0,3750,0,0,0,21250,0,0,0,0,25000,PHY
651025.62,4765709.24,-165.16,0.13,0.2,32.9,46.2,0,12250,0,0,0,22750,0,0,0,0,35000,PHY
651026.5,4765709.09,-166.95,0.2,0.24,29.6,67.5,0,9000,0,0,0,21000,0,0,0,0,30000,PHY
651027.37,4765708.94,-168.75,0.32,2.61,127,170.5,0,10500,0,0,0,24500,0,0,0,0,35000,PHY
651028.25,4765708.79,-170.54,0.29,18.5,97.2,151.5,0,14000,0,0,0,26000,0,0,0,0,40000,PHY
651030,4765708.49,-174.12,0.24,0.28,25.5,86.1,0,10500,0,0,0,24500,0,0,0,0,35000,PHY
651030.88,4765708.34,-175.91,0.2,0.64,30,139,0,14000,0,0,0,26000,0,0,0,0,40000,PHY
651032.66,4765708.02,-179.48,0.32,0.47,34.1,146.5,0,7000,0,0,0,28000,0,0,0,0,35000,PHY
651033.56,4765707.86,-181.25,0.3,1.08,69.9,125,0,8750,0,0,0,26250,0,0,0,0,35000,PHY
651034.47,4765707.69,-183.03,0.24,0.2,22.2,106,0,7000,0,0,0,28000,0,0,0,0,35000,PHY
651035.37,4765707.53,-184.81,0.15,0.24,11.15,98.8,0,4500,0,0,0,25500,0,0,0,0,30000,PHY
651036.27,4765707.36,-186.59,0.37,0.2,63.5,72.2,0,7000,0,0,0,28000,0,0,0,0,35000,PHY
651037.17,4765707.2,-188.36,0.33,0.28,23.4,129.5,0,8750,0,0,0,26250,0,0,0,0,35000,PHY
651038.07,4765707.03,-190.14,0.23,0.27,12.3,127.5,0,3750,0,0,0,21250,0,0,0,0,25000,PHY
651038.98,4765706.86,-191.92,0.2,0.12,16.9,90.4,0,3000,0,0,0,17000,0,0,0,0,20000,PHY
651039.88,4765706.7,-193.7,0.23,0.2,9.74,108,0,4500,0,0,0,25500,0,0,0,0,30000,PHY
651041.68,4765706.37,-197.25,0.33,0.15,33.2,128.5,0,5250,0,0,0,29750,0,0,0,0,35000,PHY
651042.58,4765706.2,-199.03,0.27,0.15,14.6,226,0,7000,0,0,0,28000,0,0,0,0,35000,PHY
651043.49,4765706.04,-200.8,0.32,0.18,15.3,100.5,0,7000,0,0,0,28000,0,0,0,0,35000,PHY
651046.19,4765705.54,-206.14,0.49,0.16,14.85,111.5,0,7000,0,0,0,28000,0,0,0,0,35000,PHY
651047.1,4765705.37,-207.91,0.16,0.11,8.14,103.5,0,3000,0,0,0,27000,0,0,0,0,30000,PHY
651048.94,4765705,-211.44,0.15,0.31,6.59,96.3,0,3750,0,0,0,21250,0,0,0,0,25000,PRO
651049.86,4765704.81,-213.21,0.12,0.11,6.11,111.5,0,3000,0,0,0,17000,0,0,0,0,20000,PRO
651050.78,4765704.62,-214.97,0.19,0.06,11.9,81.5,0,6000,0,0,0,24000,0,0,0,0,30000,PRO
651051.7,4765704.43,-216.74,0.11,0.13,5.75,74.3,0,3750,0,0,0,21250,0,0,0,0,25000,PRO
651052.62,4765704.25,-218.5,0.12,0.09,10.9,130,0,5860,0,0,0,23440,0,0,0,0,29300,PRO
651053.55,4765704.06,-220.27,0.09,0.07,7.92,40.2,0,4000,0,0,0,16000,0,0,0,0,20000,PHY
651058.15,4765703.12,-229.09,0.17,0.3,33.2,76.3,0,1250,0,0,0,23750,0,0,0,0,25000,PHY
651059.08,4765702.89,-230.85,0.34,0.56,106.5,102,0,6300,0,0,0,28000,0,700,0,0,35000,PHY
651060.94,4765702.44,-234.36,0.47,0.43,52.6,120.5,0,3000,0,0,0,27000,0,0,0,0,30000,PHY
651061.87,4765702.21,-236.12,0.21,0.64,43.6,121.5,0,3000,0,0,0,27000,0,0,0,0,30000,PHY
651065.59,4765701.3,-243.15,0.19,0.34,14.55,118.5,0,3000,0,0,0,27000,0,0,0,0,30000,PHY
651066.52,4765701.08,-244.9,0.22,0.45,13.2,162.5,0,4000,0,0,0,36000,0,0,0,0,40000,PHY
651067.44,4765700.85,-246.66,0.28,0.51,16.15,243,0,1500,0,0,0,28500,0,0,0,0,30000,PHY
651068.37,4765700.62,-248.41,0.2,0.35,13.8,163,0,2500,0,0,0,22500,0,0,0,0,25000,PHY
651070.23,4765700.17,-251.93,0.3,0.3,13.15,62,0,4500,0,0,0,25500,0,0,0,0,30000,PHY
651071.16,4765699.94,-253.68,0.24,0.52,14.2,117,0,3000,0,0,0,27000,0,0,0,0,30000,PHY
651072.09,4765699.7,-255.44,0.14,0.29,10.3,71.4,0,1250,0,0,0,23750,0,0,0,0,25000,PHY
651076.77,4765698.43,-264.19,0.19,0.14,13.05,59.3,0,3500,0,0,0,31500,0,0,0,0,35000,PHY
651077.7,4765698.17,-265.94,0.23,0.26,24.5,79.9,0,3000,0,0,0,27000,0,0,0,0,30000,PHY
651094.66,4765693.26,-297.31,0.13,0.07,6.5,31.9,0,1500,0,0,0,8500,0,0,0,0,10000,PHY
651097.51,4765692.39,-302.51,0.34,0.11,15,38,0,5250,0,0,0,29750,0,0,0,0,35000,PHY
651098.46,4765692.1,-304.25,0.14,0.24,9.18,68.8,0,6000,0,0,0,24000,0,0,0,0,30000,PHY
651099.41,4765691.81,-305.99,0.27,0.43,15.95,76.1,0,7000,0,0,0,28000,0,0,0,0,35000,PHY
651100.35,4765691.52,-307.72,0.52,1.2,22.6,118,0,10000,0,0,0,30000,0,0,0,0,40000,PHY
651101.32,4765691.22,-309.45,0.32,0.38,24.3,77.7,0,6000,0,0,0,34000,0,0,0,0,40000,PHY
651109.13,4765688.73,-323.19,0.17,0.24,9.63,114.5,0,7000,0,0,0,28000,0,0,0,0,35000,PHY
651110.11,4765688.42,-324.9,0.36,0.52,15.2,148.5,0,6000,0,0,0,24000,0,0,0,0,30000,PHY
651111.09,4765688.11,-326.62,0.43,0.34,15.2,106,0,5250,0,0,0,29750,0,0,0,0,35000,PHY
651112.07,4765687.79,-328.34,0.8,0.37,24.2,52.2,0,8000,0,0,0,32000,0,0,0,0,40000,PHY
651113.04,4765687.48,-330.06,0.42,0.95,26.9,73.3,0,3000,0,0,0,27000,0,0,0,0,30000,PHY
651114.02,4765687.17,-331.77,0.35,0.38,13,92.2,0,4500,0,0,0,25500,0,0,0,0,30000,PHY
651115,4765686.86,-333.49,0.33,0.24,8.55,128,0,5250,0,0,0,29750,0,0,0,0,35000,PHY
651115.98,4765686.54,-335.2,0.37,0.19,12.9,73.6,0,3000,0,0,0,17000,0,0,0,0,20000,PHY
651116.98,4765686.21,-336.9,0.59,0.3,20.6,88,0,6000,0,0,0,24000,0,0,0,0,30000,PHY
651117.98,4765685.87,-338.6,0.46,0.28,37.7,179,0,2500,0,0,0,22500,0,0,0,0,25000,PHY
651123.98,4765683.88,-348.8,1.18,0.95,15.05,186,0,8000,0,0,0,32000,0,0,0,0,40000,PHY
651125.98,4765683.22,-352.2,0.73,0.75,24.3,174.5,0,12000,0,0,0,28000,0,0,0,0,40000,PHY
651126.98,4765682.89,-353.9,0.76,0.68,27.1,211,0,7000,0,0,0,28000,0,0,0,0,35000,PHY
651128.98,4765682.22,-357.3,0.32,0.41,7.82,95.3,0,3000,0,0,0,27000,0,0,0,0,30000,PHY
651130.98,4765681.56,-360.7,0.65,0.23,16.15,183,0,12250,0,0,0,22750,0,0,0,0,35000,PHY
651131.98,4765681.23,-362.4,0.4,0.2,6.09,223,0,7500,0,0,0,22500,0,0,0,0,30000,PHY
651135.01,4765680.17,-367.47,0.2,0.62,5.64,191.5,0,3750,0,0,0,21250,0,0,0,0,25000,PHY
651136.03,4765679.8,-369.15,0.26,0.65,7.4,92.7,0,6000,0,0,0,24000,0,0,0,0,30000,PHY
651137.04,4765679.44,-370.83,0.4,0.63,10.45,108.5,0,9000,0,0,0,21000,0,0,0,0,30000,PHY
651138.06,4765679.07,-372.52,0.23,0.36,6.5,87.8,0,6000,0,0,0,24000,0,0,0,0,30000,PHY
651139.08,4765678.7,-374.2,0.42,0.18,14.55,80.8,0,10500,0,0,0,18900,0,600,0,0,30000,PHY
651142.13,4765677.61,-379.25,0.38,0.58,90.9,139.5,0,10500,0,0,0,18900,0,600,0,0,30000,PHY
651144.16,4765676.88,-382.61,0.24,0.18,9.14,76,0,7500,0,0,0,21600,0,900,0,0,30000,PHY
651145.18,4765676.51,-384.3,0.38,1.2,16.05,137.5,0,7500,0,0,0,17000,0,500,0,0,25000,PHY
651146.21,4765676.14,-385.97,0.47,0.2,22.1,59.9,0,6000,0,0,0,14000,0,0,0,0,20000,PHY
651147.27,4765675.76,-387.62,0.55,0.11,38.1,51.9,0,9250,0,0,0,15000,0,750,0,0,25000,PHY
651148.32,4765675.37,-389.28,0.32,0.05,13.7,56.4,0,7600,0,0,0,12000,0,400,0,0,20000,PHY
651149.37,4765674.99,-390.94,0.6,0.08,43.3,43.8,0,14000,0,0,0,19250,0,1750,0,0,35000,PHY
651150.43,4765674.61,-392.59,0.49,0.3,51.3,87.4,0,9900,0,0,0,19500,0,600,0,0,30000,PHY
651152.53,4765673.85,-395.91,0.45,0.18,90.2,60.4,0,12900,0,0,0,16500,0,600,0,0,30000,PHY
651153.59,4765673.47,-397.56,0.31,0.14,26.9,55.2,0,5400,0,0,0,24000,0,600,0,0,30000,PHY
651155.7,4765672.7,-400.88,0.25,0.06,22.9,87,0,6250,0,0,0,18250,0,500,0,0,25000,PHY
651156.75,4765672.32,-402.53,0.49,0.09,32.1,36,0,10800,0,0,0,28000,0,1200,0,0,40000,PHY
651157.8,4765671.94,-404.19,0.41,0.19,31.1,51.6,0,11500,0,0,0,37500,0,1000,0,0,50000,PHY
651159.91,4765671.18,-407.5,0.26,0.23,10.65,82.6,0,9200,0,0,0,30000,0,800,0,0,40000,PHY
651163.07,4765670.03,-412.47,0.24,0.03,8.77,57,0,9000,0,0,0,6000,0,0,0,0,15000,PHY
651165.18,4765669.27,-415.78,0.21,0.08,13.9,46.4,0,9600,0,0,0,10000,0,400,0,0,20000,PHY
651167.32,4765668.44,-419.06,0.18,0.04,6.36,28.9,0,7500,0,0,0,22500,0,0,0,0,30000,PHY
651169.46,4765667.61,-422.34,0.23,0.14,9.31,55.1,0,4000,0,0,0,16000,0,0,0,0,20000,PHY
651170.53,4765667.2,-423.98,0.15,0.17,21,66,0,5000,0,0,0,20000,0,0,0,0,25000,PHY
651172.67,4765666.37,-427.25,0.42,0.08,34.4,217,0,7000,0,0,0,12600,0,400,0,0,20000,PHY
651175.88,4765665.13,-432.17,0.43,0.1,12,28.5,0,7000,0,0,0,13000,0,0,0,0,20000,PHY
651179.09,4765663.89,-437.08,0.37,0.03,20.4,46.8,0,4000,0,0,0,16000,0,0,0,0,20000,PHY
651180.16,4765663.43,-438.71,0.24,0.06,18,44.7,0,3750,0,0,0,21250,0,0,0,0,25000,PHY
651184.44,4765661.59,-445.21,0.3,0.1,41.5,39.3,0,4500,0,0,0,10500,0,0,0,0,15000,PHY
651186.58,4765660.67,-448.46,0.18,0.02,19.1,59.1,0,2000,0,0,0,8000,0,0,0,0,10000,PHY
651187.65,4765660.21,-450.09,0.29,0.02,22,123,0,3000,0,0,0,17000,0,0,0,0,20000,PHY
651188.72,4765659.75,-451.71,0.21,0.02,12.8,142,0,2250,0,0,0,12750,0,0,0,0,15000,PHY
650503.26,4765466.75,807.78,0.08,0.08,15.25,42,0,1147.5,0,0,0,15852.5,0,0,0,0,17000,AAA
650503.66,4765466.78,805.82,0.14,0.07,18.95,37.6,0,3000,0,0,0,27000,0,0,0,0,30000,AAA
650504.06,4765466.8,803.86,0.09,0.04,4.49,31.8,0,1250,0,0,0,23750,0,0,0,0,25000,AAA
650504.86,4765466.85,799.94,0.16,0.05,6.97,48.5,0,3000,0,0,0,27000,0,0,0,0,30000,AAA
650505.65,4765466.9,796.03,0.12,0.04,7.37,136,0,3000,0,0,0,27000,0,0,0,0,30000,AAA
650506.05,4765466.92,794.07,0.21,0.07,13.75,512,0,7000,0,0,0,28000,0,0,0,0,35000,AAA
650506.85,4765466.97,790.15,0.12,0.11,74.2,448,0,3500,0,0,0,31500,0,0,0,0,35000,AAA
650507.25,4765467,788.19,0.07,0.07,82.6,193.5,0,1250,0,0,0,23750,0,0,0,0,25000,AAA
650507.65,4765467.02,786.23,0.03,0.03,28.3,30,0,1000,0,0,0,19000,0,0,0,0,20000,AAA
650508.05,4765467.05,784.27,0.02,0.01,11.3,29.2,0,1250,0,0,0,23750,0,0,0,0,25000,AAA
650508.45,4765467.07,782.31,0.09,0.03,42.1,75.9,0,1500,0,0,0,28500,0,0,0,0,30000,AAA
650509.65,4765467.15,776.43,0.13,0.02,7.62,23.1,0,1750,0,0,0,33250,0,0,0,0,35000,AAA
650510.05,4765467.17,774.47,0.17,0.02,4.05,39.7,0,1500,0,0,0,28500,0,0,0,0,30000,AAA
650510.45,4765467.19,772.51,0.27,0.05,3.1,15,0,1750,0,0,0,33250,0,0,0,0,35000,AAA
650510.85,4765467.22,770.55,0.35,0.07,11.75,24.9,0,3000,0,0,0,27000,0,0,0,0,30000,AAA
650511.25,4765467.24,768.59,0.23,0.08,46.3,42.7,0,4000,0,0,0,36000,0,0,0,0,40000,AAA
650511.65,4765467.27,766.63,0.17,0.02,6.5,8.8,0,4500,0,0,0,25500,0,0,0,0,30000,AAA
650512.05,4765467.29,764.67,0.11,0.01,4.31,11.4,0,3500,0,0,0,31500,0,0,0,0,35000,AAA
650512.45,4765467.32,762.71,0.12,0.01,7.52,18,0,3000,0,0,0,27000,0,0,0,0,30000,AAA
650512.85,4765467.34,760.75,0.05,0.02,9.85,19.7,0,3500,0,0,0,31500,0,0,0,0,35000,AAA
650513.25,4765467.37,758.79,0.16,0.06,9.77,18.4,0,4500,0,0,0,25500,0,0,0,0,30000,AAA
650513.65,4765467.39,756.84,0.13,0.03,28.6,11.8,0,5250,0,0,0,29750,0,0,0,0,35000,AAA
650514.06,4765467.42,754.88,0.27,0.13,19.3,14.8,0,3000,0,0,0,27000,0,0,0,0,30000,AAA
650514.48,4765467.45,752.92,0.14,0.11,103,11.7,0,3500,0,0,0,31500,0,0,0,0,35000,AAA
650515.32,4765467.52,749.01,0.04,0.04,6.96,8.1,0,3000,0,0,0,27000,0,0,0,0,30000,AAA
650515.73,4765467.55,747.06,0.03,0.01,4.15,9.5,0,2500,0,0,0,22500,0,0,0,0,25000,AAA
650516.15,4765467.58,745.1,0.05,0.06,24.8,21.4,0,4500,0,0,0,25500,0,0,0,0,30000,AAA
650516.57,4765467.61,743.15,0.19,0.06,26.8,13.7,0,3500,0,0,0,31500,0,0,0,0,35000,IAA
650517.41,4765467.68,739.23,0.14,0.05,78,23.9,0,6750,0,0,0,38250,0,0,0,0,45000,IAA
650518.25,4765467.74,735.32,0.21,0.09,80.4,26.1,0,6000,0,0,0,34000,0,0,0,0,40000,IAA
650519.08,4765467.81,731.41,0.13,0.08,33,90.3,0,3000,0,0,0,27000,0,0,0,0,30000,IAA
650519.5,4765467.84,729.46,0.22,0.09,120.5,56.7,0,3500,0,0,0,31500,0,0,0,0,35000,IAA
650519.92,4765467.87,727.5,0.21,0.06,56.3,22.8,0,2000,0,0,0,18000,0,0,0,0,20000,IAA
650520.34,4765467.9,725.55,0.11,0.02,45.1,16.2,0,3000,0,0,0,27000,0,0,0,0,30000,IAA
650520.76,4765467.94,723.59,0.16,0.04,59.4,16.9,0,3000,0,0,0,27000,0,0,0,0,30000,IAA
650521.18,4765467.97,721.64,0.16,0.05,65.7,16.7,0,3000,0,0,0,27000,0,0,0,0,30000,IAA
650521.6,4765468,719.68,0.16,0.03,68.4,15.7,0,2000,0,0,0,18000,0,0,0,0,20000,IAA
650522.85,4765468.1,713.81,0.27,0.08,116.5,26,0,2000,0,0,0,18000,0,0,0,0,20000,IAA
650523.27,4765468.13,711.86,0.14,0.07,57.7,22.3,0,2500,0,0,0,22500,0,0,0,0,25000,IAA
650524.95,4765468.26,704.04,0.14,0.07,45.3,21,0,4500,0,0,0,25500,0,0,0,0,30000,IAA
650525.79,4765468.32,700.13,0.1,0.05,63.7,16.8,0,2500,0,0,0,22500,0,0,0,0,25000,IAA
650526.21,4765468.36,698.17,0.2,0.08,72.2,18.7,0,3000,0,0,0,27000,0,0,0,0,30000,IAA
650526.62,4765468.39,696.22,0.19,0.05,65.8,11,0,3000,0,0,0,27000,0,0,0,0,30000,IAA
650527.04,4765468.42,694.26,0.21,0.07,73.8,13.4,0,6750,0,0,0,38250,0,0,0,0,45000,IAA
650527.46,4765468.45,692.31,0.12,0.06,48.2,13.1,0,3000,0,0,0,27000,0,0,0,0,30000,IAA
650527.88,4765468.49,690.35,0.14,0.12,71.7,25.2,0,3500,0,0,0,31500,0,0,0,0,35000,IAA
650528.3,4765468.52,688.4,0.13,0.06,48.8,29.3,0,3000,0,0,0,27000,0,0,0,0,30000,IAA
650528.72,4765468.55,686.44,0.17,0.06,40.5,31.9,0,6000,0,0,0,34000,0,0,0,0,40000,IAA
650529.14,4765468.58,684.48,0.13,0.05,25.2,45.6,0,5250,0,0,0,29750,0,0,0,0,35000,IAA
650529.56,4765468.62,682.53,0.13,0.05,112,37,0,6000,0,0,0,34000,0,0,0,0,40000,IAA
650530.81,4765468.71,676.66,0.14,0.06,35.3,30.7,0,9000,0,0,0,36000,0,0,0,0,45000,IAA
650531.65,4765468.78,672.75,0.22,0.05,50.5,17,0,6000,0,0,0,34000,0,0,0,0,40000,PHY
650532.07,4765468.81,670.8,0.17,0.05,43.9,18,0,3500,0,0,0,31500,0,0,0,0,35000,PHY
650532.49,4765468.84,668.84,0.29,0.1,82.2,19.1,0,7500,0,0,0,42500,0,0,0,0,50000,PHY
650535.42,4765469.07,655.15,0.22,0.05,67.1,12.7,0,4000,0,0,0,36000,0,0,0,0,40000,PHY
650536.29,4765469.13,651.25,0.21,0.05,83.1,19.7,0,4000,0,0,0,36000,0,0,0,0,40000,PHY
650537.15,4765469.18,647.34,0.17,0.06,22.5,27.8,0,4000,0,0,0,36000,0,0,0,0,40000,PHY
650539.32,4765469.33,637.58,0.33,0.04,60.8,22.2,0,6000,0,0,0,34000,0,0,0,0,40000,IAA
650540.62,4765469.41,631.73,0.22,0.06,31.7,11,0,12500,0,0,0,37500,0,0,0,0,50000,IAA
650541.48,4765469.47,627.82,0.24,0.05,29.5,9.2,0,4000,0,0,0,36000,0,0,0,0,40000,IAA
650542.35,4765469.53,623.92,0.49,0.08,103,9.1,0,3000,0,0,0,27000,0,0,0,0,30000,IAA
650542.78,4765469.56,621.96,0.24,0.06,46.1,8.3,0,4000,0,0,0,36000,0,0,0,0,40000,IAA
650543.22,4765469.59,620.01,0.18,0.11,29.8,7.9,0,6000,0,0,0,34000,0,0,0,0,40000,AAA
650543.65,4765469.62,618.06,0.24,0.08,59.3,12.7,0,12000,0,0,0,28000,0,0,0,0,40000,AAA
650544.1,4765469.64,616.11,0.24,0.07,43.1,6.9,0,8000,0,0,0,32000,0,0,0,0,40000,AAA
650544.56,4765469.66,614.16,0.19,0.11,42.1,7.5,0,10000,0,0,0,30000,0,0,0,0,40000,AAA
650545.48,4765469.7,610.27,0.1,0.03,22.1,6.1,0,8000,0,0,0,32000,0,0,0,0,40000,AAA
650545.94,4765469.72,608.33,0.09,0.03,16.15,4.7,0,8000,0,0,0,32000,0,0,0,0,40000,AAA
650546.4,4765469.74,606.38,0.04,0.02,60.1,4.2,0,6000,0,0,0,34000,0,0,0,0,40000,AAA
650546.86,4765469.76,604.43,0.1,0.03,11.75,3.3,0,8000,0,0,0,32000,0,0,0,0,40000,AAA
650547.78,4765469.8,600.54,0.1,0.04,13.95,3.6,0,6750,0,0,0,38250,0,0,0,0,45000,AAA
650548.24,4765469.83,598.59,0.1,0.04,10.95,3,0,6000,0,0,0,34000,0,0,0,0,40000,AAA
650548.7,4765469.85,596.65,0.1,0.04,10.5,5,0,6000,0,0,0,34000,0,0,0,0,40000,AAA
650549.16,4765469.87,594.7,0.13,0.04,30.4,4.4,0,8000,0,0,0,32000,0,0,0,0,40000,AAA
650550.54,4765469.93,588.86,0.09,0.03,10.7,14.4,0,6000,0,0,0,34000,0,0,0,0,40000,AAA
650551,4765469.95,586.92,0.11,0.02,13.25,10.5,0,8000,0,0,0,32000,0,0,0,0,40000,AAA
650551.92,4765469.99,583.02,0.16,0.04,20.5,12.9,0,3000,0,0,0,27000,0,0,0,0,30000,AAA
650552.38,4765470.01,581.08,0.05,0.02,7.55,8.8,0,6000,0,0,0,34000,0,0,0,0,40000,AAA
650552.84,4765470.03,579.13,0.09,0.02,20.1,10.5,0,4000,0,0,0,36000,0,0,0,0,40000,AAA
650553.76,4765470.07,575.24,0.13,0.06,9,17.4,0,3500,0,0,0,31500,0,0,0,0,35000,AAA
650554.22,4765470.09,573.29,0.13,0.04,8.52,16.5,0,4000,0,0,0,36000,0,0,0,0,40000,AAA
650555.6,4765470.15,567.45,0.16,0.02,18.45,7.1,0,6000,0,0,0,34000,0,0,0,0,40000,AAA
650556.06,4765470.17,565.51,0.08,0.01,24.3,7.4,0,3000,0,0,0,27000,0,0,0,0,30000,AAA
650556.52,4765470.2,563.56,0.08,0.02,18.6,7.6,0,3000,0,0,0,27000,0,0,0,0,30000,AAA
650556.98,4765470.22,561.61,0.16,0.02,22.7,8.4,0,5250,0,0,0,29750,0,0,0,0,35000,AAA
650557.44,4765470.24,559.67,0.11,0.05,12.75,15,0,3000,0,0,0,27000,0,0,0,0,30000,AAA
650558.36,4765470.28,555.78,0.04,0.02,2.93,14.6,0,1250,0,0,0,23750,0,0,0,0,25000,AAA
650558.84,4765470.3,553.83,0.06,0.02,3.78,8.8,0,1250,0,0,0,23750,0,0,0,0,25000,AAA
650559.78,4765470.35,549.95,0.04,0.01,3.7,8.5,0,1500,0,0,0,28500,0,0,0,0,30000,AAA
650561.2,4765470.42,544.12,0.05,0.02,7.25,17.3,0,0,0,0,0,15000,0,0,0,0,15000,AAA
650563.57,4765470.53,534.41,0.03,0.06,2.24,8.3,0,1000,0,0,0,19000,0,0,0,0,20000,PRO
650564.52,4765470.58,530.52,0.04,0.01,20.8,9.5,0,3500,0,0,0,31500,0,0,0,0,35000,PRO
650564.99,4765470.6,528.58,0.09,0.02,31,58.2,0,1700,0,0,0,32300,0,0,0,0,34000,PRO
650565.94,4765470.65,524.69,0.18,0.02,108,380,0,2250,0,0,0,42750,0,0,0,0,45000,IAA
650566.41,4765470.67,522.75,0.29,0.02,199,539,0,5000,0,0,0,45000,0,0,0,0,50000,IAA
650566.89,4765470.7,520.8,0.25,0.02,168,545,0,4500,0,0,0,40500,0,0,0,0,45000,IAA
650567.36,4765470.72,518.86,0.14,0.01,54.3,285,0,6000,0,0,0,54000,0,0,0,0,60000,IAA
650568.31,4765470.76,514.98,0.23,0.02,186,271,0,6000,0,0,0,54000,0,0,0,0,60000,IAA
650568.78,4765470.79,513.03,0.29,0.02,134,487,0,5000,0,0,0,45000,0,0,0,0,50000,IAA
650570.68,4765470.88,505.26,0.27,0.02,66.3,280,0,5000,0,0,0,45000,0,0,0,0,50000,IAA
650571.15,4765470.9,503.32,0.41,0.03,161,239,0,5000,0,0,0,45000,0,0,0,0,50000,IAA
650573.99,4765471.04,491.66,0.21,0.03,78,20.6,0,6750,0,0,0,38250,0,0,0,0,45000,AAA
650574.46,4765471.07,489.72,0.26,0.03,118,30.1,0,4000,0,0,0,36000,0,0,0,0,40000,AAA
650575.41,4765471.11,485.83,0.28,0.04,33.4,84.9,0,5000,0,0,0,45000,0,0,0,0,50000,AAA
650575.89,4765471.14,483.89,0.29,0.01,51.7,144,0,6000,0,0,0,34000,0,0,0,0,40000,AAA
650576.36,4765471.16,481.94,0.3,0.01,7.8,34.1,0,4500,0,0,0,40500,0,0,0,0,45000,AAA
650577.31,4765471.2,478.06,0.13,0.03,11.55,36.7,0,3000,0,0,0,27000,0,0,0,0,30000,AAA
650577.79,4765471.22,476.12,0.15,0.03,9.27,15.4,0,3000,0,0,0,27000,0,0,0,0,30000,AAA
650578.29,4765471.24,474.18,0.15,0.03,9.38,14.2,0,5250,0,0,0,29750,0,0,0,0,35000,AAA
650578.78,4765471.25,472.24,0.1,0.02,7.92,12,0,3500,0,0,0,31500,0,0,0,0,35000,AAA
650579.28,4765471.26,470.31,0.17,0.04,8.99,28,0,4000,0,0,0,36000,0,0,0,0,40000,AAA
650580.27,4765471.29,466.43,0.09,0.02,6.5,28.7,0,4000,0,0,0,36000,0,0,0,0,40000,AAA
650581.26,4765471.31,462.56,0.11,0.04,23.6,30,0,7500,0,0,0,42500,0,0,0,0,50000,AAA
650582.25,4765471.34,458.68,0.19,0.04,29.7,17,0,4500,0,0,0,40500,0,0,0,0,45000,AAA
650582.75,4765471.35,456.74,0.13,0.04,23.6,16.2,0,4000,0,0,0,36000,0,0,0,0,40000,AAA
650583.25,4765471.36,454.81,0.19,0.07,25.2,30.5,0,4000,0,0,0,36000,0,0,0,0,40000,AAA
650583.74,4765471.38,452.87,0.2,0.05,35.2,26.4,0,6000,0,0,0,34000,0,0,0,0,40000,AAA
650585.23,4765471.42,447.06,0.3,0.02,408,60.4,0,6000,0,0,0,34000,0,0,0,0,40000,AAA
650586.22,4765471.44,443.18,0.34,0.03,172.5,621,0,5000,0,0,0,45000,0,0,0,0,50000,AAA
650586.72,4765471.45,441.24,0.13,0.02,75,47.3,0,4500,0,0,0,40500,0,0,0,0,45000,AAA
650587.71,4765471.48,437.37,0.18,0.03,88.3,27.1,0,3000,0,0,0,57000,0,0,0,0,60000,AAA
650588.7,4765471.51,433.49,0.27,0.01,123.5,546,0,7500,0,0,0,42500,0,0,0,0,50000,AAA
650591.68,4765471.58,421.87,0.19,0.03,117,516,0,6000,0,0,0,54000,0,0,0,0,60000,AAA
650593.67,4765471.62,414.12,0.18,0.03,75.7,614,0,5000,0,0,0,45000,0,0,0,0,50000,AAA
650594.17,4765471.62,412.19,0.14,0.04,189.5,603,0,5000,0,0,0,45000,0,0,0,0,50000,AAA
650596.18,4765471.63,404.44,0.46,0.04,117,640,600,12000,0,0,0,47400,0,0,0,0,60000,AAA
650596.68,4765471.63,402.51,0.29,0.03,67.4,488,0,12000,0,0,0,48000,0,0,0,0,60000,AAA
650597.19,4765471.64,400.57,0.35,0.05,97.4,583,0,5000,0,0,0,45000,0,0,0,0,50000,AAA
650598.19,4765471.64,396.7,0.28,0.02,94.6,231,0,12000,0,0,0,48000,0,0,0,0,60000,AAA
650598.69,4765471.64,394.76,0.18,0.02,65.2,210,0,5500,0,0,0,49500,0,0,0,0,55000,AAA
650599.2,4765471.65,392.83,0.15,0.03,65.1,226,0,12000,0,0,0,48000,0,0,0,0,60000,AAA
650599.7,4765471.65,390.89,0.23,0.04,74.2,383,0,5000,0,0,0,45000,0,0,0,0,50000,AAA
650600.2,4765471.65,388.96,0.26,0.02,56.5,403,0,9000,0,0,0,51000,0,0,0,0,60000,AAA
650605.23,4765471.68,369.6,0.15,0.02,127.5,50.4,500,12000,0,0,0,37500,0,0,0,0,50000,AAA
650606.74,4765471.68,363.79,0.06,0.01,20.4,27.1,0,6000,0,0,0,34000,0,0,0,0,40000,AAA
650607.74,4765471.69,359.92,0.04,0.02,21.6,113,0,6750,0,0,0,38250,0,0,0,0,45000,AAA
650608.25,4765471.69,357.98,0.06,0.02,23.4,106.5,0,6750,0,0,0,38250,0,0,0,0,45000,AAA
650608.76,4765471.69,356.05,0.1,0.01,42.7,216,0,7500,0,0,0,42500,0,0,0,0,50000,AAA
650609.78,4765471.69,352.18,0.11,0.03,14.55,157.5,0,4000,0,0,0,36000,0,0,0,0,40000,AAA
650610.8,4765471.69,348.32,0.1,0.01,20.7,28.2,0,7500,0,0,0,42500,0,0,0,0,50000,AAA
650611.82,4765471.7,344.45,0.02,0.01,118,33.6,0,4500,0,0,0,40500,0,0,0,0,45000,AAA
650612.84,4765471.7,340.58,0.22,0.02,13.75,13,0,6750,0,0,0,38250,0,0,0,0,45000,AAA
650613.35,4765471.7,338.65,0.08,0.05,11.55,23.7,0,6000,0,0,0,34000,0,0,0,0,40000,AAA
650615.9,4765471.7,328.98,0.27,0.02,160.5,883,0,9000,0,0,0,51000,0,0,0,0,60000,AAA
650616.41,4765471.7,327.04,0.34,0.02,550,967,0,8250,0,0,0,46750,0,0,0,0,55000,AAA
650616.92,4765471.7,325.11,0.16,0.02,148.5,451,0,9750,0,0,0,55250,0,0,0,0,65000,AAA
650617.44,4765471.7,323.18,0.35,0.03,323,39.8,0,4000,0,0,0,36000,0,0,0,0,40000,AAA
650617.96,4765471.69,321.25,0.28,0.02,185.5,18,0,4000,0,0,0,36000,0,0,0,0,40000,AAA
650618.48,4765471.69,319.31,0.33,0.02,232,110.5,0,8500,0,0,0,41500,0,0,0,0,50000,AAA
650619,4765471.69,317.38,0.51,0.02,188.5,174,0,12500,0,0,0,37500,0,0,0,0,50000,AAA
650619.51,4765471.68,315.45,0.47,0.02,280,60.4,0,10000,0,0,0,40000,0,0,0,0,50000,AAA
650621.07,4765471.67,309.66,0.28,0.01,164,196.5,0,12000,0,0,0,48000,0,0,0,0,60000,AAA
650625.73,4765471.64,292.27,0.26,0.02,166.5,18.9,0,10000,0,0,0,30000,0,0,0,0,40000,PHY
650626.25,4765471.64,290.34,0.5,0.02,44.3,16.5,0,8000,0,0,0,32000,0,0,0,0,40000,PHY
650628.32,4765471.62,282.61,0.15,0.02,232,23.4,0,12000,0,0,0,26800,0,1200,0,0,40000,PHY
650629.36,4765471.61,278.75,0.33,0.02,315,14.8,0,7200,0,0,0,32000,0,800,0,0,40000,PHY
650629.89,4765471.62,276.82,0.18,0.02,550,23.4,0,7200,0,0,0,32000,0,800,0,0,40000,PHY
650630.42,4765471.62,274.89,0.21,0.06,230,21.3,0,11250,0,0,0,32850,0,900,0,0,45000,PHY
650630.95,4765471.63,272.96,0.15,0.02,222,115,0,6000,0,0,0,33200,0,800,0,0,40000,PHY
650631.48,4765471.63,271.03,0.17,0.02,336,13.2,0,6500,0,0,0,42500,0,1000,0,0,50000,PHY
650632,4765471.64,269.1,0.23,0.03,210,30.4,0,7500,0,0,0,41500,0,1000,0,0,50000,PHY
650632.53,4765471.64,267.18,0.35,0.03,276,126.5,0,7500,0,0,0,41500,0,1000,0,0,50000,PHY
650633.06,4765471.65,265.25,0.28,0.03,184,180,0,8250,0,0,0,45100,0,1650,0,0,55000,PHY
650635.18,4765471.67,257.53,0.25,0.03,331,53,0,3500,0,0,0,46500,0,0,0,0,50000,PHY
650635.71,4765471.67,255.6,0.52,0.03,379,28,0,6000,0,0,0,44000,0,0,0,0,50000,PHY
650636.76,4765471.68,251.74,0.39,0.06,165,11.6,0,2800,0,0,0,37200,0,0,0,0,40000,PHY
650638.35,4765471.7,245.96,0.26,0.02,143.5,19.2,0,4000,0,0,0,36000,0,0,0,0,40000,PHY
650638.88,4765471.7,244.03,0.39,0.02,117,16.7,0,6800,0,0,0,33200,0,0,0,0,40000,PHY
650639.41,4765471.7,242.1,0.4,0.04,143,9.9,0,4000,0,0,0,36000,0,0,0,0,40000,PHY
650639.94,4765471.71,240.17,0.28,0.04,51,8.3,0,1500,0,0,0,28500,0,0,0,0,30000,PHY
650640.46,4765471.71,238.24,0.24,0.03,57.3,4.7,0,5100,0,0,0,24900,0,0,0,0,30000,PHY
650644.17,4765471.75,224.74,0.15,0.05,30.7,8.9,0,3000,0,0,0,27000,0,0,0,0,30000,PHY
650645.22,4765471.76,220.88,0.18,0.02,22.5,181.5,0,3000,0,0,0,27000,0,0,0,0,30000,PHY
650645.75,4765471.76,218.95,0.06,0.04,13.25,21.5,0,4000,0,0,0,36000,0,0,0,0,40000,PHY
650646.81,4765471.77,215.1,0.21,0.04,12.55,446,0,4000,0,0,0,36000,0,0,0,0,40000,PHY
650647.34,4765471.78,213.17,0.22,0.08,39,28.3,0,6000,0,0,0,34000,0,0,0,0,40000,PHY
650648.94,4765471.8,207.39,0.48,0.29,87.5,266,0,10000,0,0,0,40000,0,0,0,0,50000,PHY
650651.09,4765471.85,199.68,0.92,0.31,55.9,169.5,0,20000,0,0,0,60000,0,0,0,0,80000,PHY
650651.63,4765471.86,197.75,1.56,0.55,182.5,955,0,21000,0,0,0,49000,0,0,0,0,70000,PHY
650652.7,4765471.89,193.9,0.58,0.32,62.5,140,0,20000,0,0,0,80000,0,0,0,0,100000,PHY
650653.24,4765471.9,191.97,0.22,0.32,89.4,49.3,0,9000,0,0,0,51000,0,0,0,0,60000,PHY
650661.3,4765472.09,163.08,0.46,0.16,196,22.1,0,10500,0,0,0,59500,0,0,0,0,70000,PHY
650661.84,4765472.1,161.15,0.88,0.1,192.5,26.7,0,15000,0,0,0,45000,0,0,0,0,60000,PHY
650668.29,4765472.26,138.04,1.11,0.15,258,175.5,0,5000,0,0,0,45000,0,0,0,0,50000,PHY
650668.83,4765472.27,136.11,0.51,0.06,34.9,18.3,0,6750,0,0,0,38250,0,0,0,0,45000,PHY
650669.37,4765472.29,134.19,0.58,0.06,25.7,5.8,0,8800,0,0,0,31200,0,0,0,0,40000,PHY
650669.91,4765472.31,132.26,0.5,0.07,50,8,0,12500,0,0,0,37500,0,0,0,0,50000,PHY
650671.53,4765472.36,126.48,0.7,0.1,52.7,27.1,0,8800,0,0,0,31200,0,0,0,0,40000,PHY
650675.32,4765472.47,113.01,0.74,0.16,61.5,9.7,0,12000,0,0,0,18000,0,0,0,0,30000,PHY
650676.4,4765472.51,109.15,1.02,0.22,161.5,14.9,0,18000,0,0,0,12000,0,0,0,0,30000,PHY
650676.94,4765472.53,107.23,0.7,0.21,87.2,11.7,0,18000,0,0,0,12000,0,0,0,0,30000,PHY
650678.02,4765472.56,103.38,0.28,0.07,46,19.7,0,9000,0,0,0,11000,0,0,0,0,20000,PHY
650678.56,4765472.58,101.45,0.51,0.07,93.8,8.5,0,10000,0,0,0,15000,0,0,0,0,25000,PHY
650679.1,4765472.59,99.53,0.15,0.13,36.1,25.9,0,6000,0,0,0,24000,0,0,0,0,30000,PHY
650683.43,4765472.73,84.12,0.56,0.04,68,29.6,0,6000,0,0,0,4000,0,0,0,0,10000,PHY
650683.97,4765472.74,82.2,0.35,0.03,94.5,11.1,0,4000,0,0,0,6000,0,0,0,0,10000,PHY
650684.51,4765472.76,80.27,0.35,0.04,69.1,8.5,0,6750,0,0,0,8250,0,0,0,0,15000,PHY
650685.05,4765472.78,78.35,0.32,0.05,77.3,35.3,0,7500,0,0,0,7500,0,0,0,0,15000,PHY
650686.13,4765472.81,74.5,0.31,0.2,72.4,64.9,0,3000,0,0,0,7000,0,0,0,0,10000,PHY
650686.67,4765472.83,72.57,0.22,0.02,66.2,16.6,0,5000,0,0,0,5000,0,0,0,0,10000,PHY
650233.13,4765098.6,1121.6,0.21,0.02,45.4,11.4,0,750,1500,0,0,12750,0,0,0,0,15000,PHY
650229.85,4765098.47,1103.91,0.25,0.03,19.35,25,0,2250,0,0,0,12750,0,0,0,0,15000,PHY
650228.75,4765098.43,1098.01,0.31,0.07,35.4,19.7,0,4000,0,0,0,16000,0,0,0,0,20000,PHY
650228.02,4765098.4,1094.07,0.31,0.25,13.4,50.8,0,9000,0,0,0,21000,0,0,0,0,30000,PHY
650227.29,4765098.37,1090.14,0.25,0.17,98,79.9,0,9500,0,0,0,15000,0,500,0,0,25000,PHY
650226.2,4765098.32,1084.24,0.17,0.05,12.1,26,0,1000,0,0,0,9000,0,0,0,0,10000,PHY
650225.83,4765098.31,1082.28,0.13,0.06,13.95,25.3,0,2250,0,0,0,12750,0,0,0,0,15000,PHY
650225.47,4765098.29,1080.31,0.11,0.02,10.5,11.2,0,2250,0,0,0,12750,0,0,0,0,15000,PHY
650225.1,4765098.28,1078.34,0.13,0.03,13.85,22.9,0,5000,0,0,0,15000,0,0,0,0,20000,PHY
650224.74,4765098.26,1076.38,0.17,0.06,23.4,26.9,0,3750,0,0,0,11250,0,0,0,0,15000,PHY
650224.37,4765098.25,1074.41,0.19,0.15,35.7,40.5,0,8750,0,0,0,26250,0,0,0,0,35000,PHY
650224.01,4765098.23,1072.44,0.52,0.21,69.3,120.5,0,12250,0,0,0,22750,0,0,0,0,35000,PHY
650223.28,4765098.2,1068.51,0.43,0.12,62.9,37.3,0,9000,0,0,0,21000,0,0,0,0,30000,PHY
650222.91,4765098.19,1066.54,0.33,0.15,36.9,60.5,0,6250,0,0,0,18750,0,0,0,0,25000,PHY
650221.82,4765098.14,1060.65,0.47,0.17,61.5,68.6,0,4000,0,0,0,16000,0,0,0,0,20000,PHY
650220.36,4765098.1,1052.78,0.32,0.13,27.2,90.3,0,4000,0,0,0,16000,0,0,0,0,20000,PHY
650219.99,4765098.09,1050.81,0.38,0.1,26,42.8,0,1000,0,0,0,9000,0,0,0,0,10000,PHY
650219.63,4765098.08,1048.85,0.73,0.12,32.1,48.7,0,11400,0,0,0,18000,0,600,0,0,30000,PHY
650219.26,4765098.07,1046.88,0.33,0.11,10.15,22.2,0,3000,0,0,0,7000,0,0,0,0,10000,PHY
650218.89,4765098.06,1044.92,0.36,0.22,23.1,45.2,0,12000,0,0,0,18000,0,0,0,0,30000,PHY
650218.53,4765098.05,1042.95,0.43,0.16,30.7,49.4,0,12000,0,0,0,18000,0,0,0,0,30000,PHY
650218.16,4765098.05,1040.98,0.32,0.06,35,24,0,6000,0,0,0,14000,0,0,0,0,20000,PHY
650216.7,4765098.01,1033.12,0.81,0.63,59.7,73.1,0,12000,0,0,0,15600,0,2400,0,0,30000,PHY
650216.33,4765098.01,1031.15,0.81,0.65,33.5,65.9,0,14000,0,0,0,20300,0,700,0,0,35000,PHY
650215.97,4765098,1029.19,0.35,0.09,18.15,45.7,0,5000,0,0,0,15000,0,0,0,0,20000,PHY
650214.87,4765097.97,1023.29,0.26,0.93,15.6,78.9,0,5000,0,0,0,15000,0,0,0,0,20000,PHY
650214.14,4765097.96,1019.35,0.14,0.23,13.15,56.1,0,3000,0,0,0,12000,0,0,0,0,15000,PHY
650213.78,4765097.95,1017.39,0.12,0.03,17.65,16.2,0,3000,0,0,0,12000,0,0,0,0,15000,PHY
650212.68,4765097.92,1011.49,0.37,0.14,16.55,75.9,0,7500,0,0,0,17250,0,250,0,0,25000,PHY
650212.31,4765097.92,1009.52,0.19,0.39,21.4,92.8,0,4000,0,0,0,16000,0,0,0,0,20000,PHY
650211.95,4765097.91,1007.56,0.13,0.3,8.14,48.4,0,3000,0,0,0,12000,0,0,0,0,15000,PHY
650211.58,4765097.9,1005.59,0.2,0.3,42.9,112,0,6500,0,0,0,17500,0,1000,0,0,25000,PHY
650210.85,4765097.88,1001.66,0.17,0.32,23.1,163.5,0,10500,0,0,0,19500,0,0,0,0,30000,PHY
650210.12,4765097.87,997.72,0.37,0.1,21.6,45,0,13750,0,0,0,11250,0,0,0,0,25000,PHY
650207.93,4765097.82,985.93,0.36,0.08,27.8,24.4,0,10250,0,0,0,13750,0,1000,0,0,25000,PHY
650207.56,4765097.81,983.96,0.2,0.08,21.2,31.9,0,10250,0,0,0,13750,0,1000,0,0,25000,PHY
650207.19,4765097.8,981.99,0.24,0.33,94,101,0,8750,0,0,0,16250,0,0,0,0,25000,PHY
650206.83,4765097.79,980.03,0.22,0.12,16.85,84.5,0,11100,0,0,0,18000,0,900,0,0,30000,PHY
650205.37,4765097.76,972.16,0.33,0.73,83.6,143,0,10000,0,0,0,15000,0,0,0,0,25000,PHY
650205,4765097.75,970.2,0.19,0.21,25,76.9,0,6000,0,0,0,14000,0,0,0,0,20000,PHY
650204.27,4765097.74,966.26,0.22,0.04,21.5,34.4,0,3000,0,0,0,12000,0,0,0,0,15000,PHY
650203.9,4765097.73,964.3,0.31,0.05,89.2,80.6,0,12000,0,0,0,18000,0,0,0,0,30000,PHY
650203.54,4765097.72,962.33,0.32,0.05,14.8,59.9,0,7500,0,0,0,17500,0,0,0,0,25000,PHY
650202.81,4765097.7,958.4,0.27,0.04,17.2,45.4,0,8750,0,0,0,16250,0,0,0,0,25000,PHY
650202.44,4765097.69,956.43,0.2,0.23,10.1,101,0,5000,0,0,0,15000,0,0,0,0,20000,PHY
650202.08,4765097.69,954.47,0.23,0.12,9.43,31,0,8998.75,0,0,0,22301.25,0,0,0,0,31300,PHY
650201.71,4765097.68,952.5,0.42,0.31,21.9,116,0,12250,0,0,0,21000,0,1750,0,0,35000,PHY
650201.34,4765097.67,950.53,0.33,0.05,11.2,16.8,0,6000,0,0,0,13400,0,600,0,0,20000,PHY
650200.98,4765097.66,948.57,0.21,0.08,10.35,24.5,0,6000,0,0,0,13400,0,600,0,0,20000,PHY
650199.88,4765097.64,942.67,0.25,0.02,16.3,17.2,0,7500,0,0,0,17500,0,0,0,0,25000,PHY
650199.52,4765097.63,940.7,0.39,0.06,46.2,31.5,0,7500,0,0,0,17500,0,0,0,0,25000,PHY
650199.15,4765097.62,938.74,0.22,0.05,20.1,41.7,0,2250,0,0,0,12750,0,0,0,0,15000,PHY
650198.79,4765097.61,936.77,0.17,0.02,7.36,39.3,0,2250,0,0,0,12750,0,0,0,0,15000,PHY
650197.69,4765097.59,930.87,0.34,0.03,45.2,7,0,5000,0,0,0,15000,0,0,0,0,20000,PHY
650197.38,4765097.58,929.2,0.25,0.05,15.05,32.8,0,5000,0,0,0,15000,0,0,0,0,20000,PHY
651231.23,4766406.4,583,1.94,0.03,4.73,262,0,10500,0,0,0,24500,0,0,0,0,35000,IAA
651231.23,4766406.4,581,0.73,0.03,5.02,467,0,10500,0,0,0,24500,0,0,0,0,35000,IAA
651231.23,4766406.41,575,0.24,0.07,11.85,72.5,0,10500,0,0,0,24500,0,0,0,0,35000,IAA
651231.23,4766406.41,569,0.06,0.02,8.08,20.2,0,3500,0,0,0,66500,0,0,0,0,70000,IAA
651231.23,4766406.41,567,0.12,0.02,10.8,29.6,0,3500,0,0,0,66500,0,0,0,0,70000,IAA
651231.22,4766406.41,563,0.16,0.02,23.8,115,0,8000,0,0,0,72000,0,0,0,0,80000,IAA
651231.22,4766406.41,559,0.34,0.01,10.65,491,0,8000,0,0,0,72000,0,0,0,0,80000,IAA
651231.17,4766406.42,513,0.04,0.01,3.89,98.3,0,4700,0,0,0,89300,0,0,0,0,94000,AAA
651231.16,4766406.42,509,0.07,0.01,3.38,116.5,0,4000,0,0,0,76000,0,0,0,0,80000,AAA
651231.15,4766406.42,507,0.07,0.01,18.2,113.5,0,4000,0,0,0,76000,0,0,0,0,80000,AAA
651231.08,4766406.41,487,0.2,0.02,40.5,488,0,4000,0,0,0,76000,0,0,0,0,80000,AAA
651231.07,4766406.41,485,0.19,0.03,38.3,588,0,4000,0,0,0,76000,0,0,0,0,80000,AAA
651231.06,4766406.41,483,0.07,0.02,46.2,194,0,4500,0,0,0,85500,0,0,0,0,90000,AAA
651231.05,4766406.41,481,0.11,0.02,26.5,308,0,4500,0,0,0,85500,0,0,0,0,90000,AAA
651231.05,4766406.4,479,0.05,0.02,55.8,54.6,0,4500,0,0,0,85500,0,0,0,0,90000,AAA
651231.03,4766406.4,475,0.14,0.02,58.1,370,0,3375,0,0,0,64125,0,0,0,0,67500,AAA
651231.02,4766406.4,471,0.12,0.02,24.8,12.9,0,3000,0,0,0,57000,0,0,0,0,60000,AAA
651231,4766406.4,467,0.11,0.05,14,35,0,3500,0,0,0,66500,0,0,0,0,70000,AAA
651230.99,4766406.4,463,0.05,0.04,11.45,39.3,0,3500,0,0,0,66500,0,0,0,0,70000,AAA
651230.98,4766406.4,461,0.17,0.06,14.6,261,0,3500,0,0,0,66500,0,0,0,0,70000,AAA
651230.97,4766406.4,459,0.16,0.04,18.3,107,0,3500,0,0,0,66500,0,0,0,0,70000,AAA
651230.96,4766406.4,457,0.1,0.04,13.6,272,0,3500,0,0,0,66500,0,0,0,0,70000,AAA
651230.94,4766406.39,451,0.17,0.13,161.5,27.2,0,4200,0,0,0,79800,0,0,0,0,84000,AAA
651230.93,4766406.39,449,0.34,0.25,104.5,122,0,4500,0,0,0,85500,0,0,0,0,90000,AAA
651230.92,4766406.39,447,0.04,0.04,19.45,14,0,4500,0,0,0,85500,0,0,0,0,90000,AAA
651230.89,4766406.39,437,0.19,0.07,11.2,12.8,0,7000,0,0,0,63000,0,0,0,0,70000,AAA
651230.88,4766406.39,435,0.39,0.13,15.5,80.2,0,7000,0,0,0,63000,0,0,0,0,70000,AAA
651230.87,4766406.39,433,0.48,0.17,21.2,37.3,0,7000,0,0,0,63000,0,0,0,0,70000,AAA
651230.86,4766406.39,431,0.31,0.08,26.9,13.4,0,7000,0,0,0,63000,0,0,0,0,70000,AAA
651230.86,4766406.39,429,0.73,0.31,23.7,128.5,0,7000,0,0,0,63000,0,0,0,0,70000,AAA
651230.85,4766406.39,427,0.54,0.23,58,318,0,7000,0,0,0,63000,0,0,0,0,70000,AAA
651230.84,4766406.39,425,0.43,0.14,31.1,82.7,0,6150,0,0,0,55350,0,0,0,0,61500,AAA
651230.83,4766406.38,423,0.45,0.11,19.75,76.8,0,6000,0,0,0,54000,0,0,0,0,60000,AAA
651230.83,4766406.38,421,0.06,0.04,24.5,13.4,0,6000,0,0,0,54000,0,0,0,0,60000,AAA
651230.82,4766406.38,419,0.12,0.08,70.5,14.4,0,6000,0,0,0,54000,0,0,0,0,60000,AAA
651230.77,4766406.38,405.01,0.07,0.02,11.95,45.5,0,7600,0,0,0,12400,0,0,0,0,20000,PHY
651230.76,4766406.38,403.01,0.34,0.02,21.4,21.4,0,8000,0,0,0,12000,0,0,0,0,20000,PHY
651230.75,4766406.38,401.01,0.06,0.09,8.59,15.4,0,8000,0,0,0,12000,0,0,0,0,20000,PHY
651230.74,4766406.38,399.01,0.54,0.07,4.08,11.9,0,8299,0,0,0,11001,0,0,0,0,19300,PHY
651230.74,4766406.38,397.01,0.34,0.11,7.55,19.6,0,6072,0,0,0,7128,0,0,0,0,13200,PHY
651230.73,4766406.37,395.01,0.05,0.03,1.11,19.2,0,2000,0,0,0,8000,0,0,0,0,10000,PHY
651230.71,4766406.37,391.01,0.91,0.22,19.15,45.8,0,24000,0,0,0,16000,0,0,0,0,40000,PHY
651230.71,4766406.37,389.01,0.57,0.14,22.7,21.7,0,24000,0,0,0,16000,0,0,0,0,40000,PHY
651230.69,4766406.37,385.01,0.63,0.13,30.6,18.4,0,24000,0,0,0,16000,0,0,0,0,40000,PHY
651230.68,4766406.37,381.01,0.3,0.1,8.93,19.1,0,21354.25,0,0,0,15945.75,0,0,0,0,37300,PHY
651230.68,4766406.38,373.01,0.59,0.17,20.6,32.5,0,19250,0,0,0,15750,0,0,0,0,35000,PHY
651230.68,4766406.38,371.01,0.45,0.19,22.4,48.4,0,19250,0,0,0,15750,0,0,0,0,35000,PHY
651230.68,4766406.38,369.01,0.63,0.11,10.55,35.2,0,19250,0,0,0,15750,0,0,0,0,35000,PHY
651230.68,4766406.38,367.01,0.71,0.14,18,29.8,0,19250,0,0,0,15750,0,0,0,0,35000,PHY
651230.68,4766406.38,363.01,0.38,0.12,13.9,35.7,0,19250,0,0,0,15750,0,0,0,0,35000,PHY
651230.68,4766406.38,361.01,0.37,0.07,11.9,27.9,0,19250,0,0,0,15750,0,0,0,0,35000,PHY
651230.68,4766406.39,355.01,0.52,0.09,13.15,33.9,0,19250,0,0,0,15750,0,0,0,0,35000,PHY
651230.68,4766406.39,353.01,0.45,0.09,14,33,0,19250,0,0,0,15750,0,0,0,0,35000,PHY
651230.68,4766406.39,351.01,0.37,0.06,14.85,22.6,0,19250,0,0,0,15750,0,0,0,0,35000,PHY
651230.68,4766406.39,347.01,0.42,0.12,9.72,36,0,19250,0,0,0,15750,0,0,0,0,35000,PHY
651230.68,4766406.4,343.01,0.71,0.12,28.7,14.3,0,19250,0,0,0,15750,0,0,0,0,35000,PHY
651230.68,4766406.4,341.01,0.42,0.09,15.15,13.9,0,19250,0,0,0,15750,0,0,0,0,35000,PHY
651230.68,4766406.4,339.01,0.64,0.11,18.3,24.8,0,19250,0,0,0,15750,0,0,0,0,35000,PHY
651230.68,4766406.4,337.01,0.57,0.14,23.2,17.8,0,19250,0,0,0,15750,0,0,0,0,35000,PHY
651230.67,4766406.41,327.01,0.27,0.1,16.9,16.4,0,30000,0,0,0,20000,0,0,0,0,50000,PHY
651230.67,4766406.41,321.01,0.54,0.07,12.05,23.8,0,30000,0,0,0,20000,0,0,0,0,50000,PHY
651230.67,4766406.41,319.01,0.57,0.05,22.8,22.5,0,30000,0,0,0,20000,0,0,0,0,50000,PHY
651230.67,4766406.42,315.01,0.21,0.16,95.3,11.6,0,30000,0,0,0,20000,0,0,0,0,50000,PHY
651230.67,4766406.42,313.01,0.26,0.9,19.8,10.5,0,30000,0,0,0,20000,0,0,0,0,50000,PHY
651230.67,4766406.45,303.01,0.56,0.3,42.6,7.6,0,10000,0,0,0,30000,0,0,0,0,40000,PHY
651230.67,4766406.47,297.01,0.67,0.12,77,5,0,22500,0,0,0,27500,0,0,0,0,50000,PHY
651230.67,4766406.49,293.01,0.45,0.09,26.1,14.6,0,22500,0,0,0,27500,0,0,0,0,50000,PHY
651230.67,4766406.5,291.01,0.33,0.11,28.2,5.9,0,22500,0,0,0,27500,0,0,0,0,50000,PHY
651230.66,4766406.56,279.01,0.37,0.03,31.6,7.1,0,12000,0,0,0,8000,0,0,0,0,20000,PHY
651230.65,4766406.6,269.01,0.45,0.07,84.6,6,0,21000,0,0,0,9000,0,0,0,0,30000,PHY
651230.65,4766406.61,267.01,0.52,0.12,80.8,14.5,0,21341.25,0,0,0,10158.75,0,0,0,0,31500,PHY
651230.65,4766406.62,265.01,0.54,0.18,44.6,10.6,0,22000,0,0,0,18000,0,0,0,0,40000,PHY
651230.65,4766406.63,263.01,0.55,0.15,26.5,11,0,22000,0,0,0,18000,0,0,0,0,40000,PHY
651230.65,4766406.64,261.01,0.48,0.66,37.8,10.5,0,22000,0,0,0,18000,0,0,0,0,40000,PHY
651230.64,4766406.77,223.01,0.52,0.17,27.5,14.8,0,1000,0,0,0,9000,0,0,0,0,10000,PRO
651230.64,4766406.78,221.01,0.78,0.05,84.1,6.4,0,1000,0,0,0,9000,0,0,0,0,10000,PRO
651230.64,4766406.78,217.01,0.59,0.03,93.7,7.4,0,11165,0,0,0,17835,0,0,0,0,29000,PRO
651230.64,4766406.78,215.01,0.73,0.03,88.3,3.1,0,12000,0,0,0,18000,0,0,0,0,30000,PRO
651230.64,4766406.79,211.01,0.56,0.03,61.8,3.9,0,12000,0,0,0,18000,0,0,0,0,30000,PRO
651230.64,4766406.79,209.01,0.65,0.04,84.7,5.6,0,12000,0,0,0,18000,0,0,0,0,30000,PRO
651230.64,4766406.79,207.01,0.67,0.05,74.3,8.5,0,12000,0,0,0,18000,0,0,0,0,30000,PRO
651230.64,4766406.79,205.01,0.91,0.04,127.5,2.3,0,12000,0,0,0,18000,0,0,0,0,30000,PRO
651230.64,4766406.8,201.01,0.86,0.06,94.9,6,0,22500,0,0,0,27500,0,0,0,0,50000,PRO
651230.64,4766406.8,199.01,0.52,0.01,34,3.1,0,22500,0,0,0,27500,0,0,0,0,50000,PRO
651230.64,4766406.8,195.01,1.6,0.18,119,48.9,0,22500,0,0,0,27500,0,0,0,0,50000,PRO
651230.63,4766406.8,193.01,0.53,0.09,33.4,6.6,0,22500,0,0,0,27500,0,0,0,0,50000,PRO
651230.63,4766406.81,189.01,0.67,0.02,63.2,7,0,10980,0,0,0,19520,0,0,0,0,30500,PRO
651230.63,4766406.81,187.01,0.58,0.01,49.5,6,0,12000,0,0,0,18000,0,0,0,0,30000,UAL
651230.63,4766406.81,183.01,0.62,0.02,41.8,3,0,12000,0,0,0,18000,0,0,0,0,30000,UAL
651230.63,4766406.82,179.01,0.46,0.03,25,4.2,0,12000,0,0,0,18000,0,0,0,0,30000,UAL
651230.63,4766406.82,175.01,0.82,0.17,29.9,7.6,0,12000,0,0,0,18000,0,0,0,0,30000,UAL
651230.63,4766406.83,171.01,0.76,0.12,32.9,8.4,0,9000,0,0,0,21000,0,0,0,0,30000,PHY
651230.63,4766406.83,169.01,0.61,0.23,26.1,13,0,9000,0,0,0,21000,0,0,0,0,30000,PHY
651230.63,4766406.83,167.01,0.58,0.04,26.4,5.5,0,9000,0,0,0,21000,0,0,0,0,30000,PHY
651230.63,4766406.83,165.01,0.55,0.06,25.1,9.2,0,9000,0,0,0,21000,0,0,0,0,30000,PHY
651230.63,4766406.84,161.01,0.29,0.02,11.95,3.4,0,10950,0,0,0,25550,0,0,0,0,36500,PHY
651230.63,4766406.84,157.01,0.46,0.15,24.7,89.4,0,12000,0,0,0,28000,0,0,0,0,40000,PHY
651230.63,4766406.85,153.01,0.66,0.05,29.4,13.4,0,12000,0,0,0,28000,0,0,0,0,40000,PHY
651230.63,4766406.85,151.01,0.81,0.11,31.9,4.2,0,12000,0,0,0,28000,0,0,0,0,40000,PHY
651230.63,4766406.85,149.01,0.51,0.02,34.1,4.7,0,12000,0,0,0,28000,0,0,0,0,40000,PHY
651230.63,4766406.86,141.01,0.65,0.07,21.1,56.5,0,13500,0,0,0,16500,0,0,0,0,30000,PHY
651230.63,4766406.86,139.01,0.58,0.03,41.5,4.2,0,13500,0,0,0,16500,0,0,0,0,30000,PHY
651230.63,4766406.86,137.01,0.52,0.05,18.3,3.4,0,13500,0,0,0,16500,0,0,0,0,30000,PHY
651230.63,4766406.86,135.01,0.47,0.07,12.65,4,0,13500,0,0,0,16500,0,0,0,0,30000,PHY
651230.63,4766406.87,131.01,0.39,0.08,23.2,8.4,0,15000,0,0,0,10000,0,0,0,0,25000,PHY
651230.63,4766406.87,129.01,0.66,0.61,29.7,12.9,0,15000,0,0,0,10000,0,0,0,0,25000,PHY
651230.63,4766406.87,127.01,0.53,0.13,47,7.3,0,15000,0,0,0,10000,0,0,0,0,25000,PHY
651230.63,4766406.87,125.01,0.32,0.05,15.3,4.6,0,15000,0,0,0,10000,0,0,0,0,25000,PHY
651230.63,4766406.88,121.01,0.31,0.04,15.2,2,0,15000,0,0,0,10000,0,0,0,0,25000,PHY
651230.63,4766406.88,119.01,0.3,0.07,44.2,2.5,0,15000,0,0,0,10000,0,0,0,0,25000,PHY
651230.63,4766406.88,115.01,0.51,0.07,33.7,5.2,0,17580,0,0,0,11720,0,0,0,0,29300,PHY
651230.63,4766406.89,113.01,0.46,0.12,24.9,2.4,0,18000,0,0,0,12000,0,0,0,0,30000,PHY
651230.63,4766406.89,111.01,0.72,0.19,35.7,1.8,0,18000,0,0,0,12000,0,0,0,0,30000,PHY
651230.63,4766406.89,109.01,0.67,0.12,33.5,2.2,0,18000,0,0,0,12000,0,0,0,0,30000,PHY
651230.63,4766406.89,107.01,0.63,0.12,12.55,2.4,0,18000,0,0,0,12000,0,0,0,0,30000,PHY
651230.63,4766406.89,105.01,0.48,0.09,16.3,2.5,0,18000,0,0,0,12000,0,0,0,0,30000,PHY
651230.63,4766406.9,103.01,0.62,0.09,23,3.2,0,18000,0,0,0,12000,0,0,0,0,30000,PHY
651230.63,4766406.9,101.01,0.37,0.09,15.05,5.8,0,18000,0,0,0,12000,0,0,0,0,30000,PHY
651230.63,4766406.9,95.01,0.65,0.16,33.1,5.1,0,18000,0,0,0,12000,0,0,0,0,30000,PHY
651230.63,4766406.91,91.01,0.48,0.06,8.81,2.4,0,18000,0,0,0,12000,0,0,0,0,30000,PHY
651230.63,4766406.91,89.01,0.47,0.05,19.2,2.9,0,18000,0,0,0,12000,0,0,0,0,30000,PHY
651230.63,4766406.91,87.01,0.77,0.09,24.5,5.4,0,18000,0,0,0,12000,0,0,0,0,30000,PHY
650731.07,4766160.58,377.5,0.21,0.08,37.8,14,0,2000,0,0,0,18000,0,0,0,0,20000,PTS
650731.86,4766160.63,375.66,0.22,0.09,28.7,9.4,0,3000,0,0,0,27000,0,0,0,0,30000,PTS
650853.27,4766170.16,103.71,0.63,0.32,24.2,2.9,0,4000,0,0,0,36000,0,0,0,0,40000,PTS
650871.77,4766172.17,63.84,0.64,0.23,28.1,14.2,0,5000,0,0,0,45000,0,0,0,0,50000,PTS
650880.13,4766173.14,45.69,0.21,0.07,7.52,10.9,0,4000,0,0,0,36000,0,0,0,0,40000,PTS
651230.62,4766406.94,63.01,0.49,0.02,18,5.8,1500,18000,0,0,0,10500,0,0,0,0,30000,PRO
651230.62,4766406.94,61.01,0.59,0.12,33.6,3.1,1500,18000,0,0,0,10500,0,0,0,0,30000,PRO
651230.62,4766406.95,53.01,0.37,0.08,62.4,5,0,22750,1750,0,0,10500,0,0,0,0,35000,PHY
651230.62,4766406.95,49.01,0.51,0.11,28.1,8.7,0,22750,1750,0,0,10500,0,0,0,0,35000,PHY
651230.62,4766406.95,47.01,0.65,0.16,24.5,24,0,22750,1750,0,0,10500,0,0,0,0,35000,PHY
651230.62,4766406.96,43.01,0.4,0.05,54.5,11.8,0,22750,1750,0,0,10500,0,0,0,0,35000,PHY
651230.62,4766406.96,41.01,0.35,0.06,14.2,4.4,0,22750,1750,0,0,10500,0,0,0,0,35000,PHY
651230.62,4766406.96,38.76,0.39,0.06,47.9,7.1,0,22750,1750,0,0,10500,0,0,0,0,35000,PHY
650317.94,4765099.35,1059.31,0.65,0.26,29.2,12.4,0,10000,0,0,0,15000,0,0,0,0,25000,PHY
650317.58,4765099.36,1057.35,0.36,0.11,24.8,99.3,0,16000,0,0,0,24000,0,0,0,0,40000,PHY
650317.23,4765099.37,1055.38,0.51,0.17,28.2,124,0,12250,0,0,0,22050,0,700,0,0,35000,PHY
650314.75,4765099.41,1041.6,0.15,0.2,31.1,86,0,9000,0,0,0,21000,0,0,0,0,30000,PHY
650314.39,4765099.42,1039.63,0.28,0.15,71.2,63.2,0,14000,0,0,0,21000,0,0,0,0,35000,PHY
650312.98,4765099.44,1031.76,0.66,0.23,42,103,0,14000,0,0,0,20300,0,700,0,0,35000,PHY
650312.62,4765099.45,1029.79,0.63,0.25,44.2,50.4,0,14000,0,0,0,20300,0,700,0,0,35000,PHY
650312.27,4765099.45,1027.82,0.38,0.09,63.4,34.1,0,10500,0,0,0,19500,0,0,0,0,30000,PHY
650311.56,4765099.46,1023.88,0.32,0.15,24.7,72.4,0,10500,0,0,0,24500,0,0,0,0,35000,PHY
650311.21,4765099.47,1021.91,0.4,0.17,19.75,92.7,0,10500,0,0,0,19500,0,0,0,0,30000,PHY
650310.5,4765099.48,1017.98,0.3,0.11,53.6,48.8,0,10500,0,0,0,19500,0,0,0,0,30000,PHY
650310.14,4765099.49,1016.01,0.29,0.09,55.5,30.8,0,12000,0,0,0,17400,0,600,0,0,30000,PHY
650309.79,4765099.5,1014.04,0.28,0.09,47.2,28.3,0,12000,0,0,0,17400,0,600,0,0,30000,PHY
650309.44,4765099.5,1012.07,0.18,0.09,16.3,83.8,0,9000,0,0,0,21000,0,0,0,0,30000,PHY
650308.37,4765099.52,1006.17,0.33,0.1,61.5,45.7,0,12000,0,0,0,18000,0,0,0,0,30000,PHY
650308.02,4765099.53,1004.2,0.49,0.13,72.7,37.9,0,12000,0,0,0,18000,0,0,0,0,30000,PHY
650307.3,4765099.55,1000.26,0.13,0.08,27.9,58,0,14700,0,0,0,19250,0,1050,0,0,35000,PHY
650306.57,4765099.58,996.33,0.54,0.07,34.6,30.1,0,12000,0,0,0,18000,0,0,0,0,30000,PHY
650305.84,4765099.61,992.4,0.55,0.16,63.2,75.5,0,14000,0,0,0,21000,0,0,0,0,35000,PHY
650305.48,4765099.62,990.43,0.37,0.05,31.4,17.8,0,12000,0,0,0,18000,0,0,0,0,30000,PHY
650304.75,4765099.65,986.5,0.29,0.18,75.9,71.3,0,10500,0,0,0,19500,0,0,0,0,30000,PHY
650304.39,4765099.67,984.53,0.52,0.18,35.1,62.2,0,15750,0,0,0,19250,0,0,0,0,35000,PHY
650304.02,4765099.68,982.57,0.72,0.17,23.2,61.9,0,12000,0,0,0,18000,0,0,0,0,30000,PHY
650303.66,4765099.7,980.6,0.28,0.04,17.45,13,0,6000,0,0,0,14000,0,0,0,0,20000,PHY
650303.29,4765099.71,978.63,0.22,0.16,14.55,51.8,0,12000,0,0,0,18000,0,0,0,0,30000,PHY
650302.56,4765099.74,974.7,0.21,0.06,106,19.9,0,6000,0,0,0,14000,0,0,0,0,20000,PHY
650302.2,4765099.76,972.73,0.73,0.13,37.4,25.9,0,12250,0,0,0,22750,0,0,0,0,35000,PHY
650301.83,4765099.78,970.77,0.31,0.08,34.9,56.3,0,6000,0,0,0,14000,0,0,0,0,20000,PHY
650301.47,4765099.79,968.8,0.31,0.09,124,61.6,0,10000,0,0,0,15000,0,0,0,0,25000,PHY
650300.38,4765099.84,962.9,0.35,0.04,36.1,26.2,0,12000,0,0,0,18000,0,0,0,0,30000,PHY
650300.01,4765099.85,960.94,0.48,0.06,54.1,24,0,16500,0,0,0,13500,0,0,0,0,30000,PHY
650299.65,4765099.87,958.97,0.54,0.11,20.5,73.6,0,12250,0,0,0,22750,0,0,0,0,35000,PHY
650299.28,4765099.88,957,0.67,0.25,38.3,95.9,0,12250,0,0,0,22750,0,0,0,0,35000,PHY
650298.92,4765099.9,955.04,0.26,0.41,129,69.7,0,8750,0,0,0,16250,0,0,0,0,25000,PRO
650297.82,4765099.94,949.14,0.27,0.18,23.6,53.5,0,8750,0,0,0,16250,0,0,0,0,25000,PRO
650296.73,4765099.99,943.24,0.16,0.02,18.4,107.5,0,4500,0,0,0,10500,0,0,0,0,15000,PRO
650296.37,4765100,941.27,0.28,0.07,22.5,94.2,0,7000,0,0,0,13000,0,0,0,0,20000,PRO
650296,4765100.02,939.3,0.22,0.07,8.29,48.8,0,7000,0,0,0,13000,0,0,0,0,20000,PRO
650295.64,4765100.03,937.34,0.15,0.11,14.35,33.1,0,6000,0,0,0,14000,0,0,0,0,20000,PRO
650294.91,4765100.06,933.41,0.14,0.03,8.56,16.9,0,7500,0,0,0,22500,0,0,0,0,30000,PRO
650294.54,4765100.08,931.44,0.28,0.04,11.25,49.2,0,12000,0,0,0,18000,0,0,0,0,30000,PRO
650294.18,4765100.09,929.47,0.32,0.08,8.36,49.9,0,12000,0,0,0,18000,0,0,0,0,30000,PRO
650293.81,4765100.11,927.51,0.32,0.05,52.8,53.2,0,12000,0,0,0,18000,0,0,0,0,30000,PRO
650293.45,4765100.12,925.54,0.16,0.09,14.75,39.6,0,8750,0,0,0,16250,0,0,0,0,25000,PRO
650293.09,4765100.14,923.57,0.18,0.28,12.85,146,0,12000,0,0,0,18000,0,0,0,0,30000,PHY
650292.72,4765100.15,921.61,0.15,0.35,12.55,265,0,12000,0,0,0,18000,0,0,0,0,30000,PHY
650292.36,4765100.17,919.64,0.51,0.83,30.7,247,0,18000,0,0,0,22000,0,0,0,0,40000,PHY
650291.99,4765100.19,917.67,0.25,0.05,41.3,62.1,0,4500,0,0,0,10500,0,0,0,0,15000,PHY
650291.63,4765100.2,915.71,0.19,0.07,34.7,75.3,0,9000,0,0,0,21000,0,0,0,0,30000,PHY
650290.9,4765100.23,911.77,0.41,0.2,39,65.2,0,13500,0,0,0,16500,0,0,0,0,30000,PHY
650290.53,4765100.25,909.81,0.23,0.1,16.75,55.5,0,13500,0,0,0,16500,0,0,0,0,30000,PHY
650290.17,4765100.26,907.84,0.21,0.26,16.5,118,0,9000,0,0,0,21000,0,0,0,0,30000,PHY
650289.81,4765100.28,905.88,0.17,0.14,26.3,78.9,0,6000,0,0,0,14000,0,0,0,0,20000,PRO
650289.44,4765100.29,903.91,0.23,0.41,20.4,126.5,0,6000,0,0,0,14000,0,0,0,0,20000,PRO
650289.08,4765100.31,901.94,0.08,0.09,3.05,192,0,8750,0,0,0,16250,0,0,0,0,25000,PHY
650288.71,4765100.32,899.98,0.26,0.29,32.5,151.5,0,8750,0,0,0,16250,0,0,0,0,25000,PHY
650287.98,4765100.35,896.04,0.27,0.45,24.5,224,0,10500,0,0,0,19500,0,0,0,0,30000,PHY
650287.62,4765100.37,894.08,0.34,0.12,20.4,119,0,10500,0,0,0,19500,0,0,0,0,30000,PHY
650286.89,4765100.4,890.14,0.25,0.7,15.35,228,0,18000,0,0,0,22000,0,0,0,0,40000,PHY
650286.52,4765100.41,888.18,0.2,0.37,13.35,269,0,9000,0,0,0,21000,0,0,0,0,30000,PHY
650286.16,4765100.43,886.21,0.21,2.72,23.3,587,0,14000,0,0,0,26000,0,0,0,0,40000,PHY
650285.07,4765100.47,880.31,0.17,0.1,18.7,51.4,0,9000,0,0,0,21000,0,0,0,0,30000,PHY
650284.7,4765100.49,878.35,0.3,0.09,22.8,43.5,0,15750,0,0,0,19250,0,0,0,0,35000,PHY
650283.24,4765100.55,870.48,0.41,0.31,53.6,170.5,0,14000,0,0,0,21000,0,0,0,0,35000,PHY
650282.15,4765100.6,864.58,0.21,0.15,20.3,115.5,0,7500,0,0,0,17500,0,0,0,0,25000,PHY
650281.79,4765100.61,862.61,0.25,0.05,22.3,36,0,7500,0,0,0,17500,0,0,0,0,25000,PHY
650281.42,4765100.63,860.65,0.35,0.05,25.1,25.3,0,4500,0,0,0,10500,0,0,0,0,15000,PHY
650281.06,4765100.64,858.68,0.23,0.27,16.3,108.5,0,10500,0,0,0,19500,0,0,0,0,30000,PHY
650280.69,4765100.66,856.71,0.32,0.49,24.1,152,0,10500,0,0,0,19500,0,0,0,0,30000,PHY
650280.33,4765100.67,854.75,0.3,0.27,15.4,124,0,4500,0,0,0,10500,0,0,0,0,15000,PRO
650279.96,4765100.69,852.78,0.13,0.05,7.32,77.2,0,4500,0,0,0,10500,0,0,0,0,15000,PRO
650279.6,4765100.7,850.81,0.28,0.07,8.85,57,0,6000,0,0,0,14000,0,0,0,0,20000,PRO
650279.23,4765100.72,848.85,0.29,0.17,15.95,38.3,0,6000,0,0,0,14000,0,0,0,0,20000,PRO
650278.52,4765100.75,845.01,0.2,0.02,22.3,18.2,0,5250,0,0,0,9750,0,0,0,0,15000,PRO
650417.78,4765098.82,1007.61,0.5,0.04,245,1030,0,14000,0,0,0,26000,0,0,0,0,40000,AAA
650417.41,4765098.8,1005.64,0.14,0.01,136.5,498,0,10500,0,0,0,24500,0,0,0,0,35000,AAA
650416.67,4765098.77,1001.71,0.22,0.02,102,653,0,9000,0,0,0,21000,0,0,0,0,30000,AAA
650416.3,4765098.75,999.75,0.36,0.02,123,1120,0,13500,0,0,0,31500,0,0,0,0,45000,AAA
650415.18,4765098.71,993.85,1.08,0.03,109,1185,0,13500,0,0,0,31500,0,0,0,0,45000,AAA
650413.7,4765098.64,985.99,0.14,0.02,55,19.3,0,10000,0,0,0,30000,0,0,0,0,40000,AAA
650413.33,4765098.63,984.02,0.37,0.02,193,411,0,10000,0,0,0,30000,0,0,0,0,40000,AAA
650412.21,4765098.58,978.13,0.91,0.01,402,1835,0,11250,0,0,0,33750,0,0,0,0,45000,AAA
650410.73,4765098.52,970.27,0.43,0.02,226,120.5,0,7000,0,0,0,28000,0,0,0,0,35000,AAA
650409.99,4765098.49,966.34,0.2,0.02,155,54.9,0,6000,0,0,0,34000,0,0,0,0,40000,AAA
650409.62,4765098.47,964.37,0.18,0.03,186,67.6,0,6000,0,0,0,34000,0,0,0,0,40000,AAA
650409.24,4765098.46,962.41,0.17,0.02,433,32,0,6000,0,0,0,34000,0,0,0,0,40000,AAA
650408.86,4765098.46,960.44,0.28,0.07,451,33.6,0,3000,0,0,0,26700,0,300,0,0,30000,AAA
650406.58,4765098.42,948.66,0.11,0.06,20.9,29.4,0,4500,0,0,0,40050,0,450,0,0,45000,AAA
650406.2,4765098.42,946.7,0.23,0.1,436,14,0,5000,0,0,0,44000,0,1000,0,0,50000,AAA
650405.82,4765098.41,944.74,0.07,0.03,65.2,13.7,0,5000,0,0,0,44000,0,1000,0,0,50000,AAA
650403.53,4765098.37,932.95,0.12,0.01,22.7,18.6,0,7500,0,0,0,42500,0,0,0,0,50000,AAA
650403.15,4765098.37,930.99,0.1,0.03,40.1,23.1,0,7500,0,0,0,42500,0,0,0,0,50000,AAA
650402.01,4765098.35,925.1,0.18,0.02,62.4,30.7,0,8000,0,0,0,72000,0,0,0,0,80000,AAA
650400.49,4765098.33,917.25,0.08,0.04,8.53,28.9,0,4000,0,0,0,16000,0,0,0,0,20000,PHY
650400.11,4765098.32,915.28,0.08,0.03,7.96,25.7,0,4000,0,0,0,16000,0,0,0,0,20000,PHY
650399.73,4765098.31,913.32,0.11,0.03,20,14.4,0,4000,0,0,0,16000,0,0,0,0,20000,PHY
650398.59,4765098.3,907.43,0.09,0.08,11.3,46.9,0,3000,0,0,0,17000,0,0,0,0,20000,PHY
650398.21,4765098.29,905.47,0.08,0.1,8.4,64.2,0,3000,0,0,0,17000,0,0,0,0,20000,PHY
650397.45,4765098.28,901.54,0.07,0.21,9.52,122.5,0,6250,0,0,0,18750,0,0,0,0,25000,PHY
650396.69,4765098.27,897.61,0.06,0.09,11,62.7,0,4000,0,0,0,16000,0,0,0,0,20000,PHY
650396.31,4765098.26,895.65,0.12,0.14,16.2,68.1,0,4000,0,0,0,16000,0,0,0,0,20000,PHY
650216.55,4765050.22,1114.87,0.03,0.02,9.61,16.8,0,2000,0,0,0,18000,0,0,0,0,20000,UAL
650215.86,4765050.22,1112.99,0.03,0.01,8.04,42.4,0,5000,0,0,0,45000,0,0,0,0,50000,PHY
650214.47,4765050.2,1109.24,0.04,0.06,16,77,0,6000,0,0,0,24000,0,0,0,0,30000,PHY
650213.78,4765050.2,1107.36,0.03,0.02,7.83,78.4,0,7500,0,0,0,22500,0,0,0,0,30000,PHY
650212.4,4765050.18,1103.61,0.02,0.02,11.2,48,0,3000,0,0,0,27000,0,0,0,0,30000,PHY
650210.32,4765050.16,1097.98,0.03,0.02,9.33,25.7,0,3000,0,0,0,27000,0,0,0,0,30000,PHY
650208.94,4765050.15,1094.23,0.07,0.04,25.1,19.5,0,6000,0,0,0,24000,0,0,0,0,30000,PHY
650208.24,4765050.14,1092.35,0.46,0.11,43.2,28.4,0,6750,0,0,0,38250,0,0,0,0,45000,PHY
650206.17,4765050.12,1086.72,0.49,0.18,30.4,23,0,22000,0,0,0,18000,0,0,0,0,40000,PHY
650205.48,4765050.12,1084.84,0.71,0.87,22.1,87.9,0,22000,0,0,0,18000,0,0,0,0,40000,PHY
650204.78,4765050.11,1082.97,0.64,0.25,11.05,18.6,0,27000,0,0,0,18000,0,0,0,0,45000,PHY
650204.09,4765050.1,1081.09,0.71,0.23,10.15,20.5,0,14000,0,0,0,21000,0,0,0,0,35000,PHY
650203.4,4765050.1,1079.21,1.1,0.21,11.95,33.1,0,14000,0,0,0,21000,0,0,0,0,35000,PHY
650202.71,4765050.09,1077.34,1.12,0.23,13.8,30.4,0,14000,0,0,0,21000,0,0,0,0,35000,PHY
650202.02,4765050.08,1075.46,0.92,0.2,11.25,38,0,13500,0,0,0,16500,0,0,0,0,30000,PHY
650200.63,4765050.07,1071.71,1.07,0.23,14.15,30.6,0,21000,0,0,0,14000,0,0,0,0,35000,PHY
650199.94,4765050.06,1069.83,0.95,0.22,12.15,48.8,0,16000,0,0,0,24000,0,0,0,0,40000,PHY
650199.25,4765050.06,1067.96,1.04,0.22,16.45,44.8,0,24000,0,0,0,16000,0,0,0,0,40000,PHY
650198.56,4765050.05,1066.08,1.13,0.28,21.2,32,0,12000,0,0,0,18000,0,0,0,0,30000,PHY
650197.17,4765050.04,1062.33,0.57,0.15,25.7,25.5,0,12250,0,0,0,22750,0,0,0,0,35000,PHY
650196.48,4765050.03,1060.45,0.36,0.12,73.5,19.3,0,12250,0,0,0,22750,0,0,0,0,35000,PHY
650195.79,4765050.02,1058.57,0.55,0.19,22.1,12.9,0,16500,0,0,0,13500,0,0,0,0,30000,PHY
650195.1,4765050.02,1056.7,0.85,0.25,36.4,23.8,0,16000,0,0,0,24000,0,0,0,0,40000,PHY
650193.02,4765050,1051.07,0.66,0.7,20.2,76.7,0,14000,0,0,0,21000,0,0,0,0,35000,PHY
650191.64,4765049.98,1047.31,0.68,0.15,12,29.3,0,9850.14,0,0,0,20749.86,0,0,0,0,30600,PHY
650190.25,4765049.97,1043.56,0.95,0.18,11.9,28.9,0,10500,0,0,0,24500,0,0,0,0,35000,PHY
650189.56,4765049.96,1041.69,0.64,0.19,13.35,43.9,0,10000,0,0,0,15000,0,0,0,0,25000,PHY
650188.87,4765049.96,1039.81,0.8,0.23,18.35,22.4,0,12500,0,0,0,12500,0,0,0,0,25000,PHY
650188.18,4765049.95,1037.93,0.91,0.22,28.6,25.2,0,18000,0,0,0,12000,0,0,0,0,30000,PHY
650186.79,4765049.94,1034.18,0.98,0.23,28.2,13.2,0,16500,0,0,0,13500,0,0,0,0,30000,PHY
650185.41,4765049.92,1030.43,0.94,0.24,87.6,10.6,0,18000,0,0,0,12000,0,0,0,0,30000,PHY
650184.72,4765049.92,1028.55,0.95,0.28,35.5,8.5,0,21000,0,0,0,9000,0,0,0,0,30000,PHY
650184.02,4765049.91,1026.67,0.93,0.41,27.9,20.6,0,17500,0,0,0,7500,0,0,0,0,25000,PHY
650182.64,4765049.9,1022.92,0.42,0.27,29.4,36.4,0,10500,0,0,0,19500,0,0,0,0,30000,PHY
650181.95,4765049.89,1021.04,0.22,0.05,16.4,8.1,0,6000,0,0,0,9000,0,0,0,0,15000,PHY
650181.26,4765049.88,1019.17,0.3,0.09,22.3,33.8,0,9000,0,0,0,21000,0,0,0,0,30000,PHY
650175.7,4765049.86,1004.17,1.24,0.82,107.5,42.1,0,26000,0,0,0,14000,0,0,0,0,40000,PHY
650173.61,4765049.86,998.54,1.14,0.69,62.7,24.5,0,26000,0,0,0,14000,0,0,0,0,40000,PHY
650172.22,4765049.86,994.79,2.09,1.55,261,79.5,0,33750,0,0,0,9900,0,1350,0,0,45000,PHY
650171.52,4765049.86,992.92,1.68,0.62,267,42.1,0,33750,0,0,0,9900,0,1350,0,0,45000,PHY
650170.13,4765049.86,989.17,0.88,0.35,26.6,9.8,0,26000,0,0,0,12400,0,1600,0,0,40000,PHY
650169.43,4765049.86,987.29,0.88,0.46,84.6,21.4,0,26000,0,0,0,12400,0,1600,0,0,40000,PHY
650168.74,4765049.85,985.42,0.49,0.33,30.7,29.4,0,16000,0,0,0,24000,0,0,0,0,40000,PHY
650168.04,4765049.85,983.54,0.47,0.24,47.7,12.6,0,16000,0,0,0,24000,0,0,0,0,40000,PHY
650167.34,4765049.85,981.67,0.23,0.32,22.9,57.8,0,12250,0,0,0,22750,0,0,0,0,35000,PHY
650166.65,4765049.85,979.79,0.33,0.24,67.5,51.1,0,12250,0,0,0,22750,0,0,0,0,35000,PHY
650165.95,4765049.85,977.92,0.16,0.12,23.1,27.6,0,10500,0,0,0,24500,0,0,0,0,35000,PHY
650165.24,4765049.86,976.05,0.1,0.12,13.2,30.4,0,10500,0,0,0,24500,0,0,0,0,35000,PHY
650163.83,4765049.87,972.3,0.27,0.25,31.9,41.6,0,12000,0,0,0,28000,0,0,0,0,40000,PHY
650163.12,4765049.87,970.43,0.26,0.12,17.9,27.2,0,12000,0,0,0,28000,0,0,0,0,40000,PHY
650162.41,4765049.88,968.56,0.09,0.1,6.05,39.8,0,6000,0,0,0,24000,0,0,0,0,30000,PHY
650161.71,4765049.88,966.69,0.2,0.17,4.45,12.6,0,3000,0,0,0,7000,0,0,0,0,10000,PHY
650161,4765049.89,964.82,0.12,0.08,6.45,7.8,0,3000,0,0,0,7000,0,0,0,0,10000,PHY
650160.29,4765049.89,962.95,0.16,0.17,12.1,22.3,0,7500,0,0,0,22500,0,0,0,0,30000,PHY
650159.59,4765049.9,961.08,0.12,0.12,9.7,29.3,0,4000,0,0,0,16000,0,0,0,0,20000,PHY
650158.88,4765049.9,959.21,0.09,0.16,5.08,44.8,0,4000,0,0,0,16000,0,0,0,0,20000,PHY
650158.17,4765049.91,957.34,0.2,0.3,6.87,39.9,0,8750,0,0,0,16250,0,0,0,0,25000,PHY
650156.76,4765049.92,953.59,0.07,0.09,7.88,14.6,0,4000,0,0,0,16000,0,0,0,0,20000,PHY
650156.05,4765049.92,951.72,0.08,0.18,4.11,42.9,0,6000,0,0,0,24000,0,0,0,0,30000,PHY
650154.64,4765049.93,947.98,0.21,0.11,3.92,43.4,0,5000,0,0,0,20000,0,0,0,0,25000,PHY
650153.23,4765049.94,944.24,0.28,0.52,6,108.5,0,12000,0,0,0,28000,0,0,0,0,40000,PHY
650152.52,4765049.95,942.37,0.11,0.1,7.61,6.9,0,7000,0,0,0,13000,0,0,0,0,20000,PHY
650151.81,4765049.95,940.5,0.17,0.09,4.6,4,0,7000,0,0,0,13000,0,0,0,0,20000,PHY
650151.1,4765049.96,938.63,0.16,0.35,19.55,79,0,9000,0,0,0,21000,0,0,0,0,30000,PHY
650150.4,4765049.96,936.76,0.41,0.23,16.95,20.9,0,18000,0,0,0,22000,0,0,0,0,40000,PHY
650149.69,4765049.97,934.89,0.35,0.18,20.1,33.6,0,7500,0,0,0,22500,0,0,0,0,30000,PHY
650148.28,4765049.98,931.14,0.09,0.14,13.1,45.5,0,5000,0,0,0,20000,0,0,0,0,25000,PHY
650147.57,4765049.98,929.27,0.08,0.07,8.72,25.4,0,5000,0,0,0,20000,0,0,0,0,25000,PHY
650146.15,4765050.01,925.53,0.23,0.09,18.45,34.7,0,10500,0,0,0,19500,0,0,0,0,30000,PHY
650144.73,4765050.05,921.79,0.21,0.05,17.1,17.3,0,10500,0,0,0,19500,0,0,0,0,30000,PHY
650144.02,4765050.07,919.93,0.21,0.05,13.2,16.2,0,16000,0,0,0,24000,0,0,0,0,40000,PHY
650143.31,4765050.09,918.06,0.18,0.07,7.46,11.7,0,7500,0,0,0,17500,0,0,0,0,25000,PHY
650142.6,4765050.11,916.19,0.14,0.1,13.2,7.3,0,7500,0,0,0,17500,0,0,0,0,25000,PHY
650141.88,4765050.13,914.32,0.17,0.15,7.65,19.1,0,7500,0,0,0,17500,0,0,0,0,25000,PHY
650141.17,4765050.15,912.45,0.13,0.11,9.69,15.9,0,7500,0,0,0,17500,0,0,0,0,25000,PHY
650140.46,4765050.16,910.58,0.16,0.14,8.94,70.6,0,4000,0,0,0,16000,0,0,0,0,20000,PHY
650139.75,4765050.18,908.71,0.11,0.06,19.25,25.5,0,4000,0,0,0,16000,0,0,0,0,20000,PHY
650139.04,4765050.2,906.84,0.16,0.08,14.6,23.7,0,6000,0,0,0,24000,0,0,0,0,30000,PHY
650138.33,4765050.22,904.97,0.17,0.25,7.9,19.1,0,6000,0,0,0,24000,0,0,0,0,30000,PHY
650136.91,4765050.26,901.23,0.11,0.18,3.04,28.4,0,1500,0,0,0,13500,0,0,0,0,15000,PHY
650136.2,4765050.28,899.36,0.14,0.16,3.33,6.6,0,1500,0,0,0,13500,0,0,0,0,15000,PHY
650135.49,4765050.3,897.5,0.12,0.18,6.79,26.1,0,1500,0,0,0,13500,0,0,0,0,15000,PHY
650134.77,4765050.32,895.63,0.16,0.29,11.2,49.5,0,3000,0,0,0,17000,0,0,0,0,20000,PHY
650134.06,4765050.34,893.76,0.16,0.12,28.5,28.3,0,3000,0,0,0,17000,0,0,0,0,20000,PHY
650133.35,4765050.36,891.89,0.14,0.13,9.05,14.5,0,3000,0,0,0,17000,0,0,0,0,20000,PHY
650380.72,4765048.32,1019.77,0.37,0.16,7.9,48.7,0,12250,0,0,0,22750,0,0,0,0,35000,PRO
650379.24,4765048.3,1016.05,0.43,0.31,21.3,24.1,0,10500,0,0,0,24500,0,0,0,0,35000,PRO
650373.98,4765048.21,1003.08,0.71,0.24,21.3,19,0,20000,0,0,0,30000,0,0,0,0,50000,PHY
650373.22,4765048.19,1001.23,0.37,0.14,24.7,30.6,0,6000,0,0,0,14000,0,0,0,0,20000,PRO
650365.67,4765048.05,982.71,0.36,0.21,24.3,46.7,0,27000,0,0,0,18000,0,0,0,0,45000,PHY
650364.91,4765048.03,980.86,1.11,1.29,119,17,0,27000,0,0,0,18000,0,0,0,0,45000,PHY
650364.16,4765048.02,979.01,1.52,1.29,46,13.1,0,22000,0,0,0,18000,0,0,0,0,40000,AAA
650363.4,4765048,977.15,2.2,2.18,23.4,9.8,0,22000,0,0,0,18000,0,0,0,0,40000,AAA
650362.65,4765047.99,975.3,2.32,1.58,27.9,14.3,0,22000,0,0,0,18000,0,0,0,0,40000,AAA
650358.87,4765047.91,966.04,0.35,0.09,28.3,15.7,0,2000,0,0,0,18000,0,0,0,0,20000,PHY
650357.35,4765047.9,962.34,0.19,0.05,28.9,11.9,0,2000,0,0,0,18000,0,0,0,0,20000,PHY
650356.59,4765047.9,960.49,0.13,0.06,22.3,8.8,0,2000,0,0,0,18000,0,0,0,0,20000,PHY
650355.83,4765047.91,958.64,0.11,0.06,19.5,13.3,0,2000,0,0,0,18000,0,0,0,0,20000,PHY
650355.06,4765047.91,956.8,0.07,0.03,12.3,7.2,0,2000,0,0,0,18000,0,0,0,0,20000,PHY
650354.3,4765047.91,954.95,0.08,0.03,10.3,9.6,0,4500,0,0,0,25500,0,0,0,0,30000,PHY
650352.77,4765047.92,951.25,0.16,0.02,10.85,11.2,0,4500,0,0,0,25500,0,0,0,0,30000,PHY
650352.01,4765047.92,949.4,0.11,0.02,8.56,14,0,6000,0,0,0,24000,0,0,0,0,30000,PHY
650349.72,4765047.93,943.85,0.1,0.04,17.9,20,0,6000,0,0,0,24000,0,0,0,0,30000,PRO
650348.96,4765047.93,942.01,0.11,0.11,10.4,24.5,0,6000,0,0,0,24000,0,0,0,0,30000,PRO
650348.2,4765047.93,940.16,0.18,0.03,10.35,14.4,0,4500,0,0,0,25500,0,0,0,0,30000,PHY
650347.43,4765047.93,938.31,0.18,0.07,16.7,31,0,4500,0,0,0,25500,0,0,0,0,30000,PHY
650346.67,4765047.94,936.46,0.12,0.06,14.5,51.7,0,4500,0,0,0,25500,0,0,0,0,30000,PHY
650345.91,4765047.94,934.61,0.1,0.02,17.05,16.9,0,4500,0,0,0,25500,0,0,0,0,30000,PHY
650345.14,4765047.94,932.76,0.21,0.15,35.1,31.9,0,4500,0,0,0,25500,0,0,0,0,30000,PHY
650344.38,4765047.94,930.91,0.11,0.07,9.03,44.1,0,1000,0,0,0,19000,0,0,0,0,20000,PHY
650343.62,4765047.95,929.06,0.33,0.1,17.3,43.4,0,7500,0,0,0,22500,0,0,0,0,30000,PHY
650340.56,4765047.97,921.67,0.07,0.04,9.33,22.9,0,2500,0,0,0,22500,0,0,0,0,25000,PHY
650339.79,4765047.99,919.82,0.09,0.07,13.35,36.9,0,2795,0,0,0,22205,0,0,0,0,25000,PHY
650339.03,4765048.01,917.98,0.1,0.06,17.55,25.6,0,3750,0,0,0,21250,0,0,0,0,25000,PHY
650331.35,4765048.19,899.51,0.04,0.03,10.05,56.9,0,3000,0,0,0,27000,0,0,0,0,30000,PHY
650330.58,4765048.21,897.67,0.09,0.05,16.85,39.4,0,3000,0,0,0,27000,0,0,0,0,30000,PHY
650329.81,4765048.23,895.82,0.12,0.08,8.54,24.6,0,3000,0,0,0,27000,0,0,0,0,30000,PHY
650328.28,4765048.26,892.13,0.09,0.09,16.65,37.5,0,3000,0,0,0,27000,0,0,0,0,30000,PHY
650319.31,4765050.34,1123.73,0.07,0.02,8.91,59.3,0,100,0,0,0,9900,0,0,0,0,10000,UAL
650306.12,4765049.92,1088.09,0.01,0.01,2.54,16.2,0,100,0,0,0,9900,0,0,0,0,10000,UAL
650300.52,4765049.79,1073.11,0.06,0.02,5.88,8.1,0,100,0,0,0,9900,0,0,0,0,10000,UAL
650297.01,4765049.71,1063.74,0.05,0.01,6.21,27.6,0,100,0,0,0,9900,0,0,0,0,10000,UAL
650295.61,4765049.68,1059.99,0.05,0.02,5.25,14.4,0,100,0,0,0,9900,0,0,0,0,10000,UAL
650294.91,4765049.67,1058.12,0.06,0.09,7.5,18.7,0,100,0,0,0,9900,0,0,0,0,10000,UAL
650294.21,4765049.65,1056.25,0.09,0.02,8.4,8.9,0,100,0,0,0,9900,0,0,0,0,10000,UAL
650293.51,4765049.63,1054.37,0.05,0.02,4.88,9.3,0,100,0,0,0,9900,0,0,0,0,10000,UAL
650292.81,4765049.62,1052.5,0.07,0.03,9.84,11.8,0,100,0,0,0,9900,0,0,0,0,10000,UAL
650287.88,4765049.53,1039.4,0.54,0.09,18.8,29.1,0,8000,0,0,0,12000,0,0,0,0,20000,PRO
650287.16,4765049.53,1037.53,0.53,0.11,14.55,44.4,0,8000,0,0,0,12000,0,0,0,0,20000,PRO
650285.74,4765049.53,1033.79,0.64,0.18,27.2,27,0,8000,0,0,0,12000,0,0,0,0,20000,PRO
650285.02,4765049.53,1031.93,0.55,0.23,44.6,100,0,9167.5,0,0,0,15832.5,0,0,0,0,25000,PRO
650281.45,4765049.52,1022.58,0.32,0.09,253,38,0,9000,0,0,0,21000,0,0,0,0,30000,PHY
650280.74,4765049.52,1020.72,0.29,0.11,62.8,51.6,0,9000,0,0,0,21000,0,0,0,0,30000,PHY
650280.03,4765049.52,1018.85,0.1,0.1,24.9,90.6,0,4500,0,0,0,25500,0,0,0,0,30000,PHY
650279.31,4765049.52,1016.98,0.26,0.19,150,103.5,0,5250,0,0,0,28000,0,1750,0,0,35000,PHY
650277.17,4765049.52,1011.37,0.73,0.24,30.8,85.2,0,15750,0,0,0,19250,0,0,0,0,35000,PHY
650276.46,4765049.52,1009.51,0.81,0.18,50.1,103.5,0,22000,0,0,0,18000,0,0,0,0,40000,PHY
650275.74,4765049.52,1007.64,1.45,0.17,172.5,111.5,0,24000,0,0,0,16000,0,0,0,0,40000,PHY
650275.03,4765049.51,1005.77,1.38,0.22,116.5,80.8,0,27000,0,0,0,18000,0,0,0,0,45000,PHY
650272.89,4765049.51,1000.16,0.3,0.04,27.6,75.7,0,10000,0,0,0,30000,0,0,0,0,40000,PHY
650272.17,4765049.51,998.3,0.42,0.23,59.7,141,0,10000,0,0,0,30000,0,0,0,0,40000,PHY
650270.75,4765049.51,994.56,0.63,0.13,39.9,122,0,10000,0,0,0,15000,0,0,0,0,25000,PRO
650270.03,4765049.51,992.69,0.23,0.1,18.3,118.5,0,8750,0,0,0,16250,0,0,0,0,25000,PRO
650269.32,4765049.51,990.82,0.44,0.09,54.5,51.5,0,8750,0,0,0,16250,0,0,0,0,25000,PRO
650268.61,4765049.5,988.96,0.36,0.3,30.6,61.5,0,8750,0,0,0,16250,0,0,0,0,25000,PRO
650267.89,4765049.5,987.09,0.34,0.07,52.4,53.4,0,8750,0,0,0,16250,0,0,0,0,25000,PRO
650267.18,4765049.5,985.22,0.47,0.15,47.1,84.9,0,7500,0,0,0,22500,0,0,0,0,30000,PRO
650263.61,4765049.5,975.88,0.23,0.16,24.6,16.9,0,5250,0,0,0,9750,0,0,0,0,15000,PRO
650262.9,4765049.5,974.01,0.16,0.07,20.9,15.3,0,5250,0,0,0,9750,0,0,0,0,15000,PRO
650262.18,4765049.49,972.14,0.51,0.39,71.1,39.9,0,5250,0,0,0,29750,0,0,0,0,35000,PHY
650261.46,4765049.5,970.28,0.88,0.73,99,237,0,5250,0,0,0,29750,0,0,0,0,35000,PHY
650260.74,4765049.51,968.41,0.21,0.3,47.5,159.5,0,5250,0,0,0,29750,0,0,0,0,35000,PHY
650259.29,4765049.53,964.68,0.21,0.13,20.8,14.5,0,1500,0,0,0,13500,0,0,0,0,15000,PHY
650257.85,4765049.55,960.95,0.09,0.03,12.5,15.1,0,1500,0,0,0,13500,0,0,0,0,15000,PHY
650257.13,4765049.56,959.09,0.11,0.03,17.15,19.9,0,1500,0,0,0,13500,0,0,0,0,15000,PHY
650256.4,4765049.57,957.22,0.19,0.05,37.8,24.7,0,4000,0,0,0,36000,0,0,0,0,40000,PHY
650255.68,4765049.57,955.36,0.15,0.02,17.55,20.8,0,2500,0,0,0,22500,0,0,0,0,25000,PHY
650254.96,4765049.58,953.49,0.18,0.1,13.8,59.9,0,4500,0,0,0,25500,0,0,0,0,30000,PHY
650254.24,4765049.59,951.63,0.2,0.11,29.9,52.3,0,4500,0,0,0,25500,0,0,0,0,30000,PHY
650253.52,4765049.6,949.76,0.15,0.07,42.4,29.7,0,4500,0,0,0,25500,0,0,0,0,30000,PHY
650252.79,4765049.61,947.9,0.13,0.25,18.75,154,0,7000,0,0,0,28000,0,0,0,0,35000,PHY
650252.07,4765049.62,946.03,0.25,0.13,31.5,63.8,0,7000,0,0,0,28000,0,0,0,0,35000,PHY
650250.63,4765049.64,942.3,0.19,0.1,23.3,26.2,0,7500,0,0,0,22500,0,0,0,0,30000,PHY
650249.9,4765049.64,940.44,0.15,0.08,62.8,29.3,0,7500,0,0,0,22500,0,0,0,0,30000,PHY
650247.74,4765049.67,934.84,0.18,0.23,20.6,59.6,0,10500,0,0,0,24500,0,0,0,0,35000,PHY
650247.01,4765049.68,932.98,0.39,0.36,34.8,66.8,0,10500,0,0,0,24500,0,0,0,0,35000,PHY
650246.29,4765049.69,931.11,0.1,0.58,12.75,95.1,0,4500,0,0,0,25500,0,0,0,0,30000,PHY
650243.4,4765049.72,923.65,0.07,0.06,7.81,56.7,0,3000,0,0,0,17000,0,0,0,0,20000,PRO
650241.24,4765049.75,918.06,0.19,0.26,43.4,71.5,0,7500,0,0,0,21900,0,600,0,0,30000,PRO
650239.07,4765049.78,912.46,0.16,0.06,19.3,11.8,0,2000,0,0,0,18000,0,0,0,0,20000,PRO
650238.35,4765049.79,910.6,0.14,0.05,9.15,15.6,0,1500,0,0,0,13500,0,0,0,0,15000,PRO
650236.9,4765049.8,906.87,0.11,0.2,49.6,63.9,0,7000,0,0,0,28000,0,0,0,0,35000,PHY
650236.18,4765049.81,905,0.19,0.25,154,67.9,0,7000,0,0,0,28000,0,0,0,0,35000,PHY
650235.46,4765049.82,903.14,0.15,0.1,14.8,40.1,0,3000,0,0,0,17000,0,0,0,0,20000,PHY
650234.74,4765049.83,901.27,0.12,0.06,14.7,20.5,0,3000,0,0,0,17000,0,0,0,0,20000,PHY
650232.58,4765049.9,895.67,0.29,0.26,18.45,51.3,0,10500,0,0,0,24500,0,0,0,0,35000,PHY
650231.15,4765049.97,891.94,0.11,0.1,44.1,40.7,0,2000,0,0,0,18000,0,0,0,0,20000,PHY
650230.43,4765050,890.07,0.36,0.22,31.2,59.7,0,2500,0,0,0,22500,0,0,0,0,25000,PHY
650229.59,4765050.04,887.88,0.34,0.17,32.1,37.8,0,9000,0,0,0,21000,0,0,0,0,30000,PHY
650431.98,4765004.27,1105.8,0.14,0.02,19.8,137.5,0,0,0,0,0,20000,0,0,0,0,20000,IAA
650431.64,4765004.25,1103.83,0.15,0.03,12.9,121,0,0,0,0,0,30000,0,0,0,0,30000,IAA
650430.63,4765004.19,1097.92,0.12,0.03,26.8,186,0,0,0,0,0,30000,0,0,0,0,30000,IAA
650430.3,4765004.18,1095.94,0.2,0.04,36.1,391,0,0,0,0,0,25000,0,0,0,0,25000,IAA
650429.64,4765004.17,1092,0.76,0.07,60.5,812,0,0,0,0,0,25000,0,0,0,0,25000,IAA
650429.31,4765004.16,1090.03,0.65,0.11,18.1,937,0,0,0,0,0,20000,0,0,0,0,20000,IAA
650428.64,4765004.14,1086.08,0.66,0.04,11.95,461,0,400,0,0,0,19600,0,0,0,0,20000,IAA
650427.98,4765004.12,1082.14,1.04,0.09,93.4,1520,0,600,0,0,0,29400,0,0,0,0,30000,IAA
650427.32,4765004.1,1078.19,0.06,0.03,12.95,66.5,0,800,0,0,0,39200,0,0,0,0,40000,IAA
650409.79,4765003.64,973.65,0.61,0.36,10.5,21.6,0,10500,0,0,0,19500,0,0,0,0,30000,PHY
650409.46,4765003.64,971.68,0.68,0.44,10.35,27.5,0,10000,0,0,0,15000,0,0,0,0,25000,PHY
650408.79,4765003.63,967.74,0.56,0.4,13.3,24.2,0,10000,0,0,0,15000,0,0,0,0,25000,PHY
650408.13,4765003.63,963.79,0.51,0.28,19.95,18.7,0,10000,0,0,0,15000,0,0,0,0,25000,PHY
650407.79,4765003.63,961.82,0.25,0.18,18.1,17.4,0,5000,0,0,0,20000,0,0,0,0,25000,PHY
650407.46,4765003.62,959.85,0.27,0.24,21.7,20.1,0,3750,0,0,0,21250,0,0,0,0,25000,PHY
650406.79,4765003.62,955.9,0.68,0.38,37.3,7.8,0,9000,0,0,0,11000,0,0,0,0,20000,PHY
650404.8,4765003.6,944.07,0.2,0.3,10,15,0,3750,0,0,0,21250,0,0,0,0,25000,PHY
650404.47,4765003.6,942.1,0.16,0.1,19.05,15.3,0,3000,0,0,0,27000,0,0,0,0,30000,PHY
650403.8,4765003.6,938.15,0.2,0.09,12.65,8.8,0,4500,0,0,0,25500,0,0,0,0,30000,PHY
650402.8,4765003.59,932.24,0.37,0.2,41.4,32.2,0,5000,0,0,0,20000,0,0,0,0,25000,PHY
650402.14,4765003.59,928.29,0.33,0.06,81.1,8.1,0,7500,0,0,0,22500,0,0,0,0,30000,PHY
650401.8,4765003.58,926.32,0.08,0.1,11.5,8.7,0,6000,0,0,0,24000,0,0,0,0,30000,PHY
650401.47,4765003.58,924.35,0.15,0.03,8.95,8.7,0,7000,0,0,0,28000,0,0,0,0,35000,PHY
650400.8,4765003.59,920.41,0.15,0.03,12.25,5.6,0,9000,0,0,0,21000,0,0,0,0,30000,PHY
650400.46,4765003.6,918.44,0.2,0.05,29,6.4,0,9000,0,0,0,21000,0,0,0,0,30000,PHY
650399.78,4765003.61,914.49,0.14,0.06,13.8,26.6,0,7500,0,0,0,22500,0,0,0,0,30000,PHY
650399.44,4765003.62,912.52,0.06,0.02,12.9,22.8,0,5000,0,0,0,15000,0,0,0,0,20000,PHY
650398.42,4765003.64,906.61,0.31,0.13,140,133,0,6000,0,0,0,9000,0,0,0,0,15000,PHY
650395.03,4765003.71,886.9,0.15,0.37,17.6,102.5,0,6000,0,0,0,14000,0,0,0,0,20000,PHY
650394.7,4765003.72,884.93,0.08,0.09,4.41,33.3,0,2500,0,0,0,2500,0,0,0,0,5000,PHY
650394.02,4765003.73,880.99,0.08,0.02,9.53,10.8,0,4000,0,0,0,6000,0,0,0,0,10000,PHY
650393.68,4765003.74,879.02,0.05,0.01,4.64,5.8,0,2100,0,0,0,900,0,0,0,0,3000,PHY
650392.32,4765003.77,871.13,0.08,0.01,5.78,5.9,0,2500,0,0,0,2500,0,0,0,0,5000,PHY
650314.96,4764998.91,1106.37,0.06,0.02,9,12.1,0,40,0,0,0,1960,0,0,0,0,2000,PHY
650310.33,4764998.78,1093.16,0.11,0.05,10.8,81.6,0,2000,0,0,0,18000,0,0,0,0,20000,PHY
650309.67,4764998.77,1091.27,0.85,0.18,13.15,37.9,0,4500,0,0,0,10500,0,0,0,0,15000,PHY
650309.01,4764998.75,1089.38,0.04,0.02,14.55,24.2,0,400,0,0,0,19600,0,0,0,0,20000,PHY
650307.69,4764998.72,1085.61,0.06,0.02,8.13,108.5,0,1500,0,0,0,28500,0,0,0,0,30000,PHY
650304.39,4764998.63,1076.17,0.22,0.17,31.3,36.6,0,2500,0,0,0,22500,0,0,0,0,25000,PHY
650303.07,4764998.6,1072.39,0.21,0.6,28.8,52.8,0,3000,0,0,0,27000,0,0,0,0,30000,PHY
650302.41,4764998.59,1070.5,0.48,0.3,50.4,60.6,0,5000,0,0,0,20000,0,0,0,0,25000,PHY
650301.75,4764998.57,1068.62,0.61,0.26,38,66.6,0,6000,0,0,0,24000,0,0,0,0,30000,PHY
650292.51,4764998.34,1042.19,0.19,0.13,17.25,8.7,0,2500,0,0,0,22500,0,0,0,0,25000,PHY
650291.85,4764998.32,1040.3,0.16,0.14,16.3,7,0,3000,0,0,0,27000,0,0,0,0,30000,PHY
650291.19,4764998.3,1038.41,0.12,0.18,6.43,5.6,0,3000,0,0,0,27000,0,0,0,0,30000,PHY
650290.53,4764998.29,1036.52,0.09,0.17,8.3,5.5,0,3000,0,0,0,17000,0,0,0,0,20000,PHY
650289.87,4764998.27,1034.63,0.09,0.12,4.36,6,0,2500,0,0,0,22500,0,0,0,0,25000,PHY
650289.21,4764998.25,1032.75,0.09,0.14,9.23,6.3,0,2000,0,0,0,18000,0,0,0,0,20000,PHY
650287.23,4764998.2,1027.08,0.06,0.1,6.25,13.4,0,3000,0,0,0,27000,0,0,0,0,30000,PHY
650286.57,4764998.19,1025.19,0.09,0.05,4.9,72,0,3000,0,0,0,27000,0,0,0,0,30000,PHY
650285.25,4764998.15,1021.42,0.1,0.08,10.8,36.9,0,3000,0,0,0,27000,0,0,0,0,30000,PHY
650283.93,4764998.12,1017.64,0.09,0.12,9.1,17.4,0,3000,0,0,0,27000,0,0,0,0,30000,PHY
650281.95,4764998.07,1011.98,0.08,0.05,5.35,19.1,0,2500,0,0,0,22500,0,0,0,0,25000,PHY
650278.65,4764997.99,1002.54,0.23,0.08,14.15,60.4,0,3000,0,0,0,27000,0,0,0,0,30000,PHY
650277.33,4764997.96,998.76,0.18,0.06,25.2,39.9,0,3750,0,0,0,21250,0,0,0,0,25000,PHY
650276.67,4764997.94,996.88,0.16,0.08,48.2,65.8,0,3000,0,0,0,27000,0,0,0,0,30000,PHY
650275.36,4764997.92,993.1,0.33,0.43,5.89,11.3,0,3750,0,0,0,21250,0,0,0,0,25000,PHY
650272.73,4764997.88,985.54,0.27,0.14,13.4,9.6,0,5000,0,0,0,20000,0,0,0,0,25000,PHY
650272.08,4764997.87,983.65,0.16,0.14,15.35,11.1,0,4500,0,0,0,25500,0,0,0,0,30000,PHY
650271.42,4764997.86,981.76,0.17,0.16,10.85,15.3,0,3000,0,0,0,27000,0,0,0,0,30000,PHY
650270.76,4764997.85,979.87,0.1,0.13,16.2,24.7,0,3000,0,0,0,27000,0,0,0,0,30000,PHY
650269.45,4764997.83,976.1,0.09,0.09,7.6,13.3,0,3000,0,0,0,26400,0,600,0,0,30000,PHY
650268.79,4764997.82,974.21,0.16,0.1,16.2,64.7,0,3000,0,0,0,26400,0,600,0,0,30000,PHY
650268.14,4764997.81,972.32,0.19,0.11,10.75,119,0,2500,0,0,0,22500,0,0,0,0,25000,PHY
650267.48,4764997.8,970.43,0.16,0.06,7.93,78.8,0,2000,0,0,0,18000,0,0,0,0,20000,PHY
650266.82,4764997.79,968.54,0.15,0.22,8.75,99.4,0,5000,0,0,0,19500,0,500,0,0,25000,PHY
650266.17,4764997.78,966.65,0.14,0.19,13.3,132,0,3750,0,0,0,21250,0,0,0,0,25000,PHY
650264.86,4764997.76,962.87,0.16,0.21,36.1,82.1,0,3000,0,0,0,16800,0,200,0,0,20000,PHY
650264.2,4764997.75,960.98,0.15,0.72,23.2,189,0,5000,0,0,0,14600,0,400,0,0,20000,PHY
650262.89,4764997.73,957.2,0.06,0.23,7.84,40.4,0,1500,0,0,0,8500,0,0,0,0,10000,PHY
650262.23,4764997.72,955.32,0.07,0.09,3.91,22.4,0,1000,0,0,0,9000,0,0,0,0,10000,PHY
650260.92,4764997.71,951.54,0.08,0.23,10.75,49.5,0,1500,0,0,0,13500,0,0,0,0,15000,PHY
650256.98,4764997.67,940.2,0.08,0.2,5,90.9,0,3000,0,0,0,17000,0,0,0,0,20000,PHY
650256.33,4764997.67,938.31,0.06,0.09,6.45,57,0,3000,0,0,0,12000,0,0,0,0,15000,PHY
650255.02,4764997.68,934.53,0.09,0.19,17.85,70.6,0,3750,0,0,0,21250,0,0,0,0,25000,PHY
650252.41,4764997.69,926.97,0.15,0.14,12.9,107,0,2000,0,0,0,8000,0,0,0,0,10000,PHY
650251.11,4764997.7,923.19,0.05,0.39,4.2,127.5,0,2250,0,0,0,12750,0,0,0,0,15000,PHY
650250.45,4764997.7,921.3,0.09,0.52,5.35,205,0,3000,0,0,0,17000,0,0,0,0,20000,PHY
650249.8,4764997.71,919.41,0.07,0.36,4.13,53.5,0,2000,0,0,0,8000,0,0,0,0,10000,PHY
650249.15,4764997.71,917.52,0.07,0.03,4.22,42.9,0,2000,0,0,0,8000,0,0,0,0,10000,PHY
650248.49,4764997.71,915.63,0.09,0.31,6.36,180.5,0,2000,0,0,0,8000,0,0,0,0,10000,PHY
650247.19,4764997.72,911.84,0.06,0.11,3.77,84.8,0,2000,0,0,0,8000,0,0,0,0,10000,PHY
650246.53,4764997.72,909.95,0.11,0.23,9.44,57.2,0,5000,0,0,0,15000,0,0,0,0,20000,PHY
650207.32,4764998.8,1118.22,0.35,0.02,27.3,66.3,0,2000,0,0,0,18000,0,0,0,0,20000,PHY
650205.34,4764998.73,1114.75,1.15,0.72,27.4,67.2,0,1500,0,0,0,28500,0,0,0,0,30000,PHY
650204.34,4764998.69,1113.01,0.34,0.29,26.7,128,0,3000,0,0,0,27000,0,0,0,0,30000,PHY
650202.37,4764998.63,1109.53,0.17,0.07,12.35,24,0,3000,0,0,0,27000,0,0,0,0,30000,PHY
650200.4,4764998.57,1106.05,0.24,0.04,59.7,30.4,0,3750,0,0,0,21250,0,0,0,0,25000,PHY
650197.45,4764998.47,1100.83,0.15,0.05,19.85,8.6,0,2500,0,0,0,22000,0,500,0,0,25000,PHY
650196.47,4764998.44,1099.09,0.13,0.11,10.9,26.5,0,2000,0,0,0,18000,0,0,0,0,20000,PHY
650194.5,4764998.38,1095.6,0.08,0.05,32.3,11.8,0,1500,0,0,0,13500,0,0,0,0,15000,PHY
650193.51,4764998.35,1093.86,0.17,0.07,21,12.1,0,3000,0,0,0,17000,0,0,0,0,20000,PHY
650192.53,4764998.32,1092.12,0.21,0.08,26.2,17.4,0,2500,0,0,0,22500,0,0,0,0,25000,PHY
650191.54,4764998.29,1090.38,0.37,0.07,31.5,13,0,5000,0,0,0,20000,0,0,0,0,25000,PHY
650189.57,4764998.22,1086.9,0.54,0.36,47.3,24.7,0,4500,0,0,0,25500,0,0,0,0,30000,PHY
650188.59,4764998.19,1085.16,1.87,0.77,119.5,22.4,0,3000,0,0,0,27000,0,0,0,0,30000,PHY
650186.62,4764998.13,1081.68,0.18,0.25,18.25,116.5,0,2500,0,0,0,22500,0,0,0,0,25000,PHY
650185.63,4764998.1,1079.94,0.18,0.58,28.2,121.5,0,3000,0,0,0,27000,0,0,0,0,30000,PHY
650183.66,4764998.04,1076.46,0.14,0.23,12.2,108,0,1500,0,0,0,28500,0,0,0,0,30000,PHY
650182.68,4764998.01,1074.72,0.24,0.11,25.9,77.6,0,2500,0,0,0,22500,0,0,0,0,25000,PHY
650181.7,4764997.97,1072.98,0.21,0.12,14.9,114.5,0,2500,0,0,0,22500,0,0,0,0,25000,PHY
650179.73,4764997.91,1069.5,0.16,0.16,16.3,137.5,0,3000,0,0,0,27000,0,0,0,0,30000,PHY
650177.76,4764997.85,1066.02,0.18,0.12,15,132,0,3000,0,0,0,27000,0,0,0,0,30000,PHY
650174.8,4764997.76,1060.79,0.18,0.43,34.9,80.5,0,2250,0,0,0,12750,0,0,0,0,15000,PHY
650173.82,4764997.73,1059.05,0.16,0.29,24.5,117.5,0,3000,0,0,0,17000,0,0,0,0,20000,PHY
650172.83,4764997.69,1057.31,0.14,0.16,13.4,145,0,2500,0,0,0,22500,0,0,0,0,25000,PHY
650171.85,4764997.66,1055.57,0.13,0.2,14.7,108,0,3750,0,0,0,21250,0,0,0,0,25000,PHY
650169.88,4764997.6,1052.09,0.16,0.13,34.1,104.5,0,3600,0,0,0,16000,0,400,0,0,20000,PHY
650168.89,4764997.57,1050.35,0.13,0.09,15.65,110.5,0,3600,0,0,0,16000,0,400,0,0,20000,PHY
650167.91,4764997.54,1048.61,0.21,0.18,38.3,141.5,0,3250,0,0,0,21250,0,500,0,0,25000,PHY
650166.93,4764997.51,1046.87,0.18,0.12,57,162.5,0,3250,0,0,0,21250,0,500,0,0,25000,PHY
650164.96,4764997.44,1043.39,0.14,0.1,33.8,434,0,3000,0,0,0,17000,0,0,0,0,20000,PHY
650163.97,4764997.41,1041.65,0.22,0.26,51.8,633,0,5000,0,0,0,20000,0,0,0,0,25000,PHY
650162.99,4764997.38,1039.91,0.16,0.14,14.85,241,0,5000,0,0,0,20000,0,0,0,0,25000,PHY
650157.08,4764997.19,1029.47,0.24,0.06,18.1,39.7,0,8750,0,0,0,16250,0,0,0,0,25000,PHY
650156.09,4764997.15,1027.73,0.21,0.12,12.3,64.6,0,6000,0,0,0,14000,0,0,0,0,20000,PHY
650152.15,4764997,1020.77,0.14,0.12,16.6,57.1,0,3000,0,0,0,17000,0,0,0,0,20000,PHY
650151.16,4764996.96,1019.03,0.08,0.09,23.5,49.8,0,3750,0,0,0,21250,0,0,0,0,25000,PHY
650150.18,4764996.93,1017.29,0.09,0.27,19.4,58.8,0,3750,0,0,0,21250,0,0,0,0,25000,PHY
650148.2,4764996.85,1013.81,0.14,0.9,21.4,124.5,0,3750,0,0,0,21250,0,0,0,0,25000,PHY
650147.22,4764996.81,1012.07,0.1,0.19,39,88.7,0,5000,0,0,0,20000,0,0,0,0,25000,PHY
650146.23,4764996.78,1010.33,0.07,0.78,13.4,118,0,6000,0,0,0,24000,0,0,0,0,30000,PHY
650145.25,4764996.74,1008.59,0.14,9.02,14.65,154.5,0,4500,0,0,0,25500,0,0,0,0,30000,PHY
650144.26,4764996.7,1006.85,0.1,0.14,4.94,101,0,6250,0,0,0,18750,0,0,0,0,25000,PHY
650142.29,4764996.63,1003.37,0.12,0.1,11.55,76.6,0,7500,0,0,0,17000,0,500,0,0,25000,PHY
650140.32,4764996.55,999.89,0.12,0.27,5.45,122.5,0,6000,0,0,0,24000,0,0,0,0,30000,PHY
650139.33,4764996.51,998.15,0.11,0.06,3.91,81.1,0,5000,0,0,0,20000,0,0,0,0,25000,PHY
650138.34,4764996.47,996.41,0.15,0.06,4.87,91.4,0,3000,0,0,0,12000,0,0,0,0,15000,PHY
650136.37,4764996.4,992.93,0.16,0.08,4.3,172,0,5250,0,0,0,9750,0,0,0,0,15000,PHY
650135.39,4764996.36,991.19,0.17,0.28,23.7,177,0,7500,0,0,0,17500,0,0,0,0,25000,PHY
650134.4,4764996.34,989.45,0.12,0.04,2.78,89.7,0,6250,0,0,0,18750,0,0,0,0,25000,PHY
650133.41,4764996.32,987.71,0.13,0.16,3.77,144.5,0,7500,0,0,0,22500,0,0,0,0,30000,PHY
650132.42,4764996.3,985.97,0.11,0.08,2.11,47.8,0,6750,0,0,0,8250,0,0,0,0,15000,PHY
650131.44,4764996.27,984.24,0.06,0.07,1.64,27.3,0,5000,0,0,0,5000,0,0,0,0,10000,PHY
650130.45,4764996.25,982.5,0.09,0.28,3.82,60.3,0,7500,0,0,0,7500,0,0,0,0,15000,PHY
650129.46,4764996.23,980.76,0.08,0.12,1.97,53,0,5000,0,0,0,5000,0,0,0,0,10000,PHY
650128.48,4764996.21,979.02,0.12,0.04,1.89,12.1,0,4000,0,0,0,6000,0,0,0,0,10000,PHY
650127.49,4764996.19,977.28,0.06,0.03,1.11,11.7,0,4000,0,0,0,6000,0,0,0,0,10000,PHY
